Dönem;Pazar;Dil;İş Amacı;Ana Grup;Reklam Hesabı;Para Birimi;Kampanya;Kampanya ID;Kampanya Durumu;Reklam Seti;Set ID;Set Durumu;Optimizasyon;Kampanya Günlük Bütçe;Kampanya Ömür Boyu;Set Günlük Bütçe;Set Ömür Boyu;Gerçekleşen Harcama;Gösterim;Erişim;Tıklama;Form Lead;WhatsApp Lead;Toplam Lead;Mesaj;Video İzlenme
Temmuz 2026;Yabancı;Arapça;Bilinirlik / İzlenme / Trafik;Fizik Tedavi / Rehabilitasyon;Doruk Hospital;TRY;Arapça FTR Etkileşim Kampanyası;​120233869003450080;PAUSED;Bahreyn-FTR Havuz-etkileşim reklam seti - Thruplay +webform - Kopya;​120234907218840080;PAUSED;THRUPLAY;0;0;1000;0;0;0;0;0;0;0;0;0;0
Ağustos 2026;Yabancı;Arapça;Bilinirlik / İzlenme / Trafik;Fizik Tedavi / Rehabilitasyon;Doruk Hospital;TRY;Arapça FTR Etkileşim Kampanyası;​120233869003450080;PAUSED;Bahreyn-FTR Havuz-etkileşim reklam seti - Thruplay +webform - Kopya;​120234907218840080;PAUSED;THRUPLAY;0;0;1000;0;0;0;0;0;0;0;0;0;0
Temmuz 2026;Yabancı;Arapça;Bilinirlik / İzlenme / Trafik;Fizik Tedavi / Rehabilitasyon;Doruk Hospital;TRY;Arapça FTR Etkileşim Kampanyası;​120233869003450080;PAUSED;Bahreyn-FTR Robot-etkileşim reklam seti - Thruplay +webform;​120234838926680080;PAUSED;THRUPLAY;0;0;1000;0;0;0;0;0;0;0;0;0;0
Ağustos 2026;Yabancı;Arapça;Bilinirlik / İzlenme / Trafik;Fizik Tedavi / Rehabilitasyon;Doruk Hospital;TRY;Arapça FTR Etkileşim Kampanyası;​120233869003450080;PAUSED;Bahreyn-FTR Robot-etkileşim reklam seti - Thruplay +webform;​120234838926680080;PAUSED;THRUPLAY;0;0;1000;0;0;0;0;0;0;0;0;0;0
Temmuz 2026;Yabancı;Arapça;Görüntülenme / Mesaj;Diğer / Sınıflandırılacak;Doruk Hospital;TRY;Arapça - Gönderiden Profili Ziyaret;​120232025240530080;PAUSED;Instagram Post;​120232025240600080;CAMPAIGN_PAUSED;VISIT_INSTAGRAM_PROFILE;4000;0;0;0;0;0;0;0;0;0;0;0;0
Ağustos 2026;Yabancı;Arapça;Görüntülenme / Mesaj;Diğer / Sınıflandırılacak;Doruk Hospital;TRY;Arapça - Gönderiden Profili Ziyaret;​120232025240530080;PAUSED;Instagram Post;​120232025240600080;CAMPAIGN_PAUSED;VISIT_INSTAGRAM_PROFILE;4000;0;0;0;0;0;0;0;0;0;0;0;0
Temmuz 2026;Yabancı;Arapça;Görüntülenme / Mesaj;Diğer / Sınıflandırılacak;Doruk Hospital;TRY;Arapça - Gönderiden Profili Ziyaret;​120232024227490080;PAUSED;Instagram Post;​120232024228330080;CAMPAIGN_PAUSED;VISIT_INSTAGRAM_PROFILE;4000;0;0;0;0;0;0;0;0;0;0;0;0
Ağustos 2026;Yabancı;Arapça;Görüntülenme / Mesaj;Diğer / Sınıflandırılacak;Doruk Hospital;TRY;Arapça - Gönderiden Profili Ziyaret;​120232024227490080;PAUSED;Instagram Post;​120232024228330080;CAMPAIGN_PAUSED;VISIT_INSTAGRAM_PROFILE;4000;0;0;0;0;0;0;0;0;0;0;0;0
Temmuz 2026;Yabancı;Arapça;Görüntülenme / Mesaj;Diğer / Sınıflandırılacak;Doruk Hospital;TRY;Arapça - Gönderiden Profili Ziyaret;​120232024114900080;PAUSED;Instagram Post;​120232024115400080;CAMPAIGN_PAUSED;VISIT_INSTAGRAM_PROFILE;4000;0;0;0;0;0;0;0;0;0;0;0;0
Ağustos 2026;Yabancı;Arapça;Görüntülenme / Mesaj;Diğer / Sınıflandırılacak;Doruk Hospital;TRY;Arapça - Gönderiden Profili Ziyaret;​120232024114900080;PAUSED;Instagram Post;​120232024115400080;CAMPAIGN_PAUSED;VISIT_INSTAGRAM_PROFILE;4000;0;0;0;0;0;0;0;0;0;0;0;0
Temmuz 2026;Yabancı;Belirsiz;Görüntülenme / Mesaj;Diğer / Sınıflandırılacak;Doruk Hospital;TRY;Beyin Cerrahisi Etkileşim deneme;​120238877946300080;PAUSED;intraoperatif mr BAE telefon seçimli - insta;​120238878007990080;CAMPAIGN_PAUSED;PROFILE_AND_PAGE_ENGAGEMENT;0;0;1000;0;0;0;0;0;0;0;0;0;0
Ağustos 2026;Yabancı;Belirsiz;Görüntülenme / Mesaj;Diğer / Sınıflandırılacak;Doruk Hospital;TRY;Beyin Cerrahisi Etkileşim deneme;​120238877946300080;PAUSED;intraoperatif mr BAE telefon seçimli - insta;​120238878007990080;CAMPAIGN_PAUSED;PROFILE_AND_PAGE_ENGAGEMENT;0;0;1000;0;0;0;0;0;0;0;0;0;0
Temmuz 2026;Yabancı;Belirsiz;Görüntülenme / Mesaj;Diğer / Sınıflandırılacak;Doruk Hospital;TRY;Beyin Cerrahisi Etkileşim deneme;​120238877946300080;PAUSED;intraoperatif mr bahreyn umman telefon seçimli - insta - Kopya;​120238884000660080;CAMPAIGN_PAUSED;PROFILE_AND_PAGE_ENGAGEMENT;0;0;2000;0;0;0;0;0;0;0;0;0;0
Ağustos 2026;Yabancı;Belirsiz;Görüntülenme / Mesaj;Diğer / Sınıflandırılacak;Doruk Hospital;TRY;Beyin Cerrahisi Etkileşim deneme;​120238877946300080;PAUSED;intraoperatif mr bahreyn umman telefon seçimli - insta - Kopya;​120238884000660080;CAMPAIGN_PAUSED;PROFILE_AND_PAGE_ENGAGEMENT;0;0;2000;0;0;0;0;0;0;0;0;0;0
Temmuz 2026;Yabancı;Belirsiz;Görüntülenme / Mesaj;Diğer / Sınıflandırılacak;Doruk Hospital;TRY;Beyin Cerrahisi Etkileşim deneme;​120238877946300080;PAUSED;intraoperatif mr ırak telefon seçimli - insta;​120238878036900080;CAMPAIGN_PAUSED;PROFILE_AND_PAGE_ENGAGEMENT;0;0;2000;0;0;0;0;0;0;0;0;0;0
Ağustos 2026;Yabancı;Belirsiz;Görüntülenme / Mesaj;Diğer / Sınıflandırılacak;Doruk Hospital;TRY;Beyin Cerrahisi Etkileşim deneme;​120238877946300080;PAUSED;intraoperatif mr ırak telefon seçimli - insta;​120238878036900080;CAMPAIGN_PAUSED;PROFILE_AND_PAGE_ENGAGEMENT;0;0;2000;0;0;0;0;0;0;0;0;0;0
Temmuz 2026;Yabancı;Belirsiz;Görüntülenme / Mesaj;Diğer / Sınıflandırılacak;Doruk Hospital;TRY;Beyin Cerrahisi Etkileşim deneme;​120238877946300080;PAUSED;intraoperatif mr kuveyt katar telefon seçimli - insta;​120238877946290080;CAMPAIGN_PAUSED;PROFILE_AND_PAGE_ENGAGEMENT;0;0;2000;0;0;0;0;0;0;0;0;0;0
Ağustos 2026;Yabancı;Belirsiz;Görüntülenme / Mesaj;Diğer / Sınıflandırılacak;Doruk Hospital;TRY;Beyin Cerrahisi Etkileşim deneme;​120238877946300080;PAUSED;intraoperatif mr kuveyt katar telefon seçimli - insta;​120238877946290080;CAMPAIGN_PAUSED;PROFILE_AND_PAGE_ENGAGEMENT;0;0;2000;0;0;0;0;0;0;0;0;0;0
Temmuz 2026;Yabancı;Belirsiz;Görüntülenme / Mesaj;Diğer / Sınıflandırılacak;Doruk Hospital;TRY;Beyin Cerrahisi Etkileşim deneme;​120238877946300080;PAUSED;intraoperatif mr libya telefon seçimli - insta;​120238878086950080;CAMPAIGN_PAUSED;PROFILE_AND_PAGE_ENGAGEMENT;0;0;1000;0;0;0;0;0;0;0;0;0;0
Ağustos 2026;Yabancı;Belirsiz;Görüntülenme / Mesaj;Diğer / Sınıflandırılacak;Doruk Hospital;TRY;Beyin Cerrahisi Etkileşim deneme;​120238877946300080;PAUSED;intraoperatif mr libya telefon seçimli - insta;​120238878086950080;CAMPAIGN_PAUSED;PROFILE_AND_PAGE_ENGAGEMENT;0;0;1000;0;0;0;0;0;0;0;0;0;0
Temmuz 2026;Yabancı;Arapça;Görüntülenme / Mesaj;Diğer / Sınıflandırılacak;Doruk Hospital;TRY;Beyin Cerrahisi Etkileşim deneme;​120238877946300080;PAUSED;intraoperatif mr suudi arabistan telefon seçimli - insta;​120238878008000080;CAMPAIGN_PAUSED;PROFILE_AND_PAGE_ENGAGEMENT;0;0;600;0;0;0;0;0;0;0;0;0;0
Ağustos 2026;Yabancı;Arapça;Görüntülenme / Mesaj;Diğer / Sınıflandırılacak;Doruk Hospital;TRY;Beyin Cerrahisi Etkileşim deneme;​120238877946300080;PAUSED;intraoperatif mr suudi arabistan telefon seçimli - insta;​120238878008000080;CAMPAIGN_PAUSED;PROFILE_AND_PAGE_ENGAGEMENT;0;0;600;0;0;0;0;0;0;0;0;0;0
Temmuz 2026;Yabancı;Arapça;Görüntülenme / Mesaj;Diğer / Sınıflandırılacak;Doruk Hospital;TRY;Instagram gönderisi: ‎⁨	أخصائي جراحة الدماغ...;​120239446630200080;PAUSED;Instagram gönderisi: ‎⁨	أخصائي جراحة الدماغ...;​120239446630420080;CAMPAIGN_PAUSED;VISIT_INSTAGRAM_PROFILE;1250;0;0;0;0;0;0;0;0;0;0;0;0
Ağustos 2026;Yabancı;Arapça;Görüntülenme / Mesaj;Diğer / Sınıflandırılacak;Doruk Hospital;TRY;Instagram gönderisi: ‎⁨	أخصائي جراحة الدماغ...;​120239446630200080;PAUSED;Instagram gönderisi: ‎⁨	أخصائي جراحة الدماغ...;​120239446630420080;CAMPAIGN_PAUSED;VISIT_INSTAGRAM_PROFILE;1250;0;0;0;0;0;0;0;0;0;0;0;0
Temmuz 2026;Yabancı;Arapça;Görüntülenme / Mesaj;Diğer / Sınıflandırılacak;Doruk Hospital;TRY;Instagram gönderisi: ‎⁨	التقنيات الحديثة تُمكّن...;​120231980159640080;PAUSED;Instagram Post;​120231980159700080;CAMPAIGN_PAUSED;VISIT_INSTAGRAM_PROFILE;3000;0;0;0;0;0;0;0;0;0;0;0;0
Ağustos 2026;Yabancı;Arapça;Görüntülenme / Mesaj;Diğer / Sınıflandırılacak;Doruk Hospital;TRY;Instagram gönderisi: ‎⁨	التقنيات الحديثة تُمكّن...;​120231980159640080;PAUSED;Instagram Post;​120231980159700080;CAMPAIGN_PAUSED;VISIT_INSTAGRAM_PROFILE;3000;0;0;0;0;0;0;0;0;0;0;0;0
Temmuz 2026;Yabancı;Rusça;Görüntülenme / Mesaj;Diğer / Sınıflandırılacak;Doruk Hospital;TRY;Instagram gönderisi: 🎥 Полностью эндоскопическая...;​120239871106690080;PAUSED;Instagram gönderisi: 🎥 Полностью эндоскопическая...;​120239871106950080;CAMPAIGN_PAUSED;VISIT_INSTAGRAM_PROFILE;1500;0;0;0;0;0;0;0;0;0;0;0;0
Ağustos 2026;Yabancı;Rusça;Görüntülenme / Mesaj;Diğer / Sınıflandırılacak;Doruk Hospital;TRY;Instagram gönderisi: 🎥 Полностью эндоскопическая...;​120239871106690080;PAUSED;Instagram gönderisi: 🎥 Полностью эндоскопическая...;​120239871106950080;CAMPAIGN_PAUSED;VISIT_INSTAGRAM_PROFILE;1500;0;0;0;0;0;0;0;0;0;0;0;0
Temmuz 2026;Yabancı;Arapça;Görüntülenme / Mesaj;Diğer / Sınıflandırılacak;Doruk Hospital;TRY;Instagram gönderisi: ‎🎥 جراحة الديسك القطني...;​120239871068750080;PAUSED;Instagram gönderisi: ‎🎥 جراحة الديسك القطني...;​120239871069120080;CAMPAIGN_PAUSED;VISIT_INSTAGRAM_PROFILE;1250;0;0;0;0;0;0;0;0;0;0;0;0
Ağustos 2026;Yabancı;Arapça;Görüntülenme / Mesaj;Diğer / Sınıflandırılacak;Doruk Hospital;TRY;Instagram gönderisi: ‎🎥 جراحة الديسك القطني...;​120239871068750080;PAUSED;Instagram gönderisi: ‎🎥 جراحة الديسك القطني...;​120239871069120080;CAMPAIGN_PAUSED;VISIT_INSTAGRAM_PROFILE;1250;0;0;0;0;0;0;0;0;0;0;0;0
Temmuz 2026;Yabancı;Arapça;Görüntülenme / Mesaj;Diğer / Sınıflandırılacak;Doruk Hospital;TRY;Instagram gönderisi: ‎🎥 جراحة الديسك القطني...;​120239871056440080;PAUSED;Instagram gönderisi: ‎🎥 جراحة الديسك القطني...;​120239871056740080;CAMPAIGN_PAUSED;VISIT_INSTAGRAM_PROFILE;1250;0;0;0;0;0;0;0;0;0;0;0;0
Ağustos 2026;Yabancı;Arapça;Görüntülenme / Mesaj;Diğer / Sınıflandırılacak;Doruk Hospital;TRY;Instagram gönderisi: ‎🎥 جراحة الديسك القطني...;​120239871056440080;PAUSED;Instagram gönderisi: ‎🎥 جراحة الديسك القطني...;​120239871056740080;CAMPAIGN_PAUSED;VISIT_INSTAGRAM_PROFILE;1250;0;0;0;0;0;0;0;0;0;0;0;0
Temmuz 2026;Yabancı;Rusça;Görüntülenme / Mesaj;Diğer / Sınıflandırılacak;Doruk Hospital;TRY;Instagram gönderisi: В Медицинской группе Дорук...;​120233409488810080;PAUSED;Instagram gönderisi: В Медицинской группе Дорук...;​120233409488960080;CAMPAIGN_PAUSED;VISIT_INSTAGRAM_PROFILE;3750;0;0;0;0;0;0;0;0;0;0;0;0
Ağustos 2026;Yabancı;Rusça;Görüntülenme / Mesaj;Diğer / Sınıflandırılacak;Doruk Hospital;TRY;Instagram gönderisi: В Медицинской группе Дорук...;​120233409488810080;PAUSED;Instagram gönderisi: В Медицинской группе Дорук...;​120233409488960080;CAMPAIGN_PAUSED;VISIT_INSTAGRAM_PROFILE;3750;0;0;0;0;0;0;0;0;0;0;0;0
Temmuz 2026;Yabancı;Rusça;Görüntülenme / Mesaj;Diğer / Sınıflandırılacak;Doruk Hospital;TRY;Instagram gönderisi: Многие пациенты спрашивают:...;​120240670215390080;PAUSED;Instagram gönderisi: Многие пациенты спрашивают:...;​120240670215760080;CAMPAIGN_PAUSED;VISIT_INSTAGRAM_PROFILE;1500;0;0;0;0;0;0;0;0;0;0;0;0
Ağustos 2026;Yabancı;Rusça;Görüntülenme / Mesaj;Diğer / Sınıflandırılacak;Doruk Hospital;TRY;Instagram gönderisi: Многие пациенты спрашивают:...;​120240670215390080;PAUSED;Instagram gönderisi: Многие пациенты спрашивают:...;​120240670215760080;CAMPAIGN_PAUSED;VISIT_INSTAGRAM_PROFILE;1500;0;0;0;0;0;0;0;0;0;0;0;0
Temmuz 2026;Yabancı;Rusça;Görüntülenme / Mesaj;Diğer / Sınıflandırılacak;Doruk Hospital;TRY;Instagram gönderisi: Наш специалист по...;​120239445935120080;PAUSED;Instagram gönderisi: Наш специалист по...;​120239445935570080;CAMPAIGN_PAUSED;VISIT_INSTAGRAM_PROFILE;1500;0;0;0;0;0;0;0;0;0;0;0;0
Ağustos 2026;Yabancı;Rusça;Görüntülenme / Mesaj;Diğer / Sınıflandırılacak;Doruk Hospital;TRY;Instagram gönderisi: Наш специалист по...;​120239445935120080;PAUSED;Instagram gönderisi: Наш специалист по...;​120239445935570080;CAMPAIGN_PAUSED;VISIT_INSTAGRAM_PROFILE;1500;0;0;0;0;0;0;0;0;0;0;0;0
Temmuz 2026;Yabancı;Rusça;Görüntülenme / Mesaj;Diğer / Sınıflandırılacak;Doruk Hospital;TRY;Instagram gönderisi: Пациентка из Узбекистана...;​120241222775040080;PAUSED;Instagram gönderisi: Пациентка из Узбекистана...;​120241222781750080;CAMPAIGN_PAUSED;VISIT_INSTAGRAM_PROFILE;2000;0;0;0;0;0;0;0;0;0;0;0;0
Ağustos 2026;Yabancı;Rusça;Görüntülenme / Mesaj;Diğer / Sınıflandırılacak;Doruk Hospital;TRY;Instagram gönderisi: Пациентка из Узбекистана...;​120241222775040080;PAUSED;Instagram gönderisi: Пациентка из Узбекистана...;​120241222781750080;CAMPAIGN_PAUSED;VISIT_INSTAGRAM_PROFILE;2000;0;0;0;0;0;0;0;0;0;0;0;0
Temmuz 2026;Yabancı;Rusça;Görüntülenme / Mesaj;Diğer / Sınıflandırılacak;Doruk Hospital;TRY;Instagram gönderisi: Руслана, приехавшая из...;​120242709804850080;PAUSED;Instagram gönderisi: Руслана, приехавшая из...;​120242709806330080;CAMPAIGN_PAUSED;VISIT_INSTAGRAM_PROFILE;3000;0;0;0;0;0;0;0;0;0;0;0;0
Ağustos 2026;Yabancı;Rusça;Görüntülenme / Mesaj;Diğer / Sınıflandırılacak;Doruk Hospital;TRY;Instagram gönderisi: Руслана, приехавшая из...;​120242709804850080;PAUSED;Instagram gönderisi: Руслана, приехавшая из...;​120242709806330080;CAMPAIGN_PAUSED;VISIT_INSTAGRAM_PROFILE;3000;0;0;0;0;0;0;0;0;0;0;0;0
Temmuz 2026;Yabancı;Rusça;Görüntülenme / Mesaj;Diğer / Sınıflandırılacak;Doruk Hospital;TRY;Instagram gönderisi: Современная реабилитация в...;​120242709823390080;PAUSED;Instagram gönderisi: Современная реабилитация в...;​120242709824480080;CAMPAIGN_PAUSED;VISIT_INSTAGRAM_PROFILE;2000;0;0;0;0;0;0;0;0;0;0;0;0
Ağustos 2026;Yabancı;Rusça;Görüntülenme / Mesaj;Diğer / Sınıflandırılacak;Doruk Hospital;TRY;Instagram gönderisi: Современная реабилитация в...;​120242709823390080;PAUSED;Instagram gönderisi: Современная реабилитация в...;​120242709824480080;CAMPAIGN_PAUSED;VISIT_INSTAGRAM_PROFILE;2000;0;0;0;0;0;0;0;0;0;0;0;0
Temmuz 2026;Yabancı;Rusça;Görüntülenme / Mesaj;Diğer / Sınıflandırılacak;Doruk Hospital;TRY;Instagram gönderisi: Современная реабилитация в...;​120233189466320080;PAUSED;Instagram Post;​120233189468580080;CAMPAIGN_PAUSED;VISIT_INSTAGRAM_PROFILE;1000;0;0;0;0;0;0;0;0;0;0;0;0
Ağustos 2026;Yabancı;Rusça;Görüntülenme / Mesaj;Diğer / Sınıflandırılacak;Doruk Hospital;TRY;Instagram gönderisi: Современная реабилитация в...;​120233189466320080;PAUSED;Instagram Post;​120233189468580080;CAMPAIGN_PAUSED;VISIT_INSTAGRAM_PROFILE;1000;0;0;0;0;0;0;0;0;0;0;0;0
Temmuz 2026;Yabancı;Arapça;Görüntülenme / Mesaj;Diğer / Sınıflandırılacak;Doruk Hospital;TRY;Instagram gönderisi: ‎‎إعادة التأهيل الحديثة في...;​120231980058170080;PAUSED;Instagram Post;​120231980058370080;CAMPAIGN_PAUSED;VISIT_INSTAGRAM_PROFILE;3000;0;0;0;0;0;0;0;0;0;0;0;0
Ağustos 2026;Yabancı;Arapça;Görüntülenme / Mesaj;Diğer / Sınıflandırılacak;Doruk Hospital;TRY;Instagram gönderisi: ‎‎إعادة التأهيل الحديثة في...;​120231980058170080;PAUSED;Instagram Post;​120231980058370080;CAMPAIGN_PAUSED;VISIT_INSTAGRAM_PROFILE;3000;0;0;0;0;0;0;0;0;0;0;0;0
Temmuz 2026;Yabancı;Arapça;Görüntülenme / Mesaj;Diğer / Sınıflandırılacak;Doruk Hospital;TRY;Instagram gönderisi: ‎ابدأ رحلة علاجك بخطوة بسيطة...;​120231979632650080;PAUSED;Instagram Post;​120231979633090080;CAMPAIGN_PAUSED;VISIT_INSTAGRAM_PROFILE;2000;0;0;0;0;0;0;0;0;0;0;0;0
Ağustos 2026;Yabancı;Arapça;Görüntülenme / Mesaj;Diğer / Sınıflandırılacak;Doruk Hospital;TRY;Instagram gönderisi: ‎ابدأ رحلة علاجك بخطوة بسيطة...;​120231979632650080;PAUSED;Instagram Post;​120231979633090080;CAMPAIGN_PAUSED;VISIT_INSTAGRAM_PROFILE;2000;0;0;0;0;0;0;0;0;0;0;0;0
Temmuz 2026;Yabancı;Arapça;Görüntülenme / Mesaj;Diğer / Sınıflandırılacak;Doruk Hospital;TRY;Instagram gönderisi: ‎التكرار الخاطئ أثناء العلاج...;​120239741765610080;PAUSED;Instagram gönderisi: ‎التكرار الخاطئ أثناء العلاج...;​120239741767170080;CAMPAIGN_PAUSED;VISIT_INSTAGRAM_PROFILE;1250;0;0;0;0;0;0;0;0;0;0;0;0
Ağustos 2026;Yabancı;Arapça;Görüntülenme / Mesaj;Diğer / Sınıflandırılacak;Doruk Hospital;TRY;Instagram gönderisi: ‎التكرار الخاطئ أثناء العلاج...;​120239741765610080;PAUSED;Instagram gönderisi: ‎التكرار الخاطئ أثناء العلاج...;​120239741767170080;CAMPAIGN_PAUSED;VISIT_INSTAGRAM_PROFILE;1250;0;0;0;0;0;0;0;0;0;0;0;0
Temmuz 2026;Yabancı;Arapça;Görüntülenme / Mesaj;Diğer / Sınıflandırılacak;Doruk Hospital;TRY;Instagram gönderisi: ‎التكرار الخاطئ أثناء العلاج...;​120239741547190080;PAUSED;Instagram gönderisi: ‎التكرار الخاطئ أثناء العلاج...;​120239741552670080;CAMPAIGN_PAUSED;VISIT_INSTAGRAM_PROFILE;1250;0;0;0;0;0;0;0;0;0;0;0;0
Ağustos 2026;Yabancı;Arapça;Görüntülenme / Mesaj;Diğer / Sınıflandırılacak;Doruk Hospital;TRY;Instagram gönderisi: ‎التكرار الخاطئ أثناء العلاج...;​120239741547190080;PAUSED;Instagram gönderisi: ‎التكرار الخاطئ أثناء العلاج...;​120239741552670080;CAMPAIGN_PAUSED;VISIT_INSTAGRAM_PROFILE;1250;0;0;0;0;0;0;0;0;0;0;0;0
Temmuz 2026;Yabancı;Arapça;Görüntülenme / Mesaj;Diğer / Sınıflandırılacak;Doruk Hospital;TRY;Instagram gönderisi: ‎بعد إجراء مقابلة تفصيلية مع...;​120238893241650080;PAUSED;Instagram gönderisi: ‎بعد إجراء مقابلة تفصيلية مع...;​120238893242160080;CAMPAIGN_PAUSED;VISIT_INSTAGRAM_PROFILE;1000;0;0;0;0;0;0;0;0;0;0;0;0
Ağustos 2026;Yabancı;Arapça;Görüntülenme / Mesaj;Diğer / Sınıflandırılacak;Doruk Hospital;TRY;Instagram gönderisi: ‎بعد إجراء مقابلة تفصيلية مع...;​120238893241650080;PAUSED;Instagram gönderisi: ‎بعد إجراء مقابلة تفصيلية مع...;​120238893242160080;CAMPAIGN_PAUSED;VISIT_INSTAGRAM_PROFILE;1000;0;0;0;0;0;0;0;0;0;0;0;0
Temmuz 2026;Yabancı;Arapça;Görüntülenme / Mesaj;Diğer / Sınıflandırılacak;Doruk Hospital;TRY;Instagram gönderisi: ‎‎خطوة نحو الشفاء... مع...;​120231979592300080;PAUSED;Instagram Post;​120231979592400080;CAMPAIGN_PAUSED;VISIT_INSTAGRAM_PROFILE;2000;0;0;0;0;0;0;0;0;0;0;0;0
Ağustos 2026;Yabancı;Arapça;Görüntülenme / Mesaj;Diğer / Sınıflandırılacak;Doruk Hospital;TRY;Instagram gönderisi: ‎‎خطوة نحو الشفاء... مع...;​120231979592300080;PAUSED;Instagram Post;​120231979592400080;CAMPAIGN_PAUSED;VISIT_INSTAGRAM_PROFILE;2000;0;0;0;0;0;0;0;0;0;0;0;0
Temmuz 2026;Yabancı;Arapça;Görüntülenme / Mesaj;Diğer / Sınıflandırılacak;Doruk Hospital;TRY;Instagram gönderisi: ‎خلّينا نحكي بصراحة: العلاج...;​120239446660160080;PAUSED;Instagram gönderisi: ‎خلّينا نحكي بصراحة: العلاج...;​120239446660580080;CAMPAIGN_PAUSED;VISIT_INSTAGRAM_PROFILE;1250;0;0;0;0;0;0;0;0;0;0;0;0
Ağustos 2026;Yabancı;Arapça;Görüntülenme / Mesaj;Diğer / Sınıflandırılacak;Doruk Hospital;TRY;Instagram gönderisi: ‎خلّينا نحكي بصراحة: العلاج...;​120239446660160080;PAUSED;Instagram gönderisi: ‎خلّينا نحكي بصراحة: العلاج...;​120239446660580080;CAMPAIGN_PAUSED;VISIT_INSTAGRAM_PROFILE;1250;0;0;0;0;0;0;0;0;0;0;0;0
Temmuz 2026;Yabancı;Arapça;Görüntülenme / Mesaj;Diğer / Sınıflandırılacak;Doruk Hospital;TRY;Instagram gönderisi: ‎خلّينا نحكي بصراحة: العلاج...;​120239446651200080;PAUSED;Instagram gönderisi: ‎خلّينا نحكي بصراحة: العلاج...;​120239446651340080;CAMPAIGN_PAUSED;VISIT_INSTAGRAM_PROFILE;1250;0;0;0;0;0;0;0;0;0;0;0;0
Ağustos 2026;Yabancı;Arapça;Görüntülenme / Mesaj;Diğer / Sınıflandırılacak;Doruk Hospital;TRY;Instagram gönderisi: ‎خلّينا نحكي بصراحة: العلاج...;​120239446651200080;PAUSED;Instagram gönderisi: ‎خلّينا نحكي بصراحة: العلاج...;​120239446651340080;CAMPAIGN_PAUSED;VISIT_INSTAGRAM_PROFILE;1250;0;0;0;0;0;0;0;0;0;0;0;0
Temmuz 2026;Yabancı;Arapça;Görüntülenme / Mesaj;Diğer / Sınıflandırılacak;Doruk Hospital;TRY;Instagram gönderisi: ‎في مستشفى دوروك نواصل دعم...;​120241224258650080;PAUSED;Instagram gönderisi: ‎في مستشفى دوروك نواصل دعم...;​120241224261790080;CAMPAIGN_PAUSED;VISIT_INSTAGRAM_PROFILE;2500;0;0;0;0;0;0;0;0;0;0;0;0
Ağustos 2026;Yabancı;Arapça;Görüntülenme / Mesaj;Diğer / Sınıflandırılacak;Doruk Hospital;TRY;Instagram gönderisi: ‎في مستشفى دوروك نواصل دعم...;​120241224258650080;PAUSED;Instagram gönderisi: ‎في مستشفى دوروك نواصل دعم...;​120241224261790080;CAMPAIGN_PAUSED;VISIT_INSTAGRAM_PROFILE;2500;0;0;0;0;0;0;0;0;0;0;0;0
Temmuz 2026;Yabancı;Arapça;Görüntülenme / Mesaj;Diğer / Sınıflandırılacak;Doruk Hospital;TRY;Instagram gönderisi: ‎يرجى التواصل معنا لتقييم...;​120238893238250080;PAUSED;Instagram gönderisi: ‎يرجى التواصل معنا لتقييم...;​120238893239020080;CAMPAIGN_PAUSED;VISIT_INSTAGRAM_PROFILE;1000;0;0;0;0;0;0;0;0;0;0;0;0
Ağustos 2026;Yabancı;Arapça;Görüntülenme / Mesaj;Diğer / Sınıflandırılacak;Doruk Hospital;TRY;Instagram gönderisi: ‎يرجى التواصل معنا لتقييم...;​120238893238250080;PAUSED;Instagram gönderisi: ‎يرجى التواصل معنا لتقييم...;​120238893239020080;CAMPAIGN_PAUSED;VISIT_INSTAGRAM_PROFILE;1000;0;0;0;0;0;0;0;0;0;0;0;0
Temmuz 2026;Yabancı;Rusça;Görüntülenme / Mesaj;Diğer / Sınıflandırılacak;Doruk Hospital;TRY;Lechenie Trafik - RU;​120232473626750080;PAUSED;Kazakistan - FTR;​120232474067340080;PAUSED;PROFILE_VISIT;0;0;8000;0;0;0;0;0;0;0;0;0;0
Ağustos 2026;Yabancı;Rusça;Görüntülenme / Mesaj;Diğer / Sınıflandırılacak;Doruk Hospital;TRY;Lechenie Trafik - RU;​120232473626750080;PAUSED;Kazakistan - FTR;​120232474067340080;PAUSED;PROFILE_VISIT;0;0;8000;0;0;0;0;0;0;0;0;0;0
Temmuz 2026;Yabancı;Rusça;Görüntülenme / Mesaj;Diğer / Sınıflandırılacak;Doruk Hospital;TRY;Lechenie Trafik - RU;​120232473626750080;PAUSED;Kazakistan - Onkoloji;​120232473626760080;PAUSED;PROFILE_VISIT;0;0;8000;0;0;0;0;0;0;0;0;0;0
Ağustos 2026;Yabancı;Rusça;Görüntülenme / Mesaj;Diğer / Sınıflandırılacak;Doruk Hospital;TRY;Lechenie Trafik - RU;​120232473626750080;PAUSED;Kazakistan - Onkoloji;​120232473626760080;PAUSED;PROFILE_VISIT;0;0;8000;0;0;0;0;0;0;0;0;0;0
Temmuz 2026;Yabancı;Rusça;Görüntülenme / Mesaj;Diğer / Sınıflandırılacak;Doruk Hospital;TRY;Lechenie Trafik - RU;​120232473626750080;PAUSED;Kırgızistan - FTR;​120232474180500080;CAMPAIGN_PAUSED;PROFILE_VISIT;0;0;2000;0;0;0;0;0;0;0;0;0;0
Ağustos 2026;Yabancı;Rusça;Görüntülenme / Mesaj;Diğer / Sınıflandırılacak;Doruk Hospital;TRY;Lechenie Trafik - RU;​120232473626750080;PAUSED;Kırgızistan - FTR;​120232474180500080;CAMPAIGN_PAUSED;PROFILE_VISIT;0;0;2000;0;0;0;0;0;0;0;0;0;0
Temmuz 2026;Yabancı;Rusça;Görüntülenme / Mesaj;Diğer / Sınıflandırılacak;Doruk Hospital;TRY;Lechenie Trafik - RU;​120232473626750080;PAUSED;Kırgızistan - Onkoloji;​120232473899160080;CAMPAIGN_PAUSED;PROFILE_VISIT;0;0;2000;0;0;0;0;0;0;0;0;0;0
Ağustos 2026;Yabancı;Rusça;Görüntülenme / Mesaj;Diğer / Sınıflandırılacak;Doruk Hospital;TRY;Lechenie Trafik - RU;​120232473626750080;PAUSED;Kırgızistan - Onkoloji;​120232473899160080;CAMPAIGN_PAUSED;PROFILE_VISIT;0;0;2000;0;0;0;0;0;0;0;0;0;0
Temmuz 2026;Yabancı;Rusça;Görüntülenme / Mesaj;Diğer / Sınıflandırılacak;Doruk Hospital;TRY;Lechenie Trafik - RU;​120232473626750080;PAUSED;Özbekistan - FTR;​120232474174360080;PAUSED;PROFILE_VISIT;0;0;5000;0;0;0;0;0;0;0;0;0;0
Ağustos 2026;Yabancı;Rusça;Görüntülenme / Mesaj;Diğer / Sınıflandırılacak;Doruk Hospital;TRY;Lechenie Trafik - RU;​120232473626750080;PAUSED;Özbekistan - FTR;​120232474174360080;PAUSED;PROFILE_VISIT;0;0;5000;0;0;0;0;0;0;0;0;0;0
Temmuz 2026;Yabancı;Rusça;Görüntülenme / Mesaj;Diğer / Sınıflandırılacak;Doruk Hospital;TRY;Lechenie Trafik - RU;​120232473626750080;PAUSED;Özbekistan - Onkoloji;​120232473829180080;PAUSED;PROFILE_VISIT;0;0;5000;0;0;0;0;0;0;0;0;0;0
Ağustos 2026;Yabancı;Rusça;Görüntülenme / Mesaj;Diğer / Sınıflandırılacak;Doruk Hospital;TRY;Lechenie Trafik - RU;​120232473626750080;PAUSED;Özbekistan - Onkoloji;​120232473829180080;PAUSED;PROFILE_VISIT;0;0;5000;0;0;0;0;0;0;0;0;0;0
Temmuz 2026;Yabancı;Rusça;Görüntülenme / Mesaj;Diğer / Sınıflandırılacak;Doruk Hospital;TRY;Rusça Gönderiden Profil Ziyaret;​120232423975420080;PAUSED;Instagram Post;​120232423975650080;CAMPAIGN_PAUSED;VISIT_INSTAGRAM_PROFILE;2000;0;0;0;0;0;0;0;0;0;0;0;0
Ağustos 2026;Yabancı;Rusça;Görüntülenme / Mesaj;Diğer / Sınıflandırılacak;Doruk Hospital;TRY;Rusça Gönderiden Profil Ziyaret;​120232423975420080;PAUSED;Instagram Post;​120232423975650080;CAMPAIGN_PAUSED;VISIT_INSTAGRAM_PROFILE;2000;0;0;0;0;0;0;0;0;0;0;0;0
Temmuz 2026;Yabancı;Rusça;Görüntülenme / Mesaj;Diğer / Sınıflandırılacak;Doruk Hospital;TRY;Rusça Gönderiden Profil Ziyaret;​120232423963210080;PAUSED;Instagram Post;​120232423963270080;CAMPAIGN_PAUSED;VISIT_INSTAGRAM_PROFILE;2000;0;0;0;0;0;0;0;0;0;0;0;0
Ağustos 2026;Yabancı;Rusça;Görüntülenme / Mesaj;Diğer / Sınıflandırılacak;Doruk Hospital;TRY;Rusça Gönderiden Profil Ziyaret;​120232423963210080;PAUSED;Instagram Post;​120232423963270080;CAMPAIGN_PAUSED;VISIT_INSTAGRAM_PROFILE;2000;0;0;0;0;0;0;0;0;0;0;0;0
Temmuz 2026;Yabancı;Rusça;Görüntülenme / Mesaj;Diğer / Sınıflandırılacak;Doruk Hospital;TRY;Rusça Gönderiden Profil Ziyaret;​120232423945640080;PAUSED;Instagram Post;​120232423945750080;CAMPAIGN_PAUSED;VISIT_INSTAGRAM_PROFILE;2000;0;0;0;0;0;0;0;0;0;0;0;0
Ağustos 2026;Yabancı;Rusça;Görüntülenme / Mesaj;Diğer / Sınıflandırılacak;Doruk Hospital;TRY;Rusça Gönderiden Profil Ziyaret;​120232423945640080;PAUSED;Instagram Post;​120232423945750080;CAMPAIGN_PAUSED;VISIT_INSTAGRAM_PROFILE;2000;0;0;0;0;0;0;0;0;0;0;0;0
Temmuz 2026;Yabancı;Rusça;Görüntülenme / Mesaj;Diğer / Sınıflandırılacak;Doruk Hospital;TRY;Rusça Gönderiden Profil Ziyaret;​120232423930470080;PAUSED;Instagram Post;​120232423930600080;CAMPAIGN_PAUSED;VISIT_INSTAGRAM_PROFILE;2000;0;0;0;0;0;0;0;0;0;0;0;0
Ağustos 2026;Yabancı;Rusça;Görüntülenme / Mesaj;Diğer / Sınıflandırılacak;Doruk Hospital;TRY;Rusça Gönderiden Profil Ziyaret;​120232423930470080;PAUSED;Instagram Post;​120232423930600080;CAMPAIGN_PAUSED;VISIT_INSTAGRAM_PROFILE;2000;0;0;0;0;0;0;0;0;0;0;0;0
Temmuz 2026;Yabancı;Rusça;Görüntülenme / Mesaj;Diğer / Sınıflandırılacak;Doruk Hospital;TRY;Rusça Gönderiden Profil Ziyaret;​120232423881110080;PAUSED;Instagram Post;​120232423881230080;CAMPAIGN_PAUSED;VISIT_INSTAGRAM_PROFILE;2000;0;0;0;0;0;0;0;0;0;0;0;0
Ağustos 2026;Yabancı;Rusça;Görüntülenme / Mesaj;Diğer / Sınıflandırılacak;Doruk Hospital;TRY;Rusça Gönderiden Profil Ziyaret;​120232423881110080;PAUSED;Instagram Post;​120232423881230080;CAMPAIGN_PAUSED;VISIT_INSTAGRAM_PROFILE;2000;0;0;0;0;0;0;0;0;0;0;0;0
Temmuz 2026;Yabancı;Rusça;Görüntülenme / Mesaj;Diğer / Sınıflandırılacak;Doruk Hospital;TRY;Rusça Gönderiden Profil Ziyaret;​120232423822490080;PAUSED;Instagram Post;​120232423823080080;CAMPAIGN_PAUSED;VISIT_INSTAGRAM_PROFILE;2000;0;0;0;0;0;0;0;0;0;0;0;0
Ağustos 2026;Yabancı;Rusça;Görüntülenme / Mesaj;Diğer / Sınıflandırılacak;Doruk Hospital;TRY;Rusça Gönderiden Profil Ziyaret;​120232423822490080;PAUSED;Instagram Post;​120232423823080080;CAMPAIGN_PAUSED;VISIT_INSTAGRAM_PROFILE;2000;0;0;0;0;0;0;0;0;0;0;0;0
Temmuz 2026;Yabancı;Rusça;Görüntülenme / Mesaj;Diğer / Sınıflandırılacak;Doruk Hospital;TRY;Rusça Gönderiden Profil Ziyaret;​120232023228260080;PAUSED;Instagram Post;​120232023228340080;CAMPAIGN_PAUSED;VISIT_INSTAGRAM_PROFILE;1000;0;0;0;0;0;0;0;0;0;0;0;0
Ağustos 2026;Yabancı;Rusça;Görüntülenme / Mesaj;Diğer / Sınıflandırılacak;Doruk Hospital;TRY;Rusça Gönderiden Profil Ziyaret;​120232023228260080;PAUSED;Instagram Post;​120232023228340080;CAMPAIGN_PAUSED;VISIT_INSTAGRAM_PROFILE;1000;0;0;0;0;0;0;0;0;0;0;0;0
Temmuz 2026;Yabancı;Rusça;Görüntülenme / Mesaj;Diğer / Sınıflandırılacak;Doruk Hospital;TRY;Rusça Gönderiden Profil Ziyaret;​120232023048790080;PAUSED;Instagram Post;​120232023048860080;CAMPAIGN_PAUSED;VISIT_INSTAGRAM_PROFILE;1000;0;0;0;0;0;0;0;0;0;0;0;0
Ağustos 2026;Yabancı;Rusça;Görüntülenme / Mesaj;Diğer / Sınıflandırılacak;Doruk Hospital;TRY;Rusça Gönderiden Profil Ziyaret;​120232023048790080;PAUSED;Instagram Post;​120232023048860080;CAMPAIGN_PAUSED;VISIT_INSTAGRAM_PROFILE;1000;0;0;0;0;0;0;0;0;0;0;0;0
Temmuz 2026;Yabancı;Rusça;Görüntülenme / Mesaj;Diğer / Sınıflandırılacak;Doruk Hospital;TRY;Rusça Gönderiden Profil Ziyaret;​120232022740530080;PAUSED;Instagram Post;​120232022740840080;CAMPAIGN_PAUSED;VISIT_INSTAGRAM_PROFILE;3500;0;0;0;0;0;0;0;0;0;0;0;0
Ağustos 2026;Yabancı;Rusça;Görüntülenme / Mesaj;Diğer / Sınıflandırılacak;Doruk Hospital;TRY;Rusça Gönderiden Profil Ziyaret;​120232022740530080;PAUSED;Instagram Post;​120232022740840080;CAMPAIGN_PAUSED;VISIT_INSTAGRAM_PROFILE;3500;0;0;0;0;0;0;0;0;0;0;0;0
Temmuz 2026;Yabancı;Rusça;Görüntülenme / Mesaj;Diğer / Sınıflandırılacak;Doruk Hospital;TRY;Rusça Gönderiden Profil Ziyaret;​120231988176000080;PAUSED;Instagram Post;​120231988176050080;CAMPAIGN_PAUSED;VISIT_INSTAGRAM_PROFILE;2000;0;0;0;0;0;0;0;0;0;0;0;0
Ağustos 2026;Yabancı;Rusça;Görüntülenme / Mesaj;Diğer / Sınıflandırılacak;Doruk Hospital;TRY;Rusça Gönderiden Profil Ziyaret;​120231988176000080;PAUSED;Instagram Post;​120231988176050080;CAMPAIGN_PAUSED;VISIT_INSTAGRAM_PROFILE;2000;0;0;0;0;0;0;0;0;0;0;0;0
Temmuz 2026;Yabancı;Rusça;Görüntülenme / Mesaj;Diğer / Sınıflandırılacak;Doruk Hospital;TRY;Rusça Gönderiden Profil Ziyaret;​120231980674570080;PAUSED;Instagram Post;​120231980675110080;CAMPAIGN_PAUSED;VISIT_INSTAGRAM_PROFILE;3000;0;0;0;0;0;0;0;0;0;0;0;0
Ağustos 2026;Yabancı;Rusça;Görüntülenme / Mesaj;Diğer / Sınıflandırılacak;Doruk Hospital;TRY;Rusça Gönderiden Profil Ziyaret;​120231980674570080;PAUSED;Instagram Post;​120231980675110080;CAMPAIGN_PAUSED;VISIT_INSTAGRAM_PROFILE;3000;0;0;0;0;0;0;0;0;0;0;0;0
Temmuz 2026;Yabancı;Rusça;Görüntülenme / Mesaj;Diğer / Sınıflandırılacak;Doruk Hospital;TRY;Rusça Gönderiden Profil Ziyaret;​120231980474670080;PAUSED;Instagram Post;​120231980474900080;CAMPAIGN_PAUSED;VISIT_INSTAGRAM_PROFILE;3000;0;0;0;0;0;0;0;0;0;0;0;0
Ağustos 2026;Yabancı;Rusça;Görüntülenme / Mesaj;Diğer / Sınıflandırılacak;Doruk Hospital;TRY;Rusça Gönderiden Profil Ziyaret;​120231980474670080;PAUSED;Instagram Post;​120231980474900080;CAMPAIGN_PAUSED;VISIT_INSTAGRAM_PROFILE;3000;0;0;0;0;0;0;0;0;0;0;0;0
Temmuz 2026;Yabancı;Rusça;Görüntülenme / Mesaj;Diğer / Sınıflandırılacak;Doruk Hospital;TRY;Rusça Gönderiden Profil Ziyaret;​120231980413140080;PAUSED;Instagram Post;​120231980413860080;CAMPAIGN_PAUSED;VISIT_INSTAGRAM_PROFILE;2000;0;0;0;0;0;0;0;0;0;0;0;0
Ağustos 2026;Yabancı;Rusça;Görüntülenme / Mesaj;Diğer / Sınıflandırılacak;Doruk Hospital;TRY;Rusça Gönderiden Profil Ziyaret;​120231980413140080;PAUSED;Instagram Post;​120231980413860080;CAMPAIGN_PAUSED;VISIT_INSTAGRAM_PROFILE;2000;0;0;0;0;0;0;0;0;0;0;0;0
Temmuz 2026;Yabancı;Arapça;Görüntülenme / Mesaj;Fizik Tedavi / Rehabilitasyon;Doruk Hospital;TRY;Arapça FTR BAE profilden ziyaret;​120233192484110080;PAUSED;Instagram Post;​120233192484210080;CAMPAIGN_PAUSED;VISIT_INSTAGRAM_PROFILE;1500;0;0;0;0;0;0;0;0;0;0;0;0
Ağustos 2026;Yabancı;Arapça;Görüntülenme / Mesaj;Fizik Tedavi / Rehabilitasyon;Doruk Hospital;TRY;Arapça FTR BAE profilden ziyaret;​120233192484110080;PAUSED;Instagram Post;​120233192484210080;CAMPAIGN_PAUSED;VISIT_INSTAGRAM_PROFILE;1500;0;0;0;0;0;0;0;0;0;0;0;0
Temmuz 2026;Yabancı;Arapça;Görüntülenme / Mesaj;Fizik Tedavi / Rehabilitasyon;Doruk Hospital;TRY;Arapça FTR BAE profilden ziyaret;​120232621586440080;PAUSED;Instagram Post;​120232621586520080;CAMPAIGN_PAUSED;VISIT_INSTAGRAM_PROFILE;2000;0;0;0;0;0;0;0;0;0;0;0;0
Ağustos 2026;Yabancı;Arapça;Görüntülenme / Mesaj;Fizik Tedavi / Rehabilitasyon;Doruk Hospital;TRY;Arapça FTR BAE profilden ziyaret;​120232621586440080;PAUSED;Instagram Post;​120232621586520080;CAMPAIGN_PAUSED;VISIT_INSTAGRAM_PROFILE;2000;0;0;0;0;0;0;0;0;0;0;0;0
Temmuz 2026;Yabancı;Arapça;Görüntülenme / Mesaj;Fizik Tedavi / Rehabilitasyon;Doruk Hospital;TRY;Arapça FTR BAE profilden ziyaret;​120232621577000080;PAUSED;Instagram Post;​120232621577590080;CAMPAIGN_PAUSED;VISIT_INSTAGRAM_PROFILE;2000;0;0;0;0;0;0;0;0;0;0;0;0
Ağustos 2026;Yabancı;Arapça;Görüntülenme / Mesaj;Fizik Tedavi / Rehabilitasyon;Doruk Hospital;TRY;Arapça FTR BAE profilden ziyaret;​120232621577000080;PAUSED;Instagram Post;​120232621577590080;CAMPAIGN_PAUSED;VISIT_INSTAGRAM_PROFILE;2000;0;0;0;0;0;0;0;0;0;0;0;0
Temmuz 2026;Yabancı;Arapça;Görüntülenme / Mesaj;Fizik Tedavi / Rehabilitasyon;Doruk Hospital;TRY;Arapça FTR Bahreyn Profil Ziyaret;​120232621317260080;PAUSED;Instagram Post;​120232621317620080;CAMPAIGN_PAUSED;VISIT_INSTAGRAM_PROFILE;1500;0;0;0;0;0;0;0;0;0;0;0;0
Ağustos 2026;Yabancı;Arapça;Görüntülenme / Mesaj;Fizik Tedavi / Rehabilitasyon;Doruk Hospital;TRY;Arapça FTR Bahreyn Profil Ziyaret;​120232621317260080;PAUSED;Instagram Post;​120232621317620080;CAMPAIGN_PAUSED;VISIT_INSTAGRAM_PROFILE;1500;0;0;0;0;0;0;0;0;0;0;0;0
Temmuz 2026;Yabancı;Arapça;Görüntülenme / Mesaj;Fizik Tedavi / Rehabilitasyon;Doruk Hospital;TRY;Arapça FTR Bahreyn Profil Ziyaret;​120232621257490080;ACTIVE;Instagram Post;​120232621257840080;ACTIVE;VISIT_INSTAGRAM_PROFILE;1500;0;0;0;0;0;0;0;0;0;0;0;0
Ağustos 2026;Yabancı;Arapça;Görüntülenme / Mesaj;Fizik Tedavi / Rehabilitasyon;Doruk Hospital;TRY;Arapça FTR Bahreyn Profil Ziyaret;​120232621257490080;ACTIVE;Instagram Post;​120232621257840080;ACTIVE;VISIT_INSTAGRAM_PROFILE;1500;0;0;0;0;0;0;0;0;0;0;0;0
Temmuz 2026;Yabancı;Arapça;Görüntülenme / Mesaj;Fizik Tedavi / Rehabilitasyon;Doruk Hospital;TRY;Arapça FTR Bahreyn Profilden Ziyaret;​120232532564110080;PAUSED;Instagram Post;​120232532564280080;CAMPAIGN_PAUSED;VISIT_INSTAGRAM_PROFILE;500;0;0;0;0;0;0;0;0;0;0;0;0
Ağustos 2026;Yabancı;Arapça;Görüntülenme / Mesaj;Fizik Tedavi / Rehabilitasyon;Doruk Hospital;TRY;Arapça FTR Bahreyn Profilden Ziyaret;​120232532564110080;PAUSED;Instagram Post;​120232532564280080;CAMPAIGN_PAUSED;VISIT_INSTAGRAM_PROFILE;500;0;0;0;0;0;0;0;0;0;0;0;0
Temmuz 2026;Yabancı;Arapça;Görüntülenme / Mesaj;Fizik Tedavi / Rehabilitasyon;Doruk Hospital;TRY;Arapça FTR Bahreyn Profilden Ziyaret;​120232532545470080;PAUSED;Instagram Post;​120232532545650080;CAMPAIGN_PAUSED;VISIT_INSTAGRAM_PROFILE;500;0;0;0;0;0;0;0;0;0;0;0;0
Ağustos 2026;Yabancı;Arapça;Görüntülenme / Mesaj;Fizik Tedavi / Rehabilitasyon;Doruk Hospital;TRY;Arapça FTR Bahreyn Profilden Ziyaret;​120232532545470080;PAUSED;Instagram Post;​120232532545650080;CAMPAIGN_PAUSED;VISIT_INSTAGRAM_PROFILE;500;0;0;0;0;0;0;0;0;0;0;0;0
Temmuz 2026;Yabancı;Arapça;Görüntülenme / Mesaj;Fizik Tedavi / Rehabilitasyon;Doruk Hospital;TRY;Arapça FTR Bahreyn Profilden Ziyaret;​120232532530810080;PAUSED;Instagram Post;​120232532530880080;CAMPAIGN_PAUSED;VISIT_INSTAGRAM_PROFILE;500;0;0;0;0;0;0;0;0;0;0;0;0
Ağustos 2026;Yabancı;Arapça;Görüntülenme / Mesaj;Fizik Tedavi / Rehabilitasyon;Doruk Hospital;TRY;Arapça FTR Bahreyn Profilden Ziyaret;​120232532530810080;PAUSED;Instagram Post;​120232532530880080;CAMPAIGN_PAUSED;VISIT_INSTAGRAM_PROFILE;500;0;0;0;0;0;0;0;0;0;0;0;0
Temmuz 2026;Yabancı;Arapça;Görüntülenme / Mesaj;Fizik Tedavi / Rehabilitasyon;Doruk Hospital;TRY;Arapça FTR Bahreyn Profilden Ziyaret;​120232532521890080;PAUSED;Instagram Post;​120232532522140080;CAMPAIGN_PAUSED;VISIT_INSTAGRAM_PROFILE;1000;0;0;0;0;0;0;0;0;0;0;0;0
Ağustos 2026;Yabancı;Arapça;Görüntülenme / Mesaj;Fizik Tedavi / Rehabilitasyon;Doruk Hospital;TRY;Arapça FTR Bahreyn Profilden Ziyaret;​120232532521890080;PAUSED;Instagram Post;​120232532522140080;CAMPAIGN_PAUSED;VISIT_INSTAGRAM_PROFILE;1000;0;0;0;0;0;0;0;0;0;0;0;0
Temmuz 2026;Yabancı;Arapça;Görüntülenme / Mesaj;Fizik Tedavi / Rehabilitasyon;Doruk Hospital;TRY;Arapça FTR Etkileşim Kampanyası;​120233869003450080;PAUSED;BAE - FTR TV - Trafik;​120238690554950080;CAMPAIGN_PAUSED;PROFILE_AND_PAGE_ENGAGEMENT;0;0;1000;0;0;0;0;0;0;0;0;0;0
Ağustos 2026;Yabancı;Arapça;Görüntülenme / Mesaj;Fizik Tedavi / Rehabilitasyon;Doruk Hospital;TRY;Arapça FTR Etkileşim Kampanyası;​120233869003450080;PAUSED;BAE - FTR TV - Trafik;​120238690554950080;CAMPAIGN_PAUSED;PROFILE_AND_PAGE_ENGAGEMENT;0;0;1000;0;0;0;0;0;0;0;0;0;0
Temmuz 2026;Yabancı;Arapça;Görüntülenme / Mesaj;Fizik Tedavi / Rehabilitasyon;Doruk Hospital;TRY;Arapça FTR Etkileşim Kampanyası;​120233869003450080;PAUSED;BAE-FTR Havuz-etkileşim reklam seti - Profil ziyareti;​120236215928560080;PAUSED;PROFILE_AND_PAGE_ENGAGEMENT;0;0;1500;0;0;0;0;0;0;0;0;0;0
Ağustos 2026;Yabancı;Arapça;Görüntülenme / Mesaj;Fizik Tedavi / Rehabilitasyon;Doruk Hospital;TRY;Arapça FTR Etkileşim Kampanyası;​120233869003450080;PAUSED;BAE-FTR Havuz-etkileşim reklam seti - Profil ziyareti;​120236215928560080;PAUSED;PROFILE_AND_PAGE_ENGAGEMENT;0;0;1500;0;0;0;0;0;0;0;0;0;0
Temmuz 2026;Yabancı;Arapça;Görüntülenme / Mesaj;Fizik Tedavi / Rehabilitasyon;Doruk Hospital;TRY;Arapça FTR Etkileşim Kampanyası;​120233869003450080;PAUSED;BAE-FTR Havuz-etkileşim reklam seti - Sayfa ziyareti;​120233869003440080;PAUSED;PROFILE_AND_PAGE_ENGAGEMENT;0;0;1500;0;0;0;0;0;0;0;0;0;0
Ağustos 2026;Yabancı;Arapça;Görüntülenme / Mesaj;Fizik Tedavi / Rehabilitasyon;Doruk Hospital;TRY;Arapça FTR Etkileşim Kampanyası;​120233869003450080;PAUSED;BAE-FTR Havuz-etkileşim reklam seti - Sayfa ziyareti;​120233869003440080;PAUSED;PROFILE_AND_PAGE_ENGAGEMENT;0;0;1500;0;0;0;0;0;0;0;0;0;0
Temmuz 2026;Yabancı;Arapça;Görüntülenme / Mesaj;Fizik Tedavi / Rehabilitasyon;Doruk Hospital;TRY;Arapça FTR Etkileşim Kampanyası;​120233869003450080;PAUSED;BAE-FTR Robot-etkileşim reklam seti - Profil ziyareti;​120236215901700080;PAUSED;PROFILE_AND_PAGE_ENGAGEMENT;0;0;1500;0;0;0;0;0;0;0;0;0;0
Ağustos 2026;Yabancı;Arapça;Görüntülenme / Mesaj;Fizik Tedavi / Rehabilitasyon;Doruk Hospital;TRY;Arapça FTR Etkileşim Kampanyası;​120233869003450080;PAUSED;BAE-FTR Robot-etkileşim reklam seti - Profil ziyareti;​120236215901700080;PAUSED;PROFILE_AND_PAGE_ENGAGEMENT;0;0;1500;0;0;0;0;0;0;0;0;0;0
Temmuz 2026;Yabancı;Arapça;Görüntülenme / Mesaj;Fizik Tedavi / Rehabilitasyon;Doruk Hospital;TRY;Arapça FTR Etkileşim Kampanyası;​120233869003450080;PAUSED;BAE-FTR Robot-etkileşim reklam seti - Sayfa ziyareti;​120233869003500080;PAUSED;PROFILE_AND_PAGE_ENGAGEMENT;0;0;1500;0;0;0;0;0;0;0;0;0;0
Ağustos 2026;Yabancı;Arapça;Görüntülenme / Mesaj;Fizik Tedavi / Rehabilitasyon;Doruk Hospital;TRY;Arapça FTR Etkileşim Kampanyası;​120233869003450080;PAUSED;BAE-FTR Robot-etkileşim reklam seti - Sayfa ziyareti;​120233869003500080;PAUSED;PROFILE_AND_PAGE_ENGAGEMENT;0;0;1500;0;0;0;0;0;0;0;0;0;0
Temmuz 2026;Yabancı;Arapça;Görüntülenme / Mesaj;Fizik Tedavi / Rehabilitasyon;Doruk Hospital;TRY;Arapça FTR Etkileşim Kampanyası;​120233869003450080;PAUSED;Bahreyn - FTR TV - Trafik TV;​120238690675060080;CAMPAIGN_PAUSED;PROFILE_AND_PAGE_ENGAGEMENT;0;0;1000;0;0;0;0;0;0;0;0;0;0
Ağustos 2026;Yabancı;Arapça;Görüntülenme / Mesaj;Fizik Tedavi / Rehabilitasyon;Doruk Hospital;TRY;Arapça FTR Etkileşim Kampanyası;​120233869003450080;PAUSED;Bahreyn - FTR TV - Trafik TV;​120238690675060080;CAMPAIGN_PAUSED;PROFILE_AND_PAGE_ENGAGEMENT;0;0;1000;0;0;0;0;0;0;0;0;0;0
Temmuz 2026;Yabancı;Arapça;Görüntülenme / Mesaj;Fizik Tedavi / Rehabilitasyon;Doruk Hospital;TRY;Arapça FTR Etkileşim Kampanyası;​120233869003450080;PAUSED;Bahreyn-FTR Havuz-etkileşim reklam seti - Sayfa Ziyaret;​120234031070770080;PAUSED;PROFILE_AND_PAGE_ENGAGEMENT;0;0;540;0;0;0;0;0;0;0;0;0;0
Ağustos 2026;Yabancı;Arapça;Görüntülenme / Mesaj;Fizik Tedavi / Rehabilitasyon;Doruk Hospital;TRY;Arapça FTR Etkileşim Kampanyası;​120233869003450080;PAUSED;Bahreyn-FTR Havuz-etkileşim reklam seti - Sayfa Ziyaret;​120234031070770080;PAUSED;PROFILE_AND_PAGE_ENGAGEMENT;0;0;540;0;0;0;0;0;0;0;0;0;0
Temmuz 2026;Yabancı;Arapça;Görüntülenme / Mesaj;Fizik Tedavi / Rehabilitasyon;Doruk Hospital;TRY;Arapça FTR Etkileşim Kampanyası;​120233869003450080;PAUSED;Bahreyn-FTR Robot-etkileşim reklam seti -sayfa ziyaret;​120234031028950080;PAUSED;PROFILE_AND_PAGE_ENGAGEMENT;0;0;540;0;0;0;0;0;0;0;0;0;0
Ağustos 2026;Yabancı;Arapça;Görüntülenme / Mesaj;Fizik Tedavi / Rehabilitasyon;Doruk Hospital;TRY;Arapça FTR Etkileşim Kampanyası;​120233869003450080;PAUSED;Bahreyn-FTR Robot-etkileşim reklam seti -sayfa ziyaret;​120234031028950080;PAUSED;PROFILE_AND_PAGE_ENGAGEMENT;0;0;540;0;0;0;0;0;0;0;0;0;0
Temmuz 2026;Yabancı;Arapça;Görüntülenme / Mesaj;Fizik Tedavi / Rehabilitasyon;Doruk Hospital;TRY;Arapça FTR Etkileşim Kampanyası;​120233869003450080;PAUSED;Kuveyt - FTR TV - Trafik;​120238690669730080;CAMPAIGN_PAUSED;PROFILE_AND_PAGE_ENGAGEMENT;0;0;1000;0;0;0;0;0;0;0;0;0;0
Ağustos 2026;Yabancı;Arapça;Görüntülenme / Mesaj;Fizik Tedavi / Rehabilitasyon;Doruk Hospital;TRY;Arapça FTR Etkileşim Kampanyası;​120233869003450080;PAUSED;Kuveyt - FTR TV - Trafik;​120238690669730080;CAMPAIGN_PAUSED;PROFILE_AND_PAGE_ENGAGEMENT;0;0;1000;0;0;0;0;0;0;0;0;0;0
Temmuz 2026;Yabancı;Arapça;Görüntülenme / Mesaj;Fizik Tedavi / Rehabilitasyon;Doruk Hospital;TRY;Arapça FTR Etkileşim Kampanyası;​120233869003450080;PAUSED;Kuveyt-FTR Havuz-etkileşim reklam seti - Profil ziyareti;​120234031248120080;PAUSED;PROFILE_AND_PAGE_ENGAGEMENT;0;0;2000;0;0;0;0;0;0;0;0;0;0
Ağustos 2026;Yabancı;Arapça;Görüntülenme / Mesaj;Fizik Tedavi / Rehabilitasyon;Doruk Hospital;TRY;Arapça FTR Etkileşim Kampanyası;​120233869003450080;PAUSED;Kuveyt-FTR Havuz-etkileşim reklam seti - Profil ziyareti;​120234031248120080;PAUSED;PROFILE_AND_PAGE_ENGAGEMENT;0;0;2000;0;0;0;0;0;0;0;0;0;0
Temmuz 2026;Yabancı;Arapça;Görüntülenme / Mesaj;Fizik Tedavi / Rehabilitasyon;Doruk Hospital;TRY;Arapça FTR Etkileşim Kampanyası;​120233869003450080;PAUSED;Kuveyt-FTR Havuz-etkileşim reklam seti - sayfa ziyareti - Kopya;​120236215876290080;PAUSED;PROFILE_AND_PAGE_ENGAGEMENT;0;0;2000;0;0;0;0;0;0;0;0;0;0
Ağustos 2026;Yabancı;Arapça;Görüntülenme / Mesaj;Fizik Tedavi / Rehabilitasyon;Doruk Hospital;TRY;Arapça FTR Etkileşim Kampanyası;​120233869003450080;PAUSED;Kuveyt-FTR Havuz-etkileşim reklam seti - sayfa ziyareti - Kopya;​120236215876290080;PAUSED;PROFILE_AND_PAGE_ENGAGEMENT;0;0;2000;0;0;0;0;0;0;0;0;0;0
Temmuz 2026;Yabancı;Arapça;Görüntülenme / Mesaj;Fizik Tedavi / Rehabilitasyon;Doruk Hospital;TRY;Arapça FTR Etkileşim Kampanyası;​120233869003450080;PAUSED;Kuveyt-FTR Robot-etkileşim reklam seti - Gönderi Etkileşim günlük tekil erişim - Kopya;​120234031323100080;PAUSED;PROFILE_AND_PAGE_ENGAGEMENT;0;0;5000;0;0;0;0;0;0;0;0;0;0
Ağustos 2026;Yabancı;Arapça;Görüntülenme / Mesaj;Fizik Tedavi / Rehabilitasyon;Doruk Hospital;TRY;Arapça FTR Etkileşim Kampanyası;​120233869003450080;PAUSED;Kuveyt-FTR Robot-etkileşim reklam seti - Gönderi Etkileşim günlük tekil erişim - Kopya;​120234031323100080;PAUSED;PROFILE_AND_PAGE_ENGAGEMENT;0;0;5000;0;0;0;0;0;0;0;0;0;0
Temmuz 2026;Yabancı;Arapça;Görüntülenme / Mesaj;Fizik Tedavi / Rehabilitasyon;Doruk Hospital;TRY;Arapça FTR Etkileşim Kampanyası;​120233869003450080;PAUSED;Kuveyt-FTR Robot-etkileşim reklam seti - Profil Ziyaret;​120236215678680080;PAUSED;PROFILE_AND_PAGE_ENGAGEMENT;0;0;5000;0;0;0;0;0;0;0;0;0;0
Ağustos 2026;Yabancı;Arapça;Görüntülenme / Mesaj;Fizik Tedavi / Rehabilitasyon;Doruk Hospital;TRY;Arapça FTR Etkileşim Kampanyası;​120233869003450080;PAUSED;Kuveyt-FTR Robot-etkileşim reklam seti - Profil Ziyaret;​120236215678680080;PAUSED;PROFILE_AND_PAGE_ENGAGEMENT;0;0;5000;0;0;0;0;0;0;0;0;0;0
Temmuz 2026;Yabancı;Arapça;Görüntülenme / Mesaj;Fizik Tedavi / Rehabilitasyon;Doruk Hospital;TRY;Arapça FTR Etkileşim Kampanyası;​120233869003450080;PAUSED;Umman - FTR TV - Trafik TV;​120238690669270080;CAMPAIGN_PAUSED;PROFILE_AND_PAGE_ENGAGEMENT;0;0;1000;0;0;0;0;0;0;0;0;0;0
Ağustos 2026;Yabancı;Arapça;Görüntülenme / Mesaj;Fizik Tedavi / Rehabilitasyon;Doruk Hospital;TRY;Arapça FTR Etkileşim Kampanyası;​120233869003450080;PAUSED;Umman - FTR TV - Trafik TV;​120238690669270080;CAMPAIGN_PAUSED;PROFILE_AND_PAGE_ENGAGEMENT;0;0;1000;0;0;0;0;0;0;0;0;0;0
Temmuz 2026;Yabancı;Arapça;Görüntülenme / Mesaj;Fizik Tedavi / Rehabilitasyon;Doruk Hospital;TRY;Arapça FTR Etkileşim Kampanyası;​120233869003450080;PAUSED;Umman-FTR Robot-etkileşim reklam seti - Sayfa Ziyareti;​120233869003600080;PAUSED;PROFILE_AND_PAGE_ENGAGEMENT;0;0;720;0;0;0;0;0;0;0;0;0;0
Ağustos 2026;Yabancı;Arapça;Görüntülenme / Mesaj;Fizik Tedavi / Rehabilitasyon;Doruk Hospital;TRY;Arapça FTR Etkileşim Kampanyası;​120233869003450080;PAUSED;Umman-FTR Robot-etkileşim reklam seti - Sayfa Ziyareti;​120233869003600080;PAUSED;PROFILE_AND_PAGE_ENGAGEMENT;0;0;720;0;0;0;0;0;0;0;0;0;0
Temmuz 2026;Yabancı;Arapça;Görüntülenme / Mesaj;Fizik Tedavi / Rehabilitasyon;Doruk Hospital;TRY;Arapça FTR Etkileşim Kampanyası;​120233869003450080;PAUSED;Umman-FTR-etkileşim reklam seti - Sayfa Ziyareti;​120233869003510080;PAUSED;PROFILE_AND_PAGE_ENGAGEMENT;0;0;720;0;0;0;0;0;0;0;0;0;0
Ağustos 2026;Yabancı;Arapça;Görüntülenme / Mesaj;Fizik Tedavi / Rehabilitasyon;Doruk Hospital;TRY;Arapça FTR Etkileşim Kampanyası;​120233869003450080;PAUSED;Umman-FTR-etkileşim reklam seti - Sayfa Ziyareti;​120233869003510080;PAUSED;PROFILE_AND_PAGE_ENGAGEMENT;0;0;720;0;0;0;0;0;0;0;0;0;0
Temmuz 2026;Yabancı;Arapça;Görüntülenme / Mesaj;Fizik Tedavi / Rehabilitasyon;Doruk Hospital;TRY;Arapça FTR Katar Profil Ziyaret;​120232620002920080;ACTIVE;Instagram Post;​120232620003010080;ACTIVE;VISIT_INSTAGRAM_PROFILE;2000;0;0;0;0;0;0;0;0;0;0;0;0
Ağustos 2026;Yabancı;Arapça;Görüntülenme / Mesaj;Fizik Tedavi / Rehabilitasyon;Doruk Hospital;TRY;Arapça FTR Katar Profil Ziyaret;​120232620002920080;ACTIVE;Instagram Post;​120232620003010080;ACTIVE;VISIT_INSTAGRAM_PROFILE;2000;0;0;0;0;0;0;0;0;0;0;0;0
Temmuz 2026;Yabancı;Arapça;Görüntülenme / Mesaj;Fizik Tedavi / Rehabilitasyon;Doruk Hospital;TRY;Arapça FTR Katar Profil Ziyaret;​120232619958590080;PAUSED;Instagram Post;​120232619958660080;CAMPAIGN_PAUSED;VISIT_INSTAGRAM_PROFILE;2000;0;0;0;0;0;0;0;0;0;0;0;0
Ağustos 2026;Yabancı;Arapça;Görüntülenme / Mesaj;Fizik Tedavi / Rehabilitasyon;Doruk Hospital;TRY;Arapça FTR Katar Profil Ziyaret;​120232619958590080;PAUSED;Instagram Post;​120232619958660080;CAMPAIGN_PAUSED;VISIT_INSTAGRAM_PROFILE;2000;0;0;0;0;0;0;0;0;0;0;0;0
Temmuz 2026;Yabancı;Arapça;Görüntülenme / Mesaj;Fizik Tedavi / Rehabilitasyon;Doruk Hospital;TRY;Arapça FTR Katar Profilden Ziyaret;​120232532764550080;PAUSED;Instagram Post;​120232532764940080;CAMPAIGN_PAUSED;VISIT_INSTAGRAM_PROFILE;1000;0;0;0;0;0;0;0;0;0;0;0;0
Ağustos 2026;Yabancı;Arapça;Görüntülenme / Mesaj;Fizik Tedavi / Rehabilitasyon;Doruk Hospital;TRY;Arapça FTR Katar Profilden Ziyaret;​120232532764550080;PAUSED;Instagram Post;​120232532764940080;CAMPAIGN_PAUSED;VISIT_INSTAGRAM_PROFILE;1000;0;0;0;0;0;0;0;0;0;0;0;0
Temmuz 2026;Yabancı;Arapça;Görüntülenme / Mesaj;Fizik Tedavi / Rehabilitasyon;Doruk Hospital;TRY;Arapça FTR Katar Profilden Ziyaret;​120232532747510080;PAUSED;Instagram Post;​120232532748410080;CAMPAIGN_PAUSED;VISIT_INSTAGRAM_PROFILE;1000;0;0;0;0;0;0;0;0;0;0;0;0
Ağustos 2026;Yabancı;Arapça;Görüntülenme / Mesaj;Fizik Tedavi / Rehabilitasyon;Doruk Hospital;TRY;Arapça FTR Katar Profilden Ziyaret;​120232532747510080;PAUSED;Instagram Post;​120232532748410080;CAMPAIGN_PAUSED;VISIT_INSTAGRAM_PROFILE;1000;0;0;0;0;0;0;0;0;0;0;0;0
Temmuz 2026;Yabancı;Arapça;Görüntülenme / Mesaj;Fizik Tedavi / Rehabilitasyon;Doruk Hospital;TRY;Arapça FTR Katar Profilden Ziyaret;​120232532737380080;PAUSED;Instagram Post;​120232532737440080;CAMPAIGN_PAUSED;VISIT_INSTAGRAM_PROFILE;1000;0;0;0;0;0;0;0;0;0;0;0;0
Ağustos 2026;Yabancı;Arapça;Görüntülenme / Mesaj;Fizik Tedavi / Rehabilitasyon;Doruk Hospital;TRY;Arapça FTR Katar Profilden Ziyaret;​120232532737380080;PAUSED;Instagram Post;​120232532737440080;CAMPAIGN_PAUSED;VISIT_INSTAGRAM_PROFILE;1000;0;0;0;0;0;0;0;0;0;0;0;0
Temmuz 2026;Yabancı;Arapça;Görüntülenme / Mesaj;Fizik Tedavi / Rehabilitasyon;Doruk Hospital;TRY;Arapça FTR Katar Profilden Ziyaret;​120232532728140080;PAUSED;Instagram Post;​120232532728310080;CAMPAIGN_PAUSED;VISIT_INSTAGRAM_PROFILE;1000;0;0;0;0;0;0;0;0;0;0;0;0
Ağustos 2026;Yabancı;Arapça;Görüntülenme / Mesaj;Fizik Tedavi / Rehabilitasyon;Doruk Hospital;TRY;Arapça FTR Katar Profilden Ziyaret;​120232532728140080;PAUSED;Instagram Post;​120232532728310080;CAMPAIGN_PAUSED;VISIT_INSTAGRAM_PROFILE;1000;0;0;0;0;0;0;0;0;0;0;0;0
Temmuz 2026;Yabancı;Arapça;Görüntülenme / Mesaj;Fizik Tedavi / Rehabilitasyon;Doruk Hospital;TRY;Arapça FTR Körfez Trafik;​120232473555680080;PAUSED;Instagram Post;​120232473555920080;CAMPAIGN_PAUSED;VISIT_INSTAGRAM_PROFILE;3000;0;0;0;0;0;0;0;0;0;0;0;0
Ağustos 2026;Yabancı;Arapça;Görüntülenme / Mesaj;Fizik Tedavi / Rehabilitasyon;Doruk Hospital;TRY;Arapça FTR Körfez Trafik;​120232473555680080;PAUSED;Instagram Post;​120232473555920080;CAMPAIGN_PAUSED;VISIT_INSTAGRAM_PROFILE;3000;0;0;0;0;0;0;0;0;0;0;0;0
Temmuz 2026;Yabancı;Arapça;Görüntülenme / Mesaj;Fizik Tedavi / Rehabilitasyon;Doruk Hospital;TRY;Arapça FTR Körfez Trafik;​120232473441090080;PAUSED;Instagram Post;​120232473441360080;CAMPAIGN_PAUSED;VISIT_INSTAGRAM_PROFILE;3000;0;0;0;0;0;0;0;0;0;0;0;0
Ağustos 2026;Yabancı;Arapça;Görüntülenme / Mesaj;Fizik Tedavi / Rehabilitasyon;Doruk Hospital;TRY;Arapça FTR Körfez Trafik;​120232473441090080;PAUSED;Instagram Post;​120232473441360080;CAMPAIGN_PAUSED;VISIT_INSTAGRAM_PROFILE;3000;0;0;0;0;0;0;0;0;0;0;0;0
Temmuz 2026;Yabancı;Arapça;Görüntülenme / Mesaj;Fizik Tedavi / Rehabilitasyon;Doruk Hospital;TRY;Arapça FTR Körfez Trafik;​120232467477010080;PAUSED;Instagram Post;​120232467477440080;CAMPAIGN_PAUSED;VISIT_INSTAGRAM_PROFILE;3000;0;0;0;0;0;0;0;0;0;0;0;0
Ağustos 2026;Yabancı;Arapça;Görüntülenme / Mesaj;Fizik Tedavi / Rehabilitasyon;Doruk Hospital;TRY;Arapça FTR Körfez Trafik;​120232467477010080;PAUSED;Instagram Post;​120232467477440080;CAMPAIGN_PAUSED;VISIT_INSTAGRAM_PROFILE;3000;0;0;0;0;0;0;0;0;0;0;0;0
Temmuz 2026;Yabancı;Arapça;Görüntülenme / Mesaj;Fizik Tedavi / Rehabilitasyon;Doruk Hospital;TRY;Arapça FTR Körfez Trafik;​120232463977480080;PAUSED;Instagram Post;​120232463977630080;CAMPAIGN_PAUSED;VISIT_INSTAGRAM_PROFILE;3000;0;0;0;0;0;0;0;0;0;0;0;0
Ağustos 2026;Yabancı;Arapça;Görüntülenme / Mesaj;Fizik Tedavi / Rehabilitasyon;Doruk Hospital;TRY;Arapça FTR Körfez Trafik;​120232463977480080;PAUSED;Instagram Post;​120232463977630080;CAMPAIGN_PAUSED;VISIT_INSTAGRAM_PROFILE;3000;0;0;0;0;0;0;0;0;0;0;0;0
Temmuz 2026;Yabancı;Arapça;Görüntülenme / Mesaj;Fizik Tedavi / Rehabilitasyon;Doruk Hospital;TRY;Arapça FTR Kuveyt Profilden Ziyaret;​120232619655550080;PAUSED;Instagram Post;​120232619655600080;CAMPAIGN_PAUSED;VISIT_INSTAGRAM_PROFILE;4000;0;0;0;0;0;0;0;0;0;0;0;0
Ağustos 2026;Yabancı;Arapça;Görüntülenme / Mesaj;Fizik Tedavi / Rehabilitasyon;Doruk Hospital;TRY;Arapça FTR Kuveyt Profilden Ziyaret;​120232619655550080;PAUSED;Instagram Post;​120232619655600080;CAMPAIGN_PAUSED;VISIT_INSTAGRAM_PROFILE;4000;0;0;0;0;0;0;0;0;0;0;0;0
Temmuz 2026;Yabancı;Arapça;Görüntülenme / Mesaj;Fizik Tedavi / Rehabilitasyon;Doruk Hospital;TRY;Arapça FTR Kuveyt Profilden Ziyaret;​120232619630130080;ACTIVE;Instagram Post;​120232619630650080;ACTIVE;VISIT_INSTAGRAM_PROFILE;4000;0;0;0;0;0;0;0;0;0;0;0;0
Ağustos 2026;Yabancı;Arapça;Görüntülenme / Mesaj;Fizik Tedavi / Rehabilitasyon;Doruk Hospital;TRY;Arapça FTR Kuveyt Profilden Ziyaret;​120232619630130080;ACTIVE;Instagram Post;​120232619630650080;ACTIVE;VISIT_INSTAGRAM_PROFILE;4000;0;0;0;0;0;0;0;0;0;0;0;0
Temmuz 2026;Yabancı;Arapça;Görüntülenme / Mesaj;Fizik Tedavi / Rehabilitasyon;Doruk Hospital;TRY;Arapça FTR Kuveyt Profilden Ziyaret;​120232532383720080;PAUSED;Instagram Post;​120232532383870080;CAMPAIGN_PAUSED;VISIT_INSTAGRAM_PROFILE;1000;0;0;0;0;0;0;0;0;0;0;0;0
Ağustos 2026;Yabancı;Arapça;Görüntülenme / Mesaj;Fizik Tedavi / Rehabilitasyon;Doruk Hospital;TRY;Arapça FTR Kuveyt Profilden Ziyaret;​120232532383720080;PAUSED;Instagram Post;​120232532383870080;CAMPAIGN_PAUSED;VISIT_INSTAGRAM_PROFILE;1000;0;0;0;0;0;0;0;0;0;0;0;0
Temmuz 2026;Yabancı;Arapça;Görüntülenme / Mesaj;Fizik Tedavi / Rehabilitasyon;Doruk Hospital;TRY;Arapça FTR Kuveyt Profilden Ziyaret;​120232532366790080;PAUSED;Instagram Post;​120232532367080080;CAMPAIGN_PAUSED;VISIT_INSTAGRAM_PROFILE;1000;0;0;0;0;0;0;0;0;0;0;0;0
Ağustos 2026;Yabancı;Arapça;Görüntülenme / Mesaj;Fizik Tedavi / Rehabilitasyon;Doruk Hospital;TRY;Arapça FTR Kuveyt Profilden Ziyaret;​120232532366790080;PAUSED;Instagram Post;​120232532367080080;CAMPAIGN_PAUSED;VISIT_INSTAGRAM_PROFILE;1000;0;0;0;0;0;0;0;0;0;0;0;0
Temmuz 2026;Yabancı;Arapça;Görüntülenme / Mesaj;Fizik Tedavi / Rehabilitasyon;Doruk Hospital;TRY;Arapça FTR Kuveyt Profilden Ziyaret;​120232532334130080;PAUSED;Instagram Post;​120232532334310080;CAMPAIGN_PAUSED;VISIT_INSTAGRAM_PROFILE;1000;0;0;0;0;0;0;0;0;0;0;0;0
Ağustos 2026;Yabancı;Arapça;Görüntülenme / Mesaj;Fizik Tedavi / Rehabilitasyon;Doruk Hospital;TRY;Arapça FTR Kuveyt Profilden Ziyaret;​120232532334130080;PAUSED;Instagram Post;​120232532334310080;CAMPAIGN_PAUSED;VISIT_INSTAGRAM_PROFILE;1000;0;0;0;0;0;0;0;0;0;0;0;0
Temmuz 2026;Yabancı;Arapça;Görüntülenme / Mesaj;Fizik Tedavi / Rehabilitasyon;Doruk Hospital;TRY;Arapça FTR Kuveyt Profilden Ziyaret;​120232532308240080;PAUSED;Instagram Post;​120232532308380080;CAMPAIGN_PAUSED;VISIT_INSTAGRAM_PROFILE;1000;0;0;0;0;0;0;0;0;0;0;0;0
Ağustos 2026;Yabancı;Arapça;Görüntülenme / Mesaj;Fizik Tedavi / Rehabilitasyon;Doruk Hospital;TRY;Arapça FTR Kuveyt Profilden Ziyaret;​120232532308240080;PAUSED;Instagram Post;​120232532308380080;CAMPAIGN_PAUSED;VISIT_INSTAGRAM_PROFILE;1000;0;0;0;0;0;0;0;0;0;0;0;0
Temmuz 2026;Yabancı;Arapça;Görüntülenme / Mesaj;Fizik Tedavi / Rehabilitasyon;Doruk Hospital;TRY;Arapça FTR Kuveyt Profilden Ziyaret;​120232532244480080;PAUSED;Instagram Post;​120232532244520080;CAMPAIGN_PAUSED;VISIT_INSTAGRAM_PROFILE;1000;0;0;0;0;0;0;0;0;0;0;0;0
Ağustos 2026;Yabancı;Arapça;Görüntülenme / Mesaj;Fizik Tedavi / Rehabilitasyon;Doruk Hospital;TRY;Arapça FTR Kuveyt Profilden Ziyaret;​120232532244480080;PAUSED;Instagram Post;​120232532244520080;CAMPAIGN_PAUSED;VISIT_INSTAGRAM_PROFILE;1000;0;0;0;0;0;0;0;0;0;0;0;0
Temmuz 2026;Yabancı;Arapça;Görüntülenme / Mesaj;Fizik Tedavi / Rehabilitasyon;Doruk Hospital;TRY;Arapça FTR Umman Profil Ziyaret;​120232620671760080;ACTIVE;Instagram Post;​120232620671870080;ACTIVE;VISIT_INSTAGRAM_PROFILE;2000;0;0;0;0;0;0;0;0;0;0;0;0
Ağustos 2026;Yabancı;Arapça;Görüntülenme / Mesaj;Fizik Tedavi / Rehabilitasyon;Doruk Hospital;TRY;Arapça FTR Umman Profil Ziyaret;​120232620671760080;ACTIVE;Instagram Post;​120232620671870080;ACTIVE;VISIT_INSTAGRAM_PROFILE;2000;0;0;0;0;0;0;0;0;0;0;0;0
Temmuz 2026;Yabancı;Arapça;Görüntülenme / Mesaj;Fizik Tedavi / Rehabilitasyon;Doruk Hospital;TRY;Arapça FTR Umman Profil Ziyaret;​120232620603370080;ACTIVE;Instagram Post;​120232620604660080;ACTIVE;VISIT_INSTAGRAM_PROFILE;2000;0;0;0;0;0;0;0;0;0;0;0;0
Ağustos 2026;Yabancı;Arapça;Görüntülenme / Mesaj;Fizik Tedavi / Rehabilitasyon;Doruk Hospital;TRY;Arapça FTR Umman Profil Ziyaret;​120232620603370080;ACTIVE;Instagram Post;​120232620604660080;ACTIVE;VISIT_INSTAGRAM_PROFILE;2000;0;0;0;0;0;0;0;0;0;0;0;0
Temmuz 2026;Yabancı;Arapça;Görüntülenme / Mesaj;Fizik Tedavi / Rehabilitasyon;Doruk Hospital;TRY;Arapça FTR Umman Profilden Ziyaret;​120232533000510080;PAUSED;Instagram Post;​120232533000570080;CAMPAIGN_PAUSED;VISIT_INSTAGRAM_PROFILE;1000;0;0;0;0;0;0;0;0;0;0;0;0
Ağustos 2026;Yabancı;Arapça;Görüntülenme / Mesaj;Fizik Tedavi / Rehabilitasyon;Doruk Hospital;TRY;Arapça FTR Umman Profilden Ziyaret;​120232533000510080;PAUSED;Instagram Post;​120232533000570080;CAMPAIGN_PAUSED;VISIT_INSTAGRAM_PROFILE;1000;0;0;0;0;0;0;0;0;0;0;0;0
Temmuz 2026;Yabancı;Arapça;Görüntülenme / Mesaj;Fizik Tedavi / Rehabilitasyon;Doruk Hospital;TRY;Arapça FTR Umman Profilden Ziyaret;​120232532994020080;PAUSED;Instagram Post;​120232532994120080;CAMPAIGN_PAUSED;VISIT_INSTAGRAM_PROFILE;1000;0;0;0;0;0;0;0;0;0;0;0;0
Ağustos 2026;Yabancı;Arapça;Görüntülenme / Mesaj;Fizik Tedavi / Rehabilitasyon;Doruk Hospital;TRY;Arapça FTR Umman Profilden Ziyaret;​120232532994020080;PAUSED;Instagram Post;​120232532994120080;CAMPAIGN_PAUSED;VISIT_INSTAGRAM_PROFILE;1000;0;0;0;0;0;0;0;0;0;0;0;0
Temmuz 2026;Yabancı;Arapça;Görüntülenme / Mesaj;Fizik Tedavi / Rehabilitasyon;Doruk Hospital;TRY;Arapça FTR Umman Profilden Ziyaret;​120232532965070080;PAUSED;Instagram Post;​120232532965530080;CAMPAIGN_PAUSED;VISIT_INSTAGRAM_PROFILE;1000;0;0;0;0;0;0;0;0;0;0;0;0
Ağustos 2026;Yabancı;Arapça;Görüntülenme / Mesaj;Fizik Tedavi / Rehabilitasyon;Doruk Hospital;TRY;Arapça FTR Umman Profilden Ziyaret;​120232532965070080;PAUSED;Instagram Post;​120232532965530080;CAMPAIGN_PAUSED;VISIT_INSTAGRAM_PROFILE;1000;0;0;0;0;0;0;0;0;0;0;0;0
Temmuz 2026;Yabancı;Rusça;Görüntülenme / Mesaj;Fizik Tedavi / Rehabilitasyon;Doruk Hospital;TRY;Rusça FTR Etkileşim Kampanyası - Kopya - Kopya;​120233870938630080;PAUSED;Kazakistan-FTR Havuz-etkileşim reklam seti - Sayfa Ziyaret;​120233870938680080;CAMPAIGN_PAUSED;PROFILE_AND_PAGE_ENGAGEMENT;0;0;1100;0;0;0;0;0;0;0;0;0;0
Ağustos 2026;Yabancı;Rusça;Görüntülenme / Mesaj;Fizik Tedavi / Rehabilitasyon;Doruk Hospital;TRY;Rusça FTR Etkileşim Kampanyası - Kopya - Kopya;​120233870938630080;PAUSED;Kazakistan-FTR Havuz-etkileşim reklam seti - Sayfa Ziyaret;​120233870938680080;CAMPAIGN_PAUSED;PROFILE_AND_PAGE_ENGAGEMENT;0;0;1100;0;0;0;0;0;0;0;0;0;0
Temmuz 2026;Yabancı;Rusça;Görüntülenme / Mesaj;Fizik Tedavi / Rehabilitasyon;Doruk Hospital;TRY;Rusça FTR Etkileşim Kampanyası - Kopya - Kopya;​120233870938630080;PAUSED;Kazakistan-FTR Robot-etkileşim reklam seti - Sayfa Ziyaret;​120233894532410080;CAMPAIGN_PAUSED;PROFILE_AND_PAGE_ENGAGEMENT;0;0;1100;0;0;0;0;0;0;0;0;0;0
Ağustos 2026;Yabancı;Rusça;Görüntülenme / Mesaj;Fizik Tedavi / Rehabilitasyon;Doruk Hospital;TRY;Rusça FTR Etkileşim Kampanyası - Kopya - Kopya;​120233870938630080;PAUSED;Kazakistan-FTR Robot-etkileşim reklam seti - Sayfa Ziyaret;​120233894532410080;CAMPAIGN_PAUSED;PROFILE_AND_PAGE_ENGAGEMENT;0;0;1100;0;0;0;0;0;0;0;0;0;0
Temmuz 2026;Yabancı;Rusça;Görüntülenme / Mesaj;Fizik Tedavi / Rehabilitasyon;Doruk Hospital;TRY;Rusça FTR Etkileşim Kampanyası - Kopya - Kopya;​120233870938630080;PAUSED;Kırgızistan-FTR Havuz-etkileşim reklam seti - Sayfa Ziyaret;​120233870938810080;CAMPAIGN_PAUSED;PROFILE_AND_PAGE_ENGAGEMENT;0;0;700;0;0;0;0;0;0;0;0;0;0
Ağustos 2026;Yabancı;Rusça;Görüntülenme / Mesaj;Fizik Tedavi / Rehabilitasyon;Doruk Hospital;TRY;Rusça FTR Etkileşim Kampanyası - Kopya - Kopya;​120233870938630080;PAUSED;Kırgızistan-FTR Havuz-etkileşim reklam seti - Sayfa Ziyaret;​120233870938810080;CAMPAIGN_PAUSED;PROFILE_AND_PAGE_ENGAGEMENT;0;0;700;0;0;0;0;0;0;0;0;0;0
Temmuz 2026;Yabancı;Rusça;Görüntülenme / Mesaj;Fizik Tedavi / Rehabilitasyon;Doruk Hospital;TRY;Rusça FTR Etkileşim Kampanyası - Kopya - Kopya;​120233870938630080;PAUSED;Kırgızistan-FTR Robot-etkileşim reklam seti - Sayfa Ziyaret;​120233870938660080;CAMPAIGN_PAUSED;PROFILE_AND_PAGE_ENGAGEMENT;0;0;700;0;0;0;0;0;0;0;0;0;0
Ağustos 2026;Yabancı;Rusça;Görüntülenme / Mesaj;Fizik Tedavi / Rehabilitasyon;Doruk Hospital;TRY;Rusça FTR Etkileşim Kampanyası - Kopya - Kopya;​120233870938630080;PAUSED;Kırgızistan-FTR Robot-etkileşim reklam seti - Sayfa Ziyaret;​120233870938660080;CAMPAIGN_PAUSED;PROFILE_AND_PAGE_ENGAGEMENT;0;0;700;0;0;0;0;0;0;0;0;0;0
Temmuz 2026;Yabancı;Rusça;Görüntülenme / Mesaj;Fizik Tedavi / Rehabilitasyon;Doruk Hospital;TRY;Rusça FTR Etkileşim Kampanyası - Kopya - Kopya;​120233870938630080;PAUSED;Özbekistan-FTR Havuz-etkileşim reklam seti - Sayfa ziyareti;​120233870938670080;CAMPAIGN_PAUSED;PROFILE_AND_PAGE_ENGAGEMENT;0;0;180;0;0;0;0;0;0;0;0;0;0
Ağustos 2026;Yabancı;Rusça;Görüntülenme / Mesaj;Fizik Tedavi / Rehabilitasyon;Doruk Hospital;TRY;Rusça FTR Etkileşim Kampanyası - Kopya - Kopya;​120233870938630080;PAUSED;Özbekistan-FTR Havuz-etkileşim reklam seti - Sayfa ziyareti;​120233870938670080;CAMPAIGN_PAUSED;PROFILE_AND_PAGE_ENGAGEMENT;0;0;180;0;0;0;0;0;0;0;0;0;0
Temmuz 2026;Yabancı;Rusça;Görüntülenme / Mesaj;Fizik Tedavi / Rehabilitasyon;Doruk Hospital;TRY;Rusça FTR Etkileşim Kampanyası - Kopya - Kopya;​120233870938630080;PAUSED;Özbekistan-FTR Robot-etkileşim reklam seti - Sayfa ziyareti;​120233870938700080;CAMPAIGN_PAUSED;PROFILE_AND_PAGE_ENGAGEMENT;0;0;180;0;0;0;0;0;0;0;0;0;0
Ağustos 2026;Yabancı;Rusça;Görüntülenme / Mesaj;Fizik Tedavi / Rehabilitasyon;Doruk Hospital;TRY;Rusça FTR Etkileşim Kampanyası - Kopya - Kopya;​120233870938630080;PAUSED;Özbekistan-FTR Robot-etkileşim reklam seti - Sayfa ziyareti;​120233870938700080;CAMPAIGN_PAUSED;PROFILE_AND_PAGE_ENGAGEMENT;0;0;180;0;0;0;0;0;0;0;0;0;0
Temmuz 2026;Yabancı;Rusça;Görüntülenme / Mesaj;Fizik Tedavi / Rehabilitasyon;Doruk Hospital;TRY;Rusça FTR Kazakistan Profilden Ziyaret;​120233189440810080;PAUSED;Instagram Post;​120233189443230080;CAMPAIGN_PAUSED;VISIT_INSTAGRAM_PROFILE;3000;0;0;0;0;0;0;0;0;0;0;0;0
Ağustos 2026;Yabancı;Rusça;Görüntülenme / Mesaj;Fizik Tedavi / Rehabilitasyon;Doruk Hospital;TRY;Rusça FTR Kazakistan Profilden Ziyaret;​120233189440810080;PAUSED;Instagram Post;​120233189443230080;CAMPAIGN_PAUSED;VISIT_INSTAGRAM_PROFILE;3000;0;0;0;0;0;0;0;0;0;0;0;0
Temmuz 2026;Yabancı;Rusça;Görüntülenme / Mesaj;Fizik Tedavi / Rehabilitasyon;Doruk Hospital;TRY;Rusça FTR Kazakistan Profilden Ziyaret;​120233189043570080;PAUSED;Instagram Post;​120233189043820080;CAMPAIGN_PAUSED;VISIT_INSTAGRAM_PROFILE;3000;0;0;0;0;0;0;0;0;0;0;0;0
Ağustos 2026;Yabancı;Rusça;Görüntülenme / Mesaj;Fizik Tedavi / Rehabilitasyon;Doruk Hospital;TRY;Rusça FTR Kazakistan Profilden Ziyaret;​120233189043570080;PAUSED;Instagram Post;​120233189043820080;CAMPAIGN_PAUSED;VISIT_INSTAGRAM_PROFILE;3000;0;0;0;0;0;0;0;0;0;0;0;0
Temmuz 2026;Yabancı;Rusça;Görüntülenme / Mesaj;Fizik Tedavi / Rehabilitasyon;Doruk Hospital;TRY;Rusça FTR Kazakistan Profilden Ziyaret;​120232793195460080;PAUSED;Instagram Post;​120232793197570080;CAMPAIGN_PAUSED;VISIT_INSTAGRAM_PROFILE;2500;0;0;0;0;0;0;0;0;0;0;0;0
Ağustos 2026;Yabancı;Rusça;Görüntülenme / Mesaj;Fizik Tedavi / Rehabilitasyon;Doruk Hospital;TRY;Rusça FTR Kazakistan Profilden Ziyaret;​120232793195460080;PAUSED;Instagram Post;​120232793197570080;CAMPAIGN_PAUSED;VISIT_INSTAGRAM_PROFILE;2500;0;0;0;0;0;0;0;0;0;0;0;0
Temmuz 2026;Yabancı;Rusça;Görüntülenme / Mesaj;Fizik Tedavi / Rehabilitasyon;Doruk Hospital;TRY;Rusça FTR Kazakistan Profilden Ziyaret;​120232793080070080;PAUSED;Instagram Post;​120232793080170080;CAMPAIGN_PAUSED;VISIT_INSTAGRAM_PROFILE;2500;0;0;0;0;0;0;0;0;0;0;0;0
Ağustos 2026;Yabancı;Rusça;Görüntülenme / Mesaj;Fizik Tedavi / Rehabilitasyon;Doruk Hospital;TRY;Rusça FTR Kazakistan Profilden Ziyaret;​120232793080070080;PAUSED;Instagram Post;​120232793080170080;CAMPAIGN_PAUSED;VISIT_INSTAGRAM_PROFILE;2500;0;0;0;0;0;0;0;0;0;0;0;0
Temmuz 2026;Yabancı;Rusça;Görüntülenme / Mesaj;Fizik Tedavi / Rehabilitasyon;Doruk Hospital;TRY;Rusça FTR Kazakistan Profilden Ziyaret;​120232614969360080;PAUSED;Instagram Post;​120232614970020080;CAMPAIGN_PAUSED;VISIT_INSTAGRAM_PROFILE;2500;0;0;0;0;0;0;0;0;0;0;0;0
Ağustos 2026;Yabancı;Rusça;Görüntülenme / Mesaj;Fizik Tedavi / Rehabilitasyon;Doruk Hospital;TRY;Rusça FTR Kazakistan Profilden Ziyaret;​120232614969360080;PAUSED;Instagram Post;​120232614970020080;CAMPAIGN_PAUSED;VISIT_INSTAGRAM_PROFILE;2500;0;0;0;0;0;0;0;0;0;0;0;0
Temmuz 2026;Yabancı;Rusça;Görüntülenme / Mesaj;Fizik Tedavi / Rehabilitasyon;Doruk Hospital;TRY;Rusça FTR Kazakistan Profilden Ziyaret;​120232614741410080;PAUSED;Instagram Post;​120232614741680080;CAMPAIGN_PAUSED;VISIT_INSTAGRAM_PROFILE;2500;0;0;0;0;0;0;0;0;0;0;0;0
Ağustos 2026;Yabancı;Rusça;Görüntülenme / Mesaj;Fizik Tedavi / Rehabilitasyon;Doruk Hospital;TRY;Rusça FTR Kazakistan Profilden Ziyaret;​120232614741410080;PAUSED;Instagram Post;​120232614741680080;CAMPAIGN_PAUSED;VISIT_INSTAGRAM_PROFILE;2500;0;0;0;0;0;0;0;0;0;0;0;0
Temmuz 2026;Yabancı;Rusça;Görüntülenme / Mesaj;Fizik Tedavi / Rehabilitasyon;Doruk Hospital;TRY;Rusça FTR Kazakistan Profilden Ziyaret;​120232526194150080;PAUSED;Instagram Post;​120232526194180080;CAMPAIGN_PAUSED;VISIT_INSTAGRAM_PROFILE;1500;0;0;0;0;0;0;0;0;0;0;0;0
Ağustos 2026;Yabancı;Rusça;Görüntülenme / Mesaj;Fizik Tedavi / Rehabilitasyon;Doruk Hospital;TRY;Rusça FTR Kazakistan Profilden Ziyaret;​120232526194150080;PAUSED;Instagram Post;​120232526194180080;CAMPAIGN_PAUSED;VISIT_INSTAGRAM_PROFILE;1500;0;0;0;0;0;0;0;0;0;0;0;0
Temmuz 2026;Yabancı;Rusça;Görüntülenme / Mesaj;Fizik Tedavi / Rehabilitasyon;Doruk Hospital;TRY;Rusça FTR Kazakistan Profilden Ziyaret;​120232526167870080;PAUSED;Instagram Post;​120232526167890080;CAMPAIGN_PAUSED;VISIT_INSTAGRAM_PROFILE;1500;0;0;0;0;0;0;0;0;0;0;0;0
Ağustos 2026;Yabancı;Rusça;Görüntülenme / Mesaj;Fizik Tedavi / Rehabilitasyon;Doruk Hospital;TRY;Rusça FTR Kazakistan Profilden Ziyaret;​120232526167870080;PAUSED;Instagram Post;​120232526167890080;CAMPAIGN_PAUSED;VISIT_INSTAGRAM_PROFILE;1500;0;0;0;0;0;0;0;0;0;0;0;0
Temmuz 2026;Yabancı;Rusça;Görüntülenme / Mesaj;Fizik Tedavi / Rehabilitasyon;Doruk Hospital;TRY;Rusça FTR Kazakistan Profilden Ziyaret;​120232526142570080;PAUSED;Instagram Post;​120232526142640080;CAMPAIGN_PAUSED;VISIT_INSTAGRAM_PROFILE;1500;0;0;0;0;0;0;0;0;0;0;0;0
Ağustos 2026;Yabancı;Rusça;Görüntülenme / Mesaj;Fizik Tedavi / Rehabilitasyon;Doruk Hospital;TRY;Rusça FTR Kazakistan Profilden Ziyaret;​120232526142570080;PAUSED;Instagram Post;​120232526142640080;CAMPAIGN_PAUSED;VISIT_INSTAGRAM_PROFILE;1500;0;0;0;0;0;0;0;0;0;0;0;0
Temmuz 2026;Yabancı;Rusça;Görüntülenme / Mesaj;Fizik Tedavi / Rehabilitasyon;Doruk Hospital;TRY;Rusça FTR Kazakistan Profilden Ziyaret;​120232526108390080;PAUSED;Instagram Post;​120232526108520080;CAMPAIGN_PAUSED;VISIT_INSTAGRAM_PROFILE;1500;0;0;0;0;0;0;0;0;0;0;0;0
Ağustos 2026;Yabancı;Rusça;Görüntülenme / Mesaj;Fizik Tedavi / Rehabilitasyon;Doruk Hospital;TRY;Rusça FTR Kazakistan Profilden Ziyaret;​120232526108390080;PAUSED;Instagram Post;​120232526108520080;CAMPAIGN_PAUSED;VISIT_INSTAGRAM_PROFILE;1500;0;0;0;0;0;0;0;0;0;0;0;0
Temmuz 2026;Yabancı;Rusça;Görüntülenme / Mesaj;Fizik Tedavi / Rehabilitasyon;Doruk Hospital;TRY;Rusça FTR Kırgızistan Profilden Ziyaret;​120233189411870080;PAUSED;Instagram Post;​120233189412810080;CAMPAIGN_PAUSED;VISIT_INSTAGRAM_PROFILE;1750;0;0;0;0;0;0;0;0;0;0;0;0
Ağustos 2026;Yabancı;Rusça;Görüntülenme / Mesaj;Fizik Tedavi / Rehabilitasyon;Doruk Hospital;TRY;Rusça FTR Kırgızistan Profilden Ziyaret;​120233189411870080;PAUSED;Instagram Post;​120233189412810080;CAMPAIGN_PAUSED;VISIT_INSTAGRAM_PROFILE;1750;0;0;0;0;0;0;0;0;0;0;0;0
Temmuz 2026;Yabancı;Rusça;Görüntülenme / Mesaj;Fizik Tedavi / Rehabilitasyon;Doruk Hospital;TRY;Rusça FTR Kırgızistan Profilden Ziyaret;​120233189054440080;PAUSED;Instagram Post;​120233189054520080;CAMPAIGN_PAUSED;VISIT_INSTAGRAM_PROFILE;1750;0;0;0;0;0;0;0;0;0;0;0;0
Ağustos 2026;Yabancı;Rusça;Görüntülenme / Mesaj;Fizik Tedavi / Rehabilitasyon;Doruk Hospital;TRY;Rusça FTR Kırgızistan Profilden Ziyaret;​120233189054440080;PAUSED;Instagram Post;​120233189054520080;CAMPAIGN_PAUSED;VISIT_INSTAGRAM_PROFILE;1750;0;0;0;0;0;0;0;0;0;0;0;0
Temmuz 2026;Yabancı;Rusça;Görüntülenme / Mesaj;Fizik Tedavi / Rehabilitasyon;Doruk Hospital;TRY;Rusça FTR Kırgızistan Profilden Ziyaret;​120232792947200080;PAUSED;Instagram Post;​120232792947350080;CAMPAIGN_PAUSED;VISIT_INSTAGRAM_PROFILE;1250;0;0;0;0;0;0;0;0;0;0;0;0
Ağustos 2026;Yabancı;Rusça;Görüntülenme / Mesaj;Fizik Tedavi / Rehabilitasyon;Doruk Hospital;TRY;Rusça FTR Kırgızistan Profilden Ziyaret;​120232792947200080;PAUSED;Instagram Post;​120232792947350080;CAMPAIGN_PAUSED;VISIT_INSTAGRAM_PROFILE;1250;0;0;0;0;0;0;0;0;0;0;0;0
Temmuz 2026;Yabancı;Rusça;Görüntülenme / Mesaj;Fizik Tedavi / Rehabilitasyon;Doruk Hospital;TRY;Rusça FTR Kırgızistan Profilden Ziyaret;​120232792899780080;PAUSED;Instagram Post;​120232792899960080;CAMPAIGN_PAUSED;VISIT_INSTAGRAM_PROFILE;1250;0;0;0;0;0;0;0;0;0;0;0;0
Ağustos 2026;Yabancı;Rusça;Görüntülenme / Mesaj;Fizik Tedavi / Rehabilitasyon;Doruk Hospital;TRY;Rusça FTR Kırgızistan Profilden Ziyaret;​120232792899780080;PAUSED;Instagram Post;​120232792899960080;CAMPAIGN_PAUSED;VISIT_INSTAGRAM_PROFILE;1250;0;0;0;0;0;0;0;0;0;0;0;0
Temmuz 2026;Yabancı;Rusça;Görüntülenme / Mesaj;Fizik Tedavi / Rehabilitasyon;Doruk Hospital;TRY;Rusça FTR Kırgızistan Profilden Ziyaret;​120232615848010080;PAUSED;Instagram Post;​120232615848340080;CAMPAIGN_PAUSED;VISIT_INSTAGRAM_PROFILE;1250;0;0;0;0;0;0;0;0;0;0;0;0
Ağustos 2026;Yabancı;Rusça;Görüntülenme / Mesaj;Fizik Tedavi / Rehabilitasyon;Doruk Hospital;TRY;Rusça FTR Kırgızistan Profilden Ziyaret;​120232615848010080;PAUSED;Instagram Post;​120232615848340080;CAMPAIGN_PAUSED;VISIT_INSTAGRAM_PROFILE;1250;0;0;0;0;0;0;0;0;0;0;0;0
Temmuz 2026;Yabancı;Rusça;Görüntülenme / Mesaj;Fizik Tedavi / Rehabilitasyon;Doruk Hospital;TRY;Rusça FTR Kırgızistan Profilden Ziyaret;​120232615791480080;PAUSED;Instagram Post;​120232615791540080;CAMPAIGN_PAUSED;VISIT_INSTAGRAM_PROFILE;1250;0;0;0;0;0;0;0;0;0;0;0;0
Ağustos 2026;Yabancı;Rusça;Görüntülenme / Mesaj;Fizik Tedavi / Rehabilitasyon;Doruk Hospital;TRY;Rusça FTR Kırgızistan Profilden Ziyaret;​120232615791480080;PAUSED;Instagram Post;​120232615791540080;CAMPAIGN_PAUSED;VISIT_INSTAGRAM_PROFILE;1250;0;0;0;0;0;0;0;0;0;0;0;0
Temmuz 2026;Yabancı;Rusça;Görüntülenme / Mesaj;Fizik Tedavi / Rehabilitasyon;Doruk Hospital;TRY;Rusça FTR Kırgızistan Profilden Ziyaret;​120232531098990080;PAUSED;Instagram Post;​120232531099070080;CAMPAIGN_PAUSED;VISIT_INSTAGRAM_PROFILE;1000;0;0;0;0;0;0;0;0;0;0;0;0
Ağustos 2026;Yabancı;Rusça;Görüntülenme / Mesaj;Fizik Tedavi / Rehabilitasyon;Doruk Hospital;TRY;Rusça FTR Kırgızistan Profilden Ziyaret;​120232531098990080;PAUSED;Instagram Post;​120232531099070080;CAMPAIGN_PAUSED;VISIT_INSTAGRAM_PROFILE;1000;0;0;0;0;0;0;0;0;0;0;0;0
Temmuz 2026;Yabancı;Rusça;Görüntülenme / Mesaj;Fizik Tedavi / Rehabilitasyon;Doruk Hospital;TRY;Rusça FTR Kırgızistan Profilden Ziyaret;​120232531014610080;PAUSED;Instagram Post;​120232531014690080;CAMPAIGN_PAUSED;VISIT_INSTAGRAM_PROFILE;1000;0;0;0;0;0;0;0;0;0;0;0;0
Ağustos 2026;Yabancı;Rusça;Görüntülenme / Mesaj;Fizik Tedavi / Rehabilitasyon;Doruk Hospital;TRY;Rusça FTR Kırgızistan Profilden Ziyaret;​120232531014610080;PAUSED;Instagram Post;​120232531014690080;CAMPAIGN_PAUSED;VISIT_INSTAGRAM_PROFILE;1000;0;0;0;0;0;0;0;0;0;0;0;0
Temmuz 2026;Yabancı;Rusça;Görüntülenme / Mesaj;Fizik Tedavi / Rehabilitasyon;Doruk Hospital;TRY;Rusça FTR Kırgızistan Profilden Ziyaret;​120232530908640080;PAUSED;Instagram Post;​120232530908990080;CAMPAIGN_PAUSED;VISIT_INSTAGRAM_PROFILE;1000;0;0;0;0;0;0;0;0;0;0;0;0
Ağustos 2026;Yabancı;Rusça;Görüntülenme / Mesaj;Fizik Tedavi / Rehabilitasyon;Doruk Hospital;TRY;Rusça FTR Kırgızistan Profilden Ziyaret;​120232530908640080;PAUSED;Instagram Post;​120232530908990080;CAMPAIGN_PAUSED;VISIT_INSTAGRAM_PROFILE;1000;0;0;0;0;0;0;0;0;0;0;0;0
Temmuz 2026;Yabancı;Rusça;Görüntülenme / Mesaj;Fizik Tedavi / Rehabilitasyon;Doruk Hospital;TRY;Rusça FTR Kırgızistan Profilden Ziyaret;​120232530866650080;PAUSED;Instagram Post;​120232530866760080;CAMPAIGN_PAUSED;VISIT_INSTAGRAM_PROFILE;1000;0;0;0;0;0;0;0;0;0;0;0;0
Ağustos 2026;Yabancı;Rusça;Görüntülenme / Mesaj;Fizik Tedavi / Rehabilitasyon;Doruk Hospital;TRY;Rusça FTR Kırgızistan Profilden Ziyaret;​120232530866650080;PAUSED;Instagram Post;​120232530866760080;CAMPAIGN_PAUSED;VISIT_INSTAGRAM_PROFILE;1000;0;0;0;0;0;0;0;0;0;0;0;0
Temmuz 2026;Yabancı;Rusça;Görüntülenme / Mesaj;Fizik Tedavi / Rehabilitasyon;Doruk Hospital;TRY;Rusça FTR Özbekistan Profilden Ziyaret;​120233191785610080;PAUSED;Instagram Post;​120233191785680080;CAMPAIGN_PAUSED;VISIT_INSTAGRAM_PROFILE;1750;0;0;0;0;0;0;0;0;0;0;0;0
Ağustos 2026;Yabancı;Rusça;Görüntülenme / Mesaj;Fizik Tedavi / Rehabilitasyon;Doruk Hospital;TRY;Rusça FTR Özbekistan Profilden Ziyaret;​120233191785610080;PAUSED;Instagram Post;​120233191785680080;CAMPAIGN_PAUSED;VISIT_INSTAGRAM_PROFILE;1750;0;0;0;0;0;0;0;0;0;0;0;0
Temmuz 2026;Yabancı;Rusça;Görüntülenme / Mesaj;Fizik Tedavi / Rehabilitasyon;Doruk Hospital;TRY;Rusça FTR Özbekistan Profilden Ziyaret;​120233189065110080;PAUSED;Instagram Post;​120233189065450080;CAMPAIGN_PAUSED;VISIT_INSTAGRAM_PROFILE;1750;0;0;0;0;0;0;0;0;0;0;0;0
Ağustos 2026;Yabancı;Rusça;Görüntülenme / Mesaj;Fizik Tedavi / Rehabilitasyon;Doruk Hospital;TRY;Rusça FTR Özbekistan Profilden Ziyaret;​120233189065110080;PAUSED;Instagram Post;​120233189065450080;CAMPAIGN_PAUSED;VISIT_INSTAGRAM_PROFILE;1750;0;0;0;0;0;0;0;0;0;0;0;0
Temmuz 2026;Yabancı;Rusça;Görüntülenme / Mesaj;Fizik Tedavi / Rehabilitasyon;Doruk Hospital;TRY;Rusça FTR Özbekistan Profilden Ziyaret;​120232792846800080;PAUSED;Instagram Post;​120232792847180080;CAMPAIGN_PAUSED;VISIT_INSTAGRAM_PROFILE;1750;0;0;0;0;0;0;0;0;0;0;0;0
Ağustos 2026;Yabancı;Rusça;Görüntülenme / Mesaj;Fizik Tedavi / Rehabilitasyon;Doruk Hospital;TRY;Rusça FTR Özbekistan Profilden Ziyaret;​120232792846800080;PAUSED;Instagram Post;​120232792847180080;CAMPAIGN_PAUSED;VISIT_INSTAGRAM_PROFILE;1750;0;0;0;0;0;0;0;0;0;0;0;0
Temmuz 2026;Yabancı;Rusça;Görüntülenme / Mesaj;Fizik Tedavi / Rehabilitasyon;Doruk Hospital;TRY;Rusça FTR Özbekistan Profilden Ziyaret;​120232694676960080;PAUSED;Instagram Post;​120232694678350080;CAMPAIGN_PAUSED;VISIT_INSTAGRAM_PROFILE;1750;0;0;0;0;0;0;0;0;0;0;0;0
Ağustos 2026;Yabancı;Rusça;Görüntülenme / Mesaj;Fizik Tedavi / Rehabilitasyon;Doruk Hospital;TRY;Rusça FTR Özbekistan Profilden Ziyaret;​120232694676960080;PAUSED;Instagram Post;​120232694678350080;CAMPAIGN_PAUSED;VISIT_INSTAGRAM_PROFILE;1750;0;0;0;0;0;0;0;0;0;0;0;0
Temmuz 2026;Yabancı;Rusça;Görüntülenme / Mesaj;Fizik Tedavi / Rehabilitasyon;Doruk Hospital;TRY;Rusça FTR Özbekistan Profilden Ziyaret;​120232615865700080;PAUSED;Instagram Post;​120232615865890080;CAMPAIGN_PAUSED;VISIT_INSTAGRAM_PROFILE;2500;0;0;0;0;0;0;0;0;0;0;0;0
Ağustos 2026;Yabancı;Rusça;Görüntülenme / Mesaj;Fizik Tedavi / Rehabilitasyon;Doruk Hospital;TRY;Rusça FTR Özbekistan Profilden Ziyaret;​120232615865700080;PAUSED;Instagram Post;​120232615865890080;CAMPAIGN_PAUSED;VISIT_INSTAGRAM_PROFILE;2500;0;0;0;0;0;0;0;0;0;0;0;0
Temmuz 2026;Yabancı;Rusça;Görüntülenme / Mesaj;Fizik Tedavi / Rehabilitasyon;Doruk Hospital;TRY;Rusça FTR Özbekistan Profilden Ziyaret;​120232615782640080;PAUSED;Instagram Post;​120232615783430080;CAMPAIGN_PAUSED;VISIT_INSTAGRAM_PROFILE;1750;0;0;0;0;0;0;0;0;0;0;0;0
Ağustos 2026;Yabancı;Rusça;Görüntülenme / Mesaj;Fizik Tedavi / Rehabilitasyon;Doruk Hospital;TRY;Rusça FTR Özbekistan Profilden Ziyaret;​120232615782640080;PAUSED;Instagram Post;​120232615783430080;CAMPAIGN_PAUSED;VISIT_INSTAGRAM_PROFILE;1750;0;0;0;0;0;0;0;0;0;0;0;0
Temmuz 2026;Yabancı;Rusça;Görüntülenme / Mesaj;Fizik Tedavi / Rehabilitasyon;Doruk Hospital;TRY;Rusça FTR Özbekistan Profilden Ziyaret;​120232530522660080;PAUSED;Instagram Post;​120232530522720080;CAMPAIGN_PAUSED;VISIT_INSTAGRAM_PROFILE;1250;0;0;0;0;0;0;0;0;0;0;0;0
Ağustos 2026;Yabancı;Rusça;Görüntülenme / Mesaj;Fizik Tedavi / Rehabilitasyon;Doruk Hospital;TRY;Rusça FTR Özbekistan Profilden Ziyaret;​120232530522660080;PAUSED;Instagram Post;​120232530522720080;CAMPAIGN_PAUSED;VISIT_INSTAGRAM_PROFILE;1250;0;0;0;0;0;0;0;0;0;0;0;0
Temmuz 2026;Yabancı;Rusça;Görüntülenme / Mesaj;Fizik Tedavi / Rehabilitasyon;Doruk Hospital;TRY;Rusça FTR Özbekistan Profilden Ziyaret;​120232530502970080;PAUSED;Instagram Post;​120232530503280080;CAMPAIGN_PAUSED;VISIT_INSTAGRAM_PROFILE;1250;0;0;0;0;0;0;0;0;0;0;0;0
Ağustos 2026;Yabancı;Rusça;Görüntülenme / Mesaj;Fizik Tedavi / Rehabilitasyon;Doruk Hospital;TRY;Rusça FTR Özbekistan Profilden Ziyaret;​120232530502970080;PAUSED;Instagram Post;​120232530503280080;CAMPAIGN_PAUSED;VISIT_INSTAGRAM_PROFILE;1250;0;0;0;0;0;0;0;0;0;0;0;0
Temmuz 2026;Yabancı;Rusça;Görüntülenme / Mesaj;Fizik Tedavi / Rehabilitasyon;Doruk Hospital;TRY;Rusça FTR Özbekistan Profilden Ziyaret;​120232530454360080;PAUSED;Instagram Post;​120232530454520080;CAMPAIGN_PAUSED;VISIT_INSTAGRAM_PROFILE;1250;0;0;0;0;0;0;0;0;0;0;0;0
Ağustos 2026;Yabancı;Rusça;Görüntülenme / Mesaj;Fizik Tedavi / Rehabilitasyon;Doruk Hospital;TRY;Rusça FTR Özbekistan Profilden Ziyaret;​120232530454360080;PAUSED;Instagram Post;​120232530454520080;CAMPAIGN_PAUSED;VISIT_INSTAGRAM_PROFILE;1250;0;0;0;0;0;0;0;0;0;0;0;0
Temmuz 2026;Yabancı;Rusça;Görüntülenme / Mesaj;Fizik Tedavi / Rehabilitasyon;Doruk Hospital;TRY;Rusça FTR Özbekistan Profilden Ziyaret;​120232530414010080;PAUSED;Instagram Post;​120232530414090080;CAMPAIGN_PAUSED;VISIT_INSTAGRAM_PROFILE;1250;0;0;0;0;0;0;0;0;0;0;0;0
Ağustos 2026;Yabancı;Rusça;Görüntülenme / Mesaj;Fizik Tedavi / Rehabilitasyon;Doruk Hospital;TRY;Rusça FTR Özbekistan Profilden Ziyaret;​120232530414010080;PAUSED;Instagram Post;​120232530414090080;CAMPAIGN_PAUSED;VISIT_INSTAGRAM_PROFILE;1250;0;0;0;0;0;0;0;0;0;0;0;0
Temmuz 2026;Yabancı;Rusça;Görüntülenme / Mesaj;Fizik Tedavi / Rehabilitasyon;Doruk Hospital;TRY;Rusça FTR Trafik Kampanyası;​120236243597620080;PAUSED;Kazakistan FTR  - Havuz Trafik;​120236278331010080;PAUSED;PROFILE_VISIT;0;0;1200;0;0;0;0;0;0;0;0;0;0
Ağustos 2026;Yabancı;Rusça;Görüntülenme / Mesaj;Fizik Tedavi / Rehabilitasyon;Doruk Hospital;TRY;Rusça FTR Trafik Kampanyası;​120236243597620080;PAUSED;Kazakistan FTR  - Havuz Trafik;​120236278331010080;PAUSED;PROFILE_VISIT;0;0;1200;0;0;0;0;0;0;0;0;0;0
Temmuz 2026;Yabancı;Rusça;Görüntülenme / Mesaj;Fizik Tedavi / Rehabilitasyon;Doruk Hospital;TRY;Rusça FTR Trafik Kampanyası;​120236243597620080;PAUSED;Kazakistan FTR  - Robot Trafik;​120236243597600080;PAUSED;PROFILE_VISIT;0;0;1100;0;0;0;0;0;0;0;0;0;0
Ağustos 2026;Yabancı;Rusça;Görüntülenme / Mesaj;Fizik Tedavi / Rehabilitasyon;Doruk Hospital;TRY;Rusça FTR Trafik Kampanyası;​120236243597620080;PAUSED;Kazakistan FTR  - Robot Trafik;​120236243597600080;PAUSED;PROFILE_VISIT;0;0;1100;0;0;0;0;0;0;0;0;0;0
Temmuz 2026;Yabancı;Rusça;Görüntülenme / Mesaj;Fizik Tedavi / Rehabilitasyon;Doruk Hospital;TRY;Rusça FTR Trafik Kampanyası;​120236243597620080;PAUSED;Kazakistan FTR - Temsilci Trafik;​120236303681540080;CAMPAIGN_PAUSED;PROFILE_VISIT;0;0;1000;0;0;0;0;0;0;0;0;0;0
Ağustos 2026;Yabancı;Rusça;Görüntülenme / Mesaj;Fizik Tedavi / Rehabilitasyon;Doruk Hospital;TRY;Rusça FTR Trafik Kampanyası;​120236243597620080;PAUSED;Kazakistan FTR - Temsilci Trafik;​120236303681540080;CAMPAIGN_PAUSED;PROFILE_VISIT;0;0;1000;0;0;0;0;0;0;0;0;0;0
Temmuz 2026;Yabancı;Rusça;Görüntülenme / Mesaj;Fizik Tedavi / Rehabilitasyon;Doruk Hospital;TRY;Rusça FTR Trafik Kampanyası;​120236243597620080;PAUSED;Kırgızistan FTR  - Havuz Trafik;​120236278414990080;PAUSED;PROFILE_VISIT;0;0;700;0;0;0;0;0;0;0;0;0;0
Ağustos 2026;Yabancı;Rusça;Görüntülenme / Mesaj;Fizik Tedavi / Rehabilitasyon;Doruk Hospital;TRY;Rusça FTR Trafik Kampanyası;​120236243597620080;PAUSED;Kırgızistan FTR  - Havuz Trafik;​120236278414990080;PAUSED;PROFILE_VISIT;0;0;700;0;0;0;0;0;0;0;0;0;0
Temmuz 2026;Yabancı;Rusça;Görüntülenme / Mesaj;Fizik Tedavi / Rehabilitasyon;Doruk Hospital;TRY;Rusça FTR Trafik Kampanyası;​120236243597620080;PAUSED;Kırgızistan FTR  - Robot Trafik;​120236278052840080;PAUSED;PROFILE_VISIT;0;0;700;0;0;0;0;0;0;0;0;0;0
Ağustos 2026;Yabancı;Rusça;Görüntülenme / Mesaj;Fizik Tedavi / Rehabilitasyon;Doruk Hospital;TRY;Rusça FTR Trafik Kampanyası;​120236243597620080;PAUSED;Kırgızistan FTR  - Robot Trafik;​120236278052840080;PAUSED;PROFILE_VISIT;0;0;700;0;0;0;0;0;0;0;0;0;0
Temmuz 2026;Yabancı;Rusça;Görüntülenme / Mesaj;Fizik Tedavi / Rehabilitasyon;Doruk Hospital;TRY;Rusça FTR Trafik Kampanyası;​120236243597620080;PAUSED;Kırgızistan FTR - Temsilci Trafik;​120236303686280080;CAMPAIGN_PAUSED;PROFILE_VISIT;0;0;700;0;0;0;0;0;0;0;0;0;0
Ağustos 2026;Yabancı;Rusça;Görüntülenme / Mesaj;Fizik Tedavi / Rehabilitasyon;Doruk Hospital;TRY;Rusça FTR Trafik Kampanyası;​120236243597620080;PAUSED;Kırgızistan FTR - Temsilci Trafik;​120236303686280080;CAMPAIGN_PAUSED;PROFILE_VISIT;0;0;700;0;0;0;0;0;0;0;0;0;0
Temmuz 2026;Yabancı;Rusça;Görüntülenme / Mesaj;Fizik Tedavi / Rehabilitasyon;Doruk Hospital;TRY;Rusça FTR Trafik Kampanyası;​120236243597620080;PAUSED;Özbekistan FTR  - Havuz Trafik;​120236278447630080;PAUSED;PROFILE_VISIT;0;0;180;0;0;0;0;0;0;0;0;0;0
Ağustos 2026;Yabancı;Rusça;Görüntülenme / Mesaj;Fizik Tedavi / Rehabilitasyon;Doruk Hospital;TRY;Rusça FTR Trafik Kampanyası;​120236243597620080;PAUSED;Özbekistan FTR  - Havuz Trafik;​120236278447630080;PAUSED;PROFILE_VISIT;0;0;180;0;0;0;0;0;0;0;0;0;0
Temmuz 2026;Yabancı;Rusça;Görüntülenme / Mesaj;Fizik Tedavi / Rehabilitasyon;Doruk Hospital;TRY;Rusça FTR Trafik Kampanyası;​120236243597620080;PAUSED;Özbekistan FTR  - Robot Trafik;​120236278078290080;PAUSED;PROFILE_VISIT;0;0;180;0;0;0;0;0;0;0;0;0;0
Ağustos 2026;Yabancı;Rusça;Görüntülenme / Mesaj;Fizik Tedavi / Rehabilitasyon;Doruk Hospital;TRY;Rusça FTR Trafik Kampanyası;​120236243597620080;PAUSED;Özbekistan FTR  - Robot Trafik;​120236278078290080;PAUSED;PROFILE_VISIT;0;0;180;0;0;0;0;0;0;0;0;0;0
Temmuz 2026;Yabancı;Rusça;Görüntülenme / Mesaj;Fizik Tedavi / Rehabilitasyon;Doruk Hospital;TRY;Rusça FTR Trafik Kampanyası;​120236243597620080;PAUSED;Özbekistan FTR - Temsilci Trafik;​120236279512620080;CAMPAIGN_PAUSED;PROFILE_VISIT;0;0;180;0;0;0;0;0;0;0;0;0;0
Ağustos 2026;Yabancı;Rusça;Görüntülenme / Mesaj;Fizik Tedavi / Rehabilitasyon;Doruk Hospital;TRY;Rusça FTR Trafik Kampanyası;​120236243597620080;PAUSED;Özbekistan FTR - Temsilci Trafik;​120236279512620080;CAMPAIGN_PAUSED;PROFILE_VISIT;0;0;180;0;0;0;0;0;0;0;0;0;0
Temmuz 2026;Yabancı;Rusça;Görüntülenme / Mesaj;Fizik Tedavi / Rehabilitasyon;Doruk Hospital;TRY;Rusça Gönderiden Mesajlaşma - FTR - Kazakistan;​120232145380130080;PAUSED;[27.09.2025]  Sayfasının Tanıtımı;​120232145380230080;CAMPAIGN_PAUSED;CONVERSATIONS;1500;0;0;0;0;0;0;0;0;0;0;0;0
Ağustos 2026;Yabancı;Rusça;Görüntülenme / Mesaj;Fizik Tedavi / Rehabilitasyon;Doruk Hospital;TRY;Rusça Gönderiden Mesajlaşma - FTR - Kazakistan;​120232145380130080;PAUSED;[27.09.2025]  Sayfasının Tanıtımı;​120232145380230080;CAMPAIGN_PAUSED;CONVERSATIONS;1500;0;0;0;0;0;0;0;0;0;0;0;0
Temmuz 2026;Yabancı;Rusça;Görüntülenme / Mesaj;Fizik Tedavi / Rehabilitasyon;Doruk Hospital;TRY;Rusça Gönderiden Mesajlaşma - FTR - Özbekistan+Kırgızistan;​120232146392950080;PAUSED;[27.09.2025]  Sayfasının Tanıtımı;​120232146393850080;CAMPAIGN_PAUSED;CONVERSATIONS;1000;0;0;0;0;0;0;0;0;0;0;0;0
Ağustos 2026;Yabancı;Rusça;Görüntülenme / Mesaj;Fizik Tedavi / Rehabilitasyon;Doruk Hospital;TRY;Rusça Gönderiden Mesajlaşma - FTR - Özbekistan+Kırgızistan;​120232146392950080;PAUSED;[27.09.2025]  Sayfasının Tanıtımı;​120232146393850080;CAMPAIGN_PAUSED;CONVERSATIONS;1000;0;0;0;0;0;0;0;0;0;0;0;0
Temmuz 2026;Yabancı;Rusça;Görüntülenme / Mesaj;Fizik Tedavi / Rehabilitasyon;Doruk Hospital;TRY;Rusça Gönderiden Mesajlaşma - FTR - Ukrayna;​120232145860610080;PAUSED;[27.09.2025]  Sayfasının Tanıtımı;​120232145861550080;CAMPAIGN_PAUSED;CONVERSATIONS;1000;0;0;0;0;0;0;0;0;0;0;0;0
Ağustos 2026;Yabancı;Rusça;Görüntülenme / Mesaj;Fizik Tedavi / Rehabilitasyon;Doruk Hospital;TRY;Rusça Gönderiden Mesajlaşma - FTR - Ukrayna;​120232145860610080;PAUSED;[27.09.2025]  Sayfasının Tanıtımı;​120232145861550080;CAMPAIGN_PAUSED;CONVERSATIONS;1000;0;0;0;0;0;0;0;0;0;0;0;0
Temmuz 2026;Yabancı;Arapça;Görüntülenme / Mesaj;Fizik Tedavi / Rehabilitasyon;Doruk Hospital;TRY;Trafik - Fizik Tedavi - Intensive FTR - Arap Bölgesi - Tümü - AR - Doruk İlaj Turkia;​120236230340950080;PAUSED;BAE FTR - Havuz Trafik;​120236302494990080;PAUSED;PROFILE_VISIT;0;0;800;0;0;0;0;0;0;0;0;0;0
Ağustos 2026;Yabancı;Arapça;Görüntülenme / Mesaj;Fizik Tedavi / Rehabilitasyon;Doruk Hospital;TRY;Trafik - Fizik Tedavi - Intensive FTR - Arap Bölgesi - Tümü - AR - Doruk İlaj Turkia;​120236230340950080;PAUSED;BAE FTR - Havuz Trafik;​120236302494990080;PAUSED;PROFILE_VISIT;0;0;800;0;0;0;0;0;0;0;0;0;0
Temmuz 2026;Yabancı;Arapça;Görüntülenme / Mesaj;Fizik Tedavi / Rehabilitasyon;Doruk Hospital;TRY;Trafik - Fizik Tedavi - Intensive FTR - Arap Bölgesi - Tümü - AR - Doruk İlaj Turkia;​120236230340950080;PAUSED;BAE FTR - Robot Trafik;​120236301331140080;PAUSED;PROFILE_VISIT;0;0;800;0;0;0;0;0;0;0;0;0;0
Ağustos 2026;Yabancı;Arapça;Görüntülenme / Mesaj;Fizik Tedavi / Rehabilitasyon;Doruk Hospital;TRY;Trafik - Fizik Tedavi - Intensive FTR - Arap Bölgesi - Tümü - AR - Doruk İlaj Turkia;​120236230340950080;PAUSED;BAE FTR - Robot Trafik;​120236301331140080;PAUSED;PROFILE_VISIT;0;0;800;0;0;0;0;0;0;0;0;0;0
Temmuz 2026;Yabancı;Arapça;Görüntülenme / Mesaj;Fizik Tedavi / Rehabilitasyon;Doruk Hospital;TRY;Trafik - Fizik Tedavi - Intensive FTR - Arap Bölgesi - Tümü - AR - Doruk İlaj Turkia;​120236230340950080;PAUSED;BAE FTR - Temsilci Trafik;​120236299462850080;PAUSED;PROFILE_VISIT;0;0;800;0;0;0;0;0;0;0;0;0;0
Ağustos 2026;Yabancı;Arapça;Görüntülenme / Mesaj;Fizik Tedavi / Rehabilitasyon;Doruk Hospital;TRY;Trafik - Fizik Tedavi - Intensive FTR - Arap Bölgesi - Tümü - AR - Doruk İlaj Turkia;​120236230340950080;PAUSED;BAE FTR - Temsilci Trafik;​120236299462850080;PAUSED;PROFILE_VISIT;0;0;800;0;0;0;0;0;0;0;0;0;0
Temmuz 2026;Yabancı;Arapça;Görüntülenme / Mesaj;Fizik Tedavi / Rehabilitasyon;Doruk Hospital;TRY;Trafik - Fizik Tedavi - Intensive FTR - Arap Bölgesi - Tümü - AR - Doruk İlaj Turkia;​120236230340950080;PAUSED;Bahreyn FTR - Havuz Trafik;​120236231277820080;PAUSED;PROFILE_VISIT;0;0;800;0;0;0;0;0;0;0;0;0;0
Ağustos 2026;Yabancı;Arapça;Görüntülenme / Mesaj;Fizik Tedavi / Rehabilitasyon;Doruk Hospital;TRY;Trafik - Fizik Tedavi - Intensive FTR - Arap Bölgesi - Tümü - AR - Doruk İlaj Turkia;​120236230340950080;PAUSED;Bahreyn FTR - Havuz Trafik;​120236231277820080;PAUSED;PROFILE_VISIT;0;0;800;0;0;0;0;0;0;0;0;0;0
Temmuz 2026;Yabancı;Arapça;Görüntülenme / Mesaj;Fizik Tedavi / Rehabilitasyon;Doruk Hospital;TRY;Trafik - Fizik Tedavi - Intensive FTR - Arap Bölgesi - Tümü - AR - Doruk İlaj Turkia;​120236230340950080;PAUSED;Bahreyn FTR - Robot Trafik;​120236241841900080;PAUSED;PROFILE_VISIT;0;0;800;0;0;0;0;0;0;0;0;0;0
Ağustos 2026;Yabancı;Arapça;Görüntülenme / Mesaj;Fizik Tedavi / Rehabilitasyon;Doruk Hospital;TRY;Trafik - Fizik Tedavi - Intensive FTR - Arap Bölgesi - Tümü - AR - Doruk İlaj Turkia;​120236230340950080;PAUSED;Bahreyn FTR - Robot Trafik;​120236241841900080;PAUSED;PROFILE_VISIT;0;0;800;0;0;0;0;0;0;0;0;0;0
Temmuz 2026;Yabancı;Arapça;Görüntülenme / Mesaj;Fizik Tedavi / Rehabilitasyon;Doruk Hospital;TRY;Trafik - Fizik Tedavi - Intensive FTR - Arap Bölgesi - Tümü - AR - Doruk İlaj Turkia;​120236230340950080;PAUSED;Bahreyn FTR - Temsilci Trafik;​120236282671540080;PAUSED;PROFILE_VISIT;0;0;800;0;0;0;0;0;0;0;0;0;0
Ağustos 2026;Yabancı;Arapça;Görüntülenme / Mesaj;Fizik Tedavi / Rehabilitasyon;Doruk Hospital;TRY;Trafik - Fizik Tedavi - Intensive FTR - Arap Bölgesi - Tümü - AR - Doruk İlaj Turkia;​120236230340950080;PAUSED;Bahreyn FTR - Temsilci Trafik;​120236282671540080;PAUSED;PROFILE_VISIT;0;0;800;0;0;0;0;0;0;0;0;0;0
Temmuz 2026;Yabancı;Arapça;Görüntülenme / Mesaj;Fizik Tedavi / Rehabilitasyon;Doruk Hospital;TRY;Trafik - Fizik Tedavi - Intensive FTR - Arap Bölgesi - Tümü - AR - Doruk İlaj Turkia;​120236230340950080;PAUSED;Katar FTR - Havuz Trafik;​120237447360010080;PAUSED;PROFILE_VISIT;0;0;600;0;0;0;0;0;0;0;0;0;0
Ağustos 2026;Yabancı;Arapça;Görüntülenme / Mesaj;Fizik Tedavi / Rehabilitasyon;Doruk Hospital;TRY;Trafik - Fizik Tedavi - Intensive FTR - Arap Bölgesi - Tümü - AR - Doruk İlaj Turkia;​120236230340950080;PAUSED;Katar FTR - Havuz Trafik;​120237447360010080;PAUSED;PROFILE_VISIT;0;0;600;0;0;0;0;0;0;0;0;0;0
Temmuz 2026;Yabancı;Arapça;Görüntülenme / Mesaj;Fizik Tedavi / Rehabilitasyon;Doruk Hospital;TRY;Trafik - Fizik Tedavi - Intensive FTR - Arap Bölgesi - Tümü - AR - Doruk İlaj Turkia;​120236230340950080;PAUSED;Katar FTR - Robot Trafik;​120237447359990080;PAUSED;PROFILE_VISIT;0;0;600;0;0;0;0;0;0;0;0;0;0
Ağustos 2026;Yabancı;Arapça;Görüntülenme / Mesaj;Fizik Tedavi / Rehabilitasyon;Doruk Hospital;TRY;Trafik - Fizik Tedavi - Intensive FTR - Arap Bölgesi - Tümü - AR - Doruk İlaj Turkia;​120236230340950080;PAUSED;Katar FTR - Robot Trafik;​120237447359990080;PAUSED;PROFILE_VISIT;0;0;600;0;0;0;0;0;0;0;0;0;0
Temmuz 2026;Yabancı;Arapça;Görüntülenme / Mesaj;Fizik Tedavi / Rehabilitasyon;Doruk Hospital;TRY;Trafik - Fizik Tedavi - Intensive FTR - Arap Bölgesi - Tümü - AR - Doruk İlaj Turkia;​120236230340950080;PAUSED;Katar FTR - Temsilci Trafik;​120237447360000080;PAUSED;PROFILE_VISIT;0;0;600;0;0;0;0;0;0;0;0;0;0
Ağustos 2026;Yabancı;Arapça;Görüntülenme / Mesaj;Fizik Tedavi / Rehabilitasyon;Doruk Hospital;TRY;Trafik - Fizik Tedavi - Intensive FTR - Arap Bölgesi - Tümü - AR - Doruk İlaj Turkia;​120236230340950080;PAUSED;Katar FTR - Temsilci Trafik;​120237447360000080;PAUSED;PROFILE_VISIT;0;0;600;0;0;0;0;0;0;0;0;0;0
Temmuz 2026;Yabancı;Arapça;Görüntülenme / Mesaj;Fizik Tedavi / Rehabilitasyon;Doruk Hospital;TRY;Trafik - Fizik Tedavi - Intensive FTR - Arap Bölgesi - Tümü - AR - Doruk İlaj Turkia;​120236230340950080;PAUSED;Kuveyt FTR - Havuz Trafik;​120236302558840080;PAUSED;PROFILE_VISIT;0;0;1500;0;0;0;0;0;0;0;0;0;0
Ağustos 2026;Yabancı;Arapça;Görüntülenme / Mesaj;Fizik Tedavi / Rehabilitasyon;Doruk Hospital;TRY;Trafik - Fizik Tedavi - Intensive FTR - Arap Bölgesi - Tümü - AR - Doruk İlaj Turkia;​120236230340950080;PAUSED;Kuveyt FTR - Havuz Trafik;​120236302558840080;PAUSED;PROFILE_VISIT;0;0;1500;0;0;0;0;0;0;0;0;0;0
Temmuz 2026;Yabancı;Arapça;Görüntülenme / Mesaj;Fizik Tedavi / Rehabilitasyon;Doruk Hospital;TRY;Trafik - Fizik Tedavi - Intensive FTR - Arap Bölgesi - Tümü - AR - Doruk İlaj Turkia;​120236230340950080;PAUSED;Kuveyt FTR - Robot Trafik;​120236301340190080;PAUSED;PROFILE_VISIT;0;0;1500;0;0;0;0;0;0;0;0;0;0
Ağustos 2026;Yabancı;Arapça;Görüntülenme / Mesaj;Fizik Tedavi / Rehabilitasyon;Doruk Hospital;TRY;Trafik - Fizik Tedavi - Intensive FTR - Arap Bölgesi - Tümü - AR - Doruk İlaj Turkia;​120236230340950080;PAUSED;Kuveyt FTR - Robot Trafik;​120236301340190080;PAUSED;PROFILE_VISIT;0;0;1500;0;0;0;0;0;0;0;0;0;0
Temmuz 2026;Yabancı;Arapça;Görüntülenme / Mesaj;Fizik Tedavi / Rehabilitasyon;Doruk Hospital;TRY;Trafik - Fizik Tedavi - Intensive FTR - Arap Bölgesi - Tümü - AR - Doruk İlaj Turkia;​120236230340950080;PAUSED;Kuveyt FTR - Temsilci Trafik;​120236299435400080;PAUSED;PROFILE_VISIT;0;0;1500;0;0;0;0;0;0;0;0;0;0
Ağustos 2026;Yabancı;Arapça;Görüntülenme / Mesaj;Fizik Tedavi / Rehabilitasyon;Doruk Hospital;TRY;Trafik - Fizik Tedavi - Intensive FTR - Arap Bölgesi - Tümü - AR - Doruk İlaj Turkia;​120236230340950080;PAUSED;Kuveyt FTR - Temsilci Trafik;​120236299435400080;PAUSED;PROFILE_VISIT;0;0;1500;0;0;0;0;0;0;0;0;0;0
Temmuz 2026;Yabancı;Arapça;Görüntülenme / Mesaj;Fizik Tedavi / Rehabilitasyon;Doruk Hospital;TRY;Trafik - Fizik Tedavi - Intensive FTR - Arap Bölgesi - Tümü - AR - Doruk İlaj Turkia;​120236230340950080;PAUSED;Umman FTR - Havuz Trafik;​120237447826990080;PAUSED;PROFILE_VISIT;0;0;600;0;0;0;0;0;0;0;0;0;0
Ağustos 2026;Yabancı;Arapça;Görüntülenme / Mesaj;Fizik Tedavi / Rehabilitasyon;Doruk Hospital;TRY;Trafik - Fizik Tedavi - Intensive FTR - Arap Bölgesi - Tümü - AR - Doruk İlaj Turkia;​120236230340950080;PAUSED;Umman FTR - Havuz Trafik;​120237447826990080;PAUSED;PROFILE_VISIT;0;0;600;0;0;0;0;0;0;0;0;0;0
Temmuz 2026;Yabancı;Arapça;Görüntülenme / Mesaj;Fizik Tedavi / Rehabilitasyon;Doruk Hospital;TRY;Trafik - Fizik Tedavi - Intensive FTR - Arap Bölgesi - Tümü - AR - Doruk İlaj Turkia;​120236230340950080;PAUSED;Umman FTR - Robot Trafik;​120237447826830080;PAUSED;PROFILE_VISIT;0;0;600;0;0;0;0;0;0;0;0;0;0
Ağustos 2026;Yabancı;Arapça;Görüntülenme / Mesaj;Fizik Tedavi / Rehabilitasyon;Doruk Hospital;TRY;Trafik - Fizik Tedavi - Intensive FTR - Arap Bölgesi - Tümü - AR - Doruk İlaj Turkia;​120236230340950080;PAUSED;Umman FTR - Robot Trafik;​120237447826830080;PAUSED;PROFILE_VISIT;0;0;600;0;0;0;0;0;0;0;0;0;0
Temmuz 2026;Yabancı;Arapça;Görüntülenme / Mesaj;Fizik Tedavi / Rehabilitasyon;Doruk Hospital;TRY;Trafik - Fizik Tedavi - Intensive FTR - Arap Bölgesi - Tümü - AR - Doruk İlaj Turkia;​120236230340950080;PAUSED;Umman FTR - Temsilci Trafik;​120237447826820080;PAUSED;PROFILE_VISIT;0;0;600;0;0;0;0;0;0;0;0;0;0
Ağustos 2026;Yabancı;Arapça;Görüntülenme / Mesaj;Fizik Tedavi / Rehabilitasyon;Doruk Hospital;TRY;Trafik - Fizik Tedavi - Intensive FTR - Arap Bölgesi - Tümü - AR - Doruk İlaj Turkia;​120236230340950080;PAUSED;Umman FTR - Temsilci Trafik;​120237447826820080;PAUSED;PROFILE_VISIT;0;0;600;0;0;0;0;0;0;0;0;0;0
Temmuz 2026;Yabancı;İngilizce;Görüntülenme / Mesaj;Medikal Estetik / Plastik Cerrahi;Doruk Hospital;TRY;Estetik - Genel - Dünya - Tümü - EN - Doruk Aesthetic Surgery - takipci;​120226565450880080;PAUSED;takipci set;​120226565451000080;PAUSED;PROFILE_VISIT;0;0;1000;0;0;0;0;0;0;0;0;0;0
Ağustos 2026;Yabancı;İngilizce;Görüntülenme / Mesaj;Medikal Estetik / Plastik Cerrahi;Doruk Hospital;TRY;Estetik - Genel - Dünya - Tümü - EN - Doruk Aesthetic Surgery - takipci;​120226565450880080;PAUSED;takipci set;​120226565451000080;PAUSED;PROFILE_VISIT;0;0;1000;0;0;0;0;0;0;0;0;0;0
Temmuz 2026;Yabancı;Rusça;Görüntülenme / Mesaj;Medikal Estetik / Plastik Cerrahi;Doruk Hospital;TRY;Meme Estetiği - Jinekomasti - Türki Cumhuriyetleri - Tümü - RU - Obesity Surgery Center - CTW;​120218704745730080;PAUSED;Jinekomasti - Türkiye Cumhuriyetleri - 15 Saniye Set;​120218704745710080;CAMPAIGN_PAUSED;CONVERSATIONS;0;0;2000;0;0;0;0;0;0;0;0;0;0
Ağustos 2026;Yabancı;Rusça;Görüntülenme / Mesaj;Medikal Estetik / Plastik Cerrahi;Doruk Hospital;TRY;Meme Estetiği - Jinekomasti - Türki Cumhuriyetleri - Tümü - RU - Obesity Surgery Center - CTW;​120218704745730080;PAUSED;Jinekomasti - Türkiye Cumhuriyetleri - 15 Saniye Set;​120218704745710080;CAMPAIGN_PAUSED;CONVERSATIONS;0;0;2000;0;0;0;0;0;0;0;0;0;0
Temmuz 2026;Yabancı;Rusça;Görüntülenme / Mesaj;Medikal Estetik / Plastik Cerrahi;Doruk Hospital;TRY;Vücut Şekillendirme - Lipo/Abdo - Türki Cumhuriyetleri - Tümü - RU - Obesity Surgery Center - CTW;​120218704942620080;PAUSED;Abdo - Türki Cumhuriyetleri - 15 Saniye Set;​120218705141570080;CAMPAIGN_PAUSED;CONVERSATIONS;0;0;3000;0;0;0;0;0;0;0;0;0;0
Ağustos 2026;Yabancı;Rusça;Görüntülenme / Mesaj;Medikal Estetik / Plastik Cerrahi;Doruk Hospital;TRY;Vücut Şekillendirme - Lipo/Abdo - Türki Cumhuriyetleri - Tümü - RU - Obesity Surgery Center - CTW;​120218704942620080;PAUSED;Abdo - Türki Cumhuriyetleri - 15 Saniye Set;​120218705141570080;CAMPAIGN_PAUSED;CONVERSATIONS;0;0;3000;0;0;0;0;0;0;0;0;0;0
Temmuz 2026;Yabancı;Rusça;Görüntülenme / Mesaj;Medikal Estetik / Plastik Cerrahi;Doruk Hospital;TRY;Vücut Şekillendirme - Lipo/Abdo - Türki Cumhuriyetleri - Tümü - RU - Obesity Surgery Center - CTW;​120218704942620080;PAUSED;Lipo - Türki Cumhuriyetleri - 15 Saniye Set;​120218704942640080;CAMPAIGN_PAUSED;CONVERSATIONS;0;0;4000;0;0;0;0;0;0;0;0;0;0
Ağustos 2026;Yabancı;Rusça;Görüntülenme / Mesaj;Medikal Estetik / Plastik Cerrahi;Doruk Hospital;TRY;Vücut Şekillendirme - Lipo/Abdo - Türki Cumhuriyetleri - Tümü - RU - Obesity Surgery Center - CTW;​120218704942620080;PAUSED;Lipo - Türki Cumhuriyetleri - 15 Saniye Set;​120218704942640080;CAMPAIGN_PAUSED;CONVERSATIONS;0;0;4000;0;0;0;0;0;0;0;0;0;0
Temmuz 2026;Yabancı;Arapça;Görüntülenme / Mesaj;Obezite Cerrahisi;Doruk Hospital;TRY;Obezite  - Takipci  - AR - Obesity Surgery Center;​120215572305890080;PAUSED;broad - test;​120215572305900080;CAMPAIGN_PAUSED;PROFILE_VISIT;0;0;1000;0;0;0;0;0;0;0;0;0;0
Ağustos 2026;Yabancı;Arapça;Görüntülenme / Mesaj;Obezite Cerrahisi;Doruk Hospital;TRY;Obezite  - Takipci  - AR - Obesity Surgery Center;​120215572305890080;PAUSED;broad - test;​120215572305900080;CAMPAIGN_PAUSED;PROFILE_VISIT;0;0;1000;0;0;0;0;0;0;0;0;0;0
Temmuz 2026;Yabancı;İngilizce;Görüntülenme / Mesaj;Obezite Cerrahisi;Doruk Hospital;TRY;Obezite  - Takipci  - EN - Obesity Surgery Center;​120215571302830080;PAUSED;broad - test;​120215571302820080;CAMPAIGN_PAUSED;PROFILE_VISIT;0;0;1000;0;0;0;0;0;0;0;0;0;0
Ağustos 2026;Yabancı;İngilizce;Görüntülenme / Mesaj;Obezite Cerrahisi;Doruk Hospital;TRY;Obezite  - Takipci  - EN - Obesity Surgery Center;​120215571302830080;PAUSED;broad - test;​120215571302820080;CAMPAIGN_PAUSED;PROFILE_VISIT;0;0;1000;0;0;0;0;0;0;0;0;0;0
Temmuz 2026;Yabancı;Rusça;Görüntülenme / Mesaj;Obezite Cerrahisi;Doruk Hospital;TRY;Obezite  - Takipci  - RU - Obesity Surgery Center;​120215228186820080;PAUSED;broad - test;​120215228186840080;CAMPAIGN_PAUSED;PROFILE_VISIT;0;0;1000;0;0;0;0;0;0;0;0;0;0
Ağustos 2026;Yabancı;Rusça;Görüntülenme / Mesaj;Obezite Cerrahisi;Doruk Hospital;TRY;Obezite  - Takipci  - RU - Obesity Surgery Center;​120215228186820080;PAUSED;broad - test;​120215228186840080;CAMPAIGN_PAUSED;PROFILE_VISIT;0;0;1000;0;0;0;0;0;0;0;0;0;0
Temmuz 2026;Yabancı;İngilizce;Görüntülenme / Mesaj;Obezite Cerrahisi;Doruk Hospital;TRY;Obezite - Mesajlaşma - EN - Obesity Surgery Turkey;​120215694566760080;PAUSED;Yeni Etkileşim Reklam Seti;​120215694566810080;PAUSED;CONVERSATIONS;0;0;5000;0;0;0;0;0;0;0;0;0;0
Ağustos 2026;Yabancı;İngilizce;Görüntülenme / Mesaj;Obezite Cerrahisi;Doruk Hospital;TRY;Obezite - Mesajlaşma - EN - Obesity Surgery Turkey;​120215694566760080;PAUSED;Yeni Etkileşim Reklam Seti;​120215694566810080;PAUSED;CONVERSATIONS;0;0;5000;0;0;0;0;0;0;0;0;0;0
Temmuz 2026;Yabancı;Arapça;Görüntülenme / Mesaj;Onkoloji;Doruk Hospital;TRY;Arapça Onko Etkileşim Kampanyası;​120233867101000080;PAUSED;BAE-Genel onko-etkileşim reklam seti - Sayfa ziyareti;​120233868621270080;CAMPAIGN_PAUSED;PROFILE_AND_PAGE_ENGAGEMENT;0;0;720;0;0;0;0;0;0;0;0;0;0
Ağustos 2026;Yabancı;Arapça;Görüntülenme / Mesaj;Onkoloji;Doruk Hospital;TRY;Arapça Onko Etkileşim Kampanyası;​120233867101000080;PAUSED;BAE-Genel onko-etkileşim reklam seti - Sayfa ziyareti;​120233868621270080;CAMPAIGN_PAUSED;PROFILE_AND_PAGE_ENGAGEMENT;0;0;720;0;0;0;0;0;0;0;0;0;0
Temmuz 2026;Yabancı;Arapça;Görüntülenme / Mesaj;Onkoloji;Doruk Hospital;TRY;Arapça Onko Etkileşim Kampanyası;​120233867101000080;PAUSED;BAE-prostat onko-etkileşim reklam seti - Sayfa ziyareti;​120233868505200080;CAMPAIGN_PAUSED;PROFILE_AND_PAGE_ENGAGEMENT;0;0;1440;0;0;0;0;0;0;0;0;0;0
Ağustos 2026;Yabancı;Arapça;Görüntülenme / Mesaj;Onkoloji;Doruk Hospital;TRY;Arapça Onko Etkileşim Kampanyası;​120233867101000080;PAUSED;BAE-prostat onko-etkileşim reklam seti - Sayfa ziyareti;​120233868505200080;CAMPAIGN_PAUSED;PROFILE_AND_PAGE_ENGAGEMENT;0;0;1440;0;0;0;0;0;0;0;0;0;0
Temmuz 2026;Yabancı;Arapça;Görüntülenme / Mesaj;Onkoloji;Doruk Hospital;TRY;Arapça Onko Etkileşim Kampanyası;​120233867101000080;PAUSED;Bahreyn-Genel onko-etkileşim reklam seti - Sayfa ziyareti - Kopya;​120234075839970080;PAUSED;PROFILE_AND_PAGE_ENGAGEMENT;0;0;540;0;0;0;0;0;0;0;0;0;0
Ağustos 2026;Yabancı;Arapça;Görüntülenme / Mesaj;Onkoloji;Doruk Hospital;TRY;Arapça Onko Etkileşim Kampanyası;​120233867101000080;PAUSED;Bahreyn-Genel onko-etkileşim reklam seti - Sayfa ziyareti - Kopya;​120234075839970080;PAUSED;PROFILE_AND_PAGE_ENGAGEMENT;0;0;540;0;0;0;0;0;0;0;0;0;0
Temmuz 2026;Yabancı;Arapça;Görüntülenme / Mesaj;Onkoloji;Doruk Hospital;TRY;Arapça Onko Etkileşim Kampanyası;​120233867101000080;PAUSED;Bahreyn-prostat onko-etkileşim reklam seti - Sayfa ziyareti - Kopya;​120234076093530080;PAUSED;PROFILE_AND_PAGE_ENGAGEMENT;0;0;540;0;0;0;0;0;0;0;0;0;0
Ağustos 2026;Yabancı;Arapça;Görüntülenme / Mesaj;Onkoloji;Doruk Hospital;TRY;Arapça Onko Etkileşim Kampanyası;​120233867101000080;PAUSED;Bahreyn-prostat onko-etkileşim reklam seti - Sayfa ziyareti - Kopya;​120234076093530080;PAUSED;PROFILE_AND_PAGE_ENGAGEMENT;0;0;540;0;0;0;0;0;0;0;0;0;0
Temmuz 2026;Yabancı;Arapça;Görüntülenme / Mesaj;Onkoloji;Doruk Hospital;TRY;Arapça Onko Etkileşim Kampanyası;​120233867101000080;PAUSED;Kuveyt-Genel onko-etkileşim reklam seti - Sayfa ziyareti;​120234074811120080;PAUSED;PROFILE_AND_PAGE_ENGAGEMENT;0;0;2200;0;0;0;0;0;0;0;0;0;0
Ağustos 2026;Yabancı;Arapça;Görüntülenme / Mesaj;Onkoloji;Doruk Hospital;TRY;Arapça Onko Etkileşim Kampanyası;​120233867101000080;PAUSED;Kuveyt-Genel onko-etkileşim reklam seti - Sayfa ziyareti;​120234074811120080;PAUSED;PROFILE_AND_PAGE_ENGAGEMENT;0;0;2200;0;0;0;0;0;0;0;0;0;0
Temmuz 2026;Yabancı;Arapça;Görüntülenme / Mesaj;Onkoloji;Doruk Hospital;TRY;Arapça Onko Etkileşim Kampanyası;​120233867101000080;PAUSED;Kuveyt-prostat onko-etkileşim reklam seti - Sayfa ziyareti;​120234075743590080;PAUSED;PROFILE_AND_PAGE_ENGAGEMENT;0;0;1800;0;0;0;0;0;0;0;0;0;0
Ağustos 2026;Yabancı;Arapça;Görüntülenme / Mesaj;Onkoloji;Doruk Hospital;TRY;Arapça Onko Etkileşim Kampanyası;​120233867101000080;PAUSED;Kuveyt-prostat onko-etkileşim reklam seti - Sayfa ziyareti;​120234075743590080;PAUSED;PROFILE_AND_PAGE_ENGAGEMENT;0;0;1800;0;0;0;0;0;0;0;0;0;0
Temmuz 2026;Yabancı;Arapça;Görüntülenme / Mesaj;Onkoloji;Doruk Hospital;TRY;Arapça Onko Etkileşim Kampanyası;​120233867101000080;PAUSED;Umman-genel onko-etkileşim reklam seti - Sayfa Ziyareti;​120233867234870080;PAUSED;PROFILE_AND_PAGE_ENGAGEMENT;0;0;360;0;0;0;0;0;0;0;0;0;0
Ağustos 2026;Yabancı;Arapça;Görüntülenme / Mesaj;Onkoloji;Doruk Hospital;TRY;Arapça Onko Etkileşim Kampanyası;​120233867101000080;PAUSED;Umman-genel onko-etkileşim reklam seti - Sayfa Ziyareti;​120233867234870080;PAUSED;PROFILE_AND_PAGE_ENGAGEMENT;0;0;360;0;0;0;0;0;0;0;0;0;0
Temmuz 2026;Yabancı;Arapça;Görüntülenme / Mesaj;Onkoloji;Doruk Hospital;TRY;Arapça Onko Etkileşim Kampanyası;​120233867101000080;PAUSED;Umman-prostat onko-etkileşim reklam seti - Sayfa Ziyareti;​120233867573420080;PAUSED;PROFILE_AND_PAGE_ENGAGEMENT;0;0;360;0;0;0;0;0;0;0;0;0;0
Ağustos 2026;Yabancı;Arapça;Görüntülenme / Mesaj;Onkoloji;Doruk Hospital;TRY;Arapça Onko Etkileşim Kampanyası;​120233867101000080;PAUSED;Umman-prostat onko-etkileşim reklam seti - Sayfa Ziyareti;​120233867573420080;PAUSED;PROFILE_AND_PAGE_ENGAGEMENT;0;0;360;0;0;0;0;0;0;0;0;0;0
Temmuz 2026;Yabancı;Arapça;Görüntülenme / Mesaj;Onkoloji;Doruk Hospital;TRY;Arapça Onko Körfez Trafik;​120232468496200080;PAUSED;Instagram Post;​120232468496240080;CAMPAIGN_PAUSED;VISIT_INSTAGRAM_PROFILE;4000;0;0;0;0;0;0;0;0;0;0;0;0
Ağustos 2026;Yabancı;Arapça;Görüntülenme / Mesaj;Onkoloji;Doruk Hospital;TRY;Arapça Onko Körfez Trafik;​120232468496200080;PAUSED;Instagram Post;​120232468496240080;CAMPAIGN_PAUSED;VISIT_INSTAGRAM_PROFILE;4000;0;0;0;0;0;0;0;0;0;0;0;0
Temmuz 2026;Yabancı;Arapça;Görüntülenme / Mesaj;Onkoloji;Doruk Hospital;TRY;Arapça Onko Körfez Trafik;​120232468462160080;PAUSED;Instagram Post;​120232468462640080;CAMPAIGN_PAUSED;VISIT_INSTAGRAM_PROFILE;4000;0;0;0;0;0;0;0;0;0;0;0;0
Ağustos 2026;Yabancı;Arapça;Görüntülenme / Mesaj;Onkoloji;Doruk Hospital;TRY;Arapça Onko Körfez Trafik;​120232468462160080;PAUSED;Instagram Post;​120232468462640080;CAMPAIGN_PAUSED;VISIT_INSTAGRAM_PROFILE;4000;0;0;0;0;0;0;0;0;0;0;0;0
Temmuz 2026;Yabancı;Arapça;Görüntülenme / Mesaj;Onkoloji;Doruk Hospital;TRY;Arapça Onko Körfez Trafik;​120232468339280080;PAUSED;Instagram Post;​120232468339880080;CAMPAIGN_PAUSED;VISIT_INSTAGRAM_PROFILE;4000;0;0;0;0;0;0;0;0;0;0;0;0
Ağustos 2026;Yabancı;Arapça;Görüntülenme / Mesaj;Onkoloji;Doruk Hospital;TRY;Arapça Onko Körfez Trafik;​120232468339280080;PAUSED;Instagram Post;​120232468339880080;CAMPAIGN_PAUSED;VISIT_INSTAGRAM_PROFILE;4000;0;0;0;0;0;0;0;0;0;0;0;0
Temmuz 2026;Yabancı;Arapça;Görüntülenme / Mesaj;Onkoloji;Doruk Hospital;TRY;Arapça ONKO Trafik Kampanyası;​120236316746540080;PAUSED;BAE ONKO - Teknolojij Trafik;​120236318655150080;PAUSED;PROFILE_VISIT;0;0;800;0;0;0;0;0;0;0;0;0;0
Ağustos 2026;Yabancı;Arapça;Görüntülenme / Mesaj;Onkoloji;Doruk Hospital;TRY;Arapça ONKO Trafik Kampanyası;​120236316746540080;PAUSED;BAE ONKO - Teknolojij Trafik;​120236318655150080;PAUSED;PROFILE_VISIT;0;0;800;0;0;0;0;0;0;0;0;0;0
Temmuz 2026;Yabancı;Arapça;Görüntülenme / Mesaj;Onkoloji;Doruk Hospital;TRY;Arapça ONKO Trafik Kampanyası;​120236316746540080;PAUSED;BAE ONKO - Temsilci Trafik;​120236318016970080;CAMPAIGN_PAUSED;PROFILE_VISIT;0;0;800;0;0;0;0;0;0;0;0;0;0
Ağustos 2026;Yabancı;Arapça;Görüntülenme / Mesaj;Onkoloji;Doruk Hospital;TRY;Arapça ONKO Trafik Kampanyası;​120236316746540080;PAUSED;BAE ONKO - Temsilci Trafik;​120236318016970080;CAMPAIGN_PAUSED;PROFILE_VISIT;0;0;800;0;0;0;0;0;0;0;0;0;0
Temmuz 2026;Yabancı;Arapça;Görüntülenme / Mesaj;Onkoloji;Doruk Hospital;TRY;Arapça ONKO Trafik Kampanyası;​120236316746540080;PAUSED;Bahreyn ONKO - Teknoloji Trafik;​120236318659090080;PAUSED;PROFILE_VISIT;0;0;500;0;0;0;0;0;0;0;0;0;0
Ağustos 2026;Yabancı;Arapça;Görüntülenme / Mesaj;Onkoloji;Doruk Hospital;TRY;Arapça ONKO Trafik Kampanyası;​120236316746540080;PAUSED;Bahreyn ONKO - Teknoloji Trafik;​120236318659090080;PAUSED;PROFILE_VISIT;0;0;500;0;0;0;0;0;0;0;0;0;0
Temmuz 2026;Yabancı;Arapça;Görüntülenme / Mesaj;Onkoloji;Doruk Hospital;TRY;Arapça ONKO Trafik Kampanyası;​120236316746540080;PAUSED;Bahreyn ONKO - Temsilci Trafik;​120236318019730080;CAMPAIGN_PAUSED;PROFILE_VISIT;0;0;500;0;0;0;0;0;0;0;0;0;0
Ağustos 2026;Yabancı;Arapça;Görüntülenme / Mesaj;Onkoloji;Doruk Hospital;TRY;Arapça ONKO Trafik Kampanyası;​120236316746540080;PAUSED;Bahreyn ONKO - Temsilci Trafik;​120236318019730080;CAMPAIGN_PAUSED;PROFILE_VISIT;0;0;500;0;0;0;0;0;0;0;0;0;0
Temmuz 2026;Yabancı;Arapça;Görüntülenme / Mesaj;Onkoloji;Doruk Hospital;TRY;Arapça ONKO Trafik Kampanyası;​120236316746540080;PAUSED;Katar ONKO - Teknoloji Trafik - Kopya;​120237472540570080;PAUSED;PROFILE_VISIT;0;0;500;0;0;0;0;0;0;0;0;0;0
Ağustos 2026;Yabancı;Arapça;Görüntülenme / Mesaj;Onkoloji;Doruk Hospital;TRY;Arapça ONKO Trafik Kampanyası;​120236316746540080;PAUSED;Katar ONKO - Teknoloji Trafik - Kopya;​120237472540570080;PAUSED;PROFILE_VISIT;0;0;500;0;0;0;0;0;0;0;0;0;0
Temmuz 2026;Yabancı;Arapça;Görüntülenme / Mesaj;Onkoloji;Doruk Hospital;TRY;Arapça ONKO Trafik Kampanyası;​120236316746540080;PAUSED;Katar ONKO - Temsilci Trafik - Kopya;​120237472540730080;CAMPAIGN_PAUSED;PROFILE_VISIT;0;0;500;0;0;0;0;0;0;0;0;0;0
Ağustos 2026;Yabancı;Arapça;Görüntülenme / Mesaj;Onkoloji;Doruk Hospital;TRY;Arapça ONKO Trafik Kampanyası;​120236316746540080;PAUSED;Katar ONKO - Temsilci Trafik - Kopya;​120237472540730080;CAMPAIGN_PAUSED;PROFILE_VISIT;0;0;500;0;0;0;0;0;0;0;0;0;0
Temmuz 2026;Yabancı;Arapça;Görüntülenme / Mesaj;Onkoloji;Doruk Hospital;TRY;Arapça ONKO Trafik Kampanyası;​120236316746540080;PAUSED;Kuveyt ONKO - Teknoloji Trafik;​120236316747290080;PAUSED;PROFILE_VISIT;0;0;1000;0;0;0;0;0;0;0;0;0;0
Ağustos 2026;Yabancı;Arapça;Görüntülenme / Mesaj;Onkoloji;Doruk Hospital;TRY;Arapça ONKO Trafik Kampanyası;​120236316746540080;PAUSED;Kuveyt ONKO - Teknoloji Trafik;​120236316747290080;PAUSED;PROFILE_VISIT;0;0;1000;0;0;0;0;0;0;0;0;0;0
Temmuz 2026;Yabancı;Arapça;Görüntülenme / Mesaj;Onkoloji;Doruk Hospital;TRY;Arapça ONKO Trafik Kampanyası;​120236316746540080;PAUSED;Kuveyt ONKO - Temsilci Trafik;​120236316747330080;CAMPAIGN_PAUSED;PROFILE_VISIT;0;0;1000;0;0;0;0;0;0;0;0;0;0
Ağustos 2026;Yabancı;Arapça;Görüntülenme / Mesaj;Onkoloji;Doruk Hospital;TRY;Arapça ONKO Trafik Kampanyası;​120236316746540080;PAUSED;Kuveyt ONKO - Temsilci Trafik;​120236316747330080;CAMPAIGN_PAUSED;PROFILE_VISIT;0;0;1000;0;0;0;0;0;0;0;0;0;0
Temmuz 2026;Yabancı;Arapça;Görüntülenme / Mesaj;Onkoloji;Doruk Hospital;TRY;Arapça ONKO Trafik Kampanyası;​120236316746540080;PAUSED;Umman ONKO - Teknoloji Trafik - Kopya;​120237472385820080;PAUSED;PROFILE_VISIT;0;0;500;0;0;0;0;0;0;0;0;0;0
Ağustos 2026;Yabancı;Arapça;Görüntülenme / Mesaj;Onkoloji;Doruk Hospital;TRY;Arapça ONKO Trafik Kampanyası;​120236316746540080;PAUSED;Umman ONKO - Teknoloji Trafik - Kopya;​120237472385820080;PAUSED;PROFILE_VISIT;0;0;500;0;0;0;0;0;0;0;0;0;0
Temmuz 2026;Yabancı;Arapça;Görüntülenme / Mesaj;Onkoloji;Doruk Hospital;TRY;Arapça ONKO Trafik Kampanyası;​120236316746540080;PAUSED;Umman ONKO - Temsilci Trafik - Kopya;​120237472385920080;CAMPAIGN_PAUSED;PROFILE_VISIT;0;0;500;0;0;0;0;0;0;0;0;0;0
Ağustos 2026;Yabancı;Arapça;Görüntülenme / Mesaj;Onkoloji;Doruk Hospital;TRY;Arapça ONKO Trafik Kampanyası;​120236316746540080;PAUSED;Umman ONKO - Temsilci Trafik - Kopya;​120237472385920080;CAMPAIGN_PAUSED;PROFILE_VISIT;0;0;500;0;0;0;0;0;0;0;0;0;0
Temmuz 2026;Yabancı;Arapça;Görüntülenme / Mesaj;Onkoloji;Doruk Hospital;TRY;Arapça Onkoloji BAE profilden ziyaret;​120233192380280080;PAUSED;Instagram Post;​120233192380390080;CAMPAIGN_PAUSED;VISIT_INSTAGRAM_PROFILE;2000;0;0;0;0;0;0;0;0;0;0;0;0
Ağustos 2026;Yabancı;Arapça;Görüntülenme / Mesaj;Onkoloji;Doruk Hospital;TRY;Arapça Onkoloji BAE profilden ziyaret;​120233192380280080;PAUSED;Instagram Post;​120233192380390080;CAMPAIGN_PAUSED;VISIT_INSTAGRAM_PROFILE;2000;0;0;0;0;0;0;0;0;0;0;0;0
Temmuz 2026;Yabancı;Arapça;Görüntülenme / Mesaj;Onkoloji;Doruk Hospital;TRY;Arapça Onkoloji BAE profilden ziyaret;​120233192202400080;PAUSED;Instagram Post;​120233192202620080;CAMPAIGN_PAUSED;VISIT_INSTAGRAM_PROFILE;2000;0;0;0;0;0;0;0;0;0;0;0;0
Ağustos 2026;Yabancı;Arapça;Görüntülenme / Mesaj;Onkoloji;Doruk Hospital;TRY;Arapça Onkoloji BAE profilden ziyaret;​120233192202400080;PAUSED;Instagram Post;​120233192202620080;CAMPAIGN_PAUSED;VISIT_INSTAGRAM_PROFILE;2000;0;0;0;0;0;0;0;0;0;0;0;0
Temmuz 2026;Yabancı;Arapça;Görüntülenme / Mesaj;Onkoloji;Doruk Hospital;TRY;Arapça Onkoloji BAE Profilden Ziyaret;​120232621561570080;PAUSED;Instagram Post;​120232621561650080;CAMPAIGN_PAUSED;VISIT_INSTAGRAM_PROFILE;2500;0;0;0;0;0;0;0;0;0;0;0;0
Ağustos 2026;Yabancı;Arapça;Görüntülenme / Mesaj;Onkoloji;Doruk Hospital;TRY;Arapça Onkoloji BAE Profilden Ziyaret;​120232621561570080;PAUSED;Instagram Post;​120232621561650080;CAMPAIGN_PAUSED;VISIT_INSTAGRAM_PROFILE;2500;0;0;0;0;0;0;0;0;0;0;0;0
Temmuz 2026;Yabancı;Arapça;Görüntülenme / Mesaj;Onkoloji;Doruk Hospital;TRY;Arapça Onkoloji BAE Profilden Ziyaret;​120232621529250080;ACTIVE;Instagram Post;​120232621529340080;ACTIVE;VISIT_INSTAGRAM_PROFILE;2500;0;0;0;0;0;0;0;0;0;0;0;0
Ağustos 2026;Yabancı;Arapça;Görüntülenme / Mesaj;Onkoloji;Doruk Hospital;TRY;Arapça Onkoloji BAE Profilden Ziyaret;​120232621529250080;ACTIVE;Instagram Post;​120232621529340080;ACTIVE;VISIT_INSTAGRAM_PROFILE;2500;0;0;0;0;0;0;0;0;0;0;0;0
Temmuz 2026;Yabancı;Arapça;Görüntülenme / Mesaj;Onkoloji;Doruk Hospital;TRY;Arapça Onkoloji Bahreyn Profil Ziyaret;​120232621194630080;ACTIVE;Instagram Post;​120232621194750080;ACTIVE;VISIT_INSTAGRAM_PROFILE;2000;0;0;0;0;0;0;0;0;0;0;0;0
Ağustos 2026;Yabancı;Arapça;Görüntülenme / Mesaj;Onkoloji;Doruk Hospital;TRY;Arapça Onkoloji Bahreyn Profil Ziyaret;​120232621194630080;ACTIVE;Instagram Post;​120232621194750080;ACTIVE;VISIT_INSTAGRAM_PROFILE;2000;0;0;0;0;0;0;0;0;0;0;0;0
Temmuz 2026;Yabancı;Arapça;Görüntülenme / Mesaj;Onkoloji;Doruk Hospital;TRY;Arapça Onkoloji Bahreyn Profil Ziyaret;​120232621128380080;ACTIVE;Instagram Post;​120232621129520080;ACTIVE;VISIT_INSTAGRAM_PROFILE;2000;0;0;0;0;0;0;0;0;0;0;0;0
Ağustos 2026;Yabancı;Arapça;Görüntülenme / Mesaj;Onkoloji;Doruk Hospital;TRY;Arapça Onkoloji Bahreyn Profil Ziyaret;​120232621128380080;ACTIVE;Instagram Post;​120232621129520080;ACTIVE;VISIT_INSTAGRAM_PROFILE;2000;0;0;0;0;0;0;0;0;0;0;0;0
Temmuz 2026;Yabancı;Arapça;Görüntülenme / Mesaj;Onkoloji;Doruk Hospital;TRY;Arapça Onkoloji Bahreyn profilden ziyaret;​120233192152240080;PAUSED;Instagram Post;​120233192152350080;CAMPAIGN_PAUSED;VISIT_INSTAGRAM_PROFILE;1500;0;0;0;0;0;0;0;0;0;0;0;0
Ağustos 2026;Yabancı;Arapça;Görüntülenme / Mesaj;Onkoloji;Doruk Hospital;TRY;Arapça Onkoloji Bahreyn profilden ziyaret;​120233192152240080;PAUSED;Instagram Post;​120233192152350080;CAMPAIGN_PAUSED;VISIT_INSTAGRAM_PROFILE;1500;0;0;0;0;0;0;0;0;0;0;0;0
Temmuz 2026;Yabancı;Arapça;Görüntülenme / Mesaj;Onkoloji;Doruk Hospital;TRY;Arapça Onkoloji Bahreyn Profilden Ziyaret;​120232532502940080;PAUSED;Instagram Post;​120232532503100080;CAMPAIGN_PAUSED;VISIT_INSTAGRAM_PROFILE;1500;0;0;0;0;0;0;0;0;0;0;0;0
Ağustos 2026;Yabancı;Arapça;Görüntülenme / Mesaj;Onkoloji;Doruk Hospital;TRY;Arapça Onkoloji Bahreyn Profilden Ziyaret;​120232532502940080;PAUSED;Instagram Post;​120232532503100080;CAMPAIGN_PAUSED;VISIT_INSTAGRAM_PROFILE;1500;0;0;0;0;0;0;0;0;0;0;0;0
Temmuz 2026;Yabancı;Arapça;Görüntülenme / Mesaj;Onkoloji;Doruk Hospital;TRY;Arapça Onkoloji Bahreyn Profilden Ziyaret;​120232532454150080;PAUSED;Instagram Post;​120232532454290080;CAMPAIGN_PAUSED;VISIT_INSTAGRAM_PROFILE;1500;0;0;0;0;0;0;0;0;0;0;0;0
Ağustos 2026;Yabancı;Arapça;Görüntülenme / Mesaj;Onkoloji;Doruk Hospital;TRY;Arapça Onkoloji Bahreyn Profilden Ziyaret;​120232532454150080;PAUSED;Instagram Post;​120232532454290080;CAMPAIGN_PAUSED;VISIT_INSTAGRAM_PROFILE;1500;0;0;0;0;0;0;0;0;0;0;0;0
Temmuz 2026;Yabancı;Arapça;Görüntülenme / Mesaj;Onkoloji;Doruk Hospital;TRY;Arapça Onkoloji Katar Profil Ziyaret;​120232619861830080;ACTIVE;Instagram Post;​120232619861920080;ACTIVE;VISIT_INSTAGRAM_PROFILE;3000;0;0;0;0;0;0;0;0;0;0;0;0
Ağustos 2026;Yabancı;Arapça;Görüntülenme / Mesaj;Onkoloji;Doruk Hospital;TRY;Arapça Onkoloji Katar Profil Ziyaret;​120232619861830080;ACTIVE;Instagram Post;​120232619861920080;ACTIVE;VISIT_INSTAGRAM_PROFILE;3000;0;0;0;0;0;0;0;0;0;0;0;0
Temmuz 2026;Yabancı;Arapça;Görüntülenme / Mesaj;Onkoloji;Doruk Hospital;TRY;Arapça Onkoloji Katar Profil Ziyaret;​120232619814300080;ACTIVE;Instagram Post;​120232619814380080;ACTIVE;VISIT_INSTAGRAM_PROFILE;3000;0;0;0;0;0;0;0;0;0;0;0;0
Ağustos 2026;Yabancı;Arapça;Görüntülenme / Mesaj;Onkoloji;Doruk Hospital;TRY;Arapça Onkoloji Katar Profil Ziyaret;​120232619814300080;ACTIVE;Instagram Post;​120232619814380080;ACTIVE;VISIT_INSTAGRAM_PROFILE;3000;0;0;0;0;0;0;0;0;0;0;0;0
Temmuz 2026;Yabancı;Arapça;Görüntülenme / Mesaj;Onkoloji;Doruk Hospital;TRY;Arapça Onkoloji Katar Profilden Ziyaret;​120232532662540080;PAUSED;Instagram Post;​120232532663730080;CAMPAIGN_PAUSED;VISIT_INSTAGRAM_PROFILE;2600;0;0;0;0;0;0;0;0;0;0;0;0
Ağustos 2026;Yabancı;Arapça;Görüntülenme / Mesaj;Onkoloji;Doruk Hospital;TRY;Arapça Onkoloji Katar Profilden Ziyaret;​120232532662540080;PAUSED;Instagram Post;​120232532663730080;CAMPAIGN_PAUSED;VISIT_INSTAGRAM_PROFILE;2600;0;0;0;0;0;0;0;0;0;0;0;0
Temmuz 2026;Yabancı;Arapça;Görüntülenme / Mesaj;Onkoloji;Doruk Hospital;TRY;Arapça Onkoloji Katar Profilden Ziyaret;​120232532617100080;PAUSED;Instagram Post;​120232532617140080;CAMPAIGN_PAUSED;VISIT_INSTAGRAM_PROFILE;2600;0;0;0;0;0;0;0;0;0;0;0;0
Ağustos 2026;Yabancı;Arapça;Görüntülenme / Mesaj;Onkoloji;Doruk Hospital;TRY;Arapça Onkoloji Katar Profilden Ziyaret;​120232532617100080;PAUSED;Instagram Post;​120232532617140080;CAMPAIGN_PAUSED;VISIT_INSTAGRAM_PROFILE;2600;0;0;0;0;0;0;0;0;0;0;0;0
Temmuz 2026;Yabancı;Arapça;Görüntülenme / Mesaj;Onkoloji;Doruk Hospital;TRY;Arapça Onkoloji Kuveyt profilden ziyaret;​120233192109980080;PAUSED;Instagram Post;​120233192110510080;CAMPAIGN_PAUSED;VISIT_INSTAGRAM_PROFILE;3250;0;0;0;0;0;0;0;0;0;0;0;0
Ağustos 2026;Yabancı;Arapça;Görüntülenme / Mesaj;Onkoloji;Doruk Hospital;TRY;Arapça Onkoloji Kuveyt profilden ziyaret;​120233192109980080;PAUSED;Instagram Post;​120233192110510080;CAMPAIGN_PAUSED;VISIT_INSTAGRAM_PROFILE;3250;0;0;0;0;0;0;0;0;0;0;0;0
Temmuz 2026;Yabancı;Arapça;Görüntülenme / Mesaj;Onkoloji;Doruk Hospital;TRY;Arapça Onkoloji Kuveyt Profilden ziyaret;​120232619568870080;PAUSED;Instagram Post;​120232619568930080;CAMPAIGN_PAUSED;VISIT_INSTAGRAM_PROFILE;4000;0;0;0;0;0;0;0;0;0;0;0;0
Ağustos 2026;Yabancı;Arapça;Görüntülenme / Mesaj;Onkoloji;Doruk Hospital;TRY;Arapça Onkoloji Kuveyt Profilden ziyaret;​120232619568870080;PAUSED;Instagram Post;​120232619568930080;CAMPAIGN_PAUSED;VISIT_INSTAGRAM_PROFILE;4000;0;0;0;0;0;0;0;0;0;0;0;0
Temmuz 2026;Yabancı;Arapça;Görüntülenme / Mesaj;Onkoloji;Doruk Hospital;TRY;Arapça Onkoloji Kuveyt Profilden ziyaret;​120232619533610080;ACTIVE;Instagram Post;​120232619534030080;ACTIVE;VISIT_INSTAGRAM_PROFILE;4000;0;0;0;0;0;0;0;0;0;0;0;0
Ağustos 2026;Yabancı;Arapça;Görüntülenme / Mesaj;Onkoloji;Doruk Hospital;TRY;Arapça Onkoloji Kuveyt Profilden ziyaret;​120232619533610080;ACTIVE;Instagram Post;​120232619534030080;ACTIVE;VISIT_INSTAGRAM_PROFILE;4000;0;0;0;0;0;0;0;0;0;0;0;0
Temmuz 2026;Yabancı;Arapça;Görüntülenme / Mesaj;Onkoloji;Doruk Hospital;TRY;Arapça Onkoloji Kuveyt Profilden Ziyaret;​120232532090850080;PAUSED;Instagram Post;​120232532091080080;CAMPAIGN_PAUSED;VISIT_INSTAGRAM_PROFILE;2600;0;0;0;0;0;0;0;0;0;0;0;0
Ağustos 2026;Yabancı;Arapça;Görüntülenme / Mesaj;Onkoloji;Doruk Hospital;TRY;Arapça Onkoloji Kuveyt Profilden Ziyaret;​120232532090850080;PAUSED;Instagram Post;​120232532091080080;CAMPAIGN_PAUSED;VISIT_INSTAGRAM_PROFILE;2600;0;0;0;0;0;0;0;0;0;0;0;0
Temmuz 2026;Yabancı;Arapça;Görüntülenme / Mesaj;Onkoloji;Doruk Hospital;TRY;Arapça Onkoloji Kuveyt Profilden Ziyaret;​120232532038280080;PAUSED;Instagram Post;​120232532038430080;CAMPAIGN_PAUSED;VISIT_INSTAGRAM_PROFILE;2600;0;0;0;0;0;0;0;0;0;0;0;0
Ağustos 2026;Yabancı;Arapça;Görüntülenme / Mesaj;Onkoloji;Doruk Hospital;TRY;Arapça Onkoloji Kuveyt Profilden Ziyaret;​120232532038280080;PAUSED;Instagram Post;​120232532038430080;CAMPAIGN_PAUSED;VISIT_INSTAGRAM_PROFILE;2600;0;0;0;0;0;0;0;0;0;0;0;0
Temmuz 2026;Yabancı;Arapça;Görüntülenme / Mesaj;Onkoloji;Doruk Hospital;TRY;Arapça Onkoloji Umman Profil Ziyaret;​120232620570630080;PAUSED;Instagram Post;​120232620570730080;CAMPAIGN_PAUSED;VISIT_INSTAGRAM_PROFILE;2500;0;0;0;0;0;0;0;0;0;0;0;0
Ağustos 2026;Yabancı;Arapça;Görüntülenme / Mesaj;Onkoloji;Doruk Hospital;TRY;Arapça Onkoloji Umman Profil Ziyaret;​120232620570630080;PAUSED;Instagram Post;​120232620570730080;CAMPAIGN_PAUSED;VISIT_INSTAGRAM_PROFILE;2500;0;0;0;0;0;0;0;0;0;0;0;0
Temmuz 2026;Yabancı;Arapça;Görüntülenme / Mesaj;Onkoloji;Doruk Hospital;TRY;Arapça Onkoloji Umman Profil Ziyaret;​120232620482430080;ACTIVE;Instagram Post;​120232620484220080;ACTIVE;VISIT_INSTAGRAM_PROFILE;2500;0;0;0;0;0;0;0;0;0;0;0;0
Ağustos 2026;Yabancı;Arapça;Görüntülenme / Mesaj;Onkoloji;Doruk Hospital;TRY;Arapça Onkoloji Umman Profil Ziyaret;​120232620482430080;ACTIVE;Instagram Post;​120232620484220080;ACTIVE;VISIT_INSTAGRAM_PROFILE;2500;0;0;0;0;0;0;0;0;0;0;0;0
Temmuz 2026;Yabancı;Arapça;Görüntülenme / Mesaj;Onkoloji;Doruk Hospital;TRY;Arapça Onkoloji Umman profilden ziyaret;​120233192182710080;PAUSED;Instagram Post;​120233192182910080;CAMPAIGN_PAUSED;VISIT_INSTAGRAM_PROFILE;2000;0;0;0;0;0;0;0;0;0;0;0;0
Ağustos 2026;Yabancı;Arapça;Görüntülenme / Mesaj;Onkoloji;Doruk Hospital;TRY;Arapça Onkoloji Umman profilden ziyaret;​120233192182710080;PAUSED;Instagram Post;​120233192182910080;CAMPAIGN_PAUSED;VISIT_INSTAGRAM_PROFILE;2000;0;0;0;0;0;0;0;0;0;0;0;0
Temmuz 2026;Yabancı;Arapça;Görüntülenme / Mesaj;Onkoloji;Doruk Hospital;TRY;Arapça Onkoloji Umman Profilden Ziyaret;​120232532850840080;PAUSED;Instagram Post;​120232532851010080;CAMPAIGN_PAUSED;VISIT_INSTAGRAM_PROFILE;1500;0;0;0;0;0;0;0;0;0;0;0;0
Ağustos 2026;Yabancı;Arapça;Görüntülenme / Mesaj;Onkoloji;Doruk Hospital;TRY;Arapça Onkoloji Umman Profilden Ziyaret;​120232532850840080;PAUSED;Instagram Post;​120232532851010080;CAMPAIGN_PAUSED;VISIT_INSTAGRAM_PROFILE;1500;0;0;0;0;0;0;0;0;0;0;0;0
Temmuz 2026;Yabancı;Arapça;Görüntülenme / Mesaj;Onkoloji;Doruk Hospital;TRY;Arapça Onkoloji Umman Profilden Ziyaret;​120232532832940080;PAUSED;Instagram Post;​120232532833200080;CAMPAIGN_PAUSED;VISIT_INSTAGRAM_PROFILE;1500;0;0;0;0;0;0;0;0;0;0;0;0
Ağustos 2026;Yabancı;Arapça;Görüntülenme / Mesaj;Onkoloji;Doruk Hospital;TRY;Arapça Onkoloji Umman Profilden Ziyaret;​120232532832940080;PAUSED;Instagram Post;​120232532833200080;CAMPAIGN_PAUSED;VISIT_INSTAGRAM_PROFILE;1500;0;0;0;0;0;0;0;0;0;0;0;0
Temmuz 2026;Yabancı;Rusça;Görüntülenme / Mesaj;Onkoloji;Doruk Hospital;TRY;Instagram gönderisi: Аппарат TrueBeam — одна из...;​120242709752170080;ACTIVE;Instagram gönderisi: Аппарат TrueBeam — одна из...;​120242709752580080;ACTIVE;VISIT_INSTAGRAM_PROFILE;4000;0;0;0;75159.75;1605488;904980;29996;0;0;0;49;357355
Ağustos 2026;Yabancı;Rusça;Görüntülenme / Mesaj;Onkoloji;Doruk Hospital;TRY;Instagram gönderisi: Аппарат TrueBeam — одна из...;​120242709752170080;ACTIVE;Instagram gönderisi: Аппарат TrueBeam — одна из...;​120242709752580080;ACTIVE;VISIT_INSTAGRAM_PROFILE;4000;0;0;0;16694.04;307281;261345;7427;0;0;0;7;80129
Temmuz 2026;Yabancı;Rusça;Görüntülenme / Mesaj;Onkoloji;Doruk Hospital;TRY;Instagram gönderisi: Аппарат TrueBeam — одна из...;​120240102503470080;PAUSED;Instagram gönderisi: Аппарат TrueBeam — одна из...;​120240102503710080;CAMPAIGN_PAUSED;VISIT_INSTAGRAM_PROFILE;2000;0;0;0;0;0;0;0;0;0;0;0;0
Ağustos 2026;Yabancı;Rusça;Görüntülenme / Mesaj;Onkoloji;Doruk Hospital;TRY;Instagram gönderisi: Аппарат TrueBeam — одна из...;​120240102503470080;PAUSED;Instagram gönderisi: Аппарат TrueBeam — одна из...;​120240102503710080;CAMPAIGN_PAUSED;VISIT_INSTAGRAM_PROFILE;2000;0;0;0;0;0;0;0;0;0;0;0;0
Temmuz 2026;Yabancı;Arapça;Görüntülenme / Mesaj;Onkoloji;Doruk Hospital;TRY;Instagram gönderisi: ‎جهاز TrueBeam هو أحد أحدث...;​120242709199090080;PAUSED;Instagram gönderisi: ‎جهاز TrueBeam هو أحد أحدث...;​120242709199320080;CAMPAIGN_PAUSED;VISIT_INSTAGRAM_PROFILE;2000;0;0;0;0;0;0;0;0;0;0;0;0
Ağustos 2026;Yabancı;Arapça;Görüntülenme / Mesaj;Onkoloji;Doruk Hospital;TRY;Instagram gönderisi: ‎جهاز TrueBeam هو أحد أحدث...;​120242709199090080;PAUSED;Instagram gönderisi: ‎جهاز TrueBeam هو أحد أحدث...;​120242709199320080;CAMPAIGN_PAUSED;VISIT_INSTAGRAM_PROFILE;2000;0;0;0;0;0;0;0;0;0;0;0;0
Temmuz 2026;Yabancı;Arapça;Görüntülenme / Mesaj;Onkoloji;Doruk Hospital;TRY;Instagram gönderisi: ‎جهاز TrueBeam هو أحد أحدث...;​120242709189560080;PAUSED;Instagram gönderisi: ‎جهاز TrueBeam هو أحد أحدث...;​120242709189930080;CAMPAIGN_PAUSED;VISIT_INSTAGRAM_PROFILE;2000;0;0;0;0;0;0;0;0;0;0;0;0
Ağustos 2026;Yabancı;Arapça;Görüntülenme / Mesaj;Onkoloji;Doruk Hospital;TRY;Instagram gönderisi: ‎جهاز TrueBeam هو أحد أحدث...;​120242709189560080;PAUSED;Instagram gönderisi: ‎جهاز TrueBeam هو أحد أحدث...;​120242709189930080;CAMPAIGN_PAUSED;VISIT_INSTAGRAM_PROFILE;2000;0;0;0;0;0;0;0;0;0;0;0;0
Temmuz 2026;Yabancı;Rusça;Görüntülenme / Mesaj;Onkoloji;Doruk Hospital;TRY;Rusça Onko Etkileşim Kampanyası - Kopya;​120233870327320080;PAUSED;Kazakistan-Genel onko-etkileşim reklam seti - Sayfa ziyaret - Kopya;​120234076397510080;CAMPAIGN_PAUSED;PROFILE_AND_PAGE_ENGAGEMENT;0;0;1080;0;0;0;0;0;0;0;0;0;0
Ağustos 2026;Yabancı;Rusça;Görüntülenme / Mesaj;Onkoloji;Doruk Hospital;TRY;Rusça Onko Etkileşim Kampanyası - Kopya;​120233870327320080;PAUSED;Kazakistan-Genel onko-etkileşim reklam seti - Sayfa ziyaret - Kopya;​120234076397510080;CAMPAIGN_PAUSED;PROFILE_AND_PAGE_ENGAGEMENT;0;0;1080;0;0;0;0;0;0;0;0;0;0
Temmuz 2026;Yabancı;Rusça;Görüntülenme / Mesaj;Onkoloji;Doruk Hospital;TRY;Rusça Onko Etkileşim Kampanyası - Kopya;​120233870327320080;PAUSED;Kazakistan-prostat onko-etkileşim reklam seti - Sayfa ziyareti;​120234029907560080;CAMPAIGN_PAUSED;PROFILE_AND_PAGE_ENGAGEMENT;0;0;1080;0;0;0;0;0;0;0;0;0;0
Ağustos 2026;Yabancı;Rusça;Görüntülenme / Mesaj;Onkoloji;Doruk Hospital;TRY;Rusça Onko Etkileşim Kampanyası - Kopya;​120233870327320080;PAUSED;Kazakistan-prostat onko-etkileşim reklam seti - Sayfa ziyareti;​120234029907560080;CAMPAIGN_PAUSED;PROFILE_AND_PAGE_ENGAGEMENT;0;0;1080;0;0;0;0;0;0;0;0;0;0
Temmuz 2026;Yabancı;Rusça;Görüntülenme / Mesaj;Onkoloji;Doruk Hospital;TRY;Rusça Onko Etkileşim Kampanyası - Kopya;​120233870327320080;PAUSED;Kırgızistan-Genel onko-etkileşim reklam seti - Sayfa ziyaret;​120234029684810080;CAMPAIGN_PAUSED;PROFILE_AND_PAGE_ENGAGEMENT;0;0;540;0;0;0;0;0;0;0;0;0;0
Ağustos 2026;Yabancı;Rusça;Görüntülenme / Mesaj;Onkoloji;Doruk Hospital;TRY;Rusça Onko Etkileşim Kampanyası - Kopya;​120233870327320080;PAUSED;Kırgızistan-Genel onko-etkileşim reklam seti - Sayfa ziyaret;​120234029684810080;CAMPAIGN_PAUSED;PROFILE_AND_PAGE_ENGAGEMENT;0;0;540;0;0;0;0;0;0;0;0;0;0
Temmuz 2026;Yabancı;Rusça;Görüntülenme / Mesaj;Onkoloji;Doruk Hospital;TRY;Rusça Onko Etkileşim Kampanyası - Kopya;​120233870327320080;PAUSED;Kırgızistan-prostat onko-etkileşim reklam seti - Sayfa Ziyareti;​120234029838180080;CAMPAIGN_PAUSED;PROFILE_AND_PAGE_ENGAGEMENT;0;0;540;0;0;0;0;0;0;0;0;0;0
Ağustos 2026;Yabancı;Rusça;Görüntülenme / Mesaj;Onkoloji;Doruk Hospital;TRY;Rusça Onko Etkileşim Kampanyası - Kopya;​120233870327320080;PAUSED;Kırgızistan-prostat onko-etkileşim reklam seti - Sayfa Ziyareti;​120234029838180080;CAMPAIGN_PAUSED;PROFILE_AND_PAGE_ENGAGEMENT;0;0;540;0;0;0;0;0;0;0;0;0;0
Temmuz 2026;Yabancı;Rusça;Görüntülenme / Mesaj;Onkoloji;Doruk Hospital;TRY;Rusça Onko Etkileşim Kampanyası - Kopya;​120233870327320080;PAUSED;Özbekistan-Genel onko-etkileşim reklam seti - Sayfa ziyareti;​120233870327090080;CAMPAIGN_PAUSED;PROFILE_AND_PAGE_ENGAGEMENT;0;0;288;0;0;0;0;0;0;0;0;0;0
Ağustos 2026;Yabancı;Rusça;Görüntülenme / Mesaj;Onkoloji;Doruk Hospital;TRY;Rusça Onko Etkileşim Kampanyası - Kopya;​120233870327320080;PAUSED;Özbekistan-Genel onko-etkileşim reklam seti - Sayfa ziyareti;​120233870327090080;CAMPAIGN_PAUSED;PROFILE_AND_PAGE_ENGAGEMENT;0;0;288;0;0;0;0;0;0;0;0;0;0
Temmuz 2026;Yabancı;Rusça;Görüntülenme / Mesaj;Onkoloji;Doruk Hospital;TRY;Rusça Onko Etkileşim Kampanyası - Kopya;​120233870327320080;PAUSED;Özbekistan-prostat onko-etkileşim reklam seti - Sayfa ziyareti;​120233870327120080;CAMPAIGN_PAUSED;PROFILE_AND_PAGE_ENGAGEMENT;0;0;288;0;0;0;0;0;0;0;0;0;0
Ağustos 2026;Yabancı;Rusça;Görüntülenme / Mesaj;Onkoloji;Doruk Hospital;TRY;Rusça Onko Etkileşim Kampanyası - Kopya;​120233870327320080;PAUSED;Özbekistan-prostat onko-etkileşim reklam seti - Sayfa ziyareti;​120233870327120080;CAMPAIGN_PAUSED;PROFILE_AND_PAGE_ENGAGEMENT;0;0;288;0;0;0;0;0;0;0;0;0;0
Temmuz 2026;Yabancı;Rusça;Görüntülenme / Mesaj;Onkoloji;Doruk Hospital;TRY;Rusça ONKO Trafik Kampanyası;​120236310093510080;PAUSED;Kazakistan ONKO  - Robot Trafik;​120236310093240080;PAUSED;PROFILE_VISIT;0;0;1500;0;0;0;0;0;0;0;0;0;0
Ağustos 2026;Yabancı;Rusça;Görüntülenme / Mesaj;Onkoloji;Doruk Hospital;TRY;Rusça ONKO Trafik Kampanyası;​120236310093510080;PAUSED;Kazakistan ONKO  - Robot Trafik;​120236310093240080;PAUSED;PROFILE_VISIT;0;0;1500;0;0;0;0;0;0;0;0;0;0
Temmuz 2026;Yabancı;Rusça;Görüntülenme / Mesaj;Onkoloji;Doruk Hospital;TRY;Rusça ONKO Trafik Kampanyası;​120236310093510080;PAUSED;Kazakistan ONKO - Temsilci Trafik;​120236310093330080;CAMPAIGN_PAUSED;PROFILE_VISIT;0;0;1500;0;0;0;0;0;0;0;0;0;0
Ağustos 2026;Yabancı;Rusça;Görüntülenme / Mesaj;Onkoloji;Doruk Hospital;TRY;Rusça ONKO Trafik Kampanyası;​120236310093510080;PAUSED;Kazakistan ONKO - Temsilci Trafik;​120236310093330080;CAMPAIGN_PAUSED;PROFILE_VISIT;0;0;1500;0;0;0;0;0;0;0;0;0;0
Temmuz 2026;Yabancı;Rusça;Görüntülenme / Mesaj;Onkoloji;Doruk Hospital;TRY;Rusça ONKO Trafik Kampanyası;​120236310093510080;PAUSED;Kırgızistan ONKO  - Robot Trafik;​120236315856020080;PAUSED;PROFILE_VISIT;0;0;700;0;0;0;0;0;0;0;0;0;0
Ağustos 2026;Yabancı;Rusça;Görüntülenme / Mesaj;Onkoloji;Doruk Hospital;TRY;Rusça ONKO Trafik Kampanyası;​120236310093510080;PAUSED;Kırgızistan ONKO  - Robot Trafik;​120236315856020080;PAUSED;PROFILE_VISIT;0;0;700;0;0;0;0;0;0;0;0;0;0
Temmuz 2026;Yabancı;Rusça;Görüntülenme / Mesaj;Onkoloji;Doruk Hospital;TRY;Rusça ONKO Trafik Kampanyası;​120236310093510080;PAUSED;Kırgızistan ONKO - Temsilci Trafik;​120236315084830080;CAMPAIGN_PAUSED;PROFILE_VISIT;0;0;180;0;0;0;0;0;0;0;0;0;0
Ağustos 2026;Yabancı;Rusça;Görüntülenme / Mesaj;Onkoloji;Doruk Hospital;TRY;Rusça ONKO Trafik Kampanyası;​120236310093510080;PAUSED;Kırgızistan ONKO - Temsilci Trafik;​120236315084830080;CAMPAIGN_PAUSED;PROFILE_VISIT;0;0;180;0;0;0;0;0;0;0;0;0;0
Temmuz 2026;Yabancı;Rusça;Görüntülenme / Mesaj;Onkoloji;Doruk Hospital;TRY;Rusça ONKO Trafik Kampanyası;​120236310093510080;PAUSED;Özbekistan ONKO  - Robot Trafik;​120236315858200080;PAUSED;PROFILE_VISIT;0;0;180;0;0;0;0;0;0;0;0;0;0
Ağustos 2026;Yabancı;Rusça;Görüntülenme / Mesaj;Onkoloji;Doruk Hospital;TRY;Rusça ONKO Trafik Kampanyası;​120236310093510080;PAUSED;Özbekistan ONKO  - Robot Trafik;​120236315858200080;PAUSED;PROFILE_VISIT;0;0;180;0;0;0;0;0;0;0;0;0;0
Temmuz 2026;Yabancı;Rusça;Görüntülenme / Mesaj;Onkoloji;Doruk Hospital;TRY;Rusça ONKO Trafik Kampanyası;​120236310093510080;PAUSED;Özbekistan ONKO - Temsilci Trafik;​120236315078270080;CAMPAIGN_PAUSED;PROFILE_VISIT;0;0;180;0;0;0;0;0;0;0;0;0;0
Ağustos 2026;Yabancı;Rusça;Görüntülenme / Mesaj;Onkoloji;Doruk Hospital;TRY;Rusça ONKO Trafik Kampanyası;​120236310093510080;PAUSED;Özbekistan ONKO - Temsilci Trafik;​120236315078270080;CAMPAIGN_PAUSED;PROFILE_VISIT;0;0;180;0;0;0;0;0;0;0;0;0;0
Temmuz 2026;Yabancı;Rusça;Görüntülenme / Mesaj;Onkoloji;Doruk Hospital;TRY;Rusça Onkoloji Kazakistan Profilden Ziyaret;​120233188344100080;PAUSED;Instagram Post;​120233188344660080;CAMPAIGN_PAUSED;VISIT_INSTAGRAM_PROFILE;3000;0;0;0;0;0;0;0;0;0;0;0;0
Ağustos 2026;Yabancı;Rusça;Görüntülenme / Mesaj;Onkoloji;Doruk Hospital;TRY;Rusça Onkoloji Kazakistan Profilden Ziyaret;​120233188344100080;PAUSED;Instagram Post;​120233188344660080;CAMPAIGN_PAUSED;VISIT_INSTAGRAM_PROFILE;3000;0;0;0;0;0;0;0;0;0;0;0;0
Temmuz 2026;Yabancı;Rusça;Görüntülenme / Mesaj;Onkoloji;Doruk Hospital;TRY;Rusça Onkoloji Kazakistan Profilden Ziyaret;​120233187707790080;PAUSED;Instagram Post;​120233187707870080;CAMPAIGN_PAUSED;VISIT_INSTAGRAM_PROFILE;3750;0;0;0;0;0;0;0;0;0;0;0;0
Ağustos 2026;Yabancı;Rusça;Görüntülenme / Mesaj;Onkoloji;Doruk Hospital;TRY;Rusça Onkoloji Kazakistan Profilden Ziyaret;​120233187707790080;PAUSED;Instagram Post;​120233187707870080;CAMPAIGN_PAUSED;VISIT_INSTAGRAM_PROFILE;3750;0;0;0;0;0;0;0;0;0;0;0;0
Temmuz 2026;Yabancı;Rusça;Görüntülenme / Mesaj;Onkoloji;Doruk Hospital;TRY;Rusça Onkoloji Kazakistan Profilden Ziyaret;​120232793708420080;PAUSED;Instagram Post;​120232793708430080;CAMPAIGN_PAUSED;VISIT_INSTAGRAM_PROFILE;3000;0;0;0;0;0;0;0;0;0;0;0;0
Ağustos 2026;Yabancı;Rusça;Görüntülenme / Mesaj;Onkoloji;Doruk Hospital;TRY;Rusça Onkoloji Kazakistan Profilden Ziyaret;​120232793708420080;PAUSED;Instagram Post;​120232793708430080;CAMPAIGN_PAUSED;VISIT_INSTAGRAM_PROFILE;3000;0;0;0;0;0;0;0;0;0;0;0;0
Temmuz 2026;Yabancı;Rusça;Görüntülenme / Mesaj;Onkoloji;Doruk Hospital;TRY;Rusça Onkoloji Kazakistan Profilden Ziyaret;​120232793613960080;PAUSED;Instagram Post;​120232793614210080;CAMPAIGN_PAUSED;VISIT_INSTAGRAM_PROFILE;2500;0;0;0;0;0;0;0;0;0;0;0;0
Ağustos 2026;Yabancı;Rusça;Görüntülenme / Mesaj;Onkoloji;Doruk Hospital;TRY;Rusça Onkoloji Kazakistan Profilden Ziyaret;​120232793613960080;PAUSED;Instagram Post;​120232793614210080;CAMPAIGN_PAUSED;VISIT_INSTAGRAM_PROFILE;2500;0;0;0;0;0;0;0;0;0;0;0;0
Temmuz 2026;Yabancı;Rusça;Görüntülenme / Mesaj;Onkoloji;Doruk Hospital;TRY;Rusça Onkoloji Kazakistan Profilden Ziyaret;​120232615504600080;PAUSED;Instagram Post;​120232615504780080;CAMPAIGN_PAUSED;VISIT_INSTAGRAM_PROFILE;3000;0;0;0;0;0;0;0;0;0;0;0;0
Ağustos 2026;Yabancı;Rusça;Görüntülenme / Mesaj;Onkoloji;Doruk Hospital;TRY;Rusça Onkoloji Kazakistan Profilden Ziyaret;​120232615504600080;PAUSED;Instagram Post;​120232615504780080;CAMPAIGN_PAUSED;VISIT_INSTAGRAM_PROFILE;3000;0;0;0;0;0;0;0;0;0;0;0;0
Temmuz 2026;Yabancı;Rusça;Görüntülenme / Mesaj;Onkoloji;Doruk Hospital;TRY;Rusça Onkoloji Kazakistan Profilden Ziyaret;​120232615388740080;PAUSED;Instagram Post;​120232615390810080;CAMPAIGN_PAUSED;VISIT_INSTAGRAM_PROFILE;3000;0;0;0;0;0;0;0;0;0;0;0;0
Ağustos 2026;Yabancı;Rusça;Görüntülenme / Mesaj;Onkoloji;Doruk Hospital;TRY;Rusça Onkoloji Kazakistan Profilden Ziyaret;​120232615388740080;PAUSED;Instagram Post;​120232615390810080;CAMPAIGN_PAUSED;VISIT_INSTAGRAM_PROFILE;3000;0;0;0;0;0;0;0;0;0;0;0;0
Temmuz 2026;Yabancı;Rusça;Görüntülenme / Mesaj;Onkoloji;Doruk Hospital;TRY;Rusça Onkoloji Kazakistan Profilden Ziyaret;​120232526096800080;PAUSED;Instagram Post;​120232526096820080;CAMPAIGN_PAUSED;VISIT_INSTAGRAM_PROFILE;4000;0;0;0;0;0;0;0;0;0;0;0;0
Ağustos 2026;Yabancı;Rusça;Görüntülenme / Mesaj;Onkoloji;Doruk Hospital;TRY;Rusça Onkoloji Kazakistan Profilden Ziyaret;​120232526096800080;PAUSED;Instagram Post;​120232526096820080;CAMPAIGN_PAUSED;VISIT_INSTAGRAM_PROFILE;4000;0;0;0;0;0;0;0;0;0;0;0;0
Temmuz 2026;Yabancı;Rusça;Görüntülenme / Mesaj;Onkoloji;Doruk Hospital;TRY;Rusça Onkoloji Kazakistan Profilden Ziyaret;​120232526043030080;PAUSED;Instagram Post;​120232526043910080;CAMPAIGN_PAUSED;VISIT_INSTAGRAM_PROFILE;4000;0;0;0;0;0;0;0;0;0;0;0;0
Ağustos 2026;Yabancı;Rusça;Görüntülenme / Mesaj;Onkoloji;Doruk Hospital;TRY;Rusça Onkoloji Kazakistan Profilden Ziyaret;​120232526043030080;PAUSED;Instagram Post;​120232526043910080;CAMPAIGN_PAUSED;VISIT_INSTAGRAM_PROFILE;4000;0;0;0;0;0;0;0;0;0;0;0;0
Temmuz 2026;Yabancı;Rusça;Görüntülenme / Mesaj;Onkoloji;Doruk Hospital;TRY;Rusça Onkoloji Kırgızistan Profilden Ziyaret;​120233191183730080;PAUSED;Instagram Post;​120233191185650080;CAMPAIGN_PAUSED;VISIT_INSTAGRAM_PROFILE;1000;0;0;0;0;0;0;0;0;0;0;0;0
Ağustos 2026;Yabancı;Rusça;Görüntülenme / Mesaj;Onkoloji;Doruk Hospital;TRY;Rusça Onkoloji Kırgızistan Profilden Ziyaret;​120233191183730080;PAUSED;Instagram Post;​120233191185650080;CAMPAIGN_PAUSED;VISIT_INSTAGRAM_PROFILE;1000;0;0;0;0;0;0;0;0;0;0;0;0
Temmuz 2026;Yabancı;Rusça;Görüntülenme / Mesaj;Onkoloji;Doruk Hospital;TRY;Rusça Onkoloji Kırgızistan Profilden Ziyaret;​120233188302630080;PAUSED;Instagram Post;​120233188302830080;CAMPAIGN_PAUSED;VISIT_INSTAGRAM_PROFILE;1500;0;0;0;0;0;0;0;0;0;0;0;0
Ağustos 2026;Yabancı;Rusça;Görüntülenme / Mesaj;Onkoloji;Doruk Hospital;TRY;Rusça Onkoloji Kırgızistan Profilden Ziyaret;​120233188302630080;PAUSED;Instagram Post;​120233188302830080;CAMPAIGN_PAUSED;VISIT_INSTAGRAM_PROFILE;1500;0;0;0;0;0;0;0;0;0;0;0;0
Temmuz 2026;Yabancı;Rusça;Görüntülenme / Mesaj;Onkoloji;Doruk Hospital;TRY;Rusça Onkoloji Kırgızistan Profilden Ziyaret;​120233188120190080;PAUSED;Instagram Post;​120233188120630080;CAMPAIGN_PAUSED;VISIT_INSTAGRAM_PROFILE;1500;0;0;0;0;0;0;0;0;0;0;0;0
Ağustos 2026;Yabancı;Rusça;Görüntülenme / Mesaj;Onkoloji;Doruk Hospital;TRY;Rusça Onkoloji Kırgızistan Profilden Ziyaret;​120233188120190080;PAUSED;Instagram Post;​120233188120630080;CAMPAIGN_PAUSED;VISIT_INSTAGRAM_PROFILE;1500;0;0;0;0;0;0;0;0;0;0;0;0
Temmuz 2026;Yabancı;Rusça;Görüntülenme / Mesaj;Onkoloji;Doruk Hospital;TRY;Rusça Onkoloji Kırgızistan Profilden Ziyaret;​120232696259960080;PAUSED;Instagram Post;​120232696260700080;CAMPAIGN_PAUSED;VISIT_INSTAGRAM_PROFILE;1500;0;0;0;0;0;0;0;0;0;0;0;0
Ağustos 2026;Yabancı;Rusça;Görüntülenme / Mesaj;Onkoloji;Doruk Hospital;TRY;Rusça Onkoloji Kırgızistan Profilden Ziyaret;​120232696259960080;PAUSED;Instagram Post;​120232696260700080;CAMPAIGN_PAUSED;VISIT_INSTAGRAM_PROFILE;1500;0;0;0;0;0;0;0;0;0;0;0;0
Temmuz 2026;Yabancı;Rusça;Görüntülenme / Mesaj;Onkoloji;Doruk Hospital;TRY;Rusça Onkoloji Kırgızistan Profilden Ziyaret;​120232695681450080;PAUSED;Instagram Post;​120232695681790080;CAMPAIGN_PAUSED;VISIT_INSTAGRAM_PROFILE;1500;0;0;0;0;0;0;0;0;0;0;0;0
Ağustos 2026;Yabancı;Rusça;Görüntülenme / Mesaj;Onkoloji;Doruk Hospital;TRY;Rusça Onkoloji Kırgızistan Profilden Ziyaret;​120232695681450080;PAUSED;Instagram Post;​120232695681790080;CAMPAIGN_PAUSED;VISIT_INSTAGRAM_PROFILE;1500;0;0;0;0;0;0;0;0;0;0;0;0
Temmuz 2026;Yabancı;Rusça;Görüntülenme / Mesaj;Onkoloji;Doruk Hospital;TRY;Rusça Onkoloji Kırgızistan Profilden Ziyaret;​120232530804450080;PAUSED;Instagram Post;​120232530804510080;CAMPAIGN_PAUSED;VISIT_INSTAGRAM_PROFILE;1500;0;0;0;0;0;0;0;0;0;0;0;0
Ağustos 2026;Yabancı;Rusça;Görüntülenme / Mesaj;Onkoloji;Doruk Hospital;TRY;Rusça Onkoloji Kırgızistan Profilden Ziyaret;​120232530804450080;PAUSED;Instagram Post;​120232530804510080;CAMPAIGN_PAUSED;VISIT_INSTAGRAM_PROFILE;1500;0;0;0;0;0;0;0;0;0;0;0;0
Temmuz 2026;Yabancı;Rusça;Görüntülenme / Mesaj;Onkoloji;Doruk Hospital;TRY;Rusça Onkoloji Kırgızistan Profilden Ziyaret;​120232530695750080;PAUSED;Instagram Post;​120232530695970080;CAMPAIGN_PAUSED;VISIT_INSTAGRAM_PROFILE;1500;0;0;0;0;0;0;0;0;0;0;0;0
Ağustos 2026;Yabancı;Rusça;Görüntülenme / Mesaj;Onkoloji;Doruk Hospital;TRY;Rusça Onkoloji Kırgızistan Profilden Ziyaret;​120232530695750080;PAUSED;Instagram Post;​120232530695970080;CAMPAIGN_PAUSED;VISIT_INSTAGRAM_PROFILE;1500;0;0;0;0;0;0;0;0;0;0;0;0
Temmuz 2026;Yabancı;Rusça;Görüntülenme / Mesaj;Onkoloji;Doruk Hospital;TRY;Rusça Onkoloji Özbekistan Profilden Ziyaret;​120233188289120080;PAUSED;Instagram Post;​120233188289420080;CAMPAIGN_PAUSED;VISIT_INSTAGRAM_PROFILE;2000;0;0;0;0;0;0;0;0;0;0;0;0
Ağustos 2026;Yabancı;Rusça;Görüntülenme / Mesaj;Onkoloji;Doruk Hospital;TRY;Rusça Onkoloji Özbekistan Profilden Ziyaret;​120233188289120080;PAUSED;Instagram Post;​120233188289420080;CAMPAIGN_PAUSED;VISIT_INSTAGRAM_PROFILE;2000;0;0;0;0;0;0;0;0;0;0;0;0
Temmuz 2026;Yabancı;Rusça;Görüntülenme / Mesaj;Onkoloji;Doruk Hospital;TRY;Rusça Onkoloji Özbekistan Profilden Ziyaret;​120233187287230080;PAUSED;Instagram Post;​120233187287710080;CAMPAIGN_PAUSED;VISIT_INSTAGRAM_PROFILE;2500;0;0;0;0;0;0;0;0;0;0;0;0
Ağustos 2026;Yabancı;Rusça;Görüntülenme / Mesaj;Onkoloji;Doruk Hospital;TRY;Rusça Onkoloji Özbekistan Profilden Ziyaret;​120233187287230080;PAUSED;Instagram Post;​120233187287710080;CAMPAIGN_PAUSED;VISIT_INSTAGRAM_PROFILE;2500;0;0;0;0;0;0;0;0;0;0;0;0
Temmuz 2026;Yabancı;Rusça;Görüntülenme / Mesaj;Onkoloji;Doruk Hospital;TRY;Rusça Onkoloji Özbekistan Profilden Ziyaret;​120232793566570080;PAUSED;Instagram Post;​120232793566740080;CAMPAIGN_PAUSED;VISIT_INSTAGRAM_PROFILE;2500;0;0;0;0;0;0;0;0;0;0;0;0
Ağustos 2026;Yabancı;Rusça;Görüntülenme / Mesaj;Onkoloji;Doruk Hospital;TRY;Rusça Onkoloji Özbekistan Profilden Ziyaret;​120232793566570080;PAUSED;Instagram Post;​120232793566740080;CAMPAIGN_PAUSED;VISIT_INSTAGRAM_PROFILE;2500;0;0;0;0;0;0;0;0;0;0;0;0
Temmuz 2026;Yabancı;Rusça;Görüntülenme / Mesaj;Onkoloji;Doruk Hospital;TRY;Rusça Onkoloji Özbekistan Profilden Ziyaret;​120232695526430080;PAUSED;Instagram Post;​120232695526690080;CAMPAIGN_PAUSED;VISIT_INSTAGRAM_PROFILE;2500;0;0;0;0;0;0;0;0;0;0;0;0
Ağustos 2026;Yabancı;Rusça;Görüntülenme / Mesaj;Onkoloji;Doruk Hospital;TRY;Rusça Onkoloji Özbekistan Profilden Ziyaret;​120232695526430080;PAUSED;Instagram Post;​120232695526690080;CAMPAIGN_PAUSED;VISIT_INSTAGRAM_PROFILE;2500;0;0;0;0;0;0;0;0;0;0;0;0
Temmuz 2026;Yabancı;Rusça;Görüntülenme / Mesaj;Onkoloji;Doruk Hospital;TRY;Rusça Onkoloji Özbekistan Profilden Ziyaret;​120232615715320080;PAUSED;Instagram Post;​120232615715510080;PAUSED;VISIT_INSTAGRAM_PROFILE;2500;0;0;0;0;0;0;0;0;0;0;0;0
Ağustos 2026;Yabancı;Rusça;Görüntülenme / Mesaj;Onkoloji;Doruk Hospital;TRY;Rusça Onkoloji Özbekistan Profilden Ziyaret;​120232615715320080;PAUSED;Instagram Post;​120232615715510080;PAUSED;VISIT_INSTAGRAM_PROFILE;2500;0;0;0;0;0;0;0;0;0;0;0;0
Temmuz 2026;Yabancı;Rusça;Görüntülenme / Mesaj;Onkoloji;Doruk Hospital;TRY;Rusça Onkoloji Özbekistan Profilden Ziyaret;​120232615670770080;PAUSED;Instagram Post;​120232615671350080;CAMPAIGN_PAUSED;VISIT_INSTAGRAM_PROFILE;3500;0;0;0;0;0;0;0;0;0;0;0;0
Ağustos 2026;Yabancı;Rusça;Görüntülenme / Mesaj;Onkoloji;Doruk Hospital;TRY;Rusça Onkoloji Özbekistan Profilden Ziyaret;​120232615670770080;PAUSED;Instagram Post;​120232615671350080;CAMPAIGN_PAUSED;VISIT_INSTAGRAM_PROFILE;3500;0;0;0;0;0;0;0;0;0;0;0;0
Temmuz 2026;Yabancı;Rusça;Görüntülenme / Mesaj;Onkoloji;Doruk Hospital;TRY;Rusça Onkoloji Özbekistan Profilden Ziyaret;​120232529793440080;PAUSED;Instagram Post;​120232529793520080;CAMPAIGN_PAUSED;VISIT_INSTAGRAM_PROFILE;2500;0;0;0;0;0;0;0;0;0;0;0;0
Ağustos 2026;Yabancı;Rusça;Görüntülenme / Mesaj;Onkoloji;Doruk Hospital;TRY;Rusça Onkoloji Özbekistan Profilden Ziyaret;​120232529793440080;PAUSED;Instagram Post;​120232529793520080;CAMPAIGN_PAUSED;VISIT_INSTAGRAM_PROFILE;2500;0;0;0;0;0;0;0;0;0;0;0;0
Temmuz 2026;Yabancı;Rusça;Görüntülenme / Mesaj;Onkoloji;Doruk Hospital;TRY;Rusça Onkoloji Özbekistan Profilden Ziyaret;​120232529670800080;PAUSED;Instagram Post;​120232529670960080;CAMPAIGN_PAUSED;VISIT_INSTAGRAM_PROFILE;2500;0;0;0;0;0;0;0;0;0;0;0;0
Ağustos 2026;Yabancı;Rusça;Görüntülenme / Mesaj;Onkoloji;Doruk Hospital;TRY;Rusça Onkoloji Özbekistan Profilden Ziyaret;​120232529670800080;PAUSED;Instagram Post;​120232529670960080;CAMPAIGN_PAUSED;VISIT_INSTAGRAM_PROFILE;2500;0;0;0;0;0;0;0;0;0;0;0;0
Temmuz 2026;Yabancı;Belirsiz;Lead;Acente / Uluslararası;Doruk Hospital;TRY;[03.11.2025] Almaty OPD Sayfasının Tanıtımı;​120234224306900080;PAUSED;[03.11.2025] Almaty OPD Sayfasının Tanıtımı;​120234224307520080;CAMPAIGN_PAUSED;LEAD_GENERATION;1000;0;0;0;0;0;0;0;0;0;0;0;0
Ağustos 2026;Yabancı;Belirsiz;Lead;Acente / Uluslararası;Doruk Hospital;TRY;[03.11.2025] Almaty OPD Sayfasının Tanıtımı;​120234224306900080;PAUSED;[03.11.2025] Almaty OPD Sayfasının Tanıtımı;​120234224307520080;CAMPAIGN_PAUSED;LEAD_GENERATION;1000;0;0;0;0;0;0;0;0;0;0;0;0
Temmuz 2026;Yabancı;Arapça;Lead;Acente / Uluslararası;Doruk Hospital;TRY;Acenta - Acente - İnfluencer - Tümü -  AR - Doruk İlaj Turkia - lead;​120239595260030080;PAUSED;Acenta - Bahreyn;​120239595787350080;PAUSED;LEAD_GENERATION;0;0;400;0;0;0;0;0;0;0;0;0;0
Ağustos 2026;Yabancı;Arapça;Lead;Acente / Uluslararası;Doruk Hospital;TRY;Acenta - Acente - İnfluencer - Tümü -  AR - Doruk İlaj Turkia - lead;​120239595260030080;PAUSED;Acenta - Bahreyn;​120239595787350080;PAUSED;LEAD_GENERATION;0;0;400;0;0;0;0;0;0;0;0;0;0
Temmuz 2026;Yabancı;Arapça;Lead;Acente / Uluslararası;Doruk Hospital;TRY;Acenta - Acente - İnfluencer - Tümü -  AR - Doruk İlaj Turkia - lead;​120239595260030080;PAUSED;Acenta - Irak;​120239595260190080;CAMPAIGN_PAUSED;LEAD_GENERATION;0;0;800;0;0;0;0;0;0;0;0;0;0
Ağustos 2026;Yabancı;Arapça;Lead;Acente / Uluslararası;Doruk Hospital;TRY;Acenta - Acente - İnfluencer - Tümü -  AR - Doruk İlaj Turkia - lead;​120239595260030080;PAUSED;Acenta - Irak;​120239595260190080;CAMPAIGN_PAUSED;LEAD_GENERATION;0;0;800;0;0;0;0;0;0;0;0;0;0
Temmuz 2026;Yabancı;Arapça;Lead;Acente / Uluslararası;Doruk Hospital;TRY;Acenta - Acente - İnfluencer - Tümü -  AR - Doruk İlaj Turkia - lead;​120239595260030080;PAUSED;Acenta - Katar;​120239595741620080;CAMPAIGN_PAUSED;LEAD_GENERATION;0;0;400;0;0;0;0;0;0;0;0;0;0
Ağustos 2026;Yabancı;Arapça;Lead;Acente / Uluslararası;Doruk Hospital;TRY;Acenta - Acente - İnfluencer - Tümü -  AR - Doruk İlaj Turkia - lead;​120239595260030080;PAUSED;Acenta - Katar;​120239595741620080;CAMPAIGN_PAUSED;LEAD_GENERATION;0;0;400;0;0;0;0;0;0;0;0;0;0
Temmuz 2026;Yabancı;Arapça;Lead;Acente / Uluslararası;Doruk Hospital;TRY;Acenta - Acente - İnfluencer - Tümü -  AR - Doruk İlaj Turkia - lead;​120239595260030080;PAUSED;Acenta - Kuveyt;​120239595665210080;CAMPAIGN_PAUSED;LEAD_GENERATION;0;0;800;0;0;0;0;0;0;0;0;0;0
Ağustos 2026;Yabancı;Arapça;Lead;Acente / Uluslararası;Doruk Hospital;TRY;Acenta - Acente - İnfluencer - Tümü -  AR - Doruk İlaj Turkia - lead;​120239595260030080;PAUSED;Acenta - Kuveyt;​120239595665210080;CAMPAIGN_PAUSED;LEAD_GENERATION;0;0;800;0;0;0;0;0;0;0;0;0;0
Temmuz 2026;Yabancı;Arapça;Lead;Acente / Uluslararası;Doruk Hospital;TRY;Acenta - Acente - İnfluencer - Tümü -  AR - Doruk İlaj Turkia - lead;​120239595260030080;PAUSED;Acenta - Umman;​120239595806110080;CAMPAIGN_PAUSED;LEAD_GENERATION;0;0;800;0;0;0;0;0;0;0;0;0;0
Ağustos 2026;Yabancı;Arapça;Lead;Acente / Uluslararası;Doruk Hospital;TRY;Acenta - Acente - İnfluencer - Tümü -  AR - Doruk İlaj Turkia - lead;​120239595260030080;PAUSED;Acenta - Umman;​120239595806110080;CAMPAIGN_PAUSED;LEAD_GENERATION;0;0;800;0;0;0;0;0;0;0;0;0;0
Temmuz 2026;Yabancı;Arapça;Lead;Acente / Uluslararası;Doruk Hospital;TRY;Acenta - Acente - İnfluencer - Tümü -  AR - Doruk İlaj Turkia - lead;​120239595260030080;PAUSED;Influencer;​120239595260200080;PAUSED;LEAD_GENERATION;0;0;50;0;0;0;0;0;0;0;0;0;0
Ağustos 2026;Yabancı;Arapça;Lead;Acente / Uluslararası;Doruk Hospital;TRY;Acenta - Acente - İnfluencer - Tümü -  AR - Doruk İlaj Turkia - lead;​120239595260030080;PAUSED;Influencer;​120239595260200080;PAUSED;LEAD_GENERATION;0;0;50;0;0;0;0;0;0;0;0;0;0
Temmuz 2026;Yabancı;Rusça;Lead;Acente / Uluslararası;Doruk Hospital;TRY;Acenta - Acente - İnfluencer - Tümü - RU - Lechenie v Turtsii - lead;​120239596286080080;PAUSED;Acente - Kazakistan;​120239596593740080;CAMPAIGN_PAUSED;LEAD_GENERATION;0;0;1200;0;0;0;0;0;0;0;0;0;0
Ağustos 2026;Yabancı;Rusça;Lead;Acente / Uluslararası;Doruk Hospital;TRY;Acenta - Acente - İnfluencer - Tümü - RU - Lechenie v Turtsii - lead;​120239596286080080;PAUSED;Acente - Kazakistan;​120239596593740080;CAMPAIGN_PAUSED;LEAD_GENERATION;0;0;1200;0;0;0;0;0;0;0;0;0;0
Temmuz 2026;Yabancı;Rusça;Lead;Acente / Uluslararası;Doruk Hospital;TRY;Acenta - Acente - İnfluencer - Tümü - RU - Lechenie v Turtsii - lead;​120239596286080080;PAUSED;Acente - Kırgızistan;​120239596561060080;CAMPAIGN_PAUSED;LEAD_GENERATION;0;0;400;0;0;0;0;0;0;0;0;0;0
Ağustos 2026;Yabancı;Rusça;Lead;Acente / Uluslararası;Doruk Hospital;TRY;Acenta - Acente - İnfluencer - Tümü - RU - Lechenie v Turtsii - lead;​120239596286080080;PAUSED;Acente - Kırgızistan;​120239596561060080;CAMPAIGN_PAUSED;LEAD_GENERATION;0;0;400;0;0;0;0;0;0;0;0;0;0
Temmuz 2026;Yabancı;Rusça;Lead;Acente / Uluslararası;Doruk Hospital;TRY;Acenta - Acente - İnfluencer - Tümü - RU - Lechenie v Turtsii - lead;​120239596286080080;PAUSED;Acente - Özbekistan;​120239596286070080;CAMPAIGN_PAUSED;LEAD_GENERATION;0;0;500;0;0;0;0;0;0;0;0;0;0
Ağustos 2026;Yabancı;Rusça;Lead;Acente / Uluslararası;Doruk Hospital;TRY;Acenta - Acente - İnfluencer - Tümü - RU - Lechenie v Turtsii - lead;​120239596286080080;PAUSED;Acente - Özbekistan;​120239596286070080;CAMPAIGN_PAUSED;LEAD_GENERATION;0;0;500;0;0;0;0;0;0;0;0;0;0
Temmuz 2026;Yabancı;Rusça;Lead;Acente / Uluslararası;Doruk Hospital;TRY;Acenta - Acente - İnfluencer - Tümü - RU - Lechenie v Turtsii - lead;​120239596286080080;PAUSED;Influencer;​120239596286170080;PAUSED;LEAD_GENERATION;0;0;50;0;0;0;0;0;0;0;0;0;0
Ağustos 2026;Yabancı;Rusça;Lead;Acente / Uluslararası;Doruk Hospital;TRY;Acenta - Acente - İnfluencer - Tümü - RU - Lechenie v Turtsii - lead;​120239596286080080;PAUSED;Influencer;​120239596286170080;PAUSED;LEAD_GENERATION;0;0;50;0;0;0;0;0;0;0;0;0;0
Temmuz 2026;Yabancı;Arapça;Lead;Acente / Uluslararası;Doruk Hospital;TRY;Acente - İnfluencer - AR - lead;​120239212766730080;PAUSED;Acenta;​120239221312120080;PAUSED;LEAD_GENERATION;0;0;50;0;0;0;0;0;0;0;0;0;0
Ağustos 2026;Yabancı;Arapça;Lead;Acente / Uluslararası;Doruk Hospital;TRY;Acente - İnfluencer - AR - lead;​120239212766730080;PAUSED;Acenta;​120239221312120080;PAUSED;LEAD_GENERATION;0;0;50;0;0;0;0;0;0;0;0;0;0
Temmuz 2026;Yabancı;Arapça;Lead;Acente / Uluslararası;Doruk Hospital;TRY;Acente - İnfluencer - AR - lead;​120239212766730080;PAUSED;Influencer;​120239212766710080;PAUSED;LEAD_GENERATION;0;0;50;0;0;0;0;0;0;0;0;0;0
Ağustos 2026;Yabancı;Arapça;Lead;Acente / Uluslararası;Doruk Hospital;TRY;Acente - İnfluencer - AR - lead;​120239212766730080;PAUSED;Influencer;​120239212766710080;PAUSED;LEAD_GENERATION;0;0;50;0;0;0;0;0;0;0;0;0;0
Temmuz 2026;Yabancı;İngilizce;Lead;Acente / Uluslararası;Doruk Hospital;TRY;Acente - İnfluencer - EN - lead;​120239171252160080;PAUSED;Acente;​120239171252170080;PAUSED;LEAD_GENERATION;0;0;50;0;0;0;0;0;0;0;0;0;0
Ağustos 2026;Yabancı;İngilizce;Lead;Acente / Uluslararası;Doruk Hospital;TRY;Acente - İnfluencer - EN - lead;​120239171252160080;PAUSED;Acente;​120239171252170080;PAUSED;LEAD_GENERATION;0;0;50;0;0;0;0;0;0;0;0;0;0
Temmuz 2026;Yabancı;İngilizce;Lead;Acente / Uluslararası;Doruk Hospital;TRY;Acente - İnfluencer - EN - lead;​120239171252160080;PAUSED;Influencer;​120239171538670080;PAUSED;LEAD_GENERATION;0;0;50;0;0;0;0;0;0;0;0;0;0
Ağustos 2026;Yabancı;İngilizce;Lead;Acente / Uluslararası;Doruk Hospital;TRY;Acente - İnfluencer - EN - lead;​120239171252160080;PAUSED;Influencer;​120239171538670080;PAUSED;LEAD_GENERATION;0;0;50;0;0;0;0;0;0;0;0;0;0
Temmuz 2026;Yabancı;Rusça;Lead;Acente / Uluslararası;Doruk Hospital;TRY;Acente - İnfluencer - RU - lead;​120239212288200080;PAUSED;Acente;​120239212288270080;PAUSED;LEAD_GENERATION;0;0;50;0;0;0;0;0;0;0;0;0;0
Ağustos 2026;Yabancı;Rusça;Lead;Acente / Uluslararası;Doruk Hospital;TRY;Acente - İnfluencer - RU - lead;​120239212288200080;PAUSED;Acente;​120239212288270080;PAUSED;LEAD_GENERATION;0;0;50;0;0;0;0;0;0;0;0;0;0
Temmuz 2026;Yabancı;Rusça;Lead;Acente / Uluslararası;Doruk Hospital;TRY;Acente - İnfluencer - RU - lead;​120239212288200080;PAUSED;Influencer;​120239212288190080;PAUSED;LEAD_GENERATION;0;0;50;0;0;0;0;0;0;0;0;0;0
Ağustos 2026;Yabancı;Rusça;Lead;Acente / Uluslararası;Doruk Hospital;TRY;Acente - İnfluencer - RU - lead;​120239212288200080;PAUSED;Influencer;​120239212288190080;PAUSED;LEAD_GENERATION;0;0;50;0;0;0;0;0;0;0;0;0;0
Temmuz 2026;Yabancı;Rusça;Lead;Acente / Uluslararası;Doruk Hospital;TRY;OPD - OPD - Kazakistan - Almaty - RU - Lechenie v turtsii - lead;​120234256111940080;PAUSED;OPD - Kazakistan;​120234256111950080;CAMPAIGN_PAUSED;LEAD_GENERATION;0;0;8000;0;0;0;0;0;0;0;0;0;0
Ağustos 2026;Yabancı;Rusça;Lead;Acente / Uluslararası;Doruk Hospital;TRY;OPD - OPD - Kazakistan - Almaty - RU - Lechenie v turtsii - lead;​120234256111940080;PAUSED;OPD - Kazakistan;​120234256111950080;CAMPAIGN_PAUSED;LEAD_GENERATION;0;0;8000;0;0;0;0;0;0;0;0;0;0
Temmuz 2026;Yabancı;İngilizce;Lead;Diğer / Sınıflandırılacak;Doruk Hospital;TRY;Ortopedi - Diz Protez - Amerika - EN;​120210835034990080;PAUSED;Amerika  broad;​120210835034980080;CAMPAIGN_PAUSED;LEAD_GENERATION;0;0;1500;0;0;0;0;0;0;0;0;0;0
Ağustos 2026;Yabancı;İngilizce;Lead;Diğer / Sınıflandırılacak;Doruk Hospital;TRY;Ortopedi - Diz Protez - Amerika - EN;​120210835034990080;PAUSED;Amerika  broad;​120210835034980080;CAMPAIGN_PAUSED;LEAD_GENERATION;0;0;1500;0;0;0;0;0;0;0;0;0;0
Temmuz 2026;Yabancı;İngilizce;Lead;Diğer / Sınıflandırılacak;Doruk Hospital;TRY;Ortopedi - Diz Protez - Avrupa Bölgesi  - Tümü -EN - Doruk Hospital;​120210836561880080;PAUSED;Avrupa Bölgesi broad;​120210836561870080;CAMPAIGN_PAUSED;LEAD_GENERATION;0;0;1500;0;0;0;0;0;0;0;0;0;0
Ağustos 2026;Yabancı;İngilizce;Lead;Diğer / Sınıflandırılacak;Doruk Hospital;TRY;Ortopedi - Diz Protez - Avrupa Bölgesi  - Tümü -EN - Doruk Hospital;​120210836561880080;PAUSED;Avrupa Bölgesi broad;​120210836561870080;CAMPAIGN_PAUSED;LEAD_GENERATION;0;0;1500;0;0;0;0;0;0;0;0;0;0
Temmuz 2026;Yabancı;Arapça;Lead;Diğer / Sınıflandırılacak;Doruk Hospital;TRY;Ortopedi - Diz Protez - BAE - Tümü -AR;​120211050415700080;PAUSED;bae broad;​120211050415690080;CAMPAIGN_PAUSED;LEAD_GENERATION;0;0;1500;0;0;0;0;0;0;0;0;0;0
Ağustos 2026;Yabancı;Arapça;Lead;Diğer / Sınıflandırılacak;Doruk Hospital;TRY;Ortopedi - Diz Protez - BAE - Tümü -AR;​120211050415700080;PAUSED;bae broad;​120211050415690080;CAMPAIGN_PAUSED;LEAD_GENERATION;0;0;1500;0;0;0;0;0;0;0;0;0;0
Temmuz 2026;Yabancı;Arapça;Lead;Diğer / Sınıflandırılacak;Doruk Hospital;TRY;Ortopedi - Diz Protez - Bahreyn - Tümü -AR;​120211050222760080;PAUSED;bahreyn broad;​120211050222750080;CAMPAIGN_PAUSED;LEAD_GENERATION;0;0;500;0;0;0;0;0;0;0;0;0;0
Ağustos 2026;Yabancı;Arapça;Lead;Diğer / Sınıflandırılacak;Doruk Hospital;TRY;Ortopedi - Diz Protez - Bahreyn - Tümü -AR;​120211050222760080;PAUSED;bahreyn broad;​120211050222750080;CAMPAIGN_PAUSED;LEAD_GENERATION;0;0;500;0;0;0;0;0;0;0;0;0;0
Temmuz 2026;Yabancı;İngilizce;Lead;Diğer / Sınıflandırılacak;Doruk Hospital;TRY;Ortopedi - Diz Protez - İngiltere, İrlanda - Tümü - EN - Doruk Hospital;​120210836552770080;PAUSED;İngiltere - İrlanda broad;​120210836552760080;CAMPAIGN_PAUSED;LEAD_GENERATION;0;0;1500;0;0;0;0;0;0;0;0;0;0
Ağustos 2026;Yabancı;İngilizce;Lead;Diğer / Sınıflandırılacak;Doruk Hospital;TRY;Ortopedi - Diz Protez - İngiltere, İrlanda - Tümü - EN - Doruk Hospital;​120210836552770080;PAUSED;İngiltere - İrlanda broad;​120210836552760080;CAMPAIGN_PAUSED;LEAD_GENERATION;0;0;1500;0;0;0;0;0;0;0;0;0;0
Temmuz 2026;Yabancı;Arapça;Lead;Diğer / Sınıflandırılacak;Doruk Hospital;TRY;Ortopedi - Diz Protez - Katar - Tümü -AR;​120211050430140080;PAUSED;katar broad;​120211050430130080;CAMPAIGN_PAUSED;LEAD_GENERATION;0;0;1500;0;0;0;0;0;0;0;0;0;0
Ağustos 2026;Yabancı;Arapça;Lead;Diğer / Sınıflandırılacak;Doruk Hospital;TRY;Ortopedi - Diz Protez - Katar - Tümü -AR;​120211050430140080;PAUSED;katar broad;​120211050430130080;CAMPAIGN_PAUSED;LEAD_GENERATION;0;0;1500;0;0;0;0;0;0;0;0;0;0
Temmuz 2026;Yabancı;Arapça;Lead;Diğer / Sınıflandırılacak;Doruk Hospital;TRY;Ortopedi - Diz Protez - Kuveyt - Tümü -AR;​120211050424560080;PAUSED;kuveyt broad;​120211050424550080;CAMPAIGN_PAUSED;LEAD_GENERATION;0;0;1500;0;0;0;0;0;0;0;0;0;0
Ağustos 2026;Yabancı;Arapça;Lead;Diğer / Sınıflandırılacak;Doruk Hospital;TRY;Ortopedi - Diz Protez - Kuveyt - Tümü -AR;​120211050424560080;PAUSED;kuveyt broad;​120211050424550080;CAMPAIGN_PAUSED;LEAD_GENERATION;0;0;1500;0;0;0;0;0;0;0;0;0;0
Temmuz 2026;Yabancı;Rusça;Lead;Diğer / Sınıflandırılacak;Doruk Hospital;TRY;Ortopedi - Diz Protez - Rus Bölgesi - Tümü - RU;​120211050949800080;PAUSED;rusça konuşan ülkeler;​120211050949770080;CAMPAIGN_PAUSED;LEAD_GENERATION;0;0;1000;0;0;0;0;0;0;0;0;0;0
Ağustos 2026;Yabancı;Rusça;Lead;Diğer / Sınıflandırılacak;Doruk Hospital;TRY;Ortopedi - Diz Protez - Rus Bölgesi - Tümü - RU;​120211050949800080;PAUSED;rusça konuşan ülkeler;​120211050949770080;CAMPAIGN_PAUSED;LEAD_GENERATION;0;0;1000;0;0;0;0;0;0;0;0;0;0
Temmuz 2026;Yabancı;Arapça;Lead;Diğer / Sınıflandırılacak;Doruk Hospital;TRY;Ortopedi - Diz Protez - Umman  - Tümü -AR;​120211050435210080;PAUSED;katar broad;​120211050435200080;CAMPAIGN_PAUSED;LEAD_GENERATION;0;0;1500;0;0;0;0;0;0;0;0;0;0
Ağustos 2026;Yabancı;Arapça;Lead;Diğer / Sınıflandırılacak;Doruk Hospital;TRY;Ortopedi - Diz Protez - Umman  - Tümü -AR;​120211050435210080;PAUSED;katar broad;​120211050435200080;CAMPAIGN_PAUSED;LEAD_GENERATION;0;0;1500;0;0;0;0;0;0;0;0;0;0
Temmuz 2026;Yabancı;İngilizce;Lead;Diğer / Sınıflandırılacak;Doruk Hospital;TRY;Ortopedi - Kalça Protez - Amerika - EN;​120210841230500080;PAUSED;Amerika  broad;​120210841230480080;CAMPAIGN_PAUSED;LEAD_GENERATION;0;0;800;0;0;0;0;0;0;0;0;0;0
Ağustos 2026;Yabancı;İngilizce;Lead;Diğer / Sınıflandırılacak;Doruk Hospital;TRY;Ortopedi - Kalça Protez - Amerika - EN;​120210841230500080;PAUSED;Amerika  broad;​120210841230480080;CAMPAIGN_PAUSED;LEAD_GENERATION;0;0;800;0;0;0;0;0;0;0;0;0;0
Temmuz 2026;Yabancı;İngilizce;Lead;Diğer / Sınıflandırılacak;Doruk Hospital;TRY;Ortopedi - Kalça Protez - Avrupa Bölgesi - Tümü -EN - Doruk Hospital;​120210841479110080;PAUSED;Avrupa Bölgesi broad;​120210841479070080;CAMPAIGN_PAUSED;LEAD_GENERATION;0;0;1000;0;0;0;0;0;0;0;0;0;0
Ağustos 2026;Yabancı;İngilizce;Lead;Diğer / Sınıflandırılacak;Doruk Hospital;TRY;Ortopedi - Kalça Protez - Avrupa Bölgesi - Tümü -EN - Doruk Hospital;​120210841479110080;PAUSED;Avrupa Bölgesi broad;​120210841479070080;CAMPAIGN_PAUSED;LEAD_GENERATION;0;0;1000;0;0;0;0;0;0;0;0;0;0
Temmuz 2026;Yabancı;Arapça;Lead;Diğer / Sınıflandırılacak;Doruk Hospital;TRY;Ortopedi - Kalça Protez - BAE - Tümü -AR;​120211050755840080;PAUSED;bae broad;​120211050755830080;CAMPAIGN_PAUSED;LEAD_GENERATION;0;0;1500;0;0;0;0;0;0;0;0;0;0
Ağustos 2026;Yabancı;Arapça;Lead;Diğer / Sınıflandırılacak;Doruk Hospital;TRY;Ortopedi - Kalça Protez - BAE - Tümü -AR;​120211050755840080;PAUSED;bae broad;​120211050755830080;CAMPAIGN_PAUSED;LEAD_GENERATION;0;0;1500;0;0;0;0;0;0;0;0;0;0
Temmuz 2026;Yabancı;Arapça;Lead;Diğer / Sınıflandırılacak;Doruk Hospital;TRY;Ortopedi - Kalça Protez - Bahreyn  - Tümü -AR;​120211050793900080;PAUSED;bahreyn broad;​120211050793910080;CAMPAIGN_PAUSED;LEAD_GENERATION;0;0;1500;0;0;0;0;0;0;0;0;0;0
Ağustos 2026;Yabancı;Arapça;Lead;Diğer / Sınıflandırılacak;Doruk Hospital;TRY;Ortopedi - Kalça Protez - Bahreyn  - Tümü -AR;​120211050793900080;PAUSED;bahreyn broad;​120211050793910080;CAMPAIGN_PAUSED;LEAD_GENERATION;0;0;1500;0;0;0;0;0;0;0;0;0;0
Temmuz 2026;Yabancı;İngilizce;Lead;Diğer / Sınıflandırılacak;Doruk Hospital;TRY;Ortopedi - Kalça Protez - İngiltere, İrlanda - Tümü -EN - Doruk Hospital;​120210841471150080;PAUSED;İngiltere, İrlanda  broad;​120210841471170080;CAMPAIGN_PAUSED;LEAD_GENERATION;0;0;1000;0;0;0;0;0;0;0;0;0;0
Ağustos 2026;Yabancı;İngilizce;Lead;Diğer / Sınıflandırılacak;Doruk Hospital;TRY;Ortopedi - Kalça Protez - İngiltere, İrlanda - Tümü -EN - Doruk Hospital;​120210841471150080;PAUSED;İngiltere, İrlanda  broad;​120210841471170080;CAMPAIGN_PAUSED;LEAD_GENERATION;0;0;1000;0;0;0;0;0;0;0;0;0;0
Temmuz 2026;Yabancı;Arapça;Lead;Diğer / Sınıflandırılacak;Doruk Hospital;TRY;Ortopedi - Kalça Protez - Katar - Tümü -AR;​120211050779280080;PAUSED;katar  broad;​120211050779270080;CAMPAIGN_PAUSED;LEAD_GENERATION;0;0;1500;0;0;0;0;0;0;0;0;0;0
Ağustos 2026;Yabancı;Arapça;Lead;Diğer / Sınıflandırılacak;Doruk Hospital;TRY;Ortopedi - Kalça Protez - Katar - Tümü -AR;​120211050779280080;PAUSED;katar  broad;​120211050779270080;CAMPAIGN_PAUSED;LEAD_GENERATION;0;0;1500;0;0;0;0;0;0;0;0;0;0
Temmuz 2026;Yabancı;Arapça;Lead;Diğer / Sınıflandırılacak;Doruk Hospital;TRY;Ortopedi - Kalça Protez - Kuveyt - Tümü -AR;​120211050764690080;PAUSED;bae broad;​120211050764680080;CAMPAIGN_PAUSED;LEAD_GENERATION;0;0;1500;0;0;0;0;0;0;0;0;0;0
Ağustos 2026;Yabancı;Arapça;Lead;Diğer / Sınıflandırılacak;Doruk Hospital;TRY;Ortopedi - Kalça Protez - Kuveyt - Tümü -AR;​120211050764690080;PAUSED;bae broad;​120211050764680080;CAMPAIGN_PAUSED;LEAD_GENERATION;0;0;1500;0;0;0;0;0;0;0;0;0;0
Temmuz 2026;Yabancı;Rusça;Lead;Diğer / Sınıflandırılacak;Doruk Hospital;TRY;Ortopedi - Kalça Protez - Rus Bölgesi - Tümü -RU;​120211050816760080;PAUSED;rusça konuşan ülkeler;​120211050816750080;CAMPAIGN_PAUSED;LEAD_GENERATION;0;0;2500;0;0;0;0;0;0;0;0;0;0
Ağustos 2026;Yabancı;Rusça;Lead;Diğer / Sınıflandırılacak;Doruk Hospital;TRY;Ortopedi - Kalça Protez - Rus Bölgesi - Tümü -RU;​120211050816760080;PAUSED;rusça konuşan ülkeler;​120211050816750080;CAMPAIGN_PAUSED;LEAD_GENERATION;0;0;2500;0;0;0;0;0;0;0;0;0;0
Temmuz 2026;Yabancı;Arapça;Lead;Diğer / Sınıflandırılacak;Doruk Hospital;TRY;Ortopedi - Kalça Protez - Umman  - Tümü -AR;​120211050494290080;PAUSED;umman broad;​120211050494280080;CAMPAIGN_PAUSED;LEAD_GENERATION;0;0;1500;0;0;0;0;0;0;0;0;0;0
Ağustos 2026;Yabancı;Arapça;Lead;Diğer / Sınıflandırılacak;Doruk Hospital;TRY;Ortopedi - Kalça Protez - Umman  - Tümü -AR;​120211050494290080;PAUSED;umman broad;​120211050494280080;CAMPAIGN_PAUSED;LEAD_GENERATION;0;0;1500;0;0;0;0;0;0;0;0;0;0
Temmuz 2026;Yabancı;Rusça;Lead;Diğer / Sınıflandırılacak;Doruk Hospital;TRY;Üroloji  - Penil Protez - Avrupa Bölgesi - RU;​120210288497880080;PAUSED;Avrupa Bölgesi broad;​120210288497870080;CAMPAIGN_PAUSED;LEAD_GENERATION;0;0;500;0;0;0;0;0;0;0;0;0;0
Ağustos 2026;Yabancı;Rusça;Lead;Diğer / Sınıflandırılacak;Doruk Hospital;TRY;Üroloji  - Penil Protez - Avrupa Bölgesi - RU;​120210288497880080;PAUSED;Avrupa Bölgesi broad;​120210288497870080;CAMPAIGN_PAUSED;LEAD_GENERATION;0;0;500;0;0;0;0;0;0;0;0;0;0
Temmuz 2026;Yabancı;Arapça;Lead;Diğer / Sınıflandırılacak;Doruk Hospital;TRY;Üroloji - Penil Protez  - Bahreyn - AR;​120210292644150080;PAUSED;bahreyn broad;​120210292644140080;CAMPAIGN_PAUSED;LEAD_GENERATION;0;0;500;0;0;0;0;0;0;0;0;0;0
Ağustos 2026;Yabancı;Arapça;Lead;Diğer / Sınıflandırılacak;Doruk Hospital;TRY;Üroloji - Penil Protez  - Bahreyn - AR;​120210292644150080;PAUSED;bahreyn broad;​120210292644140080;CAMPAIGN_PAUSED;LEAD_GENERATION;0;0;500;0;0;0;0;0;0;0;0;0;0
Temmuz 2026;Yabancı;İngilizce;Lead;Diğer / Sınıflandırılacak;Doruk Hospital;TRY;Üroloji - Penil Protez - Amerika - EN;​120210294869350080;PAUSED;Amerika broad;​120210294869340080;CAMPAIGN_PAUSED;LEAD_GENERATION;0;0;500;0;0;0;0;0;0;0;0;0;0
Ağustos 2026;Yabancı;İngilizce;Lead;Diğer / Sınıflandırılacak;Doruk Hospital;TRY;Üroloji - Penil Protez - Amerika - EN;​120210294869350080;PAUSED;Amerika broad;​120210294869340080;CAMPAIGN_PAUSED;LEAD_GENERATION;0;0;500;0;0;0;0;0;0;0;0;0;0
Temmuz 2026;Yabancı;İngilizce;Lead;Diğer / Sınıflandırılacak;Doruk Hospital;TRY;Üroloji - Penil Protez - Avrupa Bölgesi - EN;​120210267438820080;PAUSED;Avrupa Bölgesi all broad;​120210267438810080;CAMPAIGN_PAUSED;LEAD_GENERATION;0;0;1000;0;0;0;0;0;0;0;0;0;0
Ağustos 2026;Yabancı;İngilizce;Lead;Diğer / Sınıflandırılacak;Doruk Hospital;TRY;Üroloji - Penil Protez - Avrupa Bölgesi - EN;​120210267438820080;PAUSED;Avrupa Bölgesi all broad;​120210267438810080;CAMPAIGN_PAUSED;LEAD_GENERATION;0;0;1000;0;0;0;0;0;0;0;0;0;0
Temmuz 2026;Yabancı;Arapça;Lead;Diğer / Sınıflandırılacak;Doruk Hospital;TRY;Üroloji - Penil Protez - Birleşik Arap Emirlikleri - AR;​120210293270750080;PAUSED;Birleşik Arap Emirlikleri broad;​120210293270740080;CAMPAIGN_PAUSED;LEAD_GENERATION;0;0;800;0;0;0;0;0;0;0;0;0;0
Ağustos 2026;Yabancı;Arapça;Lead;Diğer / Sınıflandırılacak;Doruk Hospital;TRY;Üroloji - Penil Protez - Birleşik Arap Emirlikleri - AR;​120210293270750080;PAUSED;Birleşik Arap Emirlikleri broad;​120210293270740080;CAMPAIGN_PAUSED;LEAD_GENERATION;0;0;800;0;0;0;0;0;0;0;0;0;0
Temmuz 2026;Yabancı;Arapça;Lead;Diğer / Sınıflandırılacak;Doruk Hospital;TRY;Üroloji - Penil Protez - Katar - AR;​120210293061880080;PAUSED;Katar broad;​120210293061870080;CAMPAIGN_PAUSED;LEAD_GENERATION;0;0;800;0;0;0;0;0;0;0;0;0;0
Ağustos 2026;Yabancı;Arapça;Lead;Diğer / Sınıflandırılacak;Doruk Hospital;TRY;Üroloji - Penil Protez - Katar - AR;​120210293061880080;PAUSED;Katar broad;​120210293061870080;CAMPAIGN_PAUSED;LEAD_GENERATION;0;0;800;0;0;0;0;0;0;0;0;0;0
Temmuz 2026;Yabancı;Arapça;Lead;Diğer / Sınıflandırılacak;Doruk Hospital;TRY;Üroloji - Penil Protez - Kuveyt - AR;​120210293127080080;PAUSED;Kuveyt broad;​120210293127070080;CAMPAIGN_PAUSED;LEAD_GENERATION;0;0;800;0;0;0;0;0;0;0;0;0;0
Ağustos 2026;Yabancı;Arapça;Lead;Diğer / Sınıflandırılacak;Doruk Hospital;TRY;Üroloji - Penil Protez - Kuveyt - AR;​120210293127080080;PAUSED;Kuveyt broad;​120210293127070080;CAMPAIGN_PAUSED;LEAD_GENERATION;0;0;800;0;0;0;0;0;0;0;0;0;0
Temmuz 2026;Yabancı;Rusça;Lead;Diğer / Sınıflandırılacak;Doruk Hospital;TRY;Üroloji - Penil Protez - Rus Bölgesi - RU;​120210288724620080;PAUSED;rusça konuşan ülkeler;​120210288724610080;CAMPAIGN_PAUSED;LEAD_GENERATION;0;0;1000;0;0;0;0;0;0;0;0;0;0
Ağustos 2026;Yabancı;Rusça;Lead;Diğer / Sınıflandırılacak;Doruk Hospital;TRY;Üroloji - Penil Protez - Rus Bölgesi - RU;​120210288724620080;PAUSED;rusça konuşan ülkeler;​120210288724610080;CAMPAIGN_PAUSED;LEAD_GENERATION;0;0;1000;0;0;0;0;0;0;0;0;0;0
Temmuz 2026;Yabancı;Arapça;Lead;Diğer / Sınıflandırılacak;Doruk Hospital;TRY;Üroloji - Penil Protez - Umman - AR;​120210292270670080;PAUSED;umman broad;​120210292270660080;CAMPAIGN_PAUSED;LEAD_GENERATION;0;0;500;0;0;0;0;0;0;0;0;0;0
Ağustos 2026;Yabancı;Arapça;Lead;Diğer / Sınıflandırılacak;Doruk Hospital;TRY;Üroloji - Penil Protez - Umman - AR;​120210292270670080;PAUSED;umman broad;​120210292270660080;CAMPAIGN_PAUSED;LEAD_GENERATION;0;0;500;0;0;0;0;0;0;0;0;0;0
Temmuz 2026;Yabancı;Rusça;Lead;Diğer / Sınıflandırılacak;Doruk Hospital;TRY;Üroloji - Prostat  - Avrupa Bölgesi - RU;​120210261561930080;PAUSED;Avrupa Bölgesi all broad;​120210261561920080;CAMPAIGN_PAUSED;LEAD_GENERATION;0;0;500;0;0;0;0;0;0;0;0;0;0
Ağustos 2026;Yabancı;Rusça;Lead;Diğer / Sınıflandırılacak;Doruk Hospital;TRY;Üroloji - Prostat  - Avrupa Bölgesi - RU;​120210261561930080;PAUSED;Avrupa Bölgesi all broad;​120210261561920080;CAMPAIGN_PAUSED;LEAD_GENERATION;0;0;500;0;0;0;0;0;0;0;0;0;0
Temmuz 2026;Yabancı;Arapça;Lead;Diğer / Sınıflandırılacak;Doruk Hospital;TRY;Üroloji - Prostat  - Bahreyn - AR;​120210291968300080;PAUSED;bahreyn broad;​120210291968290080;CAMPAIGN_PAUSED;LEAD_GENERATION;0;0;500;0;0;0;0;0;0;0;0;0;0
Ağustos 2026;Yabancı;Arapça;Lead;Diğer / Sınıflandırılacak;Doruk Hospital;TRY;Üroloji - Prostat  - Bahreyn - AR;​120210291968300080;PAUSED;bahreyn broad;​120210291968290080;CAMPAIGN_PAUSED;LEAD_GENERATION;0;0;500;0;0;0;0;0;0;0;0;0;0
Temmuz 2026;Yabancı;İngilizce;Lead;Diğer / Sınıflandırılacak;Doruk Hospital;TRY;Üroloji - Prostat - Amerika - EN;​120210293704720080;PAUSED;Amerika broad;​120210293704710080;CAMPAIGN_PAUSED;LEAD_GENERATION;0;0;500;0;0;0;0;0;0;0;0;0;0
Ağustos 2026;Yabancı;İngilizce;Lead;Diğer / Sınıflandırılacak;Doruk Hospital;TRY;Üroloji - Prostat - Amerika - EN;​120210293704720080;PAUSED;Amerika broad;​120210293704710080;CAMPAIGN_PAUSED;LEAD_GENERATION;0;0;500;0;0;0;0;0;0;0;0;0;0
Temmuz 2026;Yabancı;İngilizce;Lead;Diğer / Sınıflandırılacak;Doruk Hospital;TRY;Üroloji - Prostat - Avrupa Bölgesi - EN;​120210195110260080;PAUSED;Avrupa Bölgesi all broad;​120210195110250080;CAMPAIGN_PAUSED;LEAD_GENERATION;0;0;500;0;0;0;0;0;0;0;0;0;0
Ağustos 2026;Yabancı;İngilizce;Lead;Diğer / Sınıflandırılacak;Doruk Hospital;TRY;Üroloji - Prostat - Avrupa Bölgesi - EN;​120210195110260080;PAUSED;Avrupa Bölgesi all broad;​120210195110250080;CAMPAIGN_PAUSED;LEAD_GENERATION;0;0;500;0;0;0;0;0;0;0;0;0;0
Temmuz 2026;Yabancı;Arapça;Lead;Diğer / Sınıflandırılacak;Doruk Hospital;TRY;Üroloji - Prostat - Birleşik Arap Emirlikleri - AR;​120210290111460080;PAUSED;Birleşik Arap Emirlikleri broad;​120210290111450080;CAMPAIGN_PAUSED;LEAD_GENERATION;0;0;500;0;0;0;0;0;0;0;0;0;0
Ağustos 2026;Yabancı;Arapça;Lead;Diğer / Sınıflandırılacak;Doruk Hospital;TRY;Üroloji - Prostat - Birleşik Arap Emirlikleri - AR;​120210290111460080;PAUSED;Birleşik Arap Emirlikleri broad;​120210290111450080;CAMPAIGN_PAUSED;LEAD_GENERATION;0;0;500;0;0;0;0;0;0;0;0;0;0
Temmuz 2026;Yabancı;Arapça;Lead;Diğer / Sınıflandırılacak;Doruk Hospital;TRY;Üroloji - Prostat - Katar - AR;​120210291801290080;PAUSED;Katar broad;​120210291801280080;CAMPAIGN_PAUSED;LEAD_GENERATION;0;0;500;0;0;0;0;0;0;0;0;0;0
Ağustos 2026;Yabancı;Arapça;Lead;Diğer / Sınıflandırılacak;Doruk Hospital;TRY;Üroloji - Prostat - Katar - AR;​120210291801290080;PAUSED;Katar broad;​120210291801280080;CAMPAIGN_PAUSED;LEAD_GENERATION;0;0;500;0;0;0;0;0;0;0;0;0;0
Temmuz 2026;Yabancı;Arapça;Lead;Diğer / Sınıflandırılacak;Doruk Hospital;TRY;Üroloji - Prostat - Kuveyt - AR;​120210290272970080;PAUSED;Kuveyt broad;​120210290272960080;CAMPAIGN_PAUSED;LEAD_GENERATION;0;0;500;0;0;0;0;0;0;0;0;0;0
Ağustos 2026;Yabancı;Arapça;Lead;Diğer / Sınıflandırılacak;Doruk Hospital;TRY;Üroloji - Prostat - Kuveyt - AR;​120210290272970080;PAUSED;Kuveyt broad;​120210290272960080;CAMPAIGN_PAUSED;LEAD_GENERATION;0;0;500;0;0;0;0;0;0;0;0;0;0
Temmuz 2026;Yabancı;Rusça;Lead;Diğer / Sınıflandırılacak;Doruk Hospital;TRY;Üroloji - Prostat - Rus bölgesi - RU;​120210262385750080;PAUSED;rusça konuşan ülkeler;​120210262385870080;CAMPAIGN_PAUSED;LEAD_GENERATION;0;0;1000;0;0;0;0;0;0;0;0;0;0
Ağustos 2026;Yabancı;Rusça;Lead;Diğer / Sınıflandırılacak;Doruk Hospital;TRY;Üroloji - Prostat - Rus bölgesi - RU;​120210262385750080;PAUSED;rusça konuşan ülkeler;​120210262385870080;CAMPAIGN_PAUSED;LEAD_GENERATION;0;0;1000;0;0;0;0;0;0;0;0;0;0
Temmuz 2026;Yabancı;Arapça;Lead;Diğer / Sınıflandırılacak;Doruk Hospital;TRY;Üroloji - Prostat - Umman - AR;​120210289413600080;PAUSED;umman broad;​120210289413590080;CAMPAIGN_PAUSED;LEAD_GENERATION;0;0;500;0;0;0;0;0;0;0;0;0;0
Ağustos 2026;Yabancı;Arapça;Lead;Diğer / Sınıflandırılacak;Doruk Hospital;TRY;Üroloji - Prostat - Umman - AR;​120210289413600080;PAUSED;umman broad;​120210289413590080;CAMPAIGN_PAUSED;LEAD_GENERATION;0;0;500;0;0;0;0;0;0;0;0;0;0
Temmuz 2026;Yabancı;Rusça;Lead;Diğer / Sınıflandırılacak;Doruk Hospital;TRY;xx;​120213112057830080;PAUSED;rusça konuşan ülkeler;​120213112057920080;CAMPAIGN_PAUSED;QUALITY_LEAD;0;0;2000;0;0;0;0;0;0;0;0;0;0
Ağustos 2026;Yabancı;Rusça;Lead;Diğer / Sınıflandırılacak;Doruk Hospital;TRY;xx;​120213112057830080;PAUSED;rusça konuşan ülkeler;​120213112057920080;CAMPAIGN_PAUSED;QUALITY_LEAD;0;0;2000;0;0;0;0;0;0;0;0;0;0
Temmuz 2026;Yabancı;Arapça;Lead;Fizik Tedavi / Rehabilitasyon;Doruk Hospital;TRY;Arapça Gönderiden Mesajlaşma - FTR - Körfez (S.A hariç);​120232143232530080;PAUSED;[27.09.2025]  Sayfasının Tanıtımı;​120232143232720080;CAMPAIGN_PAUSED;CONVERSATIONS;4000;0;0;0;0;0;0;0;0;0;0;0;0
Ağustos 2026;Yabancı;Arapça;Lead;Fizik Tedavi / Rehabilitasyon;Doruk Hospital;TRY;Arapça Gönderiden Mesajlaşma - FTR - Körfez (S.A hariç);​120232143232530080;PAUSED;[27.09.2025]  Sayfasının Tanıtımı;​120232143232720080;CAMPAIGN_PAUSED;CONVERSATIONS;4000;0;0;0;0;0;0;0;0;0;0;0;0
Temmuz 2026;Yabancı;Arapça;Lead;Fizik Tedavi / Rehabilitasyon;Doruk Hospital;TRY;Arapça Gönderiden Mesajlaşma - FTR - Tüm Arap;​120232311417850080;PAUSED;Instagram Post;​120232311418080080;CAMPAIGN_PAUSED;CONVERSATIONS;4000;0;0;0;0;0;0;0;0;0;0;0;0
Ağustos 2026;Yabancı;Arapça;Lead;Fizik Tedavi / Rehabilitasyon;Doruk Hospital;TRY;Arapça Gönderiden Mesajlaşma - FTR - Tüm Arap;​120232311417850080;PAUSED;Instagram Post;​120232311418080080;CAMPAIGN_PAUSED;CONVERSATIONS;4000;0;0;0;0;0;0;0;0;0;0;0;0
Temmuz 2026;Yabancı;İngilizce;Lead;Fizik Tedavi / Rehabilitasyon;Doruk Hospital;TRY;Fizik Tedavi - Intensive FTR  - Amerika - EN;​120210295281600080;PAUSED;Amerika  broad;​120210295281630080;CAMPAIGN_PAUSED;LEAD_GENERATION;0;0;1000;0;0;0;0;0;0;0;0;0;0
Ağustos 2026;Yabancı;İngilizce;Lead;Fizik Tedavi / Rehabilitasyon;Doruk Hospital;TRY;Fizik Tedavi - Intensive FTR  - Amerika - EN;​120210295281600080;PAUSED;Amerika  broad;​120210295281630080;CAMPAIGN_PAUSED;LEAD_GENERATION;0;0;1000;0;0;0;0;0;0;0;0;0;0
Temmuz 2026;Yabancı;İngilizce;Lead;Fizik Tedavi / Rehabilitasyon;Doruk Hospital;TRY;Fizik Tedavi - Intensive FTR  - Yunanistan - EN;​120210150546190080;PAUSED;Yunanistan broad;​120210150546180080;CAMPAIGN_PAUSED;LEAD_GENERATION;0;0;800;0;0;0;0;0;0;0;0;0;0
Ağustos 2026;Yabancı;İngilizce;Lead;Fizik Tedavi / Rehabilitasyon;Doruk Hospital;TRY;Fizik Tedavi - Intensive FTR  - Yunanistan - EN;​120210150546190080;PAUSED;Yunanistan broad;​120210150546180080;CAMPAIGN_PAUSED;LEAD_GENERATION;0;0;800;0;0;0;0;0;0;0;0;0;0
Temmuz 2026;Yabancı;Rusça;Lead;Fizik Tedavi / Rehabilitasyon;Doruk Hospital;TRY;Fizik Tedavi - Intensive FTR  - Yunanistan - RU;​120210150614540080;PAUSED;Yunanistan broad;​120210150614530080;CAMPAIGN_PAUSED;LEAD_GENERATION;0;0;400;0;0;0;0;0;0;0;0;0;0
Ağustos 2026;Yabancı;Rusça;Lead;Fizik Tedavi / Rehabilitasyon;Doruk Hospital;TRY;Fizik Tedavi - Intensive FTR  - Yunanistan - RU;​120210150614540080;PAUSED;Yunanistan broad;​120210150614530080;CAMPAIGN_PAUSED;LEAD_GENERATION;0;0;400;0;0;0;0;0;0;0;0;0;0
Temmuz 2026;Yabancı;İngilizce;Lead;Fizik Tedavi / Rehabilitasyon;Doruk Hospital;TRY;Fizik Tedavi - Intensive FTR -  Kıbrıs - Tümü - EN - Doruk Hospital;​120210175756860080;PAUSED;Kıbrıs broad;​120210175756850080;CAMPAIGN_PAUSED;LEAD_GENERATION;0;0;500;0;0;0;0;0;0;0;0;0;0
Ağustos 2026;Yabancı;İngilizce;Lead;Fizik Tedavi / Rehabilitasyon;Doruk Hospital;TRY;Fizik Tedavi - Intensive FTR -  Kıbrıs - Tümü - EN - Doruk Hospital;​120210175756860080;PAUSED;Kıbrıs broad;​120210175756850080;CAMPAIGN_PAUSED;LEAD_GENERATION;0;0;500;0;0;0;0;0;0;0;0;0;0
Temmuz 2026;Yabancı;Arapça;Lead;Fizik Tedavi / Rehabilitasyon;Doruk Hospital;TRY;Fizik Tedavi - Intensive FTR - Arap Bölgesi - Tümü - AR - Doruk Hospital;​120206533657000080;PAUSED;Fizik Tedavi - Intensive FTR - Arap Bölgesi - Tümü - AR - Doruk Hospital;​120206533656990080;CAMPAIGN_PAUSED;LEAD_GENERATION;0;0;4000;0;0;0;0;0;0;0;0;0;0
Ağustos 2026;Yabancı;Arapça;Lead;Fizik Tedavi / Rehabilitasyon;Doruk Hospital;TRY;Fizik Tedavi - Intensive FTR - Arap Bölgesi - Tümü - AR - Doruk Hospital;​120206533657000080;PAUSED;Fizik Tedavi - Intensive FTR - Arap Bölgesi - Tümü - AR - Doruk Hospital;​120206533656990080;CAMPAIGN_PAUSED;LEAD_GENERATION;0;0;4000;0;0;0;0;0;0;0;0;0;0
Temmuz 2026;Yabancı;Arapça;Lead;Fizik Tedavi / Rehabilitasyon;Doruk Hospital;TRY;Fizik Tedavi - Intensive FTR - Arap Bölgesi - Tümü - AR - Doruk Hospital;​120206533657000080;PAUSED;Fizik Tedavi - Intensive FTR - Arap Bölgesi - Tümü - AR - Doruk Hospital - Statik Set;​120214290533640080;CAMPAIGN_PAUSED;LEAD_GENERATION;0;0;4000;0;0;0;0;0;0;0;0;0;0
Ağustos 2026;Yabancı;Arapça;Lead;Fizik Tedavi / Rehabilitasyon;Doruk Hospital;TRY;Fizik Tedavi - Intensive FTR - Arap Bölgesi - Tümü - AR - Doruk Hospital;​120206533657000080;PAUSED;Fizik Tedavi - Intensive FTR - Arap Bölgesi - Tümü - AR - Doruk Hospital - Statik Set;​120214290533640080;CAMPAIGN_PAUSED;LEAD_GENERATION;0;0;4000;0;0;0;0;0;0;0;0;0;0
Temmuz 2026;Yabancı;Arapça;Lead;Fizik Tedavi / Rehabilitasyon;Doruk Hospital;TRY;Fizik Tedavi - Intensive FTR - Arap Bölgesi - Tümü - AR - Doruk Hospital;​120206533657000080;PAUSED;Fizik Tedavi - Intensive FTR - Avrupa Bölgesi - Tümü - AR - Doruk Hospital;​120213233084550080;PAUSED;QUALITY_LEAD;0;0;500;0;0;0;0;0;0;0;0;0;0
Ağustos 2026;Yabancı;Arapça;Lead;Fizik Tedavi / Rehabilitasyon;Doruk Hospital;TRY;Fizik Tedavi - Intensive FTR - Arap Bölgesi - Tümü - AR - Doruk Hospital;​120206533657000080;PAUSED;Fizik Tedavi - Intensive FTR - Avrupa Bölgesi - Tümü - AR - Doruk Hospital;​120213233084550080;PAUSED;QUALITY_LEAD;0;0;500;0;0;0;0;0;0;0;0;0;0
Temmuz 2026;Yabancı;Arapça;Lead;Fizik Tedavi / Rehabilitasyon;Doruk Hospital;TRY;Fizik Tedavi - Intensive FTR - Arap Bölgesi - Tümü - AR - Doruk İlaj Turkia - lead;​120232435509150080;PAUSED;FTR - genel - lead - BAE -  kombine - cold;​120232452596950080;PAUSED;LEAD_GENERATION;0;0;3000;0;0;0;0;0;0;0;0;0;0
Ağustos 2026;Yabancı;Arapça;Lead;Fizik Tedavi / Rehabilitasyon;Doruk Hospital;TRY;Fizik Tedavi - Intensive FTR - Arap Bölgesi - Tümü - AR - Doruk İlaj Turkia - lead;​120232435509150080;PAUSED;FTR - genel - lead - BAE -  kombine - cold;​120232452596950080;PAUSED;LEAD_GENERATION;0;0;3000;0;0;0;0;0;0;0;0;0;0
Temmuz 2026;Yabancı;Arapça;Lead;Fizik Tedavi / Rehabilitasyon;Doruk Hospital;TRY;Fizik Tedavi - Intensive FTR - Arap Bölgesi - Tümü - AR - Doruk İlaj Turkia - lead;​120232435509150080;PAUSED;FTR - genel - lead - BAE -  kombine2 - cold;​120238515155830080;PAUSED;LEAD_GENERATION;0;0;4000;0;0;0;0;0;0;0;0;0;0
Ağustos 2026;Yabancı;Arapça;Lead;Fizik Tedavi / Rehabilitasyon;Doruk Hospital;TRY;Fizik Tedavi - Intensive FTR - Arap Bölgesi - Tümü - AR - Doruk İlaj Turkia - lead;​120232435509150080;PAUSED;FTR - genel - lead - BAE -  kombine2 - cold;​120238515155830080;PAUSED;LEAD_GENERATION;0;0;4000;0;0;0;0;0;0;0;0;0;0
Temmuz 2026;Yabancı;Arapça;Lead;Fizik Tedavi / Rehabilitasyon;Doruk Hospital;TRY;Fizik Tedavi - Intensive FTR - Arap Bölgesi - Tümü - AR - Doruk İlaj Turkia - lead;​120232435509150080;PAUSED;FTR - genel - lead - BAE - TV - cold - Kopya;​120238292066950080;PAUSED;LEAD_GENERATION;0;0;3000;0;0;0;0;0;0;0;0;0;0
Ağustos 2026;Yabancı;Arapça;Lead;Fizik Tedavi / Rehabilitasyon;Doruk Hospital;TRY;Fizik Tedavi - Intensive FTR - Arap Bölgesi - Tümü - AR - Doruk İlaj Turkia - lead;​120232435509150080;PAUSED;FTR - genel - lead - BAE - TV - cold - Kopya;​120238292066950080;PAUSED;LEAD_GENERATION;0;0;3000;0;0;0;0;0;0;0;0;0;0
Temmuz 2026;Yabancı;Arapça;Lead;Fizik Tedavi / Rehabilitasyon;Doruk Hospital;TRY;Fizik Tedavi - Intensive FTR - Arap Bölgesi - Tümü - AR - Doruk İlaj Turkia - lead;​120232435509150080;PAUSED;FTR - genel - lead - Bahreyn - Kombine - cold;​120232750930200080;PAUSED;LEAD_GENERATION;0;0;1200;0;0;0;0;0;0;0;0;0;0
Ağustos 2026;Yabancı;Arapça;Lead;Fizik Tedavi / Rehabilitasyon;Doruk Hospital;TRY;Fizik Tedavi - Intensive FTR - Arap Bölgesi - Tümü - AR - Doruk İlaj Turkia - lead;​120232435509150080;PAUSED;FTR - genel - lead - Bahreyn - Kombine - cold;​120232750930200080;PAUSED;LEAD_GENERATION;0;0;1200;0;0;0;0;0;0;0;0;0;0
Temmuz 2026;Yabancı;Arapça;Lead;Fizik Tedavi / Rehabilitasyon;Doruk Hospital;TRY;Fizik Tedavi - Intensive FTR - Arap Bölgesi - Tümü - AR - Doruk İlaj Turkia - lead;​120232435509150080;PAUSED;FTR - genel - lead - Bahreyn - Kombine2 - cold;​120238515155710080;PAUSED;LEAD_GENERATION;0;0;1500;0;0;0;0;0;0;0;0;0;0
Ağustos 2026;Yabancı;Arapça;Lead;Fizik Tedavi / Rehabilitasyon;Doruk Hospital;TRY;Fizik Tedavi - Intensive FTR - Arap Bölgesi - Tümü - AR - Doruk İlaj Turkia - lead;​120232435509150080;PAUSED;FTR - genel - lead - Bahreyn - Kombine2 - cold;​120238515155710080;PAUSED;LEAD_GENERATION;0;0;1500;0;0;0;0;0;0;0;0;0;0
Temmuz 2026;Yabancı;Arapça;Lead;Fizik Tedavi / Rehabilitasyon;Doruk Hospital;TRY;Fizik Tedavi - Intensive FTR - Arap Bölgesi - Tümü - AR - Doruk İlaj Turkia - lead;​120232435509150080;PAUSED;FTR - genel - lead - Bahreyn - TV - cold;​120238292005850080;PAUSED;LEAD_GENERATION;0;0;1600;0;0;0;0;0;0;0;0;0;0
Ağustos 2026;Yabancı;Arapça;Lead;Fizik Tedavi / Rehabilitasyon;Doruk Hospital;TRY;Fizik Tedavi - Intensive FTR - Arap Bölgesi - Tümü - AR - Doruk İlaj Turkia - lead;​120232435509150080;PAUSED;FTR - genel - lead - Bahreyn - TV - cold;​120238292005850080;PAUSED;LEAD_GENERATION;0;0;1600;0;0;0;0;0;0;0;0;0;0
Temmuz 2026;Yabancı;Arapça;Lead;Fizik Tedavi / Rehabilitasyon;Doruk Hospital;TRY;Fizik Tedavi - Intensive FTR - Arap Bölgesi - Tümü - AR - Doruk İlaj Turkia - lead;​120232435509150080;PAUSED;FTR - genel - lead - cezayir/tunus -  kombine2 - ios model hedefli;​120239907238730080;PAUSED;LEAD_GENERATION;0;0;1500;0;0;0;0;0;0;0;0;0;0
Ağustos 2026;Yabancı;Arapça;Lead;Fizik Tedavi / Rehabilitasyon;Doruk Hospital;TRY;Fizik Tedavi - Intensive FTR - Arap Bölgesi - Tümü - AR - Doruk İlaj Turkia - lead;​120232435509150080;PAUSED;FTR - genel - lead - cezayir/tunus -  kombine2 - ios model hedefli;​120239907238730080;PAUSED;LEAD_GENERATION;0;0;1500;0;0;0;0;0;0;0;0;0;0
Temmuz 2026;Yabancı;Arapça;Lead;Fizik Tedavi / Rehabilitasyon;Doruk Hospital;TRY;Fizik Tedavi - Intensive FTR - Arap Bölgesi - Tümü - AR - Doruk İlaj Turkia - lead;​120232435509150080;PAUSED;FTR - genel - lead - fas -  kombine2 - ios model hedefli;​120239907238720080;PAUSED;LEAD_GENERATION;0;0;3000;0;0;0;0;0;0;0;0;0;0
Ağustos 2026;Yabancı;Arapça;Lead;Fizik Tedavi / Rehabilitasyon;Doruk Hospital;TRY;Fizik Tedavi - Intensive FTR - Arap Bölgesi - Tümü - AR - Doruk İlaj Turkia - lead;​120232435509150080;PAUSED;FTR - genel - lead - fas -  kombine2 - ios model hedefli;​120239907238720080;PAUSED;LEAD_GENERATION;0;0;3000;0;0;0;0;0;0;0;0;0;0
Temmuz 2026;Yabancı;Arapça;Lead;Fizik Tedavi / Rehabilitasyon;Doruk Hospital;TRY;Fizik Tedavi - Intensive FTR - Arap Bölgesi - Tümü - AR - Doruk İlaj Turkia - lead;​120232435509150080;PAUSED;FTR - genel - lead - Irak -  kombine2 - ios model hedefli - Kopya - Kopya;​120239613975570080;CAMPAIGN_PAUSED;LEAD_GENERATION;0;0;1000;0;0;0;0;0;0;0;0;0;0
Ağustos 2026;Yabancı;Arapça;Lead;Fizik Tedavi / Rehabilitasyon;Doruk Hospital;TRY;Fizik Tedavi - Intensive FTR - Arap Bölgesi - Tümü - AR - Doruk İlaj Turkia - lead;​120232435509150080;PAUSED;FTR - genel - lead - Irak -  kombine2 - ios model hedefli - Kopya - Kopya;​120239613975570080;CAMPAIGN_PAUSED;LEAD_GENERATION;0;0;1000;0;0;0;0;0;0;0;0;0;0
Temmuz 2026;Yabancı;Arapça;Lead;Fizik Tedavi / Rehabilitasyon;Doruk Hospital;TRY;Fizik Tedavi - Intensive FTR - Arap Bölgesi - Tümü - AR - Doruk İlaj Turkia - lead;​120232435509150080;PAUSED;FTR - genel - lead - Katar - Kombine - Cold;​120237447243730080;PAUSED;LEAD_GENERATION;0;0;3000;0;0;0;0;0;0;0;0;0;0
Ağustos 2026;Yabancı;Arapça;Lead;Fizik Tedavi / Rehabilitasyon;Doruk Hospital;TRY;Fizik Tedavi - Intensive FTR - Arap Bölgesi - Tümü - AR - Doruk İlaj Turkia - lead;​120232435509150080;PAUSED;FTR - genel - lead - Katar - Kombine - Cold;​120237447243730080;PAUSED;LEAD_GENERATION;0;0;3000;0;0;0;0;0;0;0;0;0;0
Temmuz 2026;Yabancı;Arapça;Lead;Fizik Tedavi / Rehabilitasyon;Doruk Hospital;TRY;Fizik Tedavi - Intensive FTR - Arap Bölgesi - Tümü - AR - Doruk İlaj Turkia - lead;​120232435509150080;PAUSED;FTR - genel - lead - Katar - Kombine2 - Cold;​120238515155440080;PAUSED;LEAD_GENERATION;0;0;4000;0;0;0;0;0;0;0;0;0;0
Ağustos 2026;Yabancı;Arapça;Lead;Fizik Tedavi / Rehabilitasyon;Doruk Hospital;TRY;Fizik Tedavi - Intensive FTR - Arap Bölgesi - Tümü - AR - Doruk İlaj Turkia - lead;​120232435509150080;PAUSED;FTR - genel - lead - Katar - Kombine2 - Cold;​120238515155440080;PAUSED;LEAD_GENERATION;0;0;4000;0;0;0;0;0;0;0;0;0;0
Temmuz 2026;Yabancı;Arapça;Lead;Fizik Tedavi / Rehabilitasyon;Doruk Hospital;TRY;Fizik Tedavi - Intensive FTR - Arap Bölgesi - Tümü - AR - Doruk İlaj Turkia - lead;​120232435509150080;PAUSED;FTR - genel - lead - Katar - TV - Cold;​120238291174840080;PAUSED;LEAD_GENERATION;0;0;3000;0;0;0;0;0;0;0;0;0;0
Ağustos 2026;Yabancı;Arapça;Lead;Fizik Tedavi / Rehabilitasyon;Doruk Hospital;TRY;Fizik Tedavi - Intensive FTR - Arap Bölgesi - Tümü - AR - Doruk İlaj Turkia - lead;​120232435509150080;PAUSED;FTR - genel - lead - Katar - TV - Cold;​120238291174840080;PAUSED;LEAD_GENERATION;0;0;3000;0;0;0;0;0;0;0;0;0;0
Temmuz 2026;Yabancı;Arapça;Lead;Fizik Tedavi / Rehabilitasyon;Doruk Hospital;TRY;Fizik Tedavi - Intensive FTR - Arap Bölgesi - Tümü - AR - Doruk İlaj Turkia - lead;​120232435509150080;PAUSED;FTR - genel - lead - Kuveyt - Kombine - Cold;​120235602939840080;PAUSED;LEAD_GENERATION;0;0;5000;0;0;0;0;0;0;0;0;0;0
Ağustos 2026;Yabancı;Arapça;Lead;Fizik Tedavi / Rehabilitasyon;Doruk Hospital;TRY;Fizik Tedavi - Intensive FTR - Arap Bölgesi - Tümü - AR - Doruk İlaj Turkia - lead;​120232435509150080;PAUSED;FTR - genel - lead - Kuveyt - Kombine - Cold;​120235602939840080;PAUSED;LEAD_GENERATION;0;0;5000;0;0;0;0;0;0;0;0;0;0
Temmuz 2026;Yabancı;Arapça;Lead;Fizik Tedavi / Rehabilitasyon;Doruk Hospital;TRY;Fizik Tedavi - Intensive FTR - Arap Bölgesi - Tümü - AR - Doruk İlaj Turkia - lead;​120232435509150080;PAUSED;FTR - genel - lead - Kuveyt - Kombine2 - Cold;​120238508917660080;PAUSED;LEAD_GENERATION;0;0;7000;0;0;0;0;0;0;0;0;0;0
Ağustos 2026;Yabancı;Arapça;Lead;Fizik Tedavi / Rehabilitasyon;Doruk Hospital;TRY;Fizik Tedavi - Intensive FTR - Arap Bölgesi - Tümü - AR - Doruk İlaj Turkia - lead;​120232435509150080;PAUSED;FTR - genel - lead - Kuveyt - Kombine2 - Cold;​120238508917660080;PAUSED;LEAD_GENERATION;0;0;7000;0;0;0;0;0;0;0;0;0;0
Temmuz 2026;Yabancı;Arapça;Lead;Fizik Tedavi / Rehabilitasyon;Doruk Hospital;TRY;Fizik Tedavi - Intensive FTR - Arap Bölgesi - Tümü - AR - Doruk İlaj Turkia - lead;​120232435509150080;PAUSED;FTR - genel - lead - Kuveyt - TV - Cold;​120238292313520080;PAUSED;LEAD_GENERATION;0;0;7000;0;0;0;0;0;0;0;0;0;0
Ağustos 2026;Yabancı;Arapça;Lead;Fizik Tedavi / Rehabilitasyon;Doruk Hospital;TRY;Fizik Tedavi - Intensive FTR - Arap Bölgesi - Tümü - AR - Doruk İlaj Turkia - lead;​120232435509150080;PAUSED;FTR - genel - lead - Kuveyt - TV - Cold;​120238292313520080;PAUSED;LEAD_GENERATION;0;0;7000;0;0;0;0;0;0;0;0;0;0
Temmuz 2026;Yabancı;Arapça;Lead;Fizik Tedavi / Rehabilitasyon;Doruk Hospital;TRY;Fizik Tedavi - Intensive FTR - Arap Bölgesi - Tümü - AR - Doruk İlaj Turkia - lead;​120232435509150080;PAUSED;FTR - genel - lead - Libya -  kombine2 - ios model hedefli;​120238852926200080;CAMPAIGN_PAUSED;LEAD_GENERATION;0;0;600;0;0;0;0;0;0;0;0;0;0
Ağustos 2026;Yabancı;Arapça;Lead;Fizik Tedavi / Rehabilitasyon;Doruk Hospital;TRY;Fizik Tedavi - Intensive FTR - Arap Bölgesi - Tümü - AR - Doruk İlaj Turkia - lead;​120232435509150080;PAUSED;FTR - genel - lead - Libya -  kombine2 - ios model hedefli;​120238852926200080;CAMPAIGN_PAUSED;LEAD_GENERATION;0;0;600;0;0;0;0;0;0;0;0;0;0
Temmuz 2026;Yabancı;Arapça;Lead;Fizik Tedavi / Rehabilitasyon;Doruk Hospital;TRY;Fizik Tedavi - Intensive FTR - Arap Bölgesi - Tümü - AR - Doruk İlaj Turkia - lead;​120232435509150080;PAUSED;FTR - genel - lead - Suudi Arabistan -  kombine2 - ios model hedefli - Kopya;​120238853474160080;CAMPAIGN_PAUSED;LEAD_GENERATION;0;0;600;0;0;0;0;0;0;0;0;0;0
Ağustos 2026;Yabancı;Arapça;Lead;Fizik Tedavi / Rehabilitasyon;Doruk Hospital;TRY;Fizik Tedavi - Intensive FTR - Arap Bölgesi - Tümü - AR - Doruk İlaj Turkia - lead;​120232435509150080;PAUSED;FTR - genel - lead - Suudi Arabistan -  kombine2 - ios model hedefli - Kopya;​120238853474160080;CAMPAIGN_PAUSED;LEAD_GENERATION;0;0;600;0;0;0;0;0;0;0;0;0;0
Temmuz 2026;Yabancı;Arapça;Lead;Fizik Tedavi / Rehabilitasyon;Doruk Hospital;TRY;Fizik Tedavi - Intensive FTR - Arap Bölgesi - Tümü - AR - Doruk İlaj Turkia - lead;​120232435509150080;PAUSED;FTR - genel - lead - TürkiyedekiFTRhastaları -  kombine2;​120239252686980080;PAUSED;LEAD_GENERATION;0;0;1500;0;0;0;0;0;0;0;0;0;0
Ağustos 2026;Yabancı;Arapça;Lead;Fizik Tedavi / Rehabilitasyon;Doruk Hospital;TRY;Fizik Tedavi - Intensive FTR - Arap Bölgesi - Tümü - AR - Doruk İlaj Turkia - lead;​120232435509150080;PAUSED;FTR - genel - lead - TürkiyedekiFTRhastaları -  kombine2;​120239252686980080;PAUSED;LEAD_GENERATION;0;0;1500;0;0;0;0;0;0;0;0;0;0
Temmuz 2026;Yabancı;Arapça;Lead;Fizik Tedavi / Rehabilitasyon;Doruk Hospital;TRY;Fizik Tedavi - Intensive FTR - Arap Bölgesi - Tümü - AR - Doruk İlaj Turkia - lead;​120232435509150080;PAUSED;FTR - genel - lead - Umman - Kombine - Cold;​120237447304150080;PAUSED;LEAD_GENERATION;0;0;1500;0;0;0;0;0;0;0;0;0;0
Ağustos 2026;Yabancı;Arapça;Lead;Fizik Tedavi / Rehabilitasyon;Doruk Hospital;TRY;Fizik Tedavi - Intensive FTR - Arap Bölgesi - Tümü - AR - Doruk İlaj Turkia - lead;​120232435509150080;PAUSED;FTR - genel - lead - Umman - Kombine - Cold;​120237447304150080;PAUSED;LEAD_GENERATION;0;0;1500;0;0;0;0;0;0;0;0;0;0
Temmuz 2026;Yabancı;Arapça;Lead;Fizik Tedavi / Rehabilitasyon;Doruk Hospital;TRY;Fizik Tedavi - Intensive FTR - Arap Bölgesi - Tümü - AR - Doruk İlaj Turkia - lead;​120232435509150080;PAUSED;FTR - genel - lead - Umman - Kombine2 - Cold;​120238515155430080;PAUSED;LEAD_GENERATION;0;0;2000;0;0;0;0;0;0;0;0;0;0
Ağustos 2026;Yabancı;Arapça;Lead;Fizik Tedavi / Rehabilitasyon;Doruk Hospital;TRY;Fizik Tedavi - Intensive FTR - Arap Bölgesi - Tümü - AR - Doruk İlaj Turkia - lead;​120232435509150080;PAUSED;FTR - genel - lead - Umman - Kombine2 - Cold;​120238515155430080;PAUSED;LEAD_GENERATION;0;0;2000;0;0;0;0;0;0;0;0;0;0
Temmuz 2026;Yabancı;Arapça;Lead;Fizik Tedavi / Rehabilitasyon;Doruk Hospital;TRY;Fizik Tedavi - Intensive FTR - Arap Bölgesi - Tümü - AR - Doruk İlaj Turkia - lead;​120232435509150080;PAUSED;FTR - genel - lead - Umman - TV - Cold;​120238292125070080;PAUSED;LEAD_GENERATION;0;0;1700;0;0;0;0;0;0;0;0;0;0
Ağustos 2026;Yabancı;Arapça;Lead;Fizik Tedavi / Rehabilitasyon;Doruk Hospital;TRY;Fizik Tedavi - Intensive FTR - Arap Bölgesi - Tümü - AR - Doruk İlaj Turkia - lead;​120232435509150080;PAUSED;FTR - genel - lead - Umman - TV - Cold;​120238292125070080;PAUSED;LEAD_GENERATION;0;0;1700;0;0;0;0;0;0;0;0;0;0
Temmuz 2026;Yabancı;Arapça;Lead;Fizik Tedavi / Rehabilitasyon;Doruk Hospital;TRY;Fizik Tedavi - Intensive FTR - Arap Bölgesi - Tümü - AR - Physical Therapy - lead;​120226400025670080;PAUSED;FTR - genel - lead - BAE -  kombine;​120231593260900080;CAMPAIGN_PAUSED;LEAD_GENERATION;0;0;13000;0;0;0;0;0;0;0;0;0;0
Ağustos 2026;Yabancı;Arapça;Lead;Fizik Tedavi / Rehabilitasyon;Doruk Hospital;TRY;Fizik Tedavi - Intensive FTR - Arap Bölgesi - Tümü - AR - Physical Therapy - lead;​120226400025670080;PAUSED;FTR - genel - lead - BAE -  kombine;​120231593260900080;CAMPAIGN_PAUSED;LEAD_GENERATION;0;0;13000;0;0;0;0;0;0;0;0;0;0
Temmuz 2026;Yabancı;Arapça;Lead;Fizik Tedavi / Rehabilitasyon;Doruk Hospital;TRY;Fizik Tedavi - Intensive FTR - Arap Bölgesi - Tümü - AR - Physical Therapy - lead;​120226400025670080;PAUSED;FTR - genel - lead - Korfez (BAE SA haric) Retargeting - kombine;​120231593312450080;PAUSED;LEAD_GENERATION;0;0;9000;0;0;0;0;0;0;0;0;0;0
Ağustos 2026;Yabancı;Arapça;Lead;Fizik Tedavi / Rehabilitasyon;Doruk Hospital;TRY;Fizik Tedavi - Intensive FTR - Arap Bölgesi - Tümü - AR - Physical Therapy - lead;​120226400025670080;PAUSED;FTR - genel - lead - Korfez (BAE SA haric) Retargeting - kombine;​120231593312450080;PAUSED;LEAD_GENERATION;0;0;9000;0;0;0;0;0;0;0;0;0;0
Temmuz 2026;Yabancı;Arapça;Lead;Fizik Tedavi / Rehabilitasyon;Doruk Hospital;TRY;Fizik Tedavi - Intensive FTR - Arap Bölgesi - Tümü - AR - Physical Therapy - lead;​120226400025670080;PAUSED;FTR - genel - lead - Körfez (B.A.E. ve S.A hariç) - kombine;​120231590394500080;CAMPAIGN_PAUSED;LEAD_GENERATION;0;0;18000;0;0;0;0;0;0;0;0;0;0
Ağustos 2026;Yabancı;Arapça;Lead;Fizik Tedavi / Rehabilitasyon;Doruk Hospital;TRY;Fizik Tedavi - Intensive FTR - Arap Bölgesi - Tümü - AR - Physical Therapy - lead;​120226400025670080;PAUSED;FTR - genel - lead - Körfez (B.A.E. ve S.A hariç) - kombine;​120231590394500080;CAMPAIGN_PAUSED;LEAD_GENERATION;0;0;18000;0;0;0;0;0;0;0;0;0;0
Temmuz 2026;Yabancı;Arapça;Lead;Fizik Tedavi / Rehabilitasyon;Doruk Hospital;TRY;Fizik Tedavi - Intensive FTR - Arap Bölgesi - Tümü - AR - Physical Therapy - lead;​120226400025670080;PAUSED;FTR - genel - on_lead - B.A.E - yeni old Set;​120226400025970080;PAUSED;LEAD_GENERATION;0;0;6000;0;0;0;0;0;0;0;0;0;0
Ağustos 2026;Yabancı;Arapça;Lead;Fizik Tedavi / Rehabilitasyon;Doruk Hospital;TRY;Fizik Tedavi - Intensive FTR - Arap Bölgesi - Tümü - AR - Physical Therapy - lead;​120226400025670080;PAUSED;FTR - genel - on_lead - B.A.E - yeni old Set;​120226400025970080;PAUSED;LEAD_GENERATION;0;0;6000;0;0;0;0;0;0;0;0;0;0
Temmuz 2026;Yabancı;Arapça;Lead;Fizik Tedavi / Rehabilitasyon;Doruk Hospital;TRY;Fizik Tedavi - Intensive FTR - Arap Bölgesi - Tümü - AR - Physical Therapy - lead;​120226400025670080;PAUSED;FTR - genel - on_lead - BAE -  havuz intro 3-9  - 1 dakika - dinamik;​120226400026020080;PAUSED;LEAD_GENERATION;0;0;100;0;0;0;0;0;0;0;0;0;0
Ağustos 2026;Yabancı;Arapça;Lead;Fizik Tedavi / Rehabilitasyon;Doruk Hospital;TRY;Fizik Tedavi - Intensive FTR - Arap Bölgesi - Tümü - AR - Physical Therapy - lead;​120226400025670080;PAUSED;FTR - genel - on_lead - BAE -  havuz intro 3-9  - 1 dakika - dinamik;​120226400026020080;PAUSED;LEAD_GENERATION;0;0;100;0;0;0;0;0;0;0;0;0;0
Temmuz 2026;Yabancı;Arapça;Lead;Fizik Tedavi / Rehabilitasyon;Doruk Hospital;TRY;Fizik Tedavi - Intensive FTR - Arap Bölgesi - Tümü - AR - Physical Therapy - lead;​120226400025670080;PAUSED;FTR - genel - on_lead - BAE - 15 Saniye Set;​120226400025910080;PAUSED;LEAD_GENERATION;0;0;6000;0;0;0;0;0;0;0;0;0;0
Ağustos 2026;Yabancı;Arapça;Lead;Fizik Tedavi / Rehabilitasyon;Doruk Hospital;TRY;Fizik Tedavi - Intensive FTR - Arap Bölgesi - Tümü - AR - Physical Therapy - lead;​120226400025670080;PAUSED;FTR - genel - on_lead - BAE - 15 Saniye Set;​120226400025910080;PAUSED;LEAD_GENERATION;0;0;6000;0;0;0;0;0;0;0;0;0;0
Temmuz 2026;Yabancı;Arapça;Lead;Fizik Tedavi / Rehabilitasyon;Doruk Hospital;TRY;Fizik Tedavi - Intensive FTR - Arap Bölgesi - Tümü - AR - Physical Therapy - lead;​120226400025670080;PAUSED;FTR - genel - on_lead - BAE - havuz intro - dinamik;​120226400025880080;PAUSED;LEAD_GENERATION;0;0;7000;0;0;0;0;0;0;0;0;0;0
Ağustos 2026;Yabancı;Arapça;Lead;Fizik Tedavi / Rehabilitasyon;Doruk Hospital;TRY;Fizik Tedavi - Intensive FTR - Arap Bölgesi - Tümü - AR - Physical Therapy - lead;​120226400025670080;PAUSED;FTR - genel - on_lead - BAE - havuz intro - dinamik;​120226400025880080;PAUSED;LEAD_GENERATION;0;0;7000;0;0;0;0;0;0;0;0;0;0
Temmuz 2026;Yabancı;Arapça;Lead;Fizik Tedavi / Rehabilitasyon;Doruk Hospital;TRY;Fizik Tedavi - Intensive FTR - Arap Bölgesi - Tümü - AR - Physical Therapy - lead;​120226400025670080;PAUSED;FTR - genel - on_lead - BAE - robot intro - dinamik;​120226400025940080;PAUSED;QUALITY_LEAD;0;0;7000;0;0;0;0;0;0;0;0;0;0
Ağustos 2026;Yabancı;Arapça;Lead;Fizik Tedavi / Rehabilitasyon;Doruk Hospital;TRY;Fizik Tedavi - Intensive FTR - Arap Bölgesi - Tümü - AR - Physical Therapy - lead;​120226400025670080;PAUSED;FTR - genel - on_lead - BAE - robot intro - dinamik;​120226400025940080;PAUSED;QUALITY_LEAD;0;0;7000;0;0;0;0;0;0;0;0;0;0
Temmuz 2026;Yabancı;Arapça;Lead;Fizik Tedavi / Rehabilitasyon;Doruk Hospital;TRY;Fizik Tedavi - Intensive FTR - Arap Bölgesi - Tümü - AR - Physical Therapy - lead;​120226400025670080;PAUSED;FTR - genel - on_lead - BAE - yaşlı intro - dinamik;​120226400026010080;PAUSED;LEAD_GENERATION;0;0;6000;0;0;0;0;0;0;0;0;0;0
Ağustos 2026;Yabancı;Arapça;Lead;Fizik Tedavi / Rehabilitasyon;Doruk Hospital;TRY;Fizik Tedavi - Intensive FTR - Arap Bölgesi - Tümü - AR - Physical Therapy - lead;​120226400025670080;PAUSED;FTR - genel - on_lead - BAE - yaşlı intro - dinamik;​120226400026010080;PAUSED;LEAD_GENERATION;0;0;6000;0;0;0;0;0;0;0;0;0;0
Temmuz 2026;Yabancı;Arapça;Lead;Fizik Tedavi / Rehabilitasyon;Doruk Hospital;TRY;Fizik Tedavi - Intensive FTR - Arap Bölgesi - Tümü - AR - Physical Therapy - lead;​120226400025670080;PAUSED;FTR - genel - on_lead - Körfez (B.A.E. ve S.A hariç) - 15 saniye + old - Retargeting;​120226400025990080;PAUSED;LEAD_GENERATION;0;0;6000;0;0;0;0;0;0;0;0;0;0
Ağustos 2026;Yabancı;Arapça;Lead;Fizik Tedavi / Rehabilitasyon;Doruk Hospital;TRY;Fizik Tedavi - Intensive FTR - Arap Bölgesi - Tümü - AR - Physical Therapy - lead;​120226400025670080;PAUSED;FTR - genel - on_lead - Körfez (B.A.E. ve S.A hariç) - 15 saniye + old - Retargeting;​120226400025990080;PAUSED;LEAD_GENERATION;0;0;6000;0;0;0;0;0;0;0;0;0;0
Temmuz 2026;Yabancı;Arapça;Lead;Fizik Tedavi / Rehabilitasyon;Doruk Hospital;TRY;Fizik Tedavi - Intensive FTR - Arap Bölgesi - Tümü - AR - Physical Therapy - lead;​120226400025670080;PAUSED;FTR - genel - on_lead - Körfez (B.A.E. ve S.A hariç) - 15 Saniye Set;​120226400025950080;PAUSED;LEAD_GENERATION;0;0;6000;0;0;0;0;0;0;0;0;0;0
Ağustos 2026;Yabancı;Arapça;Lead;Fizik Tedavi / Rehabilitasyon;Doruk Hospital;TRY;Fizik Tedavi - Intensive FTR - Arap Bölgesi - Tümü - AR - Physical Therapy - lead;​120226400025670080;PAUSED;FTR - genel - on_lead - Körfez (B.A.E. ve S.A hariç) - 15 Saniye Set;​120226400025950080;PAUSED;LEAD_GENERATION;0;0;6000;0;0;0;0;0;0;0;0;0;0
Temmuz 2026;Yabancı;Arapça;Lead;Fizik Tedavi / Rehabilitasyon;Doruk Hospital;TRY;Fizik Tedavi - Intensive FTR - Arap Bölgesi - Tümü - AR - Physical Therapy - lead;​120226400025670080;PAUSED;FTR - genel - on_lead - Körfez (B.A.E. ve S.A hariç) - 15 Saniye Set - Kopya;​120226400025980080;PAUSED;LEAD_GENERATION;0;0;100;0;0;0;0;0;0;0;0;0;0
Ağustos 2026;Yabancı;Arapça;Lead;Fizik Tedavi / Rehabilitasyon;Doruk Hospital;TRY;Fizik Tedavi - Intensive FTR - Arap Bölgesi - Tümü - AR - Physical Therapy - lead;​120226400025670080;PAUSED;FTR - genel - on_lead - Körfez (B.A.E. ve S.A hariç) - 15 Saniye Set - Kopya;​120226400025980080;PAUSED;LEAD_GENERATION;0;0;100;0;0;0;0;0;0;0;0;0;0
Temmuz 2026;Yabancı;Arapça;Lead;Fizik Tedavi / Rehabilitasyon;Doruk Hospital;TRY;Fizik Tedavi - Intensive FTR - Arap Bölgesi - Tümü - AR - Physical Therapy - lead;​120226400025670080;PAUSED;FTR - genel - on_lead - Körfez (B.A.E. ve S.A hariç) - havuz intro - dinamik;​120226400026000080;PAUSED;LEAD_GENERATION;0;0;10000;0;0;0;0;0;0;0;0;0;0
Ağustos 2026;Yabancı;Arapça;Lead;Fizik Tedavi / Rehabilitasyon;Doruk Hospital;TRY;Fizik Tedavi - Intensive FTR - Arap Bölgesi - Tümü - AR - Physical Therapy - lead;​120226400025670080;PAUSED;FTR - genel - on_lead - Körfez (B.A.E. ve S.A hariç) - havuz intro - dinamik;​120226400026000080;PAUSED;LEAD_GENERATION;0;0;10000;0;0;0;0;0;0;0;0;0;0
Temmuz 2026;Yabancı;Arapça;Lead;Fizik Tedavi / Rehabilitasyon;Doruk Hospital;TRY;Fizik Tedavi - Intensive FTR - Arap Bölgesi - Tümü - AR - Physical Therapy - lead;​120226400025670080;PAUSED;FTR - genel - on_lead - Körfez (B.A.E. ve S.A hariç) - Retargeting - dinamik;​120226400025740080;PAUSED;QUALITY_LEAD;0;0;7000;0;0;0;0;0;0;0;0;0;0
Ağustos 2026;Yabancı;Arapça;Lead;Fizik Tedavi / Rehabilitasyon;Doruk Hospital;TRY;Fizik Tedavi - Intensive FTR - Arap Bölgesi - Tümü - AR - Physical Therapy - lead;​120226400025670080;PAUSED;FTR - genel - on_lead - Körfez (B.A.E. ve S.A hariç) - Retargeting - dinamik;​120226400025740080;PAUSED;QUALITY_LEAD;0;0;7000;0;0;0;0;0;0;0;0;0;0
Temmuz 2026;Yabancı;Arapça;Lead;Fizik Tedavi / Rehabilitasyon;Doruk Hospital;TRY;Fizik Tedavi - Intensive FTR - Arap Bölgesi - Tümü - AR - Physical Therapy - lead;​120226400025670080;PAUSED;FTR - genel - on_lead - Körfez (B.A.E. ve S.A hariç) - robot intro - dinamik;​120226400025900080;PAUSED;LEAD_GENERATION;0;0;12000;0;0;0;0;0;0;0;0;0;0
Ağustos 2026;Yabancı;Arapça;Lead;Fizik Tedavi / Rehabilitasyon;Doruk Hospital;TRY;Fizik Tedavi - Intensive FTR - Arap Bölgesi - Tümü - AR - Physical Therapy - lead;​120226400025670080;PAUSED;FTR - genel - on_lead - Körfez (B.A.E. ve S.A hariç) - robot intro - dinamik;​120226400025900080;PAUSED;LEAD_GENERATION;0;0;12000;0;0;0;0;0;0;0;0;0;0
Temmuz 2026;Yabancı;Arapça;Lead;Fizik Tedavi / Rehabilitasyon;Doruk Hospital;TRY;Fizik Tedavi - Intensive FTR - Arap Bölgesi - Tümü - AR - Physical Therapy - lead;​120226400025670080;PAUSED;FTR - genel - on_lead - Körfez (B.A.E. ve S.A hariç) - yaşlı intro - dinamik;​120226400025680080;PAUSED;LEAD_GENERATION;0;0;6000;0;0;0;0;0;0;0;0;0;0
Ağustos 2026;Yabancı;Arapça;Lead;Fizik Tedavi / Rehabilitasyon;Doruk Hospital;TRY;Fizik Tedavi - Intensive FTR - Arap Bölgesi - Tümü - AR - Physical Therapy - lead;​120226400025670080;PAUSED;FTR - genel - on_lead - Körfez (B.A.E. ve S.A hariç) - yaşlı intro - dinamik;​120226400025680080;PAUSED;LEAD_GENERATION;0;0;6000;0;0;0;0;0;0;0;0;0;0
Temmuz 2026;Yabancı;Arapça;Lead;Fizik Tedavi / Rehabilitasyon;Doruk Hospital;TRY;Fizik Tedavi - Intensive FTR - Arap Bölgesi - Tümü - AR - Physical Therapy - lead;​120226400025670080;PAUSED;FTR - genel - on_lead - Körfez (B.A.E. ve S.A hariç) - yeni old Set;​120226400025920080;PAUSED;LEAD_GENERATION;0;0;6000;0;0;0;0;0;0;0;0;0;0
Ağustos 2026;Yabancı;Arapça;Lead;Fizik Tedavi / Rehabilitasyon;Doruk Hospital;TRY;Fizik Tedavi - Intensive FTR - Arap Bölgesi - Tümü - AR - Physical Therapy - lead;​120226400025670080;PAUSED;FTR - genel - on_lead - Körfez (B.A.E. ve S.A hariç) - yeni old Set;​120226400025920080;PAUSED;LEAD_GENERATION;0;0;6000;0;0;0;0;0;0;0;0;0;0
Temmuz 2026;Yabancı;Arapça;Lead;Fizik Tedavi / Rehabilitasyon;Doruk Hospital;TRY;Fizik Tedavi - Intensive FTR - Arap Bölgesi - Tümü - AR - Physical Therapy - old;​120213206305890080;PAUSED;FTR - B.A.E. Daraltılmış - 1 Dakika Set;​120215788965910080;PAUSED;QUALITY_LEAD;0;0;2000;0;0;0;0;0;0;0;0;0;0
Ağustos 2026;Yabancı;Arapça;Lead;Fizik Tedavi / Rehabilitasyon;Doruk Hospital;TRY;Fizik Tedavi - Intensive FTR - Arap Bölgesi - Tümü - AR - Physical Therapy - old;​120213206305890080;PAUSED;FTR - B.A.E. Daraltılmış - 1 Dakika Set;​120215788965910080;PAUSED;QUALITY_LEAD;0;0;2000;0;0;0;0;0;0;0;0;0;0
Temmuz 2026;Yabancı;Arapça;Lead;Fizik Tedavi / Rehabilitasyon;Doruk Hospital;TRY;Fizik Tedavi - Intensive FTR - Arap Bölgesi - Tümü - AR - Physical Therapy - old;​120213206305890080;PAUSED;FTR - B.A.E. Daraltılmış - 15 Saniye Set;​120215789041370080;PAUSED;QUALITY_LEAD;0;0;3500;0;0;0;0;0;0;0;0;0;0
Ağustos 2026;Yabancı;Arapça;Lead;Fizik Tedavi / Rehabilitasyon;Doruk Hospital;TRY;Fizik Tedavi - Intensive FTR - Arap Bölgesi - Tümü - AR - Physical Therapy - old;​120213206305890080;PAUSED;FTR - B.A.E. Daraltılmış - 15 Saniye Set;​120215789041370080;PAUSED;QUALITY_LEAD;0;0;3500;0;0;0;0;0;0;0;0;0;0
Temmuz 2026;Yabancı;Arapça;Lead;Fizik Tedavi / Rehabilitasyon;Doruk Hospital;TRY;Fizik Tedavi - Intensive FTR - Arap Bölgesi - Tümü - AR - Physical Therapy - old;​120213206305890080;PAUSED;FTR - B.A.E. Daraltılmış - old Set;​120215789030470080;PAUSED;QUALITY_LEAD;0;0;4500;0;0;0;0;0;0;0;0;0;0
Ağustos 2026;Yabancı;Arapça;Lead;Fizik Tedavi / Rehabilitasyon;Doruk Hospital;TRY;Fizik Tedavi - Intensive FTR - Arap Bölgesi - Tümü - AR - Physical Therapy - old;​120213206305890080;PAUSED;FTR - B.A.E. Daraltılmış - old Set;​120215789030470080;PAUSED;QUALITY_LEAD;0;0;4500;0;0;0;0;0;0;0;0;0;0
Temmuz 2026;Yabancı;Arapça;Lead;Fizik Tedavi / Rehabilitasyon;Doruk Hospital;TRY;Fizik Tedavi - Intensive FTR - Arap Bölgesi - Tümü - AR - Physical Therapy - old;​120213206305890080;PAUSED;FTR - Intensive FTR - Arap Bölgesi - Tümü - AR - Physical Therapy - Statik Set;​120214289225780080;PAUSED;LEAD_GENERATION;0;0;5500;0;0;0;0;0;0;0;0;0;0
Ağustos 2026;Yabancı;Arapça;Lead;Fizik Tedavi / Rehabilitasyon;Doruk Hospital;TRY;Fizik Tedavi - Intensive FTR - Arap Bölgesi - Tümü - AR - Physical Therapy - old;​120213206305890080;PAUSED;FTR - Intensive FTR - Arap Bölgesi - Tümü - AR - Physical Therapy - Statik Set;​120214289225780080;PAUSED;LEAD_GENERATION;0;0;5500;0;0;0;0;0;0;0;0;0;0
Temmuz 2026;Yabancı;Arapça;Lead;Fizik Tedavi / Rehabilitasyon;Doruk Hospital;TRY;Fizik Tedavi - Intensive FTR - Arap Bölgesi - Tümü - AR - Physical Therapy - old;​120213206305890080;PAUSED;FTR - Körfez (B.A.E. ve S.A hariç) - 1 Dakika Set;​120215140602340080;PAUSED;LEAD_GENERATION;0;0;6000;0;0;0;0;0;0;0;0;0;0
Ağustos 2026;Yabancı;Arapça;Lead;Fizik Tedavi / Rehabilitasyon;Doruk Hospital;TRY;Fizik Tedavi - Intensive FTR - Arap Bölgesi - Tümü - AR - Physical Therapy - old;​120213206305890080;PAUSED;FTR - Körfez (B.A.E. ve S.A hariç) - 1 Dakika Set;​120215140602340080;PAUSED;LEAD_GENERATION;0;0;6000;0;0;0;0;0;0;0;0;0;0
Temmuz 2026;Yabancı;Arapça;Lead;Fizik Tedavi / Rehabilitasyon;Doruk Hospital;TRY;Fizik Tedavi - Intensive FTR - Arap Bölgesi - Tümü - AR - Physical Therapy - old;​120213206305890080;PAUSED;FTR - Körfez (B.A.E. ve S.A hariç) - 15 Saniye Set - Kopya;​120218944910840080;CAMPAIGN_PAUSED;LEAD_GENERATION;0;0;11000;0;0;0;0;0;0;0;0;0;0
Ağustos 2026;Yabancı;Arapça;Lead;Fizik Tedavi / Rehabilitasyon;Doruk Hospital;TRY;Fizik Tedavi - Intensive FTR - Arap Bölgesi - Tümü - AR - Physical Therapy - old;​120213206305890080;PAUSED;FTR - Körfez (B.A.E. ve S.A hariç) - 15 Saniye Set - Kopya;​120218944910840080;CAMPAIGN_PAUSED;LEAD_GENERATION;0;0;11000;0;0;0;0;0;0;0;0;0;0
Temmuz 2026;Yabancı;Arapça;Lead;Fizik Tedavi / Rehabilitasyon;Doruk Hospital;TRY;Fizik Tedavi - Intensive FTR - Arap Bölgesi - Tümü - AR - Physical Therapy - old;​120213206305890080;PAUSED;FTR - Körfez (B.A.E. ve S.A hariç) - 15 Saniye Set*;​120214367953370080;PAUSED;LEAD_GENERATION;0;0;8000;0;0;0;0;0;0;0;0;0;0
Ağustos 2026;Yabancı;Arapça;Lead;Fizik Tedavi / Rehabilitasyon;Doruk Hospital;TRY;Fizik Tedavi - Intensive FTR - Arap Bölgesi - Tümü - AR - Physical Therapy - old;​120213206305890080;PAUSED;FTR - Körfez (B.A.E. ve S.A hariç) - 15 Saniye Set*;​120214367953370080;PAUSED;LEAD_GENERATION;0;0;8000;0;0;0;0;0;0;0;0;0;0
Temmuz 2026;Yabancı;Arapça;Lead;Fizik Tedavi / Rehabilitasyon;Doruk Hospital;TRY;Fizik Tedavi - Intensive FTR - Arap Bölgesi - Tümü - AR - Physical Therapy - old;​120213206305890080;PAUSED;FTR - Körfez (B.A.E. ve S.A hariç) - old Set - Kopya;​120218944984230080;PAUSED;LEAD_GENERATION;0;0;11000;0;0;0;0;0;0;0;0;0;0
Ağustos 2026;Yabancı;Arapça;Lead;Fizik Tedavi / Rehabilitasyon;Doruk Hospital;TRY;Fizik Tedavi - Intensive FTR - Arap Bölgesi - Tümü - AR - Physical Therapy - old;​120213206305890080;PAUSED;FTR - Körfez (B.A.E. ve S.A hariç) - old Set - Kopya;​120218944984230080;PAUSED;LEAD_GENERATION;0;0;11000;0;0;0;0;0;0;0;0;0;0
Temmuz 2026;Yabancı;Arapça;Lead;Fizik Tedavi / Rehabilitasyon;Doruk Hospital;TRY;Fizik Tedavi - Intensive FTR - Arap Bölgesi - Tümü - AR - Physical Therapy - old;​120213206305890080;PAUSED;FTR - Körfez (B.A.E. ve S.A hariç) - old Set*;​120213206305860080;PAUSED;LEAD_GENERATION;0;0;8000;0;0;0;0;0;0;0;0;0;0
Ağustos 2026;Yabancı;Arapça;Lead;Fizik Tedavi / Rehabilitasyon;Doruk Hospital;TRY;Fizik Tedavi - Intensive FTR - Arap Bölgesi - Tümü - AR - Physical Therapy - old;​120213206305890080;PAUSED;FTR - Körfez (B.A.E. ve S.A hariç) - old Set*;​120213206305860080;PAUSED;LEAD_GENERATION;0;0;8000;0;0;0;0;0;0;0;0;0;0
Temmuz 2026;Yabancı;Arapça;Lead;Fizik Tedavi / Rehabilitasyon;Doruk Hospital;TRY;Fizik Tedavi - Intensive FTR - Arap Bölgesi - Tümü - AR - Physical Therapy - old;​120213206305890080;PAUSED;FTR - Suudi Arabistan Daraltılmış -  1 Dakika Set;​120215789964090080;PAUSED;QUALITY_LEAD;0;0;1000;0;0;0;0;0;0;0;0;0;0
Ağustos 2026;Yabancı;Arapça;Lead;Fizik Tedavi / Rehabilitasyon;Doruk Hospital;TRY;Fizik Tedavi - Intensive FTR - Arap Bölgesi - Tümü - AR - Physical Therapy - old;​120213206305890080;PAUSED;FTR - Suudi Arabistan Daraltılmış -  1 Dakika Set;​120215789964090080;PAUSED;QUALITY_LEAD;0;0;1000;0;0;0;0;0;0;0;0;0;0
Temmuz 2026;Yabancı;Arapça;Lead;Fizik Tedavi / Rehabilitasyon;Doruk Hospital;TRY;Fizik Tedavi - Intensive FTR - Arap Bölgesi - Tümü - AR - Physical Therapy - old;​120213206305890080;PAUSED;FTR - Suudi Arabistan Daraltılmış - 15 Saniye Set - Kopya;​120218944902190080;PAUSED;LEAD_GENERATION;0;0;1500;0;0;0;0;0;0;0;0;0;0
Ağustos 2026;Yabancı;Arapça;Lead;Fizik Tedavi / Rehabilitasyon;Doruk Hospital;TRY;Fizik Tedavi - Intensive FTR - Arap Bölgesi - Tümü - AR - Physical Therapy - old;​120213206305890080;PAUSED;FTR - Suudi Arabistan Daraltılmış - 15 Saniye Set - Kopya;​120218944902190080;PAUSED;LEAD_GENERATION;0;0;1500;0;0;0;0;0;0;0;0;0;0
Temmuz 2026;Yabancı;Arapça;Lead;Fizik Tedavi / Rehabilitasyon;Doruk Hospital;TRY;Fizik Tedavi - Intensive FTR - Arap Bölgesi - Tümü - AR - Physical Therapy - old;​120213206305890080;PAUSED;FTR - Suudi Arabistan Daraltılmış - 15 Saniye Set*;​120215790025500080;PAUSED;QUALITY_LEAD;0;0;1500;0;0;0;0;0;0;0;0;0;0
Ağustos 2026;Yabancı;Arapça;Lead;Fizik Tedavi / Rehabilitasyon;Doruk Hospital;TRY;Fizik Tedavi - Intensive FTR - Arap Bölgesi - Tümü - AR - Physical Therapy - old;​120213206305890080;PAUSED;FTR - Suudi Arabistan Daraltılmış - 15 Saniye Set*;​120215790025500080;PAUSED;QUALITY_LEAD;0;0;1500;0;0;0;0;0;0;0;0;0;0
Temmuz 2026;Yabancı;Arapça;Lead;Fizik Tedavi / Rehabilitasyon;Doruk Hospital;TRY;Fizik Tedavi - Intensive FTR - Arap Bölgesi - Tümü - AR - Physical Therapy - old;​120213206305890080;PAUSED;FTR - Suudi Arabistan Daraltılmış - old Set - Kopya;​120218944875800080;PAUSED;LEAD_GENERATION;0;0;1500;0;0;0;0;0;0;0;0;0;0
Ağustos 2026;Yabancı;Arapça;Lead;Fizik Tedavi / Rehabilitasyon;Doruk Hospital;TRY;Fizik Tedavi - Intensive FTR - Arap Bölgesi - Tümü - AR - Physical Therapy - old;​120213206305890080;PAUSED;FTR - Suudi Arabistan Daraltılmış - old Set - Kopya;​120218944875800080;PAUSED;LEAD_GENERATION;0;0;1500;0;0;0;0;0;0;0;0;0;0
Temmuz 2026;Yabancı;Arapça;Lead;Fizik Tedavi / Rehabilitasyon;Doruk Hospital;TRY;Fizik Tedavi - Intensive FTR - Arap Bölgesi - Tümü - AR - Physical Therapy - old;​120213206305890080;PAUSED;FTR - Suudi Arabistan Daraltılmış - old Set*;​120215790155580080;PAUSED;QUALITY_LEAD;0;0;1500;0;0;0;0;0;0;0;0;0;0
Ağustos 2026;Yabancı;Arapça;Lead;Fizik Tedavi / Rehabilitasyon;Doruk Hospital;TRY;Fizik Tedavi - Intensive FTR - Arap Bölgesi - Tümü - AR - Physical Therapy - old;​120213206305890080;PAUSED;FTR - Suudi Arabistan Daraltılmış - old Set*;​120215790155580080;PAUSED;QUALITY_LEAD;0;0;1500;0;0;0;0;0;0;0;0;0;0
Temmuz 2026;Yabancı;Arapça;Lead;Fizik Tedavi / Rehabilitasyon;Doruk Hospital;TRY;Fizik Tedavi - Intensive FTR - Arap Bölgesi - Tümü - AR - Physical Therapy - on_lead;​120222231456050080;PAUSED;FTR - genel - on_lead - B.A.E - yeni old Set;​120222750688490080;PAUSED;LEAD_GENERATION;0;0;6000;0;0;0;0;0;0;0;0;0;0
Ağustos 2026;Yabancı;Arapça;Lead;Fizik Tedavi / Rehabilitasyon;Doruk Hospital;TRY;Fizik Tedavi - Intensive FTR - Arap Bölgesi - Tümü - AR - Physical Therapy - on_lead;​120222231456050080;PAUSED;FTR - genel - on_lead - B.A.E - yeni old Set;​120222750688490080;PAUSED;LEAD_GENERATION;0;0;6000;0;0;0;0;0;0;0;0;0;0
Temmuz 2026;Yabancı;Arapça;Lead;Fizik Tedavi / Rehabilitasyon;Doruk Hospital;TRY;Fizik Tedavi - Intensive FTR - Arap Bölgesi - Tümü - AR - Physical Therapy - on_lead;​120222231456050080;PAUSED;FTR - genel - on_lead - BAE -  havuz intro 3-9  - 1 dakika - dinamik;​120225719091580080;PAUSED;LEAD_GENERATION;0;0;100;0;0;0;0;0;0;0;0;0;0
Ağustos 2026;Yabancı;Arapça;Lead;Fizik Tedavi / Rehabilitasyon;Doruk Hospital;TRY;Fizik Tedavi - Intensive FTR - Arap Bölgesi - Tümü - AR - Physical Therapy - on_lead;​120222231456050080;PAUSED;FTR - genel - on_lead - BAE -  havuz intro 3-9  - 1 dakika - dinamik;​120225719091580080;PAUSED;LEAD_GENERATION;0;0;100;0;0;0;0;0;0;0;0;0;0
Temmuz 2026;Yabancı;Arapça;Lead;Fizik Tedavi / Rehabilitasyon;Doruk Hospital;TRY;Fizik Tedavi - Intensive FTR - Arap Bölgesi - Tümü - AR - Physical Therapy - on_lead;​120222231456050080;PAUSED;FTR - genel - on_lead - BAE - 15 Saniye Set;​120223808922930080;PAUSED;LEAD_GENERATION;0;0;6000;0;0;0;0;0;0;0;0;0;0
Ağustos 2026;Yabancı;Arapça;Lead;Fizik Tedavi / Rehabilitasyon;Doruk Hospital;TRY;Fizik Tedavi - Intensive FTR - Arap Bölgesi - Tümü - AR - Physical Therapy - on_lead;​120222231456050080;PAUSED;FTR - genel - on_lead - BAE - 15 Saniye Set;​120223808922930080;PAUSED;LEAD_GENERATION;0;0;6000;0;0;0;0;0;0;0;0;0;0
Temmuz 2026;Yabancı;Arapça;Lead;Fizik Tedavi / Rehabilitasyon;Doruk Hospital;TRY;Fizik Tedavi - Intensive FTR - Arap Bölgesi - Tümü - AR - Physical Therapy - on_lead;​120222231456050080;PAUSED;FTR - genel - on_lead - BAE - havuz intro - dinamik;​120225774875410080;CAMPAIGN_PAUSED;LEAD_GENERATION;0;0;6000;0;0;0;0;0;0;0;0;0;0
Ağustos 2026;Yabancı;Arapça;Lead;Fizik Tedavi / Rehabilitasyon;Doruk Hospital;TRY;Fizik Tedavi - Intensive FTR - Arap Bölgesi - Tümü - AR - Physical Therapy - on_lead;​120222231456050080;PAUSED;FTR - genel - on_lead - BAE - havuz intro - dinamik;​120225774875410080;CAMPAIGN_PAUSED;LEAD_GENERATION;0;0;6000;0;0;0;0;0;0;0;0;0;0
Temmuz 2026;Yabancı;Arapça;Lead;Fizik Tedavi / Rehabilitasyon;Doruk Hospital;TRY;Fizik Tedavi - Intensive FTR - Arap Bölgesi - Tümü - AR - Physical Therapy - on_lead;​120222231456050080;PAUSED;FTR - genel - on_lead - BAE - robot intro - dinamik;​120225850709110080;CAMPAIGN_PAUSED;QUALITY_LEAD;0;0;6000;0;0;0;0;0;0;0;0;0;0
Ağustos 2026;Yabancı;Arapça;Lead;Fizik Tedavi / Rehabilitasyon;Doruk Hospital;TRY;Fizik Tedavi - Intensive FTR - Arap Bölgesi - Tümü - AR - Physical Therapy - on_lead;​120222231456050080;PAUSED;FTR - genel - on_lead - BAE - robot intro - dinamik;​120225850709110080;CAMPAIGN_PAUSED;QUALITY_LEAD;0;0;6000;0;0;0;0;0;0;0;0;0;0
Temmuz 2026;Yabancı;Arapça;Lead;Fizik Tedavi / Rehabilitasyon;Doruk Hospital;TRY;Fizik Tedavi - Intensive FTR - Arap Bölgesi - Tümü - AR - Physical Therapy - on_lead;​120222231456050080;PAUSED;FTR - genel - on_lead - BAE - yaşlı intro - dinamik;​120225850738400080;PAUSED;QUALITY_LEAD;0;0;6000;0;0;0;0;0;0;0;0;0;0
Ağustos 2026;Yabancı;Arapça;Lead;Fizik Tedavi / Rehabilitasyon;Doruk Hospital;TRY;Fizik Tedavi - Intensive FTR - Arap Bölgesi - Tümü - AR - Physical Therapy - on_lead;​120222231456050080;PAUSED;FTR - genel - on_lead - BAE - yaşlı intro - dinamik;​120225850738400080;PAUSED;QUALITY_LEAD;0;0;6000;0;0;0;0;0;0;0;0;0;0
Temmuz 2026;Yabancı;Arapça;Lead;Fizik Tedavi / Rehabilitasyon;Doruk Hospital;TRY;Fizik Tedavi - Intensive FTR - Arap Bölgesi - Tümü - AR - Physical Therapy - on_lead;​120222231456050080;PAUSED;FTR - genel - on_lead - Körfez (B.A.E. ve S.A hariç) - 15 saniye + old - Retargeting;​120223950329630080;PAUSED;LEAD_GENERATION;0;0;6000;0;0;0;0;0;0;0;0;0;0
Ağustos 2026;Yabancı;Arapça;Lead;Fizik Tedavi / Rehabilitasyon;Doruk Hospital;TRY;Fizik Tedavi - Intensive FTR - Arap Bölgesi - Tümü - AR - Physical Therapy - on_lead;​120222231456050080;PAUSED;FTR - genel - on_lead - Körfez (B.A.E. ve S.A hariç) - 15 saniye + old - Retargeting;​120223950329630080;PAUSED;LEAD_GENERATION;0;0;6000;0;0;0;0;0;0;0;0;0;0
Temmuz 2026;Yabancı;Arapça;Lead;Fizik Tedavi / Rehabilitasyon;Doruk Hospital;TRY;Fizik Tedavi - Intensive FTR - Arap Bölgesi - Tümü - AR - Physical Therapy - on_lead;​120222231456050080;PAUSED;FTR - genel - on_lead - Körfez (B.A.E. ve S.A hariç) - 15 Saniye Set;​120222231456410080;PAUSED;LEAD_GENERATION;0;0;6000;0;0;0;0;0;0;0;0;0;0
Ağustos 2026;Yabancı;Arapça;Lead;Fizik Tedavi / Rehabilitasyon;Doruk Hospital;TRY;Fizik Tedavi - Intensive FTR - Arap Bölgesi - Tümü - AR - Physical Therapy - on_lead;​120222231456050080;PAUSED;FTR - genel - on_lead - Körfez (B.A.E. ve S.A hariç) - 15 Saniye Set;​120222231456410080;PAUSED;LEAD_GENERATION;0;0;6000;0;0;0;0;0;0;0;0;0;0
Temmuz 2026;Yabancı;Arapça;Lead;Fizik Tedavi / Rehabilitasyon;Doruk Hospital;TRY;Fizik Tedavi - Intensive FTR - Arap Bölgesi - Tümü - AR - Physical Therapy - on_lead;​120222231456050080;PAUSED;FTR - genel - on_lead - Körfez (B.A.E. ve S.A hariç) - 15 Saniye Set - Kopya;​120225435514700080;PAUSED;LEAD_GENERATION;0;0;100;0;0;0;0;0;0;0;0;0;0
Ağustos 2026;Yabancı;Arapça;Lead;Fizik Tedavi / Rehabilitasyon;Doruk Hospital;TRY;Fizik Tedavi - Intensive FTR - Arap Bölgesi - Tümü - AR - Physical Therapy - on_lead;​120222231456050080;PAUSED;FTR - genel - on_lead - Körfez (B.A.E. ve S.A hariç) - 15 Saniye Set - Kopya;​120225435514700080;PAUSED;LEAD_GENERATION;0;0;100;0;0;0;0;0;0;0;0;0;0
Temmuz 2026;Yabancı;Arapça;Lead;Fizik Tedavi / Rehabilitasyon;Doruk Hospital;TRY;Fizik Tedavi - Intensive FTR - Arap Bölgesi - Tümü - AR - Physical Therapy - on_lead;​120222231456050080;PAUSED;FTR - genel - on_lead - Körfez (B.A.E. ve S.A hariç) - havuz intro - dinamik;​120225851848990080;CAMPAIGN_PAUSED;LEAD_GENERATION;0;0;9000;0;0;0;0;0;0;0;0;0;0
Ağustos 2026;Yabancı;Arapça;Lead;Fizik Tedavi / Rehabilitasyon;Doruk Hospital;TRY;Fizik Tedavi - Intensive FTR - Arap Bölgesi - Tümü - AR - Physical Therapy - on_lead;​120222231456050080;PAUSED;FTR - genel - on_lead - Körfez (B.A.E. ve S.A hariç) - havuz intro - dinamik;​120225851848990080;CAMPAIGN_PAUSED;LEAD_GENERATION;0;0;9000;0;0;0;0;0;0;0;0;0;0
Temmuz 2026;Yabancı;Arapça;Lead;Fizik Tedavi / Rehabilitasyon;Doruk Hospital;TRY;Fizik Tedavi - Intensive FTR - Arap Bölgesi - Tümü - AR - Physical Therapy - on_lead;​120222231456050080;PAUSED;FTR - genel - on_lead - Körfez (B.A.E. ve S.A hariç) - Retargeting - dinamik;​120225903605380080;CAMPAIGN_PAUSED;QUALITY_LEAD;0;0;6000;0;0;0;0;0;0;0;0;0;0
Ağustos 2026;Yabancı;Arapça;Lead;Fizik Tedavi / Rehabilitasyon;Doruk Hospital;TRY;Fizik Tedavi - Intensive FTR - Arap Bölgesi - Tümü - AR - Physical Therapy - on_lead;​120222231456050080;PAUSED;FTR - genel - on_lead - Körfez (B.A.E. ve S.A hariç) - Retargeting - dinamik;​120225903605380080;CAMPAIGN_PAUSED;QUALITY_LEAD;0;0;6000;0;0;0;0;0;0;0;0;0;0
Temmuz 2026;Yabancı;Arapça;Lead;Fizik Tedavi / Rehabilitasyon;Doruk Hospital;TRY;Fizik Tedavi - Intensive FTR - Arap Bölgesi - Tümü - AR - Physical Therapy - on_lead;​120222231456050080;PAUSED;FTR - genel - on_lead - Körfez (B.A.E. ve S.A hariç) - robot intro - dinamik;​120225852118060080;CAMPAIGN_PAUSED;QUALITY_LEAD;0;0;9000;0;0;0;0;0;0;0;0;0;0
Ağustos 2026;Yabancı;Arapça;Lead;Fizik Tedavi / Rehabilitasyon;Doruk Hospital;TRY;Fizik Tedavi - Intensive FTR - Arap Bölgesi - Tümü - AR - Physical Therapy - on_lead;​120222231456050080;PAUSED;FTR - genel - on_lead - Körfez (B.A.E. ve S.A hariç) - robot intro - dinamik;​120225852118060080;CAMPAIGN_PAUSED;QUALITY_LEAD;0;0;9000;0;0;0;0;0;0;0;0;0;0
Temmuz 2026;Yabancı;Arapça;Lead;Fizik Tedavi / Rehabilitasyon;Doruk Hospital;TRY;Fizik Tedavi - Intensive FTR - Arap Bölgesi - Tümü - AR - Physical Therapy - on_lead;​120222231456050080;PAUSED;FTR - genel - on_lead - Körfez (B.A.E. ve S.A hariç) - yaşlı intro - dinamik;​120225852219900080;PAUSED;QUALITY_LEAD;0;0;6000;0;0;0;0;0;0;0;0;0;0
Ağustos 2026;Yabancı;Arapça;Lead;Fizik Tedavi / Rehabilitasyon;Doruk Hospital;TRY;Fizik Tedavi - Intensive FTR - Arap Bölgesi - Tümü - AR - Physical Therapy - on_lead;​120222231456050080;PAUSED;FTR - genel - on_lead - Körfez (B.A.E. ve S.A hariç) - yaşlı intro - dinamik;​120225852219900080;PAUSED;QUALITY_LEAD;0;0;6000;0;0;0;0;0;0;0;0;0;0
Temmuz 2026;Yabancı;Arapça;Lead;Fizik Tedavi / Rehabilitasyon;Doruk Hospital;TRY;Fizik Tedavi - Intensive FTR - Arap Bölgesi - Tümü - AR - Physical Therapy - on_lead;​120222231456050080;PAUSED;FTR - genel - on_lead - Körfez (B.A.E. ve S.A hariç) - yeni old Set;​120222260393740080;PAUSED;LEAD_GENERATION;0;0;6000;0;0;0;0;0;0;0;0;0;0
Ağustos 2026;Yabancı;Arapça;Lead;Fizik Tedavi / Rehabilitasyon;Doruk Hospital;TRY;Fizik Tedavi - Intensive FTR - Arap Bölgesi - Tümü - AR - Physical Therapy - on_lead;​120222231456050080;PAUSED;FTR - genel - on_lead - Körfez (B.A.E. ve S.A hariç) - yeni old Set;​120222260393740080;PAUSED;LEAD_GENERATION;0;0;6000;0;0;0;0;0;0;0;0;0;0
Temmuz 2026;Yabancı;Arapça;Lead;Fizik Tedavi / Rehabilitasyon;Doruk Hospital;TRY;Fizik Tedavi - Intensive FTR - Arap Bölgesi - Tümü - AR - Physical Therapy;​120221301712470080;PAUSED;FTR - genel - lead - BAE - 15 Saniye Set;​120223159014060080;CAMPAIGN_PAUSED;LEAD_GENERATION;0;0;8500;0;0;0;0;0;0;0;0;0;0
Ağustos 2026;Yabancı;Arapça;Lead;Fizik Tedavi / Rehabilitasyon;Doruk Hospital;TRY;Fizik Tedavi - Intensive FTR - Arap Bölgesi - Tümü - AR - Physical Therapy;​120221301712470080;PAUSED;FTR - genel - lead - BAE - 15 Saniye Set;​120223159014060080;CAMPAIGN_PAUSED;LEAD_GENERATION;0;0;8500;0;0;0;0;0;0;0;0;0;0
Temmuz 2026;Yabancı;Arapça;Lead;Fizik Tedavi / Rehabilitasyon;Doruk Hospital;TRY;Fizik Tedavi - Intensive FTR - Arap Bölgesi - Tümü - AR - Physical Therapy;​120221301712470080;PAUSED;FTR - genel - lead - BAE - old set;​120223161438860080;CAMPAIGN_PAUSED;LEAD_GENERATION;0;0;8500;0;0;0;0;0;0;0;0;0;0
Ağustos 2026;Yabancı;Arapça;Lead;Fizik Tedavi / Rehabilitasyon;Doruk Hospital;TRY;Fizik Tedavi - Intensive FTR - Arap Bölgesi - Tümü - AR - Physical Therapy;​120221301712470080;PAUSED;FTR - genel - lead - BAE - old set;​120223161438860080;CAMPAIGN_PAUSED;LEAD_GENERATION;0;0;8500;0;0;0;0;0;0;0;0;0;0
Temmuz 2026;Yabancı;Arapça;Lead;Fizik Tedavi / Rehabilitasyon;Doruk Hospital;TRY;Fizik Tedavi - Intensive FTR - Arap Bölgesi - Tümü - AR - Physical Therapy;​120221301712470080;PAUSED;FTR - genel - lead - Körfez (B.A.E. ve S.A hariç) - 15 Saniye Set - 1;​120221953559820080;PAUSED;LEAD_GENERATION;0;0;6500;0;0;0;0;0;0;0;0;0;0
Ağustos 2026;Yabancı;Arapça;Lead;Fizik Tedavi / Rehabilitasyon;Doruk Hospital;TRY;Fizik Tedavi - Intensive FTR - Arap Bölgesi - Tümü - AR - Physical Therapy;​120221301712470080;PAUSED;FTR - genel - lead - Körfez (B.A.E. ve S.A hariç) - 15 Saniye Set - 1;​120221953559820080;PAUSED;LEAD_GENERATION;0;0;6500;0;0;0;0;0;0;0;0;0;0
Temmuz 2026;Yabancı;Arapça;Lead;Fizik Tedavi / Rehabilitasyon;Doruk Hospital;TRY;Fizik Tedavi - Intensive FTR - Arap Bölgesi - Tümü - AR - Physical Therapy;​120221301712470080;PAUSED;FTR - genel - lead - Körfez (B.A.E. ve S.A hariç) - 15 Saniye Set - 2;​120221302105090080;CAMPAIGN_PAUSED;LEAD_GENERATION;0;0;8500;0;0;0;0;0;0;0;0;0;0
Ağustos 2026;Yabancı;Arapça;Lead;Fizik Tedavi / Rehabilitasyon;Doruk Hospital;TRY;Fizik Tedavi - Intensive FTR - Arap Bölgesi - Tümü - AR - Physical Therapy;​120221301712470080;PAUSED;FTR - genel - lead - Körfez (B.A.E. ve S.A hariç) - 15 Saniye Set - 2;​120221302105090080;CAMPAIGN_PAUSED;LEAD_GENERATION;0;0;8500;0;0;0;0;0;0;0;0;0;0
Temmuz 2026;Yabancı;Arapça;Lead;Fizik Tedavi / Rehabilitasyon;Doruk Hospital;TRY;Fizik Tedavi - Intensive FTR - Arap Bölgesi - Tümü - AR - Physical Therapy;​120221301712470080;PAUSED;FTR - genel - lead - Körfez (B.A.E. ve S.A hariç) - yeni- old Set - 1;​120221301716420080;CAMPAIGN_PAUSED;LEAD_GENERATION;0;0;8500;0;0;0;0;0;0;0;0;0;0
Ağustos 2026;Yabancı;Arapça;Lead;Fizik Tedavi / Rehabilitasyon;Doruk Hospital;TRY;Fizik Tedavi - Intensive FTR - Arap Bölgesi - Tümü - AR - Physical Therapy;​120221301712470080;PAUSED;FTR - genel - lead - Körfez (B.A.E. ve S.A hariç) - yeni- old Set - 1;​120221301716420080;CAMPAIGN_PAUSED;LEAD_GENERATION;0;0;8500;0;0;0;0;0;0;0;0;0;0
Temmuz 2026;Yabancı;Arapça;Lead;Fizik Tedavi / Rehabilitasyon;Doruk Hospital;TRY;Fizik Tedavi - Intensive FTR - Arap Bölgesi - Tümü - AR - Physical Therapy;​120221301712470080;PAUSED;FTR - genel - lead - Körfez (B.A.E. ve S.A hariç) - yeni- old Set - 2;​120222418715530080;PAUSED;LEAD_GENERATION;0;0;6500;0;0;0;0;0;0;0;0;0;0
Ağustos 2026;Yabancı;Arapça;Lead;Fizik Tedavi / Rehabilitasyon;Doruk Hospital;TRY;Fizik Tedavi - Intensive FTR - Arap Bölgesi - Tümü - AR - Physical Therapy;​120221301712470080;PAUSED;FTR - genel - lead - Körfez (B.A.E. ve S.A hariç) - yeni- old Set - 2;​120222418715530080;PAUSED;LEAD_GENERATION;0;0;6500;0;0;0;0;0;0;0;0;0;0
Temmuz 2026;Yabancı;Arapça;Lead;Fizik Tedavi / Rehabilitasyon;Doruk Hospital;TRY;Fizik Tedavi - Intensive FTR - Arap Bölgesi - Tümü - AR - Physical Therapy;​120221301712470080;PAUSED;FTR - genel - on_lead - Körfez (B.A.E. ve S.A hariç) - 15 Saniye Set - Kopya - Kopya - Kopya;​120221953498010080;PAUSED;LEAD_GENERATION;0;0;6500;0;0;0;0;0;0;0;0;0;0
Ağustos 2026;Yabancı;Arapça;Lead;Fizik Tedavi / Rehabilitasyon;Doruk Hospital;TRY;Fizik Tedavi - Intensive FTR - Arap Bölgesi - Tümü - AR - Physical Therapy;​120221301712470080;PAUSED;FTR - genel - on_lead - Körfez (B.A.E. ve S.A hariç) - 15 Saniye Set - Kopya - Kopya - Kopya;​120221953498010080;PAUSED;LEAD_GENERATION;0;0;6500;0;0;0;0;0;0;0;0;0;0
Temmuz 2026;Yabancı;Arapça;Lead;Fizik Tedavi / Rehabilitasyon;Doruk Hospital;TRY;Fizik Tedavi - Intensive FTR - Avrupa Bölgesi - Tümü - AR - Physical Therapy;​120213222530740080;PAUSED;Fizik Tedavi - Intensive FTR - Avrupa Bölgesi - Tümü - AR - Physical Therapy;​120213222530720080;CAMPAIGN_PAUSED;LEAD_GENERATION;0;0;1000;0;0;0;0;0;0;0;0;0;0
Ağustos 2026;Yabancı;Arapça;Lead;Fizik Tedavi / Rehabilitasyon;Doruk Hospital;TRY;Fizik Tedavi - Intensive FTR - Avrupa Bölgesi - Tümü - AR - Physical Therapy;​120213222530740080;PAUSED;Fizik Tedavi - Intensive FTR - Avrupa Bölgesi - Tümü - AR - Physical Therapy;​120213222530720080;CAMPAIGN_PAUSED;LEAD_GENERATION;0;0;1000;0;0;0;0;0;0;0;0;0;0
Temmuz 2026;Yabancı;İngilizce;Lead;Fizik Tedavi / Rehabilitasyon;Doruk Hospital;TRY;Fizik Tedavi - Intensive FTR - Avrupa Bölgesi - Tümü - EN - Doruk Hospital;​120208064144730080;PAUSED;Fizik Tedavi - Intensive FTR - Avrupa Bölgesi - Tümü - EN - Doruk Hospital;​120208064144720080;CAMPAIGN_PAUSED;LEAD_GENERATION;0;0;1750;0;0;0;0;0;0;0;0;0;0
Ağustos 2026;Yabancı;İngilizce;Lead;Fizik Tedavi / Rehabilitasyon;Doruk Hospital;TRY;Fizik Tedavi - Intensive FTR - Avrupa Bölgesi - Tümü - EN - Doruk Hospital;​120208064144730080;PAUSED;Fizik Tedavi - Intensive FTR - Avrupa Bölgesi - Tümü - EN - Doruk Hospital;​120208064144720080;CAMPAIGN_PAUSED;LEAD_GENERATION;0;0;1750;0;0;0;0;0;0;0;0;0;0
Temmuz 2026;Yabancı;İngilizce;Lead;Fizik Tedavi / Rehabilitasyon;Doruk Hospital;TRY;Fizik Tedavi - Intensive FTR - Avrupa Bölgesi - Tümü - EN - Doruk Hospital;​120208064144730080;PAUSED;Fizik Tedavi - Intensive FTR - Avrupa Bölgesi - Tümü - EN - Doruk Hospital - Statik Set;​120214267261980080;CAMPAIGN_PAUSED;QUALITY_LEAD;0;0;1750;0;0;0;0;0;0;0;0;0;0
Ağustos 2026;Yabancı;İngilizce;Lead;Fizik Tedavi / Rehabilitasyon;Doruk Hospital;TRY;Fizik Tedavi - Intensive FTR - Avrupa Bölgesi - Tümü - EN - Doruk Hospital;​120208064144730080;PAUSED;Fizik Tedavi - Intensive FTR - Avrupa Bölgesi - Tümü - EN - Doruk Hospital - Statik Set;​120214267261980080;CAMPAIGN_PAUSED;QUALITY_LEAD;0;0;1750;0;0;0;0;0;0;0;0;0;0
Temmuz 2026;Yabancı;İngilizce;Lead;Fizik Tedavi / Rehabilitasyon;Doruk Hospital;TRY;Fizik Tedavi - Intensive FTR - Avrupa Bölgesi - Tümü - EN - Doruk Hospital;​120208064144730080;PAUSED;Fizik Tedavi - Intensive FTR - Avrupa Bölgesi - Tümü - EN - Doruk Hospital - Statik Set - 1 Dakika & 15 Sn Set;​120214398792420080;CAMPAIGN_PAUSED;QUALITY_LEAD;0;0;1750;0;0;0;0;0;0;0;0;0;0
Ağustos 2026;Yabancı;İngilizce;Lead;Fizik Tedavi / Rehabilitasyon;Doruk Hospital;TRY;Fizik Tedavi - Intensive FTR - Avrupa Bölgesi - Tümü - EN - Doruk Hospital;​120208064144730080;PAUSED;Fizik Tedavi - Intensive FTR - Avrupa Bölgesi - Tümü - EN - Doruk Hospital - Statik Set - 1 Dakika & 15 Sn Set;​120214398792420080;CAMPAIGN_PAUSED;QUALITY_LEAD;0;0;1750;0;0;0;0;0;0;0;0;0;0
Temmuz 2026;Yabancı;İngilizce;Lead;Fizik Tedavi / Rehabilitasyon;Doruk Hospital;TRY;Fizik Tedavi - Intensive FTR - Avrupa Bölgesi - Tümü - EN - Physical Therapy;​120213114874740080;PAUSED;Fizik Tedavi - Intensive FTR - Avrupa Bölgesi - Tümü - EN - Physical Therapy;​120213114874750080;CAMPAIGN_PAUSED;LEAD_GENERATION;0;0;1750;0;0;0;0;0;0;0;0;0;0
Ağustos 2026;Yabancı;İngilizce;Lead;Fizik Tedavi / Rehabilitasyon;Doruk Hospital;TRY;Fizik Tedavi - Intensive FTR - Avrupa Bölgesi - Tümü - EN - Physical Therapy;​120213114874740080;PAUSED;Fizik Tedavi - Intensive FTR - Avrupa Bölgesi - Tümü - EN - Physical Therapy;​120213114874750080;CAMPAIGN_PAUSED;LEAD_GENERATION;0;0;1750;0;0;0;0;0;0;0;0;0;0
Temmuz 2026;Yabancı;İngilizce;Lead;Fizik Tedavi / Rehabilitasyon;Doruk Hospital;TRY;Fizik Tedavi - Intensive FTR - Avrupa Bölgesi - Tümü - EN - Physical Therapy;​120213114874740080;PAUSED;Fizik Tedavi - Intensive FTR - Avrupa Bölgesi - Tümü - EN - Physical Therapy -  1 Dk & 15 Sn Video Set;​120214345933950080;CAMPAIGN_PAUSED;QUALITY_LEAD;0;0;1750;0;0;0;0;0;0;0;0;0;0
Ağustos 2026;Yabancı;İngilizce;Lead;Fizik Tedavi / Rehabilitasyon;Doruk Hospital;TRY;Fizik Tedavi - Intensive FTR - Avrupa Bölgesi - Tümü - EN - Physical Therapy;​120213114874740080;PAUSED;Fizik Tedavi - Intensive FTR - Avrupa Bölgesi - Tümü - EN - Physical Therapy -  1 Dk & 15 Sn Video Set;​120214345933950080;CAMPAIGN_PAUSED;QUALITY_LEAD;0;0;1750;0;0;0;0;0;0;0;0;0;0
Temmuz 2026;Yabancı;İngilizce;Lead;Fizik Tedavi / Rehabilitasyon;Doruk Hospital;TRY;Fizik Tedavi - Intensive FTR - Avrupa Bölgesi - Tümü - EN - Physical Therapy;​120213114874740080;PAUSED;Fizik Tedavi - Intensive FTR - Avrupa Bölgesi - Tümü - EN - Physical Therapy -  Statatik Set;​120214264997290080;CAMPAIGN_PAUSED;QUALITY_LEAD;0;0;1750;0;0;0;0;0;0;0;0;0;0
Ağustos 2026;Yabancı;İngilizce;Lead;Fizik Tedavi / Rehabilitasyon;Doruk Hospital;TRY;Fizik Tedavi - Intensive FTR - Avrupa Bölgesi - Tümü - EN - Physical Therapy;​120213114874740080;PAUSED;Fizik Tedavi - Intensive FTR - Avrupa Bölgesi - Tümü - EN - Physical Therapy -  Statatik Set;​120214264997290080;CAMPAIGN_PAUSED;QUALITY_LEAD;0;0;1750;0;0;0;0;0;0;0;0;0;0
Temmuz 2026;Yabancı;Rusça;Lead;Fizik Tedavi / Rehabilitasyon;Doruk Hospital;TRY;Fizik Tedavi - Intensive FTR - Avrupa Bölgesi - Tümü - RU - Doruk Hospital;​120210039826820080;PAUSED;Fizik Tedavi - Intensive FTR - Avrupa Bölgesi - Tümü - RU - Doruk Hospital;​120210039826950080;CAMPAIGN_PAUSED;LEAD_GENERATION;0;0;1000;0;0;0;0;0;0;0;0;0;0
Ağustos 2026;Yabancı;Rusça;Lead;Fizik Tedavi / Rehabilitasyon;Doruk Hospital;TRY;Fizik Tedavi - Intensive FTR - Avrupa Bölgesi - Tümü - RU - Doruk Hospital;​120210039826820080;PAUSED;Fizik Tedavi - Intensive FTR - Avrupa Bölgesi - Tümü - RU - Doruk Hospital;​120210039826950080;CAMPAIGN_PAUSED;LEAD_GENERATION;0;0;1000;0;0;0;0;0;0;0;0;0;0
Temmuz 2026;Yabancı;Rusça;Lead;Fizik Tedavi / Rehabilitasyon;Doruk Hospital;TRY;Fizik Tedavi - Intensive FTR - Avrupa Bölgesi - Tümü - RU - Physical Therapy;​120213112688010080;PAUSED;Fizik Tedavi - Intensive FTR - Avrupa Bölgesi - Tümü - RU - Physical Therapy;​120213112687960080;CAMPAIGN_PAUSED;LEAD_GENERATION;0;0;1000;0;0;0;0;0;0;0;0;0;0
Ağustos 2026;Yabancı;Rusça;Lead;Fizik Tedavi / Rehabilitasyon;Doruk Hospital;TRY;Fizik Tedavi - Intensive FTR - Avrupa Bölgesi - Tümü - RU - Physical Therapy;​120213112688010080;PAUSED;Fizik Tedavi - Intensive FTR - Avrupa Bölgesi - Tümü - RU - Physical Therapy;​120213112687960080;CAMPAIGN_PAUSED;LEAD_GENERATION;0;0;1000;0;0;0;0;0;0;0;0;0;0
Temmuz 2026;Yabancı;Arapça;Lead;Fizik Tedavi / Rehabilitasyon;Doruk Hospital;TRY;Fizik Tedavi - Intensive FTR - Avrupa Bölgesi Bölgesi - Tümü - AR - Doruk Hospital;​120213222485410080;PAUSED;Fizik Tedavi - Intensive FTR - Avrupa Bölgesi Bölgesi - Tümü - AR - Doruk Hospital;​120213222485400080;CAMPAIGN_PAUSED;LEAD_GENERATION;0;0;1000;0;0;0;0;0;0;0;0;0;0
Ağustos 2026;Yabancı;Arapça;Lead;Fizik Tedavi / Rehabilitasyon;Doruk Hospital;TRY;Fizik Tedavi - Intensive FTR - Avrupa Bölgesi Bölgesi - Tümü - AR - Doruk Hospital;​120213222485410080;PAUSED;Fizik Tedavi - Intensive FTR - Avrupa Bölgesi Bölgesi - Tümü - AR - Doruk Hospital;​120213222485400080;CAMPAIGN_PAUSED;LEAD_GENERATION;0;0;1000;0;0;0;0;0;0;0;0;0;0
Temmuz 2026;Yabancı;Arapça;Lead;Fizik Tedavi / Rehabilitasyon;Doruk Hospital;TRY;Fizik Tedavi - Intensive FTR - Bahreny - Tümü - AR - Physical Therapy;​120213115101470080;PAUSED;bahreyn broad;​120213115101460080;CAMPAIGN_PAUSED;LEAD_GENERATION;0;0;500;0;0;0;0;0;0;0;0;0;0
Ağustos 2026;Yabancı;Arapça;Lead;Fizik Tedavi / Rehabilitasyon;Doruk Hospital;TRY;Fizik Tedavi - Intensive FTR - Bahreny - Tümü - AR - Physical Therapy;​120213115101470080;PAUSED;bahreyn broad;​120213115101460080;CAMPAIGN_PAUSED;LEAD_GENERATION;0;0;500;0;0;0;0;0;0;0;0;0;0
Temmuz 2026;Yabancı;Arapça;Lead;Fizik Tedavi / Rehabilitasyon;Doruk Hospital;TRY;Fizik Tedavi - Intensive FTR - Bahreyn - Tümü - AR - Doruk Hospital;​120207418674880080;PAUSED;bahreyn broad;​120207418674950080;CAMPAIGN_PAUSED;LEAD_GENERATION;0;0;850;0;0;0;0;0;0;0;0;0;0
Ağustos 2026;Yabancı;Arapça;Lead;Fizik Tedavi / Rehabilitasyon;Doruk Hospital;TRY;Fizik Tedavi - Intensive FTR - Bahreyn - Tümü - AR - Doruk Hospital;​120207418674880080;PAUSED;bahreyn broad;​120207418674950080;CAMPAIGN_PAUSED;LEAD_GENERATION;0;0;850;0;0;0;0;0;0;0;0;0;0
Temmuz 2026;Yabancı;Arapça;Lead;Fizik Tedavi / Rehabilitasyon;Doruk Hospital;TRY;Fizik Tedavi - Intensive FTR - Birleşik Arap Emirlikleri - Tümü - AR - Doruk Hospital;​120207423467520080;PAUSED;Birleşik Arap Emirlikleri broad;​120207423467540080;CAMPAIGN_PAUSED;LEAD_GENERATION;0;0;850;0;0;0;0;0;0;0;0;0;0
Ağustos 2026;Yabancı;Arapça;Lead;Fizik Tedavi / Rehabilitasyon;Doruk Hospital;TRY;Fizik Tedavi - Intensive FTR - Birleşik Arap Emirlikleri - Tümü - AR - Doruk Hospital;​120207423467520080;PAUSED;Birleşik Arap Emirlikleri broad;​120207423467540080;CAMPAIGN_PAUSED;LEAD_GENERATION;0;0;850;0;0;0;0;0;0;0;0;0;0
Temmuz 2026;Yabancı;Arapça;Lead;Fizik Tedavi / Rehabilitasyon;Doruk Hospital;TRY;Fizik Tedavi - Intensive FTR - Birleşik Arap Emirlikleri - Tümü - AR - Physical Therapy;​120213115068410080;PAUSED;bae broad;​120213115068420080;CAMPAIGN_PAUSED;LEAD_GENERATION;0;0;500;0;0;0;0;0;0;0;0;0;0
Ağustos 2026;Yabancı;Arapça;Lead;Fizik Tedavi / Rehabilitasyon;Doruk Hospital;TRY;Fizik Tedavi - Intensive FTR - Birleşik Arap Emirlikleri - Tümü - AR - Physical Therapy;​120213115068410080;PAUSED;bae broad;​120213115068420080;CAMPAIGN_PAUSED;LEAD_GENERATION;0;0;500;0;0;0;0;0;0;0;0;0;0
Temmuz 2026;Yabancı;İngilizce;Lead;Fizik Tedavi / Rehabilitasyon;Doruk Hospital;TRY;Fizik Tedavi - Intensive FTR - Finlandiya - EN;​120210150314140080;PAUSED;Filandiya broad;​120210150314120080;CAMPAIGN_PAUSED;LEAD_GENERATION;0;0;800;0;0;0;0;0;0;0;0;0;0
Ağustos 2026;Yabancı;İngilizce;Lead;Fizik Tedavi / Rehabilitasyon;Doruk Hospital;TRY;Fizik Tedavi - Intensive FTR - Finlandiya - EN;​120210150314140080;PAUSED;Filandiya broad;​120210150314120080;CAMPAIGN_PAUSED;LEAD_GENERATION;0;0;800;0;0;0;0;0;0;0;0;0;0
Temmuz 2026;Yabancı;İngilizce;Lead;Fizik Tedavi / Rehabilitasyon;Doruk Hospital;TRY;Fizik Tedavi - Intensive FTR - Hollanda - EN;​120209366000820080;PAUSED;Hollanda broad;​120209366000810080;CAMPAIGN_PAUSED;LEAD_GENERATION;0;0;1250;0;0;0;0;0;0;0;0;0;0
Ağustos 2026;Yabancı;İngilizce;Lead;Fizik Tedavi / Rehabilitasyon;Doruk Hospital;TRY;Fizik Tedavi - Intensive FTR - Hollanda - EN;​120209366000820080;PAUSED;Hollanda broad;​120209366000810080;CAMPAIGN_PAUSED;LEAD_GENERATION;0;0;1250;0;0;0;0;0;0;0;0;0;0
Temmuz 2026;Yabancı;İngilizce;Lead;Fizik Tedavi / Rehabilitasyon;Doruk Hospital;TRY;Fizik Tedavi - Intensive FTR - İngiltere - İrlanda - EN;​120206487825610080;PAUSED;ingiltere-irlanda;​120206487825600080;CAMPAIGN_PAUSED;LEAD_GENERATION;0;0;2500;0;0;0;0;0;0;0;0;0;0
Ağustos 2026;Yabancı;İngilizce;Lead;Fizik Tedavi / Rehabilitasyon;Doruk Hospital;TRY;Fizik Tedavi - Intensive FTR - İngiltere - İrlanda - EN;​120206487825610080;PAUSED;ingiltere-irlanda;​120206487825600080;CAMPAIGN_PAUSED;LEAD_GENERATION;0;0;2500;0;0;0;0;0;0;0;0;0;0
Temmuz 2026;Yabancı;İngilizce;Lead;Fizik Tedavi / Rehabilitasyon;Doruk Hospital;TRY;Fizik Tedavi - Intensive FTR - İngiltere - Tümü - EN - Doruk Hospital;​120210150073420080;PAUSED;Fizik Tedavi - Intensive FTR - İngiltere - Tümü - EN - Doruk Hospital;​120210150073410080;CAMPAIGN_PAUSED;LEAD_GENERATION;0;0;1750;0;0;0;0;0;0;0;0;0;0
Ağustos 2026;Yabancı;İngilizce;Lead;Fizik Tedavi / Rehabilitasyon;Doruk Hospital;TRY;Fizik Tedavi - Intensive FTR - İngiltere - Tümü - EN - Doruk Hospital;​120210150073420080;PAUSED;Fizik Tedavi - Intensive FTR - İngiltere - Tümü - EN - Doruk Hospital;​120210150073410080;CAMPAIGN_PAUSED;LEAD_GENERATION;0;0;1750;0;0;0;0;0;0;0;0;0;0
Temmuz 2026;Yabancı;İngilizce;Lead;Fizik Tedavi / Rehabilitasyon;Doruk Hospital;TRY;Fizik Tedavi - Intensive FTR - İngiltere - Tümü - EN - Doruk Hospital;​120210150073420080;PAUSED;Fizik Tedavi - Intensive FTR - İngiltere - Tümü - EN - Doruk Hospital - 1 Dakika & 15 Saniye Set;​120214399114320080;CAMPAIGN_PAUSED;QUALITY_LEAD;0;0;1750;0;0;0;0;0;0;0;0;0;0
Ağustos 2026;Yabancı;İngilizce;Lead;Fizik Tedavi / Rehabilitasyon;Doruk Hospital;TRY;Fizik Tedavi - Intensive FTR - İngiltere - Tümü - EN - Doruk Hospital;​120210150073420080;PAUSED;Fizik Tedavi - Intensive FTR - İngiltere - Tümü - EN - Doruk Hospital - 1 Dakika & 15 Saniye Set;​120214399114320080;CAMPAIGN_PAUSED;QUALITY_LEAD;0;0;1750;0;0;0;0;0;0;0;0;0;0
Temmuz 2026;Yabancı;İngilizce;Lead;Fizik Tedavi / Rehabilitasyon;Doruk Hospital;TRY;Fizik Tedavi - Intensive FTR - İngiltere - Tümü - EN - Doruk Hospital;​120210150073420080;PAUSED;Fizik Tedavi - Intensive FTR - İngiltere - Tümü - EN - Doruk Hospital - Statik Set;​120214267099600080;CAMPAIGN_PAUSED;QUALITY_LEAD;0;0;1750;0;0;0;0;0;0;0;0;0;0
Ağustos 2026;Yabancı;İngilizce;Lead;Fizik Tedavi / Rehabilitasyon;Doruk Hospital;TRY;Fizik Tedavi - Intensive FTR - İngiltere - Tümü - EN - Doruk Hospital;​120210150073420080;PAUSED;Fizik Tedavi - Intensive FTR - İngiltere - Tümü - EN - Doruk Hospital - Statik Set;​120214267099600080;CAMPAIGN_PAUSED;QUALITY_LEAD;0;0;1750;0;0;0;0;0;0;0;0;0;0
Temmuz 2026;Yabancı;İngilizce;Lead;Fizik Tedavi / Rehabilitasyon;Doruk Hospital;TRY;Fizik Tedavi - Intensive FTR - İngiltere - Tümü - EN - Physical Therapy;​120213112882900080;PAUSED;Fizik Tedavi - Intensive FTR - İngiltere - Tümü - EN - Physical Therapy;​120213112882930080;CAMPAIGN_PAUSED;LEAD_GENERATION;0;0;1750;0;0;0;0;0;0;0;0;0;0
Ağustos 2026;Yabancı;İngilizce;Lead;Fizik Tedavi / Rehabilitasyon;Doruk Hospital;TRY;Fizik Tedavi - Intensive FTR - İngiltere - Tümü - EN - Physical Therapy;​120213112882900080;PAUSED;Fizik Tedavi - Intensive FTR - İngiltere - Tümü - EN - Physical Therapy;​120213112882930080;CAMPAIGN_PAUSED;LEAD_GENERATION;0;0;1750;0;0;0;0;0;0;0;0;0;0
Temmuz 2026;Yabancı;İngilizce;Lead;Fizik Tedavi / Rehabilitasyon;Doruk Hospital;TRY;Fizik Tedavi - Intensive FTR - İngiltere - Tümü - EN - Physical Therapy;​120213112882900080;PAUSED;Fizik Tedavi - Intensive FTR - İngiltere - Tümü - EN - Physical Therapy - 1 Dk & 15 Sn Video Set;​120214363944710080;CAMPAIGN_PAUSED;QUALITY_LEAD;0;0;1750;0;0;0;0;0;0;0;0;0;0
Ağustos 2026;Yabancı;İngilizce;Lead;Fizik Tedavi / Rehabilitasyon;Doruk Hospital;TRY;Fizik Tedavi - Intensive FTR - İngiltere - Tümü - EN - Physical Therapy;​120213112882900080;PAUSED;Fizik Tedavi - Intensive FTR - İngiltere - Tümü - EN - Physical Therapy - 1 Dk & 15 Sn Video Set;​120214363944710080;CAMPAIGN_PAUSED;QUALITY_LEAD;0;0;1750;0;0;0;0;0;0;0;0;0;0
Temmuz 2026;Yabancı;İngilizce;Lead;Fizik Tedavi / Rehabilitasyon;Doruk Hospital;TRY;Fizik Tedavi - Intensive FTR - İngiltere - Tümü - EN - Physical Therapy;​120213112882900080;PAUSED;Fizik Tedavi - Intensive FTR - İngiltere - Tümü - EN - Physical Therapy - Statik Set;​120214265803170080;CAMPAIGN_PAUSED;QUALITY_LEAD;0;0;1750;0;0;0;0;0;0;0;0;0;0
Ağustos 2026;Yabancı;İngilizce;Lead;Fizik Tedavi / Rehabilitasyon;Doruk Hospital;TRY;Fizik Tedavi - Intensive FTR - İngiltere - Tümü - EN - Physical Therapy;​120213112882900080;PAUSED;Fizik Tedavi - Intensive FTR - İngiltere - Tümü - EN - Physical Therapy - Statik Set;​120214265803170080;CAMPAIGN_PAUSED;QUALITY_LEAD;0;0;1750;0;0;0;0;0;0;0;0;0;0
Temmuz 2026;Yabancı;Arapça;Lead;Fizik Tedavi / Rehabilitasyon;Doruk Hospital;TRY;Fizik Tedavi - Intensive FTR - Katar - Tümü - AR - Doruk Hospital;​120207423449010080;PAUSED;Katar broad;​120207423449000080;CAMPAIGN_PAUSED;LEAD_GENERATION;0;0;850;0;0;0;0;0;0;0;0;0;0
Ağustos 2026;Yabancı;Arapça;Lead;Fizik Tedavi / Rehabilitasyon;Doruk Hospital;TRY;Fizik Tedavi - Intensive FTR - Katar - Tümü - AR - Doruk Hospital;​120207423449010080;PAUSED;Katar broad;​120207423449000080;CAMPAIGN_PAUSED;LEAD_GENERATION;0;0;850;0;0;0;0;0;0;0;0;0;0
Temmuz 2026;Yabancı;Arapça;Lead;Fizik Tedavi / Rehabilitasyon;Doruk Hospital;TRY;Fizik Tedavi - Intensive FTR - Katar - Tümü - AR - Physical Therapy;​120213115095840080;PAUSED;katar broad;​120213115095830080;CAMPAIGN_PAUSED;LEAD_GENERATION;0;0;500;0;0;0;0;0;0;0;0;0;0
Ağustos 2026;Yabancı;Arapça;Lead;Fizik Tedavi / Rehabilitasyon;Doruk Hospital;TRY;Fizik Tedavi - Intensive FTR - Katar - Tümü - AR - Physical Therapy;​120213115095840080;PAUSED;katar broad;​120213115095830080;CAMPAIGN_PAUSED;LEAD_GENERATION;0;0;500;0;0;0;0;0;0;0;0;0;0
Temmuz 2026;Yabancı;İngilizce;Lead;Fizik Tedavi / Rehabilitasyon;Doruk Hospital;TRY;Fizik Tedavi - Intensive FTR - Kıbrıs- Tümü - EN - Physical Therapy;​120213114931500080;PAUSED;İngiltere broad;​120213114931490080;CAMPAIGN_PAUSED;LEAD_GENERATION;0;0;500;0;0;0;0;0;0;0;0;0;0
Ağustos 2026;Yabancı;İngilizce;Lead;Fizik Tedavi / Rehabilitasyon;Doruk Hospital;TRY;Fizik Tedavi - Intensive FTR - Kıbrıs- Tümü - EN - Physical Therapy;​120213114931500080;PAUSED;İngiltere broad;​120213114931490080;CAMPAIGN_PAUSED;LEAD_GENERATION;0;0;500;0;0;0;0;0;0;0;0;0;0
Temmuz 2026;Yabancı;Arapça;Lead;Fizik Tedavi / Rehabilitasyon;Doruk Hospital;TRY;Fizik Tedavi - Intensive FTR - Kuveyt - Tümü - AR - Doruk Hospital;​120207423461300080;PAUSED;kuveyt  broad;​120207423461290080;CAMPAIGN_PAUSED;LEAD_GENERATION;0;0;850;0;0;0;0;0;0;0;0;0;0
Ağustos 2026;Yabancı;Arapça;Lead;Fizik Tedavi / Rehabilitasyon;Doruk Hospital;TRY;Fizik Tedavi - Intensive FTR - Kuveyt - Tümü - AR - Doruk Hospital;​120207423461300080;PAUSED;kuveyt  broad;​120207423461290080;CAMPAIGN_PAUSED;LEAD_GENERATION;0;0;850;0;0;0;0;0;0;0;0;0;0
Temmuz 2026;Yabancı;Arapça;Lead;Fizik Tedavi / Rehabilitasyon;Doruk Hospital;TRY;Fizik Tedavi - Intensive FTR - Kuveyt - Tümü - AR - Physical Therapy;​120213115090800080;PAUSED;kuveyt broad;​120213115090790080;CAMPAIGN_PAUSED;LEAD_GENERATION;0;0;500;0;0;0;0;0;0;0;0;0;0
Ağustos 2026;Yabancı;Arapça;Lead;Fizik Tedavi / Rehabilitasyon;Doruk Hospital;TRY;Fizik Tedavi - Intensive FTR - Kuveyt - Tümü - AR - Physical Therapy;​120213115090800080;PAUSED;kuveyt broad;​120213115090790080;CAMPAIGN_PAUSED;LEAD_GENERATION;0;0;500;0;0;0;0;0;0;0;0;0;0
Temmuz 2026;Yabancı;Rusça;Lead;Fizik Tedavi / Rehabilitasyon;Doruk Hospital;TRY;Fizik Tedavi - Intensive FTR - Rus Bölgesi - Tümü - RU - Doruk Hospital;​120206451046990080;PAUSED;Fizik Tedavi - Intensive FTR - Rus Bölgesi - Tümü - RU - Doruk Hospital;​120206451047070080;CAMPAIGN_PAUSED;LEAD_GENERATION;0;0;4000;0;0;0;0;0;0;0;0;0;0
Ağustos 2026;Yabancı;Rusça;Lead;Fizik Tedavi / Rehabilitasyon;Doruk Hospital;TRY;Fizik Tedavi - Intensive FTR - Rus Bölgesi - Tümü - RU - Doruk Hospital;​120206451046990080;PAUSED;Fizik Tedavi - Intensive FTR - Rus Bölgesi - Tümü - RU - Doruk Hospital;​120206451047070080;CAMPAIGN_PAUSED;LEAD_GENERATION;0;0;4000;0;0;0;0;0;0;0;0;0;0
Temmuz 2026;Yabancı;Rusça;Lead;Fizik Tedavi / Rehabilitasyon;Doruk Hospital;TRY;Fizik Tedavi - Intensive FTR - Rus Bölgesi - Tümü - RU - Doruk Hospital;​120206451046990080;PAUSED;Fizik Tedavi - Intensive FTR - Rus Bölgesi - Tümü - RU - Doruk Hospital - 1 Dakika % 15 Saniye Set;​120214404897200080;CAMPAIGN_PAUSED;LEAD_GENERATION;0;0;4000;0;0;0;0;0;0;0;0;0;0
Ağustos 2026;Yabancı;Rusça;Lead;Fizik Tedavi / Rehabilitasyon;Doruk Hospital;TRY;Fizik Tedavi - Intensive FTR - Rus Bölgesi - Tümü - RU - Doruk Hospital;​120206451046990080;PAUSED;Fizik Tedavi - Intensive FTR - Rus Bölgesi - Tümü - RU - Doruk Hospital - 1 Dakika % 15 Saniye Set;​120214404897200080;CAMPAIGN_PAUSED;LEAD_GENERATION;0;0;4000;0;0;0;0;0;0;0;0;0;0
Temmuz 2026;Yabancı;Rusça;Lead;Fizik Tedavi / Rehabilitasyon;Doruk Hospital;TRY;Fizik Tedavi - Intensive FTR - Rus Bölgesi - Tümü - RU - Doruk Hospital;​120206451046990080;PAUSED;Fizik Tedavi - Intensive FTR - Rus Bölgesi - Tümü - RU - Doruk Hospital - Statik Set;​120214290718680080;CAMPAIGN_PAUSED;LEAD_GENERATION;0;0;4000;0;0;0;0;0;0;0;0;0;0
Ağustos 2026;Yabancı;Rusça;Lead;Fizik Tedavi / Rehabilitasyon;Doruk Hospital;TRY;Fizik Tedavi - Intensive FTR - Rus Bölgesi - Tümü - RU - Doruk Hospital;​120206451046990080;PAUSED;Fizik Tedavi - Intensive FTR - Rus Bölgesi - Tümü - RU - Doruk Hospital - Statik Set;​120214290718680080;CAMPAIGN_PAUSED;LEAD_GENERATION;0;0;4000;0;0;0;0;0;0;0;0;0;0
Temmuz 2026;Yabancı;Rusça;Lead;Fizik Tedavi / Rehabilitasyon;Doruk Hospital;TRY;Fizik Tedavi - Intensive FTR - Rus Bölgesi - Tümü - RU - Doruk Hospital;​120206451046990080;PAUSED;Yeni Potansiyel Müşteriler Reklam Seti;​120214290795500080;PAUSED;QUALITY_LEAD;0;0;6000;0;0;0;0;0;0;0;0;0;0
Ağustos 2026;Yabancı;Rusça;Lead;Fizik Tedavi / Rehabilitasyon;Doruk Hospital;TRY;Fizik Tedavi - Intensive FTR - Rus Bölgesi - Tümü - RU - Doruk Hospital;​120206451046990080;PAUSED;Yeni Potansiyel Müşteriler Reklam Seti;​120214290795500080;PAUSED;QUALITY_LEAD;0;0;6000;0;0;0;0;0;0;0;0;0;0
Temmuz 2026;Yabancı;Rusça;Lead;Fizik Tedavi / Rehabilitasyon;Doruk Hospital;TRY;Fizik Tedavi - Intensive FTR - Türki Cumhuriyetler - Tümü - RU - Lechenie v Turtsii - lead;​120232382033210080;ACTIVE;FTR - genel - lead - cold - kazakistan - kombine2;​120238630159690080;ACTIVE;LEAD_GENERATION;0;0;9000;0;186491.28;583668;299811;4970;152;0;152;52;92090
Ağustos 2026;Yabancı;Rusça;Lead;Fizik Tedavi / Rehabilitasyon;Doruk Hospital;TRY;Fizik Tedavi - Intensive FTR - Türki Cumhuriyetler - Tümü - RU - Lechenie v Turtsii - lead;​120232382033210080;ACTIVE;FTR - genel - lead - cold - kazakistan - kombine2;​120238630159690080;ACTIVE;LEAD_GENERATION;0;0;9000;0;39338.17;147024;114541;1105;20;0;20;3;21658
Temmuz 2026;Yabancı;Rusça;Lead;Fizik Tedavi / Rehabilitasyon;Doruk Hospital;TRY;Fizik Tedavi - Intensive FTR - Türki Cumhuriyetler - Tümü - RU - Lechenie v Turtsii - lead;​120232382033210080;ACTIVE;FTR - genel - lead - cold - kazakistan - Kopya;​120235792131250080;PAUSED;LEAD_GENERATION;0;0;7000;0;0;0;0;0;0;0;0;0;0
Ağustos 2026;Yabancı;Rusça;Lead;Fizik Tedavi / Rehabilitasyon;Doruk Hospital;TRY;Fizik Tedavi - Intensive FTR - Türki Cumhuriyetler - Tümü - RU - Lechenie v Turtsii - lead;​120232382033210080;ACTIVE;FTR - genel - lead - cold - kazakistan - Kopya;​120235792131250080;PAUSED;LEAD_GENERATION;0;0;7000;0;0;0;0;0;0;0;0;0;0
Temmuz 2026;Yabancı;Rusça;Lead;Fizik Tedavi / Rehabilitasyon;Doruk Hospital;TRY;Fizik Tedavi - Intensive FTR - Türki Cumhuriyetler - Tümü - RU - Lechenie v Turtsii - lead;​120232382033210080;ACTIVE;FTR - genel - lead - cold - kırgızistan;​120236030977880080;PAUSED;LEAD_GENERATION;0;0;1700;0;0;0;0;0;0;0;0;0;0
Ağustos 2026;Yabancı;Rusça;Lead;Fizik Tedavi / Rehabilitasyon;Doruk Hospital;TRY;Fizik Tedavi - Intensive FTR - Türki Cumhuriyetler - Tümü - RU - Lechenie v Turtsii - lead;​120232382033210080;ACTIVE;FTR - genel - lead - cold - kırgızistan;​120236030977880080;PAUSED;LEAD_GENERATION;0;0;1700;0;0;0;0;0;0;0;0;0;0
Temmuz 2026;Yabancı;Rusça;Lead;Fizik Tedavi / Rehabilitasyon;Doruk Hospital;TRY;Fizik Tedavi - Intensive FTR - Türki Cumhuriyetler - Tümü - RU - Lechenie v Turtsii - lead;​120232382033210080;ACTIVE;FTR - genel - lead - cold - kırgızistan - kombine2;​120238630159820080;PAUSED;LEAD_GENERATION;0;0;2500;0;0;0;0;0;0;0;0;0;0
Ağustos 2026;Yabancı;Rusça;Lead;Fizik Tedavi / Rehabilitasyon;Doruk Hospital;TRY;Fizik Tedavi - Intensive FTR - Türki Cumhuriyetler - Tümü - RU - Lechenie v Turtsii - lead;​120232382033210080;ACTIVE;FTR - genel - lead - cold - kırgızistan - kombine2;​120238630159820080;PAUSED;LEAD_GENERATION;0;0;2500;0;0;0;0;0;0;0;0;0;0
Temmuz 2026;Yabancı;Rusça;Lead;Fizik Tedavi / Rehabilitasyon;Doruk Hospital;TRY;Fizik Tedavi - Intensive FTR - Türki Cumhuriyetler - Tümü - RU - Lechenie v Turtsii - lead;​120232382033210080;ACTIVE;FTR - genel - lead - cold - Kırgızistan,Tacikistan- kombine2 - iOS hedefli - Kopya;​120241183408140080;ACTIVE;LEAD_GENERATION;0;0;3000;0;58285.29;855370;276489;6153;41;0;41;20;101111
Ağustos 2026;Yabancı;Rusça;Lead;Fizik Tedavi / Rehabilitasyon;Doruk Hospital;TRY;Fizik Tedavi - Intensive FTR - Türki Cumhuriyetler - Tümü - RU - Lechenie v Turtsii - lead;​120232382033210080;ACTIVE;FTR - genel - lead - cold - Kırgızistan,Tacikistan- kombine2 - iOS hedefli - Kopya;​120241183408140080;ACTIVE;LEAD_GENERATION;0;0;3000;0;13001.13;232155;150891;1515;6;0;6;3;22797
Temmuz 2026;Yabancı;Rusça;Lead;Fizik Tedavi / Rehabilitasyon;Doruk Hospital;TRY;Fizik Tedavi - Intensive FTR - Türki Cumhuriyetler - Tümü - RU - Lechenie v Turtsii - lead;​120232382033210080;ACTIVE;FTR - genel - lead - cold - Kırgızistan,Tacikistan,Belarus,Gürcistan - kombine2 - Android hedefli - Kopya - Kopya;​120241183620740080;ACTIVE;LEAD_GENERATION;0;0;3000;0;58033.3;624731;151202;4219;16;0;16;11;84882
Ağustos 2026;Yabancı;Rusça;Lead;Fizik Tedavi / Rehabilitasyon;Doruk Hospital;TRY;Fizik Tedavi - Intensive FTR - Türki Cumhuriyetler - Tümü - RU - Lechenie v Turtsii - lead;​120232382033210080;ACTIVE;FTR - genel - lead - cold - Kırgızistan,Tacikistan,Belarus,Gürcistan - kombine2 - Android hedefli - Kopya - Kopya;​120241183620740080;ACTIVE;LEAD_GENERATION;0;0;3000;0;13133.61;154098;79320;1118;4;0;4;3;20752
Temmuz 2026;Yabancı;Rusça;Lead;Fizik Tedavi / Rehabilitasyon;Doruk Hospital;TRY;Fizik Tedavi - Intensive FTR - Türki Cumhuriyetler - Tümü - RU - Lechenie v Turtsii - lead;​120232382033210080;ACTIVE;FTR - genel - lead - cold - özbekistan - kombine2;​120238630159800080;PAUSED;LEAD_GENERATION;0;0;1500;0;0;0;0;0;0;0;0;0;0
Ağustos 2026;Yabancı;Rusça;Lead;Fizik Tedavi / Rehabilitasyon;Doruk Hospital;TRY;Fizik Tedavi - Intensive FTR - Türki Cumhuriyetler - Tümü - RU - Lechenie v Turtsii - lead;​120232382033210080;ACTIVE;FTR - genel - lead - cold - özbekistan - kombine2;​120238630159800080;PAUSED;LEAD_GENERATION;0;0;1500;0;0;0;0;0;0;0;0;0;0
Temmuz 2026;Yabancı;Rusça;Lead;Fizik Tedavi / Rehabilitasyon;Doruk Hospital;TRY;Fizik Tedavi - Intensive FTR - Türki Cumhuriyetler - Tümü - RU - Lechenie v Turtsii - lead;​120232382033210080;ACTIVE;FTR - genel - lead - cold - özbekistan - kombine2 - Android hedefli - Kopya;​120241183245540080;ACTIVE;LEAD_GENERATION;0;0;2500;0;52245.49;443643;145388;2784;35;0;35;6;54953
Ağustos 2026;Yabancı;Rusça;Lead;Fizik Tedavi / Rehabilitasyon;Doruk Hospital;TRY;Fizik Tedavi - Intensive FTR - Türki Cumhuriyetler - Tümü - RU - Lechenie v Turtsii - lead;​120232382033210080;ACTIVE;FTR - genel - lead - cold - özbekistan - kombine2 - Android hedefli - Kopya;​120241183245540080;ACTIVE;LEAD_GENERATION;0;0;2500;0;12907.94;134090;80156;789;4;0;4;0;15415
Temmuz 2026;Yabancı;Rusça;Lead;Fizik Tedavi / Rehabilitasyon;Doruk Hospital;TRY;Fizik Tedavi - Intensive FTR - Türki Cumhuriyetler - Tümü - RU - Lechenie v Turtsii - lead;​120232382033210080;ACTIVE;FTR - genel - lead - cold - özbekistan - kombine2 - Telefon hedefli;​120238850370440080;PAUSED;LEAD_GENERATION;0;0;3000;0;0;0;0;0;0;0;0;0;0
Ağustos 2026;Yabancı;Rusça;Lead;Fizik Tedavi / Rehabilitasyon;Doruk Hospital;TRY;Fizik Tedavi - Intensive FTR - Türki Cumhuriyetler - Tümü - RU - Lechenie v Turtsii - lead;​120232382033210080;ACTIVE;FTR - genel - lead - cold - özbekistan - kombine2 - Telefon hedefli;​120238850370440080;PAUSED;LEAD_GENERATION;0;0;3000;0;0;0;0;0;0;0;0;0;0
Temmuz 2026;Yabancı;Rusça;Lead;Fizik Tedavi / Rehabilitasyon;Doruk Hospital;TRY;Fizik Tedavi - Intensive FTR - Türki Cumhuriyetler - Tümü - RU - Lechenie v Turtsii - lead;​120232382033210080;ACTIVE;FTR - genel - lead - cold - özbekistan - Kopya;​120236031140370080;PAUSED;LEAD_GENERATION;0;0;1500;0;0;0;0;0;0;0;0;0;0
Ağustos 2026;Yabancı;Rusça;Lead;Fizik Tedavi / Rehabilitasyon;Doruk Hospital;TRY;Fizik Tedavi - Intensive FTR - Türki Cumhuriyetler - Tümü - RU - Lechenie v Turtsii - lead;​120232382033210080;ACTIVE;FTR - genel - lead - cold - özbekistan - Kopya;​120236031140370080;PAUSED;LEAD_GENERATION;0;0;1500;0;0;0;0;0;0;0;0;0;0
Temmuz 2026;Yabancı;Rusça;Lead;Fizik Tedavi / Rehabilitasyon;Doruk Hospital;TRY;Fizik Tedavi - Intensive FTR - Türki Cumhuriyetler - Tümü - RU - Lechenie v Turtsii - lead;​120232382033210080;ACTIVE;FTR - genel - lead - cold - özbekistan- kombine2 - iOS hedefli;​120238972513950080;ACTIVE;LEAD_GENERATION;0;0;2500;0;54902;251038;107474;1398;67;0;67;6;25853
Ağustos 2026;Yabancı;Rusça;Lead;Fizik Tedavi / Rehabilitasyon;Doruk Hospital;TRY;Fizik Tedavi - Intensive FTR - Türki Cumhuriyetler - Tümü - RU - Lechenie v Turtsii - lead;​120232382033210080;ACTIVE;FTR - genel - lead - cold - özbekistan- kombine2 - iOS hedefli;​120238972513950080;ACTIVE;LEAD_GENERATION;0;0;2500;0;12203.6;77239;57960;404;18;0;18;2;8074
Temmuz 2026;Yabancı;Rusça;Lead;Fizik Tedavi / Rehabilitasyon;Doruk Hospital;TRY;Fizik Tedavi - Intensive FTR - Türki Cumhuriyetler - Tümü - RU - Lechenie v Turtsii - lead;​120232382033210080;ACTIVE;FTR - genel - lead - cold - TuurkiyedeRUftr - kombine2;​120239254448520080;PAUSED;LEAD_GENERATION;0;0;2500;0;0;0;0;0;0;0;0;0;0
Ağustos 2026;Yabancı;Rusça;Lead;Fizik Tedavi / Rehabilitasyon;Doruk Hospital;TRY;Fizik Tedavi - Intensive FTR - Türki Cumhuriyetler - Tümü - RU - Lechenie v Turtsii - lead;​120232382033210080;ACTIVE;FTR - genel - lead - cold - TuurkiyedeRUftr - kombine2;​120239254448520080;PAUSED;LEAD_GENERATION;0;0;2500;0;0;0;0;0;0;0;0;0;0
Temmuz 2026;Yabancı;Rusça;Lead;Fizik Tedavi / Rehabilitasyon;Doruk Hospital;TRY;Fizik Tedavi - Intensive FTR - Türki Cumhuriyetler - Tümü - RU - Lechenie v Turtsii - lead;​120232382033210080;ACTIVE;FTR - genel - lead - cold -belarus,gürcistan - kombine2 - iOS hedefli;​120240027593170080;ACTIVE;LEAD_GENERATION;0;0;3000;0;60535.44;380462;161877;2849;25;0;25;8;53093
Ağustos 2026;Yabancı;Rusça;Lead;Fizik Tedavi / Rehabilitasyon;Doruk Hospital;TRY;Fizik Tedavi - Intensive FTR - Türki Cumhuriyetler - Tümü - RU - Lechenie v Turtsii - lead;​120232382033210080;ACTIVE;FTR - genel - lead - cold -belarus,gürcistan - kombine2 - iOS hedefli;​120240027593170080;ACTIVE;LEAD_GENERATION;0;0;3000;0;13788.8;93841;68984;747;4;0;4;3;12230
Temmuz 2026;Yabancı;Rusça;Lead;Fizik Tedavi / Rehabilitasyon;Doruk Hospital;TRY;Fizik Tedavi - Intensive FTR - Türki Cumhuriyetler - Tümü - RU - Lechenie v Turtsii - lead;​120232382033210080;ACTIVE;FTR - genel - lead - retargeting - kazakistan;​120232457166090080;PAUSED;LEAD_GENERATION;0;0;7500;0;0;0;0;0;0;0;0;0;0
Ağustos 2026;Yabancı;Rusça;Lead;Fizik Tedavi / Rehabilitasyon;Doruk Hospital;TRY;Fizik Tedavi - Intensive FTR - Türki Cumhuriyetler - Tümü - RU - Lechenie v Turtsii - lead;​120232382033210080;ACTIVE;FTR - genel - lead - retargeting - kazakistan;​120232457166090080;PAUSED;LEAD_GENERATION;0;0;7500;0;0;0;0;0;0;0;0;0;0
Temmuz 2026;Yabancı;Rusça;Lead;Fizik Tedavi / Rehabilitasyon;Doruk Hospital;TRY;Fizik Tedavi - Intensive FTR - Türki Cumhuriyetler - Tümü - RU - Lechenie v Turtsii - lead;​120232382033210080;ACTIVE;FTR - genel - lead - retargeting - kırgızistan;​120232419906760080;PAUSED;LEAD_GENERATION;0;0;2900;0;0;0;0;0;0;0;0;0;0
Ağustos 2026;Yabancı;Rusça;Lead;Fizik Tedavi / Rehabilitasyon;Doruk Hospital;TRY;Fizik Tedavi - Intensive FTR - Türki Cumhuriyetler - Tümü - RU - Lechenie v Turtsii - lead;​120232382033210080;ACTIVE;FTR - genel - lead - retargeting - kırgızistan;​120232419906760080;PAUSED;LEAD_GENERATION;0;0;2900;0;0;0;0;0;0;0;0;0;0
Temmuz 2026;Yabancı;Rusça;Lead;Fizik Tedavi / Rehabilitasyon;Doruk Hospital;TRY;Fizik Tedavi - Intensive FTR - Türki Cumhuriyetler - Tümü - RU - Lechenie v Turtsii - lead;​120232382033210080;ACTIVE;FTR - genel - lead - retargeting - özbekistan;​120232457106810080;PAUSED;LEAD_GENERATION;0;0;1000;0;0;0;0;0;0;0;0;0;0
Ağustos 2026;Yabancı;Rusça;Lead;Fizik Tedavi / Rehabilitasyon;Doruk Hospital;TRY;Fizik Tedavi - Intensive FTR - Türki Cumhuriyetler - Tümü - RU - Lechenie v Turtsii - lead;​120232382033210080;ACTIVE;FTR - genel - lead - retargeting - özbekistan;​120232457106810080;PAUSED;LEAD_GENERATION;0;0;1000;0;0;0;0;0;0;0;0;0;0
Temmuz 2026;Yabancı;Rusça;Lead;Fizik Tedavi / Rehabilitasyon;Doruk Hospital;TRY;Fizik Tedavi - Intensive FTR - Türki Cumhuriyetler - Tümü - RU - Lechenie v Turtsii - lead;​120232382033210080;ACTIVE;FTR - genel - lead - TV - cold - kazakistan;​120238292604120080;PAUSED;LEAD_GENERATION;0;0;7000;0;0;0;0;0;0;0;0;0;0
Ağustos 2026;Yabancı;Rusça;Lead;Fizik Tedavi / Rehabilitasyon;Doruk Hospital;TRY;Fizik Tedavi - Intensive FTR - Türki Cumhuriyetler - Tümü - RU - Lechenie v Turtsii - lead;​120232382033210080;ACTIVE;FTR - genel - lead - TV - cold - kazakistan;​120238292604120080;PAUSED;LEAD_GENERATION;0;0;7000;0;0;0;0;0;0;0;0;0;0
Temmuz 2026;Yabancı;Rusça;Lead;Fizik Tedavi / Rehabilitasyon;Doruk Hospital;TRY;Fizik Tedavi - Intensive FTR - Türki Cumhuriyetler - Tümü - RU - Lechenie v Turtsii - lead;​120232382033210080;ACTIVE;FTR - genel - lead - TV - cold - kırgızistan;​120238292604160080;PAUSED;LEAD_GENERATION;0;0;1500;0;0;0;0;0;0;0;0;0;0
Ağustos 2026;Yabancı;Rusça;Lead;Fizik Tedavi / Rehabilitasyon;Doruk Hospital;TRY;Fizik Tedavi - Intensive FTR - Türki Cumhuriyetler - Tümü - RU - Lechenie v Turtsii - lead;​120232382033210080;ACTIVE;FTR - genel - lead - TV - cold - kırgızistan;​120238292604160080;PAUSED;LEAD_GENERATION;0;0;1500;0;0;0;0;0;0;0;0;0;0
Temmuz 2026;Yabancı;Rusça;Lead;Fizik Tedavi / Rehabilitasyon;Doruk Hospital;TRY;Fizik Tedavi - Intensive FTR - Türki Cumhuriyetler - Tümü - RU - Lechenie v Turtsii - lead;​120232382033210080;ACTIVE;FTR - genel - lead - TV - cold - özbekistan;​120238292604140080;PAUSED;LEAD_GENERATION;0;0;1500;0;0;0;0;0;0;0;0;0;0
Ağustos 2026;Yabancı;Rusça;Lead;Fizik Tedavi / Rehabilitasyon;Doruk Hospital;TRY;Fizik Tedavi - Intensive FTR - Türki Cumhuriyetler - Tümü - RU - Lechenie v Turtsii - lead;​120232382033210080;ACTIVE;FTR - genel - lead - TV - cold - özbekistan;​120238292604140080;PAUSED;LEAD_GENERATION;0;0;1500;0;0;0;0;0;0;0;0;0;0
Temmuz 2026;Yabancı;Rusça;Lead;Fizik Tedavi / Rehabilitasyon;Doruk Hospital;TRY;Fizik Tedavi - Intensive FTR - Türki Cumhuriyetler - Tümü - RU - Physical Therapy - lead;​120226400686870080;PAUSED;Fizik Tedavi - Intensive FTR - Rus Bölgesi - Tümü - RU - Physical Therapy - Statik Set;​120226400687050080;PAUSED;LEAD_GENERATION;0;0;4500;0;0;0;0;0;0;0;0;0;0
Ağustos 2026;Yabancı;Rusça;Lead;Fizik Tedavi / Rehabilitasyon;Doruk Hospital;TRY;Fizik Tedavi - Intensive FTR - Türki Cumhuriyetler - Tümü - RU - Physical Therapy - lead;​120226400686870080;PAUSED;Fizik Tedavi - Intensive FTR - Rus Bölgesi - Tümü - RU - Physical Therapy - Statik Set;​120226400687050080;PAUSED;LEAD_GENERATION;0;0;4500;0;0;0;0;0;0;0;0;0;0
Temmuz 2026;Yabancı;Rusça;Lead;Fizik Tedavi / Rehabilitasyon;Doruk Hospital;TRY;Fizik Tedavi - Intensive FTR - Türki Cumhuriyetler - Tümü - RU - Physical Therapy - lead;​120226400686870080;PAUSED;FTR - genel - lead - 1 Dakika Set;​120226400686990080;PAUSED;LEAD_GENERATION;0;0;8000;0;0;0;0;0;0;0;0;0;0
Ağustos 2026;Yabancı;Rusça;Lead;Fizik Tedavi / Rehabilitasyon;Doruk Hospital;TRY;Fizik Tedavi - Intensive FTR - Türki Cumhuriyetler - Tümü - RU - Physical Therapy - lead;​120226400686870080;PAUSED;FTR - genel - lead - 1 Dakika Set;​120226400686990080;PAUSED;LEAD_GENERATION;0;0;8000;0;0;0;0;0;0;0;0;0;0
Temmuz 2026;Yabancı;Rusça;Lead;Fizik Tedavi / Rehabilitasyon;Doruk Hospital;TRY;Fizik Tedavi - Intensive FTR - Türki Cumhuriyetler - Tümü - RU - Physical Therapy - lead;​120226400686870080;PAUSED;FTR - genel - lead - dinamik;​120226400687010080;PAUSED;LEAD_GENERATION;0;0;8000;0;0;0;0;0;0;0;0;0;0
Ağustos 2026;Yabancı;Rusça;Lead;Fizik Tedavi / Rehabilitasyon;Doruk Hospital;TRY;Fizik Tedavi - Intensive FTR - Türki Cumhuriyetler - Tümü - RU - Physical Therapy - lead;​120226400686870080;PAUSED;FTR - genel - lead - dinamik;​120226400687010080;PAUSED;LEAD_GENERATION;0;0;8000;0;0;0;0;0;0;0;0;0;0
Temmuz 2026;Yabancı;Rusça;Lead;Fizik Tedavi / Rehabilitasyon;Doruk Hospital;TRY;Fizik Tedavi - Intensive FTR - Türki Cumhuriyetler - Tümü - RU - Physical Therapy - lead;​120226400686870080;PAUSED;FTR - genel - lead - dinamik - retargeting;​120226400686860080;PAUSED;QUALITY_LEAD;0;0;8000;0;0;0;0;0;0;0;0;0;0
Ağustos 2026;Yabancı;Rusça;Lead;Fizik Tedavi / Rehabilitasyon;Doruk Hospital;TRY;Fizik Tedavi - Intensive FTR - Türki Cumhuriyetler - Tümü - RU - Physical Therapy - lead;​120226400686870080;PAUSED;FTR - genel - lead - dinamik - retargeting;​120226400686860080;PAUSED;QUALITY_LEAD;0;0;8000;0;0;0;0;0;0;0;0;0;0
Temmuz 2026;Yabancı;Rusça;Lead;Fizik Tedavi / Rehabilitasyon;Doruk Hospital;TRY;Fizik Tedavi - Intensive FTR - Türki Cumhuriyetler - Tümü - RU - Physical Therapy - lead;​120226400686870080;PAUSED;FTR - genel - lead - havuz intro - dinamik;​120226400687040080;CAMPAIGN_PAUSED;LEAD_GENERATION;0;0;4000;0;0;0;0;0;0;0;0;0;0
Ağustos 2026;Yabancı;Rusça;Lead;Fizik Tedavi / Rehabilitasyon;Doruk Hospital;TRY;Fizik Tedavi - Intensive FTR - Türki Cumhuriyetler - Tümü - RU - Physical Therapy - lead;​120226400686870080;PAUSED;FTR - genel - lead - havuz intro - dinamik;​120226400687040080;CAMPAIGN_PAUSED;LEAD_GENERATION;0;0;4000;0;0;0;0;0;0;0;0;0;0
Temmuz 2026;Yabancı;Rusça;Lead;Fizik Tedavi / Rehabilitasyon;Doruk Hospital;TRY;Fizik Tedavi - Intensive FTR - Türki Cumhuriyetler - Tümü - RU - Physical Therapy - lead;​120226400686870080;PAUSED;FTR - genel - lead - Old set;​120226400687000080;PAUSED;LEAD_GENERATION;0;0;8000;0;0;0;0;0;0;0;0;0;0
Ağustos 2026;Yabancı;Rusça;Lead;Fizik Tedavi / Rehabilitasyon;Doruk Hospital;TRY;Fizik Tedavi - Intensive FTR - Türki Cumhuriyetler - Tümü - RU - Physical Therapy - lead;​120226400686870080;PAUSED;FTR - genel - lead - Old set;​120226400687000080;PAUSED;LEAD_GENERATION;0;0;8000;0;0;0;0;0;0;0;0;0;0
Temmuz 2026;Yabancı;Rusça;Lead;Fizik Tedavi / Rehabilitasyon;Doruk Hospital;TRY;Fizik Tedavi - Intensive FTR - Türki Cumhuriyetler - Tümü - RU - Physical Therapy - lead;​120226400686870080;PAUSED;FTR - genel - lead - onbeş saniye set;​120226400686980080;PAUSED;LEAD_GENERATION;0;0;8000;0;0;0;0;0;0;0;0;0;0
Ağustos 2026;Yabancı;Rusça;Lead;Fizik Tedavi / Rehabilitasyon;Doruk Hospital;TRY;Fizik Tedavi - Intensive FTR - Türki Cumhuriyetler - Tümü - RU - Physical Therapy - lead;​120226400686870080;PAUSED;FTR - genel - lead - onbeş saniye set;​120226400686980080;PAUSED;LEAD_GENERATION;0;0;8000;0;0;0;0;0;0;0;0;0;0
Temmuz 2026;Yabancı;Rusça;Lead;Fizik Tedavi / Rehabilitasyon;Doruk Hospital;TRY;Fizik Tedavi - Intensive FTR - Türki Cumhuriyetler - Tümü - RU - Physical Therapy - lead;​120226400686870080;PAUSED;FTR - genel - lead - retargerting - dinamik;​120226400687020080;CAMPAIGN_PAUSED;LEAD_GENERATION;0;0;6000;0;0;0;0;0;0;0;0;0;0
Ağustos 2026;Yabancı;Rusça;Lead;Fizik Tedavi / Rehabilitasyon;Doruk Hospital;TRY;Fizik Tedavi - Intensive FTR - Türki Cumhuriyetler - Tümü - RU - Physical Therapy - lead;​120226400686870080;PAUSED;FTR - genel - lead - retargerting - dinamik;​120226400687020080;CAMPAIGN_PAUSED;LEAD_GENERATION;0;0;6000;0;0;0;0;0;0;0;0;0;0
Temmuz 2026;Yabancı;Rusça;Lead;Fizik Tedavi / Rehabilitasyon;Doruk Hospital;TRY;Fizik Tedavi - Intensive FTR - Türki Cumhuriyetler - Tümü - RU - Physical Therapy - lead;​120226400686870080;PAUSED;FTR - genel - lead - robot intro - dinamik;​120231313242050080;CAMPAIGN_PAUSED;LEAD_GENERATION;0;0;26000;0;0;0;0;0;0;0;0;0;0
Ağustos 2026;Yabancı;Rusça;Lead;Fizik Tedavi / Rehabilitasyon;Doruk Hospital;TRY;Fizik Tedavi - Intensive FTR - Türki Cumhuriyetler - Tümü - RU - Physical Therapy - lead;​120226400686870080;PAUSED;FTR - genel - lead - robot intro - dinamik;​120231313242050080;CAMPAIGN_PAUSED;LEAD_GENERATION;0;0;26000;0;0;0;0;0;0;0;0;0;0
Temmuz 2026;Yabancı;Rusça;Lead;Fizik Tedavi / Rehabilitasyon;Doruk Hospital;TRY;Fizik Tedavi - Intensive FTR - Türki Cumhuriyetler - Tümü - RU - Physical Therapy - on_lead;​120222524792360080;PAUSED;FTR - genel - on_lead - old set;​120222526603660080;CAMPAIGN_PAUSED;LEAD_GENERATION;0;0;5000;0;0;0;0;0;0;0;0;0;0
Ağustos 2026;Yabancı;Rusça;Lead;Fizik Tedavi / Rehabilitasyon;Doruk Hospital;TRY;Fizik Tedavi - Intensive FTR - Türki Cumhuriyetler - Tümü - RU - Physical Therapy - on_lead;​120222524792360080;PAUSED;FTR - genel - on_lead - old set;​120222526603660080;CAMPAIGN_PAUSED;LEAD_GENERATION;0;0;5000;0;0;0;0;0;0;0;0;0;0
Temmuz 2026;Yabancı;Rusça;Lead;Fizik Tedavi / Rehabilitasyon;Doruk Hospital;TRY;Fizik Tedavi - Intensive FTR - Türki Cumhuriyetler - Tümü - RU - Physical Therapy - on_lead;​120222524792360080;PAUSED;FTR - genel - on_lead - onbeş saniye set;​120222524792570080;CAMPAIGN_PAUSED;LEAD_GENERATION;0;0;5000;0;0;0;0;0;0;0;0;0;0
Ağustos 2026;Yabancı;Rusça;Lead;Fizik Tedavi / Rehabilitasyon;Doruk Hospital;TRY;Fizik Tedavi - Intensive FTR - Türki Cumhuriyetler - Tümü - RU - Physical Therapy - on_lead;​120222524792360080;PAUSED;FTR - genel - on_lead - onbeş saniye set;​120222524792570080;CAMPAIGN_PAUSED;LEAD_GENERATION;0;0;5000;0;0;0;0;0;0;0;0;0;0
Temmuz 2026;Yabancı;Rusça;Lead;Fizik Tedavi / Rehabilitasyon;Doruk Hospital;TRY;Fizik Tedavi - Intensive FTR - Türki Cumhuriyetler - Tümü - RU - Physical Therapy;​120213112156700080;PAUSED;Fizik Tedavi - Intensive FTR - Rus Bölgesi - Tümü - RU - Physical Therapy - Statik Set;​120214289346040080;PAUSED;LEAD_GENERATION;0;0;4500;0;0;0;0;0;0;0;0;0;0
Ağustos 2026;Yabancı;Rusça;Lead;Fizik Tedavi / Rehabilitasyon;Doruk Hospital;TRY;Fizik Tedavi - Intensive FTR - Türki Cumhuriyetler - Tümü - RU - Physical Therapy;​120213112156700080;PAUSED;Fizik Tedavi - Intensive FTR - Rus Bölgesi - Tümü - RU - Physical Therapy - Statik Set;​120214289346040080;PAUSED;LEAD_GENERATION;0;0;4500;0;0;0;0;0;0;0;0;0;0
Temmuz 2026;Yabancı;Rusça;Lead;Fizik Tedavi / Rehabilitasyon;Doruk Hospital;TRY;Fizik Tedavi - Intensive FTR - Türki Cumhuriyetler - Tümü - RU - Physical Therapy;​120213112156700080;PAUSED;FTR - genel - lead - 1 Dakika Set;​120214364948560080;PAUSED;LEAD_GENERATION;0;0;8000;0;0;0;0;0;0;0;0;0;0
Ağustos 2026;Yabancı;Rusça;Lead;Fizik Tedavi / Rehabilitasyon;Doruk Hospital;TRY;Fizik Tedavi - Intensive FTR - Türki Cumhuriyetler - Tümü - RU - Physical Therapy;​120213112156700080;PAUSED;FTR - genel - lead - 1 Dakika Set;​120214364948560080;PAUSED;LEAD_GENERATION;0;0;8000;0;0;0;0;0;0;0;0;0;0
Temmuz 2026;Yabancı;Rusça;Lead;Fizik Tedavi / Rehabilitasyon;Doruk Hospital;TRY;Fizik Tedavi - Intensive FTR - Türki Cumhuriyetler - Tümü - RU - Physical Therapy;​120213112156700080;PAUSED;FTR - genel - lead - dinamik;​120224195523710080;PAUSED;LEAD_GENERATION;0;0;8000;0;0;0;0;0;0;0;0;0;0
Ağustos 2026;Yabancı;Rusça;Lead;Fizik Tedavi / Rehabilitasyon;Doruk Hospital;TRY;Fizik Tedavi - Intensive FTR - Türki Cumhuriyetler - Tümü - RU - Physical Therapy;​120213112156700080;PAUSED;FTR - genel - lead - dinamik;​120224195523710080;PAUSED;LEAD_GENERATION;0;0;8000;0;0;0;0;0;0;0;0;0;0
Temmuz 2026;Yabancı;Rusça;Lead;Fizik Tedavi / Rehabilitasyon;Doruk Hospital;TRY;Fizik Tedavi - Intensive FTR - Türki Cumhuriyetler - Tümü - RU - Physical Therapy;​120213112156700080;PAUSED;FTR - genel - lead - dinamik - retargeting;​120224196412650080;PAUSED;QUALITY_LEAD;0;0;8000;0;0;0;0;0;0;0;0;0;0
Ağustos 2026;Yabancı;Rusça;Lead;Fizik Tedavi / Rehabilitasyon;Doruk Hospital;TRY;Fizik Tedavi - Intensive FTR - Türki Cumhuriyetler - Tümü - RU - Physical Therapy;​120213112156700080;PAUSED;FTR - genel - lead - dinamik - retargeting;​120224196412650080;PAUSED;QUALITY_LEAD;0;0;8000;0;0;0;0;0;0;0;0;0;0
Temmuz 2026;Yabancı;Rusça;Lead;Fizik Tedavi / Rehabilitasyon;Doruk Hospital;TRY;Fizik Tedavi - Intensive FTR - Türki Cumhuriyetler - Tümü - RU - Physical Therapy;​120213112156700080;PAUSED;FTR - genel - lead - havuz intro - dinamik;​120225857025030080;CAMPAIGN_PAUSED;LEAD_GENERATION;0;0;10000;0;0;0;0;0;0;0;0;0;0
Ağustos 2026;Yabancı;Rusça;Lead;Fizik Tedavi / Rehabilitasyon;Doruk Hospital;TRY;Fizik Tedavi - Intensive FTR - Türki Cumhuriyetler - Tümü - RU - Physical Therapy;​120213112156700080;PAUSED;FTR - genel - lead - havuz intro - dinamik;​120225857025030080;CAMPAIGN_PAUSED;LEAD_GENERATION;0;0;10000;0;0;0;0;0;0;0;0;0;0
Temmuz 2026;Yabancı;Rusça;Lead;Fizik Tedavi / Rehabilitasyon;Doruk Hospital;TRY;Fizik Tedavi - Intensive FTR - Türki Cumhuriyetler - Tümü - RU - Physical Therapy;​120213112156700080;PAUSED;FTR - genel - lead - Old set;​120213112156680080;PAUSED;LEAD_GENERATION;0;0;8000;0;0;0;0;0;0;0;0;0;0
Ağustos 2026;Yabancı;Rusça;Lead;Fizik Tedavi / Rehabilitasyon;Doruk Hospital;TRY;Fizik Tedavi - Intensive FTR - Türki Cumhuriyetler - Tümü - RU - Physical Therapy;​120213112156700080;PAUSED;FTR - genel - lead - Old set;​120213112156680080;PAUSED;LEAD_GENERATION;0;0;8000;0;0;0;0;0;0;0;0;0;0
Temmuz 2026;Yabancı;Rusça;Lead;Fizik Tedavi / Rehabilitasyon;Doruk Hospital;TRY;Fizik Tedavi - Intensive FTR - Türki Cumhuriyetler - Tümü - RU - Physical Therapy;​120213112156700080;PAUSED;FTR - genel - lead - onbeş saniye set;​120215140834580080;PAUSED;LEAD_GENERATION;0;0;8000;0;0;0;0;0;0;0;0;0;0
Ağustos 2026;Yabancı;Rusça;Lead;Fizik Tedavi / Rehabilitasyon;Doruk Hospital;TRY;Fizik Tedavi - Intensive FTR - Türki Cumhuriyetler - Tümü - RU - Physical Therapy;​120213112156700080;PAUSED;FTR - genel - lead - onbeş saniye set;​120215140834580080;PAUSED;LEAD_GENERATION;0;0;8000;0;0;0;0;0;0;0;0;0;0
Temmuz 2026;Yabancı;Rusça;Lead;Fizik Tedavi / Rehabilitasyon;Doruk Hospital;TRY;Fizik Tedavi - Intensive FTR - Türki Cumhuriyetler - Tümü - RU - Physical Therapy;​120213112156700080;PAUSED;FTR - genel - lead - retargerting - dinamik;​120225903813410080;CAMPAIGN_PAUSED;LEAD_GENERATION;0;0;8000;0;0;0;0;0;0;0;0;0;0
Ağustos 2026;Yabancı;Rusça;Lead;Fizik Tedavi / Rehabilitasyon;Doruk Hospital;TRY;Fizik Tedavi - Intensive FTR - Türki Cumhuriyetler - Tümü - RU - Physical Therapy;​120213112156700080;PAUSED;FTR - genel - lead - retargerting - dinamik;​120225903813410080;CAMPAIGN_PAUSED;LEAD_GENERATION;0;0;8000;0;0;0;0;0;0;0;0;0;0
Temmuz 2026;Yabancı;Rusça;Lead;Fizik Tedavi / Rehabilitasyon;Doruk Hospital;TRY;Fizik Tedavi - Intensive FTR - Türki Cumhuriyetler - Tümü - RU - Physical Therapy;​120213112156700080;PAUSED;FTR - genel - lead - robot intro - dinamik;​120225857093050080;CAMPAIGN_PAUSED;LEAD_GENERATION;0;0;10000;0;0;0;0;0;0;0;0;0;0
Ağustos 2026;Yabancı;Rusça;Lead;Fizik Tedavi / Rehabilitasyon;Doruk Hospital;TRY;Fizik Tedavi - Intensive FTR - Türki Cumhuriyetler - Tümü - RU - Physical Therapy;​120213112156700080;PAUSED;FTR - genel - lead - robot intro - dinamik;​120225857093050080;CAMPAIGN_PAUSED;LEAD_GENERATION;0;0;10000;0;0;0;0;0;0;0;0;0;0
Temmuz 2026;Yabancı;Arapça;Lead;Fizik Tedavi / Rehabilitasyon;Doruk Hospital;TRY;Fizik Tedavi - Intensive FTR - Umman - Tümü - AR - Doruk Hospital;​120207423473460080;PAUSED;umman broad;​120207423473450080;CAMPAIGN_PAUSED;LEAD_GENERATION;0;0;850;0;0;0;0;0;0;0;0;0;0
Ağustos 2026;Yabancı;Arapça;Lead;Fizik Tedavi / Rehabilitasyon;Doruk Hospital;TRY;Fizik Tedavi - Intensive FTR - Umman - Tümü - AR - Doruk Hospital;​120207423473460080;PAUSED;umman broad;​120207423473450080;CAMPAIGN_PAUSED;LEAD_GENERATION;0;0;850;0;0;0;0;0;0;0;0;0;0
Temmuz 2026;Yabancı;Arapça;Lead;Fizik Tedavi / Rehabilitasyon;Doruk Hospital;TRY;Fizik Tedavi - Intensive FTR - Umman - Tümü - AR - Physical Therapy;​120213114980970080;PAUSED;umman broad;​120213114980940080;CAMPAIGN_PAUSED;LEAD_GENERATION;0;0;500;0;0;0;0;0;0;0;0;0;0
Ağustos 2026;Yabancı;Arapça;Lead;Fizik Tedavi / Rehabilitasyon;Doruk Hospital;TRY;Fizik Tedavi - Intensive FTR - Umman - Tümü - AR - Physical Therapy;​120213114980970080;PAUSED;umman broad;​120213114980940080;CAMPAIGN_PAUSED;LEAD_GENERATION;0;0;500;0;0;0;0;0;0;0;0;0;0
Temmuz 2026;Yabancı;Arapça;Lead;Fizik Tedavi / Rehabilitasyon;Doruk Hospital;TRY;Fizik Tedavi - Soft FTR - Arap Bölgesi - Tümü - AR - Physical Therapy;​120217486545650080;PAUSED;Soft FTR - Körfez (B.A.E. ve S.A hariç);​120217486545830080;CAMPAIGN_PAUSED;LEAD_GENERATION;0;0;7000;0;0;0;0;0;0;0;0;0;0
Ağustos 2026;Yabancı;Arapça;Lead;Fizik Tedavi / Rehabilitasyon;Doruk Hospital;TRY;Fizik Tedavi - Soft FTR - Arap Bölgesi - Tümü - AR - Physical Therapy;​120217486545650080;PAUSED;Soft FTR - Körfez (B.A.E. ve S.A hariç);​120217486545830080;CAMPAIGN_PAUSED;LEAD_GENERATION;0;0;7000;0;0;0;0;0;0;0;0;0;0
Temmuz 2026;Yabancı;Arapça;Lead;Fizik Tedavi / Rehabilitasyon;Doruk Hospital;TRY;Fizik Tedavi - Soft FTR - Arap Bölgesi - Tümü - AR - Physical Therapy;​120217486545650080;PAUSED;Soft FTR - Suudi Arabistan (Daraltılmış);​120217486795690080;CAMPAIGN_PAUSED;LEAD_GENERATION;0;0;2000;0;0;0;0;0;0;0;0;0;0
Ağustos 2026;Yabancı;Arapça;Lead;Fizik Tedavi / Rehabilitasyon;Doruk Hospital;TRY;Fizik Tedavi - Soft FTR - Arap Bölgesi - Tümü - AR - Physical Therapy;​120217486545650080;PAUSED;Soft FTR - Suudi Arabistan (Daraltılmış);​120217486795690080;CAMPAIGN_PAUSED;LEAD_GENERATION;0;0;2000;0;0;0;0;0;0;0;0;0;0
Temmuz 2026;Yabancı;İngilizce;Lead;Fizik Tedavi / Rehabilitasyon;Doruk Hospital;TRY;Fizik Tedavi - Soft FTR - Avrupa Bölgesi - Tümü - EN - Physical Therapy;​120217486278490080;PAUSED;Fizik Tedavi - Soft FTR - Avrupa Bölgesi;​120217486278450080;CAMPAIGN_PAUSED;QUALITY_LEAD;0;0;2000;0;0;0;0;0;0;0;0;0;0
Ağustos 2026;Yabancı;İngilizce;Lead;Fizik Tedavi / Rehabilitasyon;Doruk Hospital;TRY;Fizik Tedavi - Soft FTR - Avrupa Bölgesi - Tümü - EN - Physical Therapy;​120217486278490080;PAUSED;Fizik Tedavi - Soft FTR - Avrupa Bölgesi;​120217486278450080;CAMPAIGN_PAUSED;QUALITY_LEAD;0;0;2000;0;0;0;0;0;0;0;0;0;0
Temmuz 2026;Yabancı;İngilizce;Lead;Fizik Tedavi / Rehabilitasyon;Doruk Hospital;TRY;Fizik Tedavi - Soft FTR - İngiltere - Tümü - EN - Physical Therapy;​120217485716020080;PAUSED;Fizik Tedavi - Soft FTR - İngiltere;​120217485716210080;CAMPAIGN_PAUSED;QUALITY_LEAD;0;0;2000;0;0;0;0;0;0;0;0;0;0
Ağustos 2026;Yabancı;İngilizce;Lead;Fizik Tedavi / Rehabilitasyon;Doruk Hospital;TRY;Fizik Tedavi - Soft FTR - İngiltere - Tümü - EN - Physical Therapy;​120217485716020080;PAUSED;Fizik Tedavi - Soft FTR - İngiltere;​120217485716210080;CAMPAIGN_PAUSED;QUALITY_LEAD;0;0;2000;0;0;0;0;0;0;0;0;0;0
Temmuz 2026;Yabancı;Rusça;Lead;Fizik Tedavi / Rehabilitasyon;Doruk Hospital;TRY;Fizik Tedavi - Soft FTR - Türki Cumhuriyetler - Tümü - RU - Physical Therapy;​120217485013260080;PAUSED;Soft FTR - Türki Cumh;​120217485013390080;CAMPAIGN_PAUSED;LEAD_GENERATION;0;0;6000;0;0;0;0;0;0;0;0;0;0
Ağustos 2026;Yabancı;Rusça;Lead;Fizik Tedavi / Rehabilitasyon;Doruk Hospital;TRY;Fizik Tedavi - Soft FTR - Türki Cumhuriyetler - Tümü - RU - Physical Therapy;​120217485013260080;PAUSED;Soft FTR - Türki Cumh;​120217485013390080;CAMPAIGN_PAUSED;LEAD_GENERATION;0;0;6000;0;0;0;0;0;0;0;0;0;0
Temmuz 2026;Yabancı;Arapça;Lead;Fizik Tedavi / Rehabilitasyon;Doruk Hospital;TRY;Serebral Palsi - Çocuk FTR - Arap Bölgesi - Tümü - AR - Doruk İlaj Turkia - lead;​120241230268710080;PAUSED;Serebral Palsi - Irak - genel;​120241230268780080;CAMPAIGN_PAUSED;LEAD_GENERATION;0;0;1500;0;0;0;0;0;0;0;0;0;0
Ağustos 2026;Yabancı;Arapça;Lead;Fizik Tedavi / Rehabilitasyon;Doruk Hospital;TRY;Serebral Palsi - Çocuk FTR - Arap Bölgesi - Tümü - AR - Doruk İlaj Turkia - lead;​120241230268710080;PAUSED;Serebral Palsi - Irak - genel;​120241230268780080;CAMPAIGN_PAUSED;LEAD_GENERATION;0;0;1500;0;0;0;0;0;0;0;0;0;0
Temmuz 2026;Yabancı;Arapça;Lead;Fizik Tedavi / Rehabilitasyon;Doruk Hospital;TRY;Serebral Palsi - Çocuk FTR - Arap Bölgesi - Tümü - AR - Doruk İlaj Turkia - lead;​120241230268710080;PAUSED;Serebral Palsi - Libya - genel;​120241230268900080;CAMPAIGN_PAUSED;LEAD_GENERATION;0;0;700;0;0;0;0;0;0;0;0;0;0
Ağustos 2026;Yabancı;Arapça;Lead;Fizik Tedavi / Rehabilitasyon;Doruk Hospital;TRY;Serebral Palsi - Çocuk FTR - Arap Bölgesi - Tümü - AR - Doruk İlaj Turkia - lead;​120241230268710080;PAUSED;Serebral Palsi - Libya - genel;​120241230268900080;CAMPAIGN_PAUSED;LEAD_GENERATION;0;0;700;0;0;0;0;0;0;0;0;0;0
Temmuz 2026;Yabancı;Arapça;Lead;Fizik Tedavi / Rehabilitasyon;Doruk Hospital;TRY;Serebral Palsi - Çocuk FTR - Arap Bölgesi - Tümü - AR - Doruk İlaj Turkia - lead;​120241230268710080;PAUSED;Serebral Palsi - Suudi Arabistan - genel;​120241230268800080;CAMPAIGN_PAUSED;LEAD_GENERATION;0;0;1500;0;0;0;0;0;0;0;0;0;0
Ağustos 2026;Yabancı;Arapça;Lead;Fizik Tedavi / Rehabilitasyon;Doruk Hospital;TRY;Serebral Palsi - Çocuk FTR - Arap Bölgesi - Tümü - AR - Doruk İlaj Turkia - lead;​120241230268710080;PAUSED;Serebral Palsi - Suudi Arabistan - genel;​120241230268800080;CAMPAIGN_PAUSED;LEAD_GENERATION;0;0;1500;0;0;0;0;0;0;0;0;0;0
Temmuz 2026;Yabancı;Rusça;Lead;Fizik Tedavi / Rehabilitasyon;Doruk Hospital;TRY;Serebral Palsi - Çocuk FTR - Türki Cumhuriyetler - Tümü - RU - Lechenie v Turtsii - lead;​120241213188040080;PAUSED;Serebral Palsi - Kazakistan - genel;​120241213188120080;CAMPAIGN_PAUSED;LEAD_GENERATION;0;0;2500;0;0;0;0;0;0;0;0;0;0
Ağustos 2026;Yabancı;Rusça;Lead;Fizik Tedavi / Rehabilitasyon;Doruk Hospital;TRY;Serebral Palsi - Çocuk FTR - Türki Cumhuriyetler - Tümü - RU - Lechenie v Turtsii - lead;​120241213188040080;PAUSED;Serebral Palsi - Kazakistan - genel;​120241213188120080;CAMPAIGN_PAUSED;LEAD_GENERATION;0;0;2500;0;0;0;0;0;0;0;0;0;0
Temmuz 2026;Yabancı;Rusça;Lead;Fizik Tedavi / Rehabilitasyon;Doruk Hospital;TRY;Serebral Palsi - Çocuk FTR - Türki Cumhuriyetler - Tümü - RU - Lechenie v Turtsii - lead;​120241213188040080;PAUSED;Serebral Palsi - Kırgısiztan,Tacikistan- genel;​120241213188390080;CAMPAIGN_PAUSED;LEAD_GENERATION;0;0;1000;0;0;0;0;0;0;0;0;0;0
Ağustos 2026;Yabancı;Rusça;Lead;Fizik Tedavi / Rehabilitasyon;Doruk Hospital;TRY;Serebral Palsi - Çocuk FTR - Türki Cumhuriyetler - Tümü - RU - Lechenie v Turtsii - lead;​120241213188040080;PAUSED;Serebral Palsi - Kırgısiztan,Tacikistan- genel;​120241213188390080;CAMPAIGN_PAUSED;LEAD_GENERATION;0;0;1000;0;0;0;0;0;0;0;0;0;0
Temmuz 2026;Yabancı;Rusça;Lead;Fizik Tedavi / Rehabilitasyon;Doruk Hospital;TRY;Serebral Palsi - Çocuk FTR - Türki Cumhuriyetler - Tümü - RU - Lechenie v Turtsii - lead;​120241213188040080;PAUSED;Serebral Palsi -gürcistan,belarus - genel;​120241213188380080;CAMPAIGN_PAUSED;LEAD_GENERATION;0;0;1000;0;0;0;0;0;0;0;0;0;0
Ağustos 2026;Yabancı;Rusça;Lead;Fizik Tedavi / Rehabilitasyon;Doruk Hospital;TRY;Serebral Palsi - Çocuk FTR - Türki Cumhuriyetler - Tümü - RU - Lechenie v Turtsii - lead;​120241213188040080;PAUSED;Serebral Palsi -gürcistan,belarus - genel;​120241213188380080;CAMPAIGN_PAUSED;LEAD_GENERATION;0;0;1000;0;0;0;0;0;0;0;0;0;0
Temmuz 2026;Yabancı;Rusça;Lead;Fizik Tedavi / Rehabilitasyon;Doruk Hospital;TRY;Serebral Palsi - Çocuk FTR - Türki Cumhuriyetler - Tümü - RU - Lechenie v Turtsii - lead;​120241213188040080;PAUSED;Serebral Palsi -Özbekistan - genel - android hedefli;​120241213188080080;CAMPAIGN_PAUSED;LEAD_GENERATION;0;0;1000;0;0;0;0;0;0;0;0;0;0
Ağustos 2026;Yabancı;Rusça;Lead;Fizik Tedavi / Rehabilitasyon;Doruk Hospital;TRY;Serebral Palsi - Çocuk FTR - Türki Cumhuriyetler - Tümü - RU - Lechenie v Turtsii - lead;​120241213188040080;PAUSED;Serebral Palsi -Özbekistan - genel - android hedefli;​120241213188080080;CAMPAIGN_PAUSED;LEAD_GENERATION;0;0;1000;0;0;0;0;0;0;0;0;0;0
Temmuz 2026;Yabancı;Rusça;Lead;Fizik Tedavi / Rehabilitasyon;Doruk Hospital;TRY;Serebral Palsi - Çocuk FTR - Türki Cumhuriyetler - Tümü - RU - Lechenie v Turtsii - lead;​120241213188040080;PAUSED;Serebral Palsi -Özbekistan - genel - ios hedefli;​120241213188100080;CAMPAIGN_PAUSED;LEAD_GENERATION;0;0;1000;0;0;0;0;0;0;0;0;0;0
Ağustos 2026;Yabancı;Rusça;Lead;Fizik Tedavi / Rehabilitasyon;Doruk Hospital;TRY;Serebral Palsi - Çocuk FTR - Türki Cumhuriyetler - Tümü - RU - Lechenie v Turtsii - lead;​120241213188040080;PAUSED;Serebral Palsi -Özbekistan - genel - ios hedefli;​120241213188100080;CAMPAIGN_PAUSED;LEAD_GENERATION;0;0;1000;0;0;0;0;0;0;0;0;0;0
Temmuz 2026;Yabancı;Arapça;Lead;Fizik Tedavi / Rehabilitasyon;Doruk Hospital;TRY;Trafik - Fizik Tedavi - Intensive FTR - Arap Bölgesi - Tümü - AR - Doruk İlaj Turkia;​120236230340950080;PAUSED;Arap Old lead %10 benzer tum korfez FTR TV Trafik;​120238692652220080;CAMPAIGN_PAUSED;PROFILE_VISIT;0;0;3000;0;0;0;0;0;0;0;0;0;0
Ağustos 2026;Yabancı;Arapça;Lead;Fizik Tedavi / Rehabilitasyon;Doruk Hospital;TRY;Trafik - Fizik Tedavi - Intensive FTR - Arap Bölgesi - Tümü - AR - Doruk İlaj Turkia;​120236230340950080;PAUSED;Arap Old lead %10 benzer tum korfez FTR TV Trafik;​120238692652220080;CAMPAIGN_PAUSED;PROFILE_VISIT;0;0;3000;0;0;0;0;0;0;0;0;0;0
Temmuz 2026;Yabancı;Arapça;Lead;Fizik Tedavi / Rehabilitasyon;Doruk Hospital;TRY;Whatsapp - Fizik Tedavi - Intensive FTR - Arap Bölgesi - Tümü - AR - Doruk İlaj Turkia;​120238651325780080;ACTIVE;BAE Whatsapp android luks;​120238816548930080;PAUSED;CONVERSATIONS;0;0;1500;0;0;0;0;0;0;0;0;0;0
Ağustos 2026;Yabancı;Arapça;Lead;Fizik Tedavi / Rehabilitasyon;Doruk Hospital;TRY;Whatsapp - Fizik Tedavi - Intensive FTR - Arap Bölgesi - Tümü - AR - Doruk İlaj Turkia;​120238651325780080;ACTIVE;BAE Whatsapp android luks;​120238816548930080;PAUSED;CONVERSATIONS;0;0;1500;0;0;0;0;0;0;0;0;0;0
Temmuz 2026;Yabancı;Arapça;Lead;Fizik Tedavi / Rehabilitasyon;Doruk Hospital;TRY;Whatsapp - Fizik Tedavi - Intensive FTR - Arap Bölgesi - Tümü - AR - Doruk İlaj Turkia;​120238651325780080;ACTIVE;BAE Whatsapp IOS luks;​120238816549140080;ACTIVE;CONVERSATIONS;0;0;4500;0;109953.15;364788;138822;2918;0;114;114;114;71259
Ağustos 2026;Yabancı;Arapça;Lead;Fizik Tedavi / Rehabilitasyon;Doruk Hospital;TRY;Whatsapp - Fizik Tedavi - Intensive FTR - Arap Bölgesi - Tümü - AR - Doruk İlaj Turkia;​120238651325780080;ACTIVE;BAE Whatsapp IOS luks;​120238816549140080;ACTIVE;CONVERSATIONS;0;0;4500;0;25981.51;54186;40413;419;0;20;20;20;11181
Temmuz 2026;Yabancı;Arapça;Lead;Fizik Tedavi / Rehabilitasyon;Doruk Hospital;TRY;Whatsapp - Fizik Tedavi - Intensive FTR - Arap Bölgesi - Tümü - AR - Doruk İlaj Turkia;​120238651325780080;ACTIVE;BAE Whatsapp Old lead WP (%10 benzer kitle);​120238723887950080;PAUSED;CONVERSATIONS;0;0;2000;0;0;0;0;0;0;0;0;0;0
Ağustos 2026;Yabancı;Arapça;Lead;Fizik Tedavi / Rehabilitasyon;Doruk Hospital;TRY;Whatsapp - Fizik Tedavi - Intensive FTR - Arap Bölgesi - Tümü - AR - Doruk İlaj Turkia;​120238651325780080;ACTIVE;BAE Whatsapp Old lead WP (%10 benzer kitle);​120238723887950080;PAUSED;CONVERSATIONS;0;0;2000;0;0;0;0;0;0;0;0;0;0
Temmuz 2026;Yabancı;Arapça;Lead;Fizik Tedavi / Rehabilitasyon;Doruk Hospital;TRY;Whatsapp - Fizik Tedavi - Intensive FTR - Arap Bölgesi - Tümü - AR - Doruk İlaj Turkia;​120238651325780080;ACTIVE;Bahreyn - Umman Whatsapp android luks;​120238816549230080;PAUSED;CONVERSATIONS;0;0;500;0;0;0;0;0;0;0;0;0;0
Ağustos 2026;Yabancı;Arapça;Lead;Fizik Tedavi / Rehabilitasyon;Doruk Hospital;TRY;Whatsapp - Fizik Tedavi - Intensive FTR - Arap Bölgesi - Tümü - AR - Doruk İlaj Turkia;​120238651325780080;ACTIVE;Bahreyn - Umman Whatsapp android luks;​120238816549230080;PAUSED;CONVERSATIONS;0;0;500;0;0;0;0;0;0;0;0;0;0
Temmuz 2026;Yabancı;Arapça;Lead;Fizik Tedavi / Rehabilitasyon;Doruk Hospital;TRY;Whatsapp - Fizik Tedavi - Intensive FTR - Arap Bölgesi - Tümü - AR - Doruk İlaj Turkia;​120238651325780080;ACTIVE;Bahreyn - Umman Whatsapp IOS luks - Kopya;​120238888789550080;ACTIVE;CONVERSATIONS;0;0;3500;0;89964.73;756474;244156;4898;0;149;149;149;108526
Ağustos 2026;Yabancı;Arapça;Lead;Fizik Tedavi / Rehabilitasyon;Doruk Hospital;TRY;Whatsapp - Fizik Tedavi - Intensive FTR - Arap Bölgesi - Tümü - AR - Doruk İlaj Turkia;​120238651325780080;ACTIVE;Bahreyn - Umman Whatsapp IOS luks - Kopya;​120238888789550080;ACTIVE;CONVERSATIONS;0;0;3500;0;21878.99;143998;97769;907;0;25;25;25;20941
Temmuz 2026;Yabancı;Arapça;Lead;Fizik Tedavi / Rehabilitasyon;Doruk Hospital;TRY;Whatsapp - Fizik Tedavi - Intensive FTR - Arap Bölgesi - Tümü - AR - Doruk İlaj Turkia;​120238651325780080;ACTIVE;Bahreyn Whatsapp IOS luks;​120238816549170080;PAUSED;CONVERSATIONS;0;0;2000;0;0;0;0;0;0;0;0;0;0
Ağustos 2026;Yabancı;Arapça;Lead;Fizik Tedavi / Rehabilitasyon;Doruk Hospital;TRY;Whatsapp - Fizik Tedavi - Intensive FTR - Arap Bölgesi - Tümü - AR - Doruk İlaj Turkia;​120238651325780080;ACTIVE;Bahreyn Whatsapp IOS luks;​120238816549170080;PAUSED;CONVERSATIONS;0;0;2000;0;0;0;0;0;0;0;0;0;0
Temmuz 2026;Yabancı;Arapça;Lead;Fizik Tedavi / Rehabilitasyon;Doruk Hospital;TRY;Whatsapp - Fizik Tedavi - Intensive FTR - Arap Bölgesi - Tümü - AR - Doruk İlaj Turkia;​120238651325780080;ACTIVE;Bahreyn Whatsapp Old lead WP (%10 benzer kitle) - Kopya - Kopya;​120238723887930080;PAUSED;CONVERSATIONS;0;0;2000;0;0;0;0;0;0;0;0;0;0
Ağustos 2026;Yabancı;Arapça;Lead;Fizik Tedavi / Rehabilitasyon;Doruk Hospital;TRY;Whatsapp - Fizik Tedavi - Intensive FTR - Arap Bölgesi - Tümü - AR - Doruk İlaj Turkia;​120238651325780080;ACTIVE;Bahreyn Whatsapp Old lead WP (%10 benzer kitle) - Kopya - Kopya;​120238723887930080;PAUSED;CONVERSATIONS;0;0;2000;0;0;0;0;0;0;0;0;0;0
Temmuz 2026;Yabancı;Arapça;Lead;Fizik Tedavi / Rehabilitasyon;Doruk Hospital;TRY;Whatsapp - Fizik Tedavi - Intensive FTR - Arap Bölgesi - Tümü - AR - Doruk İlaj Turkia;​120238651325780080;ACTIVE;Irak Whatsapp IOS luks;​120238817166610080;PAUSED;CONVERSATIONS;0;0;1500;0;0;0;0;0;0;0;0;0;0
Ağustos 2026;Yabancı;Arapça;Lead;Fizik Tedavi / Rehabilitasyon;Doruk Hospital;TRY;Whatsapp - Fizik Tedavi - Intensive FTR - Arap Bölgesi - Tümü - AR - Doruk İlaj Turkia;​120238651325780080;ACTIVE;Irak Whatsapp IOS luks;​120238817166610080;PAUSED;CONVERSATIONS;0;0;1500;0;0;0;0;0;0;0;0;0;0
Temmuz 2026;Yabancı;Arapça;Lead;Fizik Tedavi / Rehabilitasyon;Doruk Hospital;TRY;Whatsapp - Fizik Tedavi - Intensive FTR - Arap Bölgesi - Tümü - AR - Doruk İlaj Turkia;​120238651325780080;ACTIVE;Katar Whatsapp android luks;​120238816571420080;PAUSED;CONVERSATIONS;0;0;500;0;0;0;0;0;0;0;0;0;0
Ağustos 2026;Yabancı;Arapça;Lead;Fizik Tedavi / Rehabilitasyon;Doruk Hospital;TRY;Whatsapp - Fizik Tedavi - Intensive FTR - Arap Bölgesi - Tümü - AR - Doruk İlaj Turkia;​120238651325780080;ACTIVE;Katar Whatsapp android luks;​120238816571420080;PAUSED;CONVERSATIONS;0;0;500;0;0;0;0;0;0;0;0;0;0
Temmuz 2026;Yabancı;Arapça;Lead;Fizik Tedavi / Rehabilitasyon;Doruk Hospital;TRY;Whatsapp - Fizik Tedavi - Intensive FTR - Arap Bölgesi - Tümü - AR - Doruk İlaj Turkia;​120238651325780080;ACTIVE;Katar Whatsapp IOS luks;​120238816571390080;ACTIVE;CONVERSATIONS;0;0;3000;0;72559.42;411932;115467;3396;0;98;98;98;71383
Ağustos 2026;Yabancı;Arapça;Lead;Fizik Tedavi / Rehabilitasyon;Doruk Hospital;TRY;Whatsapp - Fizik Tedavi - Intensive FTR - Arap Bölgesi - Tümü - AR - Doruk İlaj Turkia;​120238651325780080;ACTIVE;Katar Whatsapp IOS luks;​120238816571390080;ACTIVE;CONVERSATIONS;0;0;3000;0;15677.89;47712;34497;481;0;19;19;19;9244
Temmuz 2026;Yabancı;Arapça;Lead;Fizik Tedavi / Rehabilitasyon;Doruk Hospital;TRY;Whatsapp - Fizik Tedavi - Intensive FTR - Arap Bölgesi - Tümü - AR - Doruk İlaj Turkia;​120238651325780080;ACTIVE;Katar Whatsapp Old lead WP (%10 benzer kitle);​120238723887940080;PAUSED;CONVERSATIONS;0;0;2000;0;0;0;0;0;0;0;0;0;0
Ağustos 2026;Yabancı;Arapça;Lead;Fizik Tedavi / Rehabilitasyon;Doruk Hospital;TRY;Whatsapp - Fizik Tedavi - Intensive FTR - Arap Bölgesi - Tümü - AR - Doruk İlaj Turkia;​120238651325780080;ACTIVE;Katar Whatsapp Old lead WP (%10 benzer kitle);​120238723887940080;PAUSED;CONVERSATIONS;0;0;2000;0;0;0;0;0;0;0;0;0;0
Temmuz 2026;Yabancı;Arapça;Lead;Fizik Tedavi / Rehabilitasyon;Doruk Hospital;TRY;Whatsapp - Fizik Tedavi - Intensive FTR - Arap Bölgesi - Tümü - AR - Doruk İlaj Turkia;​120238651325780080;ACTIVE;Kuveyt Whatsapp IOS luks;​120238816571400080;ACTIVE;CONVERSATIONS;0;0;11000;0;177021.58;668361;151218;6071;0;213;213;213;121136
Ağustos 2026;Yabancı;Arapça;Lead;Fizik Tedavi / Rehabilitasyon;Doruk Hospital;TRY;Whatsapp - Fizik Tedavi - Intensive FTR - Arap Bölgesi - Tümü - AR - Doruk İlaj Turkia;​120238651325780080;ACTIVE;Kuveyt Whatsapp IOS luks;​120238816571400080;ACTIVE;CONVERSATIONS;0;0;11000;0;38400.71;75185;52501;831;0;37;37;37;15673
Temmuz 2026;Yabancı;Arapça;Lead;Fizik Tedavi / Rehabilitasyon;Doruk Hospital;TRY;Whatsapp - Fizik Tedavi - Intensive FTR - Arap Bölgesi - Tümü - AR - Doruk İlaj Turkia;​120238651325780080;ACTIVE;Kuveyt Whatsapp Old lead WP (%10 benzer kitle);​120238692949270080;PAUSED;CONVERSATIONS;0;0;5000;0;0;0;0;0;0;0;0;0;0
Ağustos 2026;Yabancı;Arapça;Lead;Fizik Tedavi / Rehabilitasyon;Doruk Hospital;TRY;Whatsapp - Fizik Tedavi - Intensive FTR - Arap Bölgesi - Tümü - AR - Doruk İlaj Turkia;​120238651325780080;ACTIVE;Kuveyt Whatsapp Old lead WP (%10 benzer kitle);​120238692949270080;PAUSED;CONVERSATIONS;0;0;5000;0;0;0;0;0;0;0;0;0;0
Temmuz 2026;Yabancı;Arapça;Lead;Fizik Tedavi / Rehabilitasyon;Doruk Hospital;TRY;Whatsapp - Fizik Tedavi - Intensive FTR - Arap Bölgesi - Tümü - AR - Doruk İlaj Turkia;​120238651325780080;ACTIVE;Kuveyt,Katar Whatsapp android luks;​120238816571650080;ACTIVE;CONVERSATIONS;0;0;3000;0;50633.67;395952;91822;2533;0;38;38;38;55553
Ağustos 2026;Yabancı;Arapça;Lead;Fizik Tedavi / Rehabilitasyon;Doruk Hospital;TRY;Whatsapp - Fizik Tedavi - Intensive FTR - Arap Bölgesi - Tümü - AR - Doruk İlaj Turkia;​120238651325780080;ACTIVE;Kuveyt,Katar Whatsapp android luks;​120238816571650080;ACTIVE;CONVERSATIONS;0;0;3000;0;9175.09;35605;23670;250;0;4;4;4;6463
Temmuz 2026;Yabancı;Arapça;Lead;Fizik Tedavi / Rehabilitasyon;Doruk Hospital;TRY;Whatsapp - Fizik Tedavi - Intensive FTR - Arap Bölgesi - Tümü - AR - Doruk İlaj Turkia;​120238651325780080;ACTIVE;Umman Whatsapp android luks - Kopya;​120238816461850080;PAUSED;CONVERSATIONS;0;0;500;0;0;0;0;0;0;0;0;0;0
Ağustos 2026;Yabancı;Arapça;Lead;Fizik Tedavi / Rehabilitasyon;Doruk Hospital;TRY;Whatsapp - Fizik Tedavi - Intensive FTR - Arap Bölgesi - Tümü - AR - Doruk İlaj Turkia;​120238651325780080;ACTIVE;Umman Whatsapp android luks - Kopya;​120238816461850080;PAUSED;CONVERSATIONS;0;0;500;0;0;0;0;0;0;0;0;0;0
Temmuz 2026;Yabancı;Arapça;Lead;Fizik Tedavi / Rehabilitasyon;Doruk Hospital;TRY;Whatsapp - Fizik Tedavi - Intensive FTR - Arap Bölgesi - Tümü - AR - Doruk İlaj Turkia;​120238651325780080;ACTIVE;Umman Whatsapp IOS luks;​120238816047430080;PAUSED;CONVERSATIONS;0;0;2000;0;0;0;0;0;0;0;0;0;0
Ağustos 2026;Yabancı;Arapça;Lead;Fizik Tedavi / Rehabilitasyon;Doruk Hospital;TRY;Whatsapp - Fizik Tedavi - Intensive FTR - Arap Bölgesi - Tümü - AR - Doruk İlaj Turkia;​120238651325780080;ACTIVE;Umman Whatsapp IOS luks;​120238816047430080;PAUSED;CONVERSATIONS;0;0;2000;0;0;0;0;0;0;0;0;0;0
Temmuz 2026;Yabancı;Arapça;Lead;Fizik Tedavi / Rehabilitasyon;Doruk Hospital;TRY;Whatsapp - Fizik Tedavi - Intensive FTR - Arap Bölgesi - Tümü - AR - Doruk İlaj Turkia;​120238651325780080;ACTIVE;Umman Whatsapp Old lead WP (%10 benzer kitle);​120238724228340080;PAUSED;CONVERSATIONS;0;0;2000;0;0;0;0;0;0;0;0;0;0
Ağustos 2026;Yabancı;Arapça;Lead;Fizik Tedavi / Rehabilitasyon;Doruk Hospital;TRY;Whatsapp - Fizik Tedavi - Intensive FTR - Arap Bölgesi - Tümü - AR - Doruk İlaj Turkia;​120238651325780080;ACTIVE;Umman Whatsapp Old lead WP (%10 benzer kitle);​120238724228340080;PAUSED;CONVERSATIONS;0;0;2000;0;0;0;0;0;0;0;0;0;0
Temmuz 2026;Yabancı;Arapça;Lead;Fizik Tedavi / Rehabilitasyon;Doruk Hospital;TRY;Whatsapp - Serebral Palsi - Çocuk FTR - Arap Bölgesi - Tümü - AR - Doruk İlaj Turkia;​120241336170010080;PAUSED;BAE Whatsapp android luks;​120241336170520080;CAMPAIGN_PAUSED;CONVERSATIONS;0;0;1000;0;0;0;0;0;0;0;0;0;0
Ağustos 2026;Yabancı;Arapça;Lead;Fizik Tedavi / Rehabilitasyon;Doruk Hospital;TRY;Whatsapp - Serebral Palsi - Çocuk FTR - Arap Bölgesi - Tümü - AR - Doruk İlaj Turkia;​120241336170010080;PAUSED;BAE Whatsapp android luks;​120241336170520080;CAMPAIGN_PAUSED;CONVERSATIONS;0;0;1000;0;0;0;0;0;0;0;0;0;0
Temmuz 2026;Yabancı;Arapça;Lead;Fizik Tedavi / Rehabilitasyon;Doruk Hospital;TRY;Whatsapp - Serebral Palsi - Çocuk FTR - Arap Bölgesi - Tümü - AR - Doruk İlaj Turkia;​120241336170010080;PAUSED;BAE Whatsapp IOS luks;​120241336170490080;CAMPAIGN_PAUSED;CONVERSATIONS;0;0;1500;0;0;0;0;0;0;0;0;0;0
Ağustos 2026;Yabancı;Arapça;Lead;Fizik Tedavi / Rehabilitasyon;Doruk Hospital;TRY;Whatsapp - Serebral Palsi - Çocuk FTR - Arap Bölgesi - Tümü - AR - Doruk İlaj Turkia;​120241336170010080;PAUSED;BAE Whatsapp IOS luks;​120241336170490080;CAMPAIGN_PAUSED;CONVERSATIONS;0;0;1500;0;0;0;0;0;0;0;0;0;0
Temmuz 2026;Yabancı;Arapça;Lead;Fizik Tedavi / Rehabilitasyon;Doruk Hospital;TRY;Whatsapp - Serebral Palsi - Çocuk FTR - Arap Bölgesi - Tümü - AR - Doruk İlaj Turkia;​120241336170010080;PAUSED;Bahreyn - Umman Whatsapp IOS luks - Kopya;​120241336170470080;CAMPAIGN_PAUSED;CONVERSATIONS;0;0;2000;0;0;0;0;0;0;0;0;0;0
Ağustos 2026;Yabancı;Arapça;Lead;Fizik Tedavi / Rehabilitasyon;Doruk Hospital;TRY;Whatsapp - Serebral Palsi - Çocuk FTR - Arap Bölgesi - Tümü - AR - Doruk İlaj Turkia;​120241336170010080;PAUSED;Bahreyn - Umman Whatsapp IOS luks - Kopya;​120241336170470080;CAMPAIGN_PAUSED;CONVERSATIONS;0;0;2000;0;0;0;0;0;0;0;0;0;0
Temmuz 2026;Yabancı;Arapça;Lead;Fizik Tedavi / Rehabilitasyon;Doruk Hospital;TRY;Whatsapp - Serebral Palsi - Çocuk FTR - Arap Bölgesi - Tümü - AR - Doruk İlaj Turkia;​120241336170010080;PAUSED;Katar Whatsapp IOS luks;​120241336170510080;CAMPAIGN_PAUSED;CONVERSATIONS;0;0;2000;0;0;0;0;0;0;0;0;0;0
Ağustos 2026;Yabancı;Arapça;Lead;Fizik Tedavi / Rehabilitasyon;Doruk Hospital;TRY;Whatsapp - Serebral Palsi - Çocuk FTR - Arap Bölgesi - Tümü - AR - Doruk İlaj Turkia;​120241336170010080;PAUSED;Katar Whatsapp IOS luks;​120241336170510080;CAMPAIGN_PAUSED;CONVERSATIONS;0;0;2000;0;0;0;0;0;0;0;0;0;0
Temmuz 2026;Yabancı;Arapça;Lead;Fizik Tedavi / Rehabilitasyon;Doruk Hospital;TRY;Whatsapp - Serebral Palsi - Çocuk FTR - Arap Bölgesi - Tümü - AR - Doruk İlaj Turkia;​120241336170010080;PAUSED;Kuveyt Whatsapp IOS luks;​120241336170640080;CAMPAIGN_PAUSED;CONVERSATIONS;0;0;5000;0;0;0;0;0;0;0;0;0;0
Ağustos 2026;Yabancı;Arapça;Lead;Fizik Tedavi / Rehabilitasyon;Doruk Hospital;TRY;Whatsapp - Serebral Palsi - Çocuk FTR - Arap Bölgesi - Tümü - AR - Doruk İlaj Turkia;​120241336170010080;PAUSED;Kuveyt Whatsapp IOS luks;​120241336170640080;CAMPAIGN_PAUSED;CONVERSATIONS;0;0;5000;0;0;0;0;0;0;0;0;0;0
Temmuz 2026;Yabancı;Arapça;Lead;Fizik Tedavi / Rehabilitasyon;Doruk Hospital;TRY;Whatsapp - Serebral Palsi - Çocuk FTR - Arap Bölgesi - Tümü - AR - Doruk İlaj Turkia;​120241336170010080;PAUSED;Kuveyt,Katar Whatsapp android luks;​120241336170440080;CAMPAIGN_PAUSED;CONVERSATIONS;0;0;2000;0;0;0;0;0;0;0;0;0;0
Ağustos 2026;Yabancı;Arapça;Lead;Fizik Tedavi / Rehabilitasyon;Doruk Hospital;TRY;Whatsapp - Serebral Palsi - Çocuk FTR - Arap Bölgesi - Tümü - AR - Doruk İlaj Turkia;​120241336170010080;PAUSED;Kuveyt,Katar Whatsapp android luks;​120241336170440080;CAMPAIGN_PAUSED;CONVERSATIONS;0;0;2000;0;0;0;0;0;0;0;0;0;0
Temmuz 2026;Yabancı;Arapça;Lead;Medikal Estetik / Plastik Cerrahi;Doruk Hospital;TRY;Estetik -  Jinekomasti - Arap Bölgesi - Tümü - AR - Doruk Aesthetic Surgery - on_lead;​120228102150610080;PAUSED;jinekomasti - on_lead - BAE - dinamik;​120228102150270080;CAMPAIGN_PAUSED;LEAD_GENERATION;0;0;5000;0;0;0;0;0;0;0;0;0;0
Ağustos 2026;Yabancı;Arapça;Lead;Medikal Estetik / Plastik Cerrahi;Doruk Hospital;TRY;Estetik -  Jinekomasti - Arap Bölgesi - Tümü - AR - Doruk Aesthetic Surgery - on_lead;​120228102150610080;PAUSED;jinekomasti - on_lead - BAE - dinamik;​120228102150270080;CAMPAIGN_PAUSED;LEAD_GENERATION;0;0;5000;0;0;0;0;0;0;0;0;0;0
Temmuz 2026;Yabancı;Arapça;Lead;Medikal Estetik / Plastik Cerrahi;Doruk Hospital;TRY;Estetik -  Jinekomasti - Arap Bölgesi - Tümü - AR - Doruk Aesthetic Surgery - on_lead;​120228102150610080;PAUSED;jinekomasti - on_lead - Körfez (B.A.E. ve S.A hariç) - dinamik;​120228110136710080;CAMPAIGN_PAUSED;LEAD_GENERATION;0;0;5000;0;0;0;0;0;0;0;0;0;0
Ağustos 2026;Yabancı;Arapça;Lead;Medikal Estetik / Plastik Cerrahi;Doruk Hospital;TRY;Estetik -  Jinekomasti - Arap Bölgesi - Tümü - AR - Doruk Aesthetic Surgery - on_lead;​120228102150610080;PAUSED;jinekomasti - on_lead - Körfez (B.A.E. ve S.A hariç) - dinamik;​120228110136710080;CAMPAIGN_PAUSED;LEAD_GENERATION;0;0;5000;0;0;0;0;0;0;0;0;0;0
Temmuz 2026;Yabancı;Arapça;Lead;Medikal Estetik / Plastik Cerrahi;Doruk Hospital;TRY;Estetik - Genel -  Arap Bölgesi - Tümü - AR - Doruk Aesthetic Surgery - on_lead;​120220229321100080;PAUSED;abdominoplasty - erkek - on_lead;​120220715072710080;PAUSED;LEAD_GENERATION;0;0;2000;0;0;0;0;0;0;0;0;0;0
Ağustos 2026;Yabancı;Arapça;Lead;Medikal Estetik / Plastik Cerrahi;Doruk Hospital;TRY;Estetik - Genel -  Arap Bölgesi - Tümü - AR - Doruk Aesthetic Surgery - on_lead;​120220229321100080;PAUSED;abdominoplasty - erkek - on_lead;​120220715072710080;PAUSED;LEAD_GENERATION;0;0;2000;0;0;0;0;0;0;0;0;0;0
Temmuz 2026;Yabancı;Arapça;Lead;Medikal Estetik / Plastik Cerrahi;Doruk Hospital;TRY;Estetik - Genel -  Arap Bölgesi - Tümü - AR - Doruk Aesthetic Surgery - on_lead;​120220229321100080;PAUSED;abdominoplasty - kadın - on_lead;​120220715090150080;PAUSED;LEAD_GENERATION;0;0;2000;0;0;0;0;0;0;0;0;0;0
Ağustos 2026;Yabancı;Arapça;Lead;Medikal Estetik / Plastik Cerrahi;Doruk Hospital;TRY;Estetik - Genel -  Arap Bölgesi - Tümü - AR - Doruk Aesthetic Surgery - on_lead;​120220229321100080;PAUSED;abdominoplasty - kadın - on_lead;​120220715090150080;PAUSED;LEAD_GENERATION;0;0;2000;0;0;0;0;0;0;0;0;0;0
Temmuz 2026;Yabancı;Arapça;Lead;Medikal Estetik / Plastik Cerrahi;Doruk Hospital;TRY;Estetik - Genel -  Arap Bölgesi - Tümü - AR - Doruk Aesthetic Surgery - on_lead;​120220229321100080;PAUSED;body_lift - erkek - on_lead;​120220715588840080;PAUSED;LEAD_GENERATION;0;0;2000;0;0;0;0;0;0;0;0;0;0
Ağustos 2026;Yabancı;Arapça;Lead;Medikal Estetik / Plastik Cerrahi;Doruk Hospital;TRY;Estetik - Genel -  Arap Bölgesi - Tümü - AR - Doruk Aesthetic Surgery - on_lead;​120220229321100080;PAUSED;body_lift - erkek - on_lead;​120220715588840080;PAUSED;LEAD_GENERATION;0;0;2000;0;0;0;0;0;0;0;0;0;0
Temmuz 2026;Yabancı;Arapça;Lead;Medikal Estetik / Plastik Cerrahi;Doruk Hospital;TRY;Estetik - Genel -  Arap Bölgesi - Tümü - AR - Doruk Aesthetic Surgery - on_lead;​120220229321100080;PAUSED;body_lift - kadın - on_lead;​120220715609830080;PAUSED;LEAD_GENERATION;0;0;2000;0;0;0;0;0;0;0;0;0;0
Ağustos 2026;Yabancı;Arapça;Lead;Medikal Estetik / Plastik Cerrahi;Doruk Hospital;TRY;Estetik - Genel -  Arap Bölgesi - Tümü - AR - Doruk Aesthetic Surgery - on_lead;​120220229321100080;PAUSED;body_lift - kadın - on_lead;​120220715609830080;PAUSED;LEAD_GENERATION;0;0;2000;0;0;0;0;0;0;0;0;0;0
Temmuz 2026;Yabancı;Arapça;Lead;Medikal Estetik / Plastik Cerrahi;Doruk Hospital;TRY;Estetik - Genel -  Arap Bölgesi - Tümü - AR - Doruk Aesthetic Surgery - on_lead;​120220229321100080;PAUSED;breast_esthetics - kadın - on_lead;​120220715901050080;PAUSED;LEAD_GENERATION;0;0;3000;0;0;0;0;0;0;0;0;0;0
Ağustos 2026;Yabancı;Arapça;Lead;Medikal Estetik / Plastik Cerrahi;Doruk Hospital;TRY;Estetik - Genel -  Arap Bölgesi - Tümü - AR - Doruk Aesthetic Surgery - on_lead;​120220229321100080;PAUSED;breast_esthetics - kadın - on_lead;​120220715901050080;PAUSED;LEAD_GENERATION;0;0;3000;0;0;0;0;0;0;0;0;0;0
Temmuz 2026;Yabancı;Arapça;Lead;Medikal Estetik / Plastik Cerrahi;Doruk Hospital;TRY;Estetik - Genel -  Arap Bölgesi - Tümü - AR - Doruk Aesthetic Surgery - on_lead;​120220229321100080;PAUSED;breast_esthetics - kadın - on_lead - statik;​120223493571130080;PAUSED;LEAD_GENERATION;0;0;3000;0;0;0;0;0;0;0;0;0;0
Ağustos 2026;Yabancı;Arapça;Lead;Medikal Estetik / Plastik Cerrahi;Doruk Hospital;TRY;Estetik - Genel -  Arap Bölgesi - Tümü - AR - Doruk Aesthetic Surgery - on_lead;​120220229321100080;PAUSED;breast_esthetics - kadın - on_lead - statik;​120223493571130080;PAUSED;LEAD_GENERATION;0;0;3000;0;0;0;0;0;0;0;0;0;0
Temmuz 2026;Yabancı;Arapça;Lead;Medikal Estetik / Plastik Cerrahi;Doruk Hospital;TRY;Estetik - Genel -  Arap Bölgesi - Tümü - AR - Doruk Aesthetic Surgery - on_lead;​120220229321100080;PAUSED;butt_lift - kadın - on_lead;​120220716190120080;PAUSED;LEAD_GENERATION;0;0;2000;0;0;0;0;0;0;0;0;0;0
Ağustos 2026;Yabancı;Arapça;Lead;Medikal Estetik / Plastik Cerrahi;Doruk Hospital;TRY;Estetik - Genel -  Arap Bölgesi - Tümü - AR - Doruk Aesthetic Surgery - on_lead;​120220229321100080;PAUSED;butt_lift - kadın - on_lead;​120220716190120080;PAUSED;LEAD_GENERATION;0;0;2000;0;0;0;0;0;0;0;0;0;0
Temmuz 2026;Yabancı;Arapça;Lead;Medikal Estetik / Plastik Cerrahi;Doruk Hospital;TRY;Estetik - Genel -  Arap Bölgesi - Tümü - AR - Doruk Aesthetic Surgery - on_lead;​120220229321100080;PAUSED;face_lift - erkek - on_lead;​120220721790960080;PAUSED;LEAD_GENERATION;0;0;2000;0;0;0;0;0;0;0;0;0;0
Ağustos 2026;Yabancı;Arapça;Lead;Medikal Estetik / Plastik Cerrahi;Doruk Hospital;TRY;Estetik - Genel -  Arap Bölgesi - Tümü - AR - Doruk Aesthetic Surgery - on_lead;​120220229321100080;PAUSED;face_lift - erkek - on_lead;​120220721790960080;PAUSED;LEAD_GENERATION;0;0;2000;0;0;0;0;0;0;0;0;0;0
Temmuz 2026;Yabancı;Arapça;Lead;Medikal Estetik / Plastik Cerrahi;Doruk Hospital;TRY;Estetik - Genel -  Arap Bölgesi - Tümü - AR - Doruk Aesthetic Surgery - on_lead;​120220229321100080;PAUSED;face_lift - kadın - on_lead;​120220721884890080;PAUSED;LEAD_GENERATION;0;0;2000;0;0;0;0;0;0;0;0;0;0
Ağustos 2026;Yabancı;Arapça;Lead;Medikal Estetik / Plastik Cerrahi;Doruk Hospital;TRY;Estetik - Genel -  Arap Bölgesi - Tümü - AR - Doruk Aesthetic Surgery - on_lead;​120220229321100080;PAUSED;face_lift - kadın - on_lead;​120220721884890080;PAUSED;LEAD_GENERATION;0;0;2000;0;0;0;0;0;0;0;0;0;0
Temmuz 2026;Yabancı;Arapça;Lead;Medikal Estetik / Plastik Cerrahi;Doruk Hospital;TRY;Estetik - Genel -  Arap Bölgesi - Tümü - AR - Doruk Aesthetic Surgery - on_lead;​120220229321100080;PAUSED;genel - erkek - on_lead;​120220229321110080;PAUSED;LEAD_GENERATION;0;0;2000;0;0;0;0;0;0;0;0;0;0
Ağustos 2026;Yabancı;Arapça;Lead;Medikal Estetik / Plastik Cerrahi;Doruk Hospital;TRY;Estetik - Genel -  Arap Bölgesi - Tümü - AR - Doruk Aesthetic Surgery - on_lead;​120220229321100080;PAUSED;genel - erkek - on_lead;​120220229321110080;PAUSED;LEAD_GENERATION;0;0;2000;0;0;0;0;0;0;0;0;0;0
Temmuz 2026;Yabancı;Arapça;Lead;Medikal Estetik / Plastik Cerrahi;Doruk Hospital;TRY;Estetik - Genel -  Arap Bölgesi - Tümü - AR - Doruk Aesthetic Surgery - on_lead;​120220229321100080;PAUSED;genel - kadın - on_lead;​120220230068660080;PAUSED;LEAD_GENERATION;0;0;2000;0;0;0;0;0;0;0;0;0;0
Ağustos 2026;Yabancı;Arapça;Lead;Medikal Estetik / Plastik Cerrahi;Doruk Hospital;TRY;Estetik - Genel -  Arap Bölgesi - Tümü - AR - Doruk Aesthetic Surgery - on_lead;​120220229321100080;PAUSED;genel - kadın - on_lead;​120220230068660080;PAUSED;LEAD_GENERATION;0;0;2000;0;0;0;0;0;0;0;0;0;0
Temmuz 2026;Yabancı;Arapça;Lead;Medikal Estetik / Plastik Cerrahi;Doruk Hospital;TRY;Estetik - Genel -  Arap Bölgesi - Tümü - AR - Doruk Aesthetic Surgery - on_lead;​120220229321100080;PAUSED;gynecomastia - erkek - on_lead;​120220715490530080;PAUSED;LEAD_GENERATION;0;0;3000;0;0;0;0;0;0;0;0;0;0
Ağustos 2026;Yabancı;Arapça;Lead;Medikal Estetik / Plastik Cerrahi;Doruk Hospital;TRY;Estetik - Genel -  Arap Bölgesi - Tümü - AR - Doruk Aesthetic Surgery - on_lead;​120220229321100080;PAUSED;gynecomastia - erkek - on_lead;​120220715490530080;PAUSED;LEAD_GENERATION;0;0;3000;0;0;0;0;0;0;0;0;0;0
Temmuz 2026;Yabancı;Arapça;Lead;Medikal Estetik / Plastik Cerrahi;Doruk Hospital;TRY;Estetik - Genel -  Arap Bölgesi - Tümü - AR - Doruk Aesthetic Surgery - on_lead;​120220229321100080;PAUSED;gynecomastia - erkek - on_lead - statik;​120223491919470080;PAUSED;LEAD_GENERATION;0;0;3000;0;0;0;0;0;0;0;0;0;0
Ağustos 2026;Yabancı;Arapça;Lead;Medikal Estetik / Plastik Cerrahi;Doruk Hospital;TRY;Estetik - Genel -  Arap Bölgesi - Tümü - AR - Doruk Aesthetic Surgery - on_lead;​120220229321100080;PAUSED;gynecomastia - erkek - on_lead - statik;​120223491919470080;PAUSED;LEAD_GENERATION;0;0;3000;0;0;0;0;0;0;0;0;0;0
Temmuz 2026;Yabancı;Arapça;Lead;Medikal Estetik / Plastik Cerrahi;Doruk Hospital;TRY;Estetik - Genel -  Arap Bölgesi - Tümü - AR - Doruk Aesthetic Surgery - on_lead;​120220229321100080;PAUSED;jinekomasti - on_lead - BAE - dinamik;​120228125348510080;PAUSED;LEAD_GENERATION;0;0;5000;0;0;0;0;0;0;0;0;0;0
Ağustos 2026;Yabancı;Arapça;Lead;Medikal Estetik / Plastik Cerrahi;Doruk Hospital;TRY;Estetik - Genel -  Arap Bölgesi - Tümü - AR - Doruk Aesthetic Surgery - on_lead;​120220229321100080;PAUSED;jinekomasti - on_lead - BAE - dinamik;​120228125348510080;PAUSED;LEAD_GENERATION;0;0;5000;0;0;0;0;0;0;0;0;0;0
Temmuz 2026;Yabancı;Arapça;Lead;Medikal Estetik / Plastik Cerrahi;Doruk Hospital;TRY;Estetik - Genel -  Arap Bölgesi - Tümü - AR - Doruk Aesthetic Surgery - on_lead;​120220229321100080;PAUSED;jinekomasti - on_lead - Körfez (B.A.E. ve S.A hariç) - dinamik;​120228878419020080;CAMPAIGN_PAUSED;LEAD_GENERATION;0;0;7500;0;0;0;0;0;0;0;0;0;0
Ağustos 2026;Yabancı;Arapça;Lead;Medikal Estetik / Plastik Cerrahi;Doruk Hospital;TRY;Estetik - Genel -  Arap Bölgesi - Tümü - AR - Doruk Aesthetic Surgery - on_lead;​120220229321100080;PAUSED;jinekomasti - on_lead - Körfez (B.A.E. ve S.A hariç) - dinamik;​120228878419020080;CAMPAIGN_PAUSED;LEAD_GENERATION;0;0;7500;0;0;0;0;0;0;0;0;0;0
Temmuz 2026;Yabancı;Arapça;Lead;Medikal Estetik / Plastik Cerrahi;Doruk Hospital;TRY;Estetik - Genel -  Arap Bölgesi - Tümü - AR - Doruk Aesthetic Surgery - on_lead;​120220229321100080;PAUSED;jinekomasti - on_lead - Körfez (B.A.E. ve S.A hariç) - dinamik;​120228125008290080;PAUSED;LEAD_GENERATION;0;0;5000;0;0;0;0;0;0;0;0;0;0
Ağustos 2026;Yabancı;Arapça;Lead;Medikal Estetik / Plastik Cerrahi;Doruk Hospital;TRY;Estetik - Genel -  Arap Bölgesi - Tümü - AR - Doruk Aesthetic Surgery - on_lead;​120220229321100080;PAUSED;jinekomasti - on_lead - Körfez (B.A.E. ve S.A hariç) - dinamik;​120228125008290080;PAUSED;LEAD_GENERATION;0;0;5000;0;0;0;0;0;0;0;0;0;0
Temmuz 2026;Yabancı;Arapça;Lead;Medikal Estetik / Plastik Cerrahi;Doruk Hospital;TRY;Estetik - Genel -  Arap Bölgesi - Tümü - AR - Doruk Aesthetic Surgery - on_lead;​120220229321100080;PAUSED;liposuction - erkek - on_lead;​120220714622820080;PAUSED;LEAD_GENERATION;0;0;2000;0;0;0;0;0;0;0;0;0;0
Ağustos 2026;Yabancı;Arapça;Lead;Medikal Estetik / Plastik Cerrahi;Doruk Hospital;TRY;Estetik - Genel -  Arap Bölgesi - Tümü - AR - Doruk Aesthetic Surgery - on_lead;​120220229321100080;PAUSED;liposuction - erkek - on_lead;​120220714622820080;PAUSED;LEAD_GENERATION;0;0;2000;0;0;0;0;0;0;0;0;0;0
Temmuz 2026;Yabancı;Arapça;Lead;Medikal Estetik / Plastik Cerrahi;Doruk Hospital;TRY;Estetik - Genel -  Arap Bölgesi - Tümü - AR - Doruk Aesthetic Surgery - on_lead;​120220229321100080;PAUSED;liposuction - kadın - on_lead;​120220715001990080;PAUSED;LEAD_GENERATION;0;0;2000;0;0;0;0;0;0;0;0;0;0
Ağustos 2026;Yabancı;Arapça;Lead;Medikal Estetik / Plastik Cerrahi;Doruk Hospital;TRY;Estetik - Genel -  Arap Bölgesi - Tümü - AR - Doruk Aesthetic Surgery - on_lead;​120220229321100080;PAUSED;liposuction - kadın - on_lead;​120220715001990080;PAUSED;LEAD_GENERATION;0;0;2000;0;0;0;0;0;0;0;0;0;0
Temmuz 2026;Yabancı;Arapça;Lead;Medikal Estetik / Plastik Cerrahi;Doruk Hospital;TRY;Estetik - Genel -  Arap Bölgesi - Tümü - AR - Doruk Aesthetic Surgery - on_lead;​120220229321100080;PAUSED;penile_implant - erkek - on_lead;​120220721992420080;PAUSED;LEAD_GENERATION;0;0;2000;0;0;0;0;0;0;0;0;0;0
Ağustos 2026;Yabancı;Arapça;Lead;Medikal Estetik / Plastik Cerrahi;Doruk Hospital;TRY;Estetik - Genel -  Arap Bölgesi - Tümü - AR - Doruk Aesthetic Surgery - on_lead;​120220229321100080;PAUSED;penile_implant - erkek - on_lead;​120220721992420080;PAUSED;LEAD_GENERATION;0;0;2000;0;0;0;0;0;0;0;0;0;0
Temmuz 2026;Yabancı;Arapça;Lead;Medikal Estetik / Plastik Cerrahi;Doruk Hospital;TRY;Estetik - Genel -  Arap Bölgesi - Tümü - AR - Doruk Aesthetic Surgery - on_lead;​120220229321100080;PAUSED;rhinoplasty - erkek - on_lead;​120220716704670080;PAUSED;LEAD_GENERATION;0;0;3000;0;0;0;0;0;0;0;0;0;0
Ağustos 2026;Yabancı;Arapça;Lead;Medikal Estetik / Plastik Cerrahi;Doruk Hospital;TRY;Estetik - Genel -  Arap Bölgesi - Tümü - AR - Doruk Aesthetic Surgery - on_lead;​120220229321100080;PAUSED;rhinoplasty - erkek - on_lead;​120220716704670080;PAUSED;LEAD_GENERATION;0;0;3000;0;0;0;0;0;0;0;0;0;0
Temmuz 2026;Yabancı;Arapça;Lead;Medikal Estetik / Plastik Cerrahi;Doruk Hospital;TRY;Estetik - Genel -  Arap Bölgesi - Tümü - AR - Doruk Aesthetic Surgery - on_lead;​120220229321100080;PAUSED;rhinoplasty - erkek - on_lead - statik;​120223492441780080;PAUSED;LEAD_GENERATION;0;0;3000;0;0;0;0;0;0;0;0;0;0
Ağustos 2026;Yabancı;Arapça;Lead;Medikal Estetik / Plastik Cerrahi;Doruk Hospital;TRY;Estetik - Genel -  Arap Bölgesi - Tümü - AR - Doruk Aesthetic Surgery - on_lead;​120220229321100080;PAUSED;rhinoplasty - erkek - on_lead - statik;​120223492441780080;PAUSED;LEAD_GENERATION;0;0;3000;0;0;0;0;0;0;0;0;0;0
Temmuz 2026;Yabancı;Arapça;Lead;Medikal Estetik / Plastik Cerrahi;Doruk Hospital;TRY;Estetik - Genel -  Arap Bölgesi - Tümü - AR - Doruk Aesthetic Surgery - on_lead;​120220229321100080;PAUSED;rhinoplasty - kadın - on_lead;​120220716822370080;PAUSED;LEAD_GENERATION;0;0;3000;0;0;0;0;0;0;0;0;0;0
Ağustos 2026;Yabancı;Arapça;Lead;Medikal Estetik / Plastik Cerrahi;Doruk Hospital;TRY;Estetik - Genel -  Arap Bölgesi - Tümü - AR - Doruk Aesthetic Surgery - on_lead;​120220229321100080;PAUSED;rhinoplasty - kadın - on_lead;​120220716822370080;PAUSED;LEAD_GENERATION;0;0;3000;0;0;0;0;0;0;0;0;0;0
Temmuz 2026;Yabancı;Arapça;Lead;Medikal Estetik / Plastik Cerrahi;Doruk Hospital;TRY;Estetik - Genel -  Arap Bölgesi - Tümü - AR - Doruk Aesthetic Surgery - on_lead;​120220229321100080;PAUSED;rhinoplasty - kadın - on_lead - statik;​120223493829820080;PAUSED;LEAD_GENERATION;0;0;3000;0;0;0;0;0;0;0;0;0;0
Ağustos 2026;Yabancı;Arapça;Lead;Medikal Estetik / Plastik Cerrahi;Doruk Hospital;TRY;Estetik - Genel -  Arap Bölgesi - Tümü - AR - Doruk Aesthetic Surgery - on_lead;​120220229321100080;PAUSED;rhinoplasty - kadın - on_lead - statik;​120223493829820080;PAUSED;LEAD_GENERATION;0;0;3000;0;0;0;0;0;0;0;0;0;0
Temmuz 2026;Yabancı;Arapça;Lead;Medikal Estetik / Plastik Cerrahi;Doruk Hospital;TRY;Estetik - Genel -  Arap Bölgesi - Tümü - AR - Doruk Aesthetic Surgery - on_lead;​120220229321100080;PAUSED;vaginal_esthetics - kadın - on_lead;​120220721907460080;PAUSED;LEAD_GENERATION;0;0;2000;0;0;0;0;0;0;0;0;0;0
Ağustos 2026;Yabancı;Arapça;Lead;Medikal Estetik / Plastik Cerrahi;Doruk Hospital;TRY;Estetik - Genel -  Arap Bölgesi - Tümü - AR - Doruk Aesthetic Surgery - on_lead;​120220229321100080;PAUSED;vaginal_esthetics - kadın - on_lead;​120220721907460080;PAUSED;LEAD_GENERATION;0;0;2000;0;0;0;0;0;0;0;0;0;0
Temmuz 2026;Yabancı;İngilizce;Lead;Medikal Estetik / Plastik Cerrahi;Doruk Hospital;TRY;Estetik - Genel - Avrupa Bölgesi  - Tümü - EN - Doruk Aesthetic Surgery - lead;​120220948625530080;PAUSED;abdominoplasty - erkek - on_lead;​120220948625770080;PAUSED;LEAD_GENERATION;0;0;500;0;0;0;0;0;0;0;0;0;0
Ağustos 2026;Yabancı;İngilizce;Lead;Medikal Estetik / Plastik Cerrahi;Doruk Hospital;TRY;Estetik - Genel - Avrupa Bölgesi  - Tümü - EN - Doruk Aesthetic Surgery - lead;​120220948625530080;PAUSED;abdominoplasty - erkek - on_lead;​120220948625770080;PAUSED;LEAD_GENERATION;0;0;500;0;0;0;0;0;0;0;0;0;0
Temmuz 2026;Yabancı;İngilizce;Lead;Medikal Estetik / Plastik Cerrahi;Doruk Hospital;TRY;Estetik - Genel - Avrupa Bölgesi  - Tümü - EN - Doruk Aesthetic Surgery - lead;​120220948625530080;PAUSED;abdominoplasty - kadın -  on_lead;​120220948625280080;PAUSED;LEAD_GENERATION;0;0;500;0;0;0;0;0;0;0;0;0;0
Ağustos 2026;Yabancı;İngilizce;Lead;Medikal Estetik / Plastik Cerrahi;Doruk Hospital;TRY;Estetik - Genel - Avrupa Bölgesi  - Tümü - EN - Doruk Aesthetic Surgery - lead;​120220948625530080;PAUSED;abdominoplasty - kadın -  on_lead;​120220948625280080;PAUSED;LEAD_GENERATION;0;0;500;0;0;0;0;0;0;0;0;0;0
Temmuz 2026;Yabancı;İngilizce;Lead;Medikal Estetik / Plastik Cerrahi;Doruk Hospital;TRY;Estetik - Genel - Avrupa Bölgesi  - Tümü - EN - Doruk Aesthetic Surgery - lead;​120220948625530080;PAUSED;body_lift - erkek - on_lead;​120220948625290080;PAUSED;LEAD_GENERATION;0;0;500;0;0;0;0;0;0;0;0;0;0
Ağustos 2026;Yabancı;İngilizce;Lead;Medikal Estetik / Plastik Cerrahi;Doruk Hospital;TRY;Estetik - Genel - Avrupa Bölgesi  - Tümü - EN - Doruk Aesthetic Surgery - lead;​120220948625530080;PAUSED;body_lift - erkek - on_lead;​120220948625290080;PAUSED;LEAD_GENERATION;0;0;500;0;0;0;0;0;0;0;0;0;0
Temmuz 2026;Yabancı;İngilizce;Lead;Medikal Estetik / Plastik Cerrahi;Doruk Hospital;TRY;Estetik - Genel - Avrupa Bölgesi  - Tümü - EN - Doruk Aesthetic Surgery - lead;​120220948625530080;PAUSED;body_lift - kadın -  on_lead;​120220948625460080;PAUSED;LEAD_GENERATION;0;0;500;0;0;0;0;0;0;0;0;0;0
Ağustos 2026;Yabancı;İngilizce;Lead;Medikal Estetik / Plastik Cerrahi;Doruk Hospital;TRY;Estetik - Genel - Avrupa Bölgesi  - Tümü - EN - Doruk Aesthetic Surgery - lead;​120220948625530080;PAUSED;body_lift - kadın -  on_lead;​120220948625460080;PAUSED;LEAD_GENERATION;0;0;500;0;0;0;0;0;0;0;0;0;0
Temmuz 2026;Yabancı;İngilizce;Lead;Medikal Estetik / Plastik Cerrahi;Doruk Hospital;TRY;Estetik - Genel - Avrupa Bölgesi  - Tümü - EN - Doruk Aesthetic Surgery - lead;​120220948625530080;PAUSED;breasth_esthetics - kadın -  on_lead;​120220948625250080;PAUSED;LEAD_GENERATION;0;0;1000;0;0;0;0;0;0;0;0;0;0
Ağustos 2026;Yabancı;İngilizce;Lead;Medikal Estetik / Plastik Cerrahi;Doruk Hospital;TRY;Estetik - Genel - Avrupa Bölgesi  - Tümü - EN - Doruk Aesthetic Surgery - lead;​120220948625530080;PAUSED;breasth_esthetics - kadın -  on_lead;​120220948625250080;PAUSED;LEAD_GENERATION;0;0;1000;0;0;0;0;0;0;0;0;0;0
Temmuz 2026;Yabancı;İngilizce;Lead;Medikal Estetik / Plastik Cerrahi;Doruk Hospital;TRY;Estetik - Genel - Avrupa Bölgesi  - Tümü - EN - Doruk Aesthetic Surgery - lead;​120220948625530080;PAUSED;butt_lift - kadın -  on_lead;​120220948625270080;PAUSED;LEAD_GENERATION;0;0;500;0;0;0;0;0;0;0;0;0;0
Ağustos 2026;Yabancı;İngilizce;Lead;Medikal Estetik / Plastik Cerrahi;Doruk Hospital;TRY;Estetik - Genel - Avrupa Bölgesi  - Tümü - EN - Doruk Aesthetic Surgery - lead;​120220948625530080;PAUSED;butt_lift - kadın -  on_lead;​120220948625270080;PAUSED;LEAD_GENERATION;0;0;500;0;0;0;0;0;0;0;0;0;0
Temmuz 2026;Yabancı;İngilizce;Lead;Medikal Estetik / Plastik Cerrahi;Doruk Hospital;TRY;Estetik - Genel - Avrupa Bölgesi  - Tümü - EN - Doruk Aesthetic Surgery - lead;​120220948625530080;PAUSED;face_lift - erkek - on_lead;​120220948625300080;PAUSED;LEAD_GENERATION;0;0;1000;0;0;0;0;0;0;0;0;0;0
Ağustos 2026;Yabancı;İngilizce;Lead;Medikal Estetik / Plastik Cerrahi;Doruk Hospital;TRY;Estetik - Genel - Avrupa Bölgesi  - Tümü - EN - Doruk Aesthetic Surgery - lead;​120220948625530080;PAUSED;face_lift - erkek - on_lead;​120220948625300080;PAUSED;LEAD_GENERATION;0;0;1000;0;0;0;0;0;0;0;0;0;0
Temmuz 2026;Yabancı;İngilizce;Lead;Medikal Estetik / Plastik Cerrahi;Doruk Hospital;TRY;Estetik - Genel - Avrupa Bölgesi  - Tümü - EN - Doruk Aesthetic Surgery - lead;​120220948625530080;PAUSED;face_lift - kadın -  on_lead;​120220948625320080;PAUSED;LEAD_GENERATION;0;0;1000;0;0;0;0;0;0;0;0;0;0
Ağustos 2026;Yabancı;İngilizce;Lead;Medikal Estetik / Plastik Cerrahi;Doruk Hospital;TRY;Estetik - Genel - Avrupa Bölgesi  - Tümü - EN - Doruk Aesthetic Surgery - lead;​120220948625530080;PAUSED;face_lift - kadın -  on_lead;​120220948625320080;PAUSED;LEAD_GENERATION;0;0;1000;0;0;0;0;0;0;0;0;0;0
Temmuz 2026;Yabancı;İngilizce;Lead;Medikal Estetik / Plastik Cerrahi;Doruk Hospital;TRY;Estetik - Genel - Avrupa Bölgesi  - Tümü - EN - Doruk Aesthetic Surgery - lead;​120220948625530080;PAUSED;genel_estetik - erkek - on_lead;​120220948625240080;PAUSED;LEAD_GENERATION;0;0;1000;0;0;0;0;0;0;0;0;0;0
Ağustos 2026;Yabancı;İngilizce;Lead;Medikal Estetik / Plastik Cerrahi;Doruk Hospital;TRY;Estetik - Genel - Avrupa Bölgesi  - Tümü - EN - Doruk Aesthetic Surgery - lead;​120220948625530080;PAUSED;genel_estetik - erkek - on_lead;​120220948625240080;PAUSED;LEAD_GENERATION;0;0;1000;0;0;0;0;0;0;0;0;0;0
Temmuz 2026;Yabancı;İngilizce;Lead;Medikal Estetik / Plastik Cerrahi;Doruk Hospital;TRY;Estetik - Genel - Avrupa Bölgesi  - Tümü - EN - Doruk Aesthetic Surgery - lead;​120220948625530080;PAUSED;genel_estetik - kadın -  on_lead;​120220948625260080;PAUSED;LEAD_GENERATION;0;0;1000;0;0;0;0;0;0;0;0;0;0
Ağustos 2026;Yabancı;İngilizce;Lead;Medikal Estetik / Plastik Cerrahi;Doruk Hospital;TRY;Estetik - Genel - Avrupa Bölgesi  - Tümü - EN - Doruk Aesthetic Surgery - lead;​120220948625530080;PAUSED;genel_estetik - kadın -  on_lead;​120220948625260080;PAUSED;LEAD_GENERATION;0;0;1000;0;0;0;0;0;0;0;0;0;0
Temmuz 2026;Yabancı;İngilizce;Lead;Medikal Estetik / Plastik Cerrahi;Doruk Hospital;TRY;Estetik - Genel - Avrupa Bölgesi  - Tümü - EN - Doruk Aesthetic Surgery - lead;​120220948625530080;PAUSED;genital estetik - on_lead - dinamik;​120227917548200080;PAUSED;LEAD_GENERATION;0;0;2000;0;0;0;0;0;0;0;0;0;0
Ağustos 2026;Yabancı;İngilizce;Lead;Medikal Estetik / Plastik Cerrahi;Doruk Hospital;TRY;Estetik - Genel - Avrupa Bölgesi  - Tümü - EN - Doruk Aesthetic Surgery - lead;​120220948625530080;PAUSED;genital estetik - on_lead - dinamik;​120227917548200080;PAUSED;LEAD_GENERATION;0;0;2000;0;0;0;0;0;0;0;0;0;0
Temmuz 2026;Yabancı;İngilizce;Lead;Medikal Estetik / Plastik Cerrahi;Doruk Hospital;TRY;Estetik - Genel - Avrupa Bölgesi  - Tümü - EN - Doruk Aesthetic Surgery - lead;​120220948625530080;PAUSED;gynecomastia - erkek - lead - dinamik;​120224131515760080;CAMPAIGN_PAUSED;LEAD_GENERATION;0;0;7000;0;0;0;0;0;0;0;0;0;0
Ağustos 2026;Yabancı;İngilizce;Lead;Medikal Estetik / Plastik Cerrahi;Doruk Hospital;TRY;Estetik - Genel - Avrupa Bölgesi  - Tümü - EN - Doruk Aesthetic Surgery - lead;​120220948625530080;PAUSED;gynecomastia - erkek - lead - dinamik;​120224131515760080;CAMPAIGN_PAUSED;LEAD_GENERATION;0;0;7000;0;0;0;0;0;0;0;0;0;0
Temmuz 2026;Yabancı;İngilizce;Lead;Medikal Estetik / Plastik Cerrahi;Doruk Hospital;TRY;Estetik - Genel - Avrupa Bölgesi  - Tümü - EN - Doruk Aesthetic Surgery - lead;​120220948625530080;PAUSED;gynecomastia - erkek - lead - retargeting - dinamik;​120224131907160080;CAMPAIGN_PAUSED;LEAD_GENERATION;0;0;3500;0;0;0;0;0;0;0;0;0;0
Ağustos 2026;Yabancı;İngilizce;Lead;Medikal Estetik / Plastik Cerrahi;Doruk Hospital;TRY;Estetik - Genel - Avrupa Bölgesi  - Tümü - EN - Doruk Aesthetic Surgery - lead;​120220948625530080;PAUSED;gynecomastia - erkek - lead - retargeting - dinamik;​120224131907160080;CAMPAIGN_PAUSED;LEAD_GENERATION;0;0;3500;0;0;0;0;0;0;0;0;0;0
Temmuz 2026;Yabancı;İngilizce;Lead;Medikal Estetik / Plastik Cerrahi;Doruk Hospital;TRY;Estetik - Genel - Avrupa Bölgesi  - Tümü - EN - Doruk Aesthetic Surgery - lead;​120220948625530080;PAUSED;gynecomastia - erkek - on_lead;​120220948625230080;PAUSED;LEAD_GENERATION;0;0;1000;0;0;0;0;0;0;0;0;0;0
Ağustos 2026;Yabancı;İngilizce;Lead;Medikal Estetik / Plastik Cerrahi;Doruk Hospital;TRY;Estetik - Genel - Avrupa Bölgesi  - Tümü - EN - Doruk Aesthetic Surgery - lead;​120220948625530080;PAUSED;gynecomastia - erkek - on_lead;​120220948625230080;PAUSED;LEAD_GENERATION;0;0;1000;0;0;0;0;0;0;0;0;0;0
Temmuz 2026;Yabancı;İngilizce;Lead;Medikal Estetik / Plastik Cerrahi;Doruk Hospital;TRY;Estetik - Genel - Avrupa Bölgesi  - Tümü - EN - Doruk Aesthetic Surgery - lead;​120220948625530080;PAUSED;gynecomastia - erkek - on_lead - retargeting;​120224080539780080;PAUSED;LEAD_GENERATION;0;0;1000;0;0;0;0;0;0;0;0;0;0
Ağustos 2026;Yabancı;İngilizce;Lead;Medikal Estetik / Plastik Cerrahi;Doruk Hospital;TRY;Estetik - Genel - Avrupa Bölgesi  - Tümü - EN - Doruk Aesthetic Surgery - lead;​120220948625530080;PAUSED;gynecomastia - erkek - on_lead - retargeting;​120224080539780080;PAUSED;LEAD_GENERATION;0;0;1000;0;0;0;0;0;0;0;0;0;0
Temmuz 2026;Yabancı;İngilizce;Lead;Medikal Estetik / Plastik Cerrahi;Doruk Hospital;TRY;Estetik - Genel - Avrupa Bölgesi  - Tümü - EN - Doruk Aesthetic Surgery - lead;​120220948625530080;PAUSED;liposuction - erkek - on_lead;​120220948625760080;PAUSED;LEAD_GENERATION;0;0;500;0;0;0;0;0;0;0;0;0;0
Ağustos 2026;Yabancı;İngilizce;Lead;Medikal Estetik / Plastik Cerrahi;Doruk Hospital;TRY;Estetik - Genel - Avrupa Bölgesi  - Tümü - EN - Doruk Aesthetic Surgery - lead;​120220948625530080;PAUSED;liposuction - erkek - on_lead;​120220948625760080;PAUSED;LEAD_GENERATION;0;0;500;0;0;0;0;0;0;0;0;0;0
Temmuz 2026;Yabancı;İngilizce;Lead;Medikal Estetik / Plastik Cerrahi;Doruk Hospital;TRY;Estetik - Genel - Avrupa Bölgesi  - Tümü - EN - Doruk Aesthetic Surgery - lead;​120220948625530080;PAUSED;liposuction - kadın -  on_lead;​120220948625450080;PAUSED;LEAD_GENERATION;0;0;500;0;0;0;0;0;0;0;0;0;0
Ağustos 2026;Yabancı;İngilizce;Lead;Medikal Estetik / Plastik Cerrahi;Doruk Hospital;TRY;Estetik - Genel - Avrupa Bölgesi  - Tümü - EN - Doruk Aesthetic Surgery - lead;​120220948625530080;PAUSED;liposuction - kadın -  on_lead;​120220948625450080;PAUSED;LEAD_GENERATION;0;0;500;0;0;0;0;0;0;0;0;0;0
Temmuz 2026;Yabancı;İngilizce;Lead;Medikal Estetik / Plastik Cerrahi;Doruk Hospital;TRY;Estetik - Genel - Avrupa Bölgesi  - Tümü - EN - Doruk Aesthetic Surgery - lead;​120220948625530080;PAUSED;penile_implant - erkek - on_lead;​120220948625510080;PAUSED;LEAD_GENERATION;0;0;500;0;0;0;0;0;0;0;0;0;0
Ağustos 2026;Yabancı;İngilizce;Lead;Medikal Estetik / Plastik Cerrahi;Doruk Hospital;TRY;Estetik - Genel - Avrupa Bölgesi  - Tümü - EN - Doruk Aesthetic Surgery - lead;​120220948625530080;PAUSED;penile_implant - erkek - on_lead;​120220948625510080;PAUSED;LEAD_GENERATION;0;0;500;0;0;0;0;0;0;0;0;0;0
Temmuz 2026;Yabancı;İngilizce;Lead;Medikal Estetik / Plastik Cerrahi;Doruk Hospital;TRY;Estetik - Genel - Avrupa Bölgesi  - Tümü - EN - Doruk Aesthetic Surgery - lead;​120220948625530080;PAUSED;rhinoplasty - erkek  - on_lead - dinamik;​120224131113510080;PAUSED;LEAD_GENERATION;0;0;1000;0;0;0;0;0;0;0;0;0;0
Ağustos 2026;Yabancı;İngilizce;Lead;Medikal Estetik / Plastik Cerrahi;Doruk Hospital;TRY;Estetik - Genel - Avrupa Bölgesi  - Tümü - EN - Doruk Aesthetic Surgery - lead;​120220948625530080;PAUSED;rhinoplasty - erkek  - on_lead - dinamik;​120224131113510080;PAUSED;LEAD_GENERATION;0;0;1000;0;0;0;0;0;0;0;0;0;0
Temmuz 2026;Yabancı;İngilizce;Lead;Medikal Estetik / Plastik Cerrahi;Doruk Hospital;TRY;Estetik - Genel - Avrupa Bölgesi  - Tümü - EN - Doruk Aesthetic Surgery - lead;​120220948625530080;PAUSED;rhinoplasty - erkek - on_lead;​120220948625470080;PAUSED;LEAD_GENERATION;0;0;2000;0;0;0;0;0;0;0;0;0;0
Ağustos 2026;Yabancı;İngilizce;Lead;Medikal Estetik / Plastik Cerrahi;Doruk Hospital;TRY;Estetik - Genel - Avrupa Bölgesi  - Tümü - EN - Doruk Aesthetic Surgery - lead;​120220948625530080;PAUSED;rhinoplasty - erkek - on_lead;​120220948625470080;PAUSED;LEAD_GENERATION;0;0;2000;0;0;0;0;0;0;0;0;0;0
Temmuz 2026;Yabancı;İngilizce;Lead;Medikal Estetik / Plastik Cerrahi;Doruk Hospital;TRY;Estetik - Genel - Avrupa Bölgesi  - Tümü - EN - Doruk Aesthetic Surgery - lead;​120220948625530080;PAUSED;rhinoplasty - genel  - on_lead;​120224080429440080;PAUSED;LEAD_GENERATION;0;0;2000;0;0;0;0;0;0;0;0;0;0
Ağustos 2026;Yabancı;İngilizce;Lead;Medikal Estetik / Plastik Cerrahi;Doruk Hospital;TRY;Estetik - Genel - Avrupa Bölgesi  - Tümü - EN - Doruk Aesthetic Surgery - lead;​120220948625530080;PAUSED;rhinoplasty - genel  - on_lead;​120224080429440080;PAUSED;LEAD_GENERATION;0;0;2000;0;0;0;0;0;0;0;0;0;0
Temmuz 2026;Yabancı;İngilizce;Lead;Medikal Estetik / Plastik Cerrahi;Doruk Hospital;TRY;Estetik - Genel - Avrupa Bölgesi  - Tümü - EN - Doruk Aesthetic Surgery - lead;​120220948625530080;PAUSED;rhinoplasty - genel  - on_lead - retargeting;​120224080512540080;PAUSED;LEAD_GENERATION;0;0;2000;0;0;0;0;0;0;0;0;0;0
Ağustos 2026;Yabancı;İngilizce;Lead;Medikal Estetik / Plastik Cerrahi;Doruk Hospital;TRY;Estetik - Genel - Avrupa Bölgesi  - Tümü - EN - Doruk Aesthetic Surgery - lead;​120220948625530080;PAUSED;rhinoplasty - genel  - on_lead - retargeting;​120224080512540080;PAUSED;LEAD_GENERATION;0;0;2000;0;0;0;0;0;0;0;0;0;0
Temmuz 2026;Yabancı;İngilizce;Lead;Medikal Estetik / Plastik Cerrahi;Doruk Hospital;TRY;Estetik - Genel - Avrupa Bölgesi  - Tümü - EN - Doruk Aesthetic Surgery - lead;​120220948625530080;PAUSED;rhinoplasty - genel  - on_lead - retargeting - dinamik;​120224131420560080;PAUSED;LEAD_GENERATION;0;0;1000;0;0;0;0;0;0;0;0;0;0
Ağustos 2026;Yabancı;İngilizce;Lead;Medikal Estetik / Plastik Cerrahi;Doruk Hospital;TRY;Estetik - Genel - Avrupa Bölgesi  - Tümü - EN - Doruk Aesthetic Surgery - lead;​120220948625530080;PAUSED;rhinoplasty - genel  - on_lead - retargeting - dinamik;​120224131420560080;PAUSED;LEAD_GENERATION;0;0;1000;0;0;0;0;0;0;0;0;0;0
Temmuz 2026;Yabancı;İngilizce;Lead;Medikal Estetik / Plastik Cerrahi;Doruk Hospital;TRY;Estetik - Genel - Avrupa Bölgesi  - Tümü - EN - Doruk Aesthetic Surgery - lead;​120220948625530080;PAUSED;rhinoplasty - genel  - on_lead - statik;​120224080099560080;PAUSED;LEAD_GENERATION;0;0;2000;0;0;0;0;0;0;0;0;0;0
Ağustos 2026;Yabancı;İngilizce;Lead;Medikal Estetik / Plastik Cerrahi;Doruk Hospital;TRY;Estetik - Genel - Avrupa Bölgesi  - Tümü - EN - Doruk Aesthetic Surgery - lead;​120220948625530080;PAUSED;rhinoplasty - genel  - on_lead - statik;​120224080099560080;PAUSED;LEAD_GENERATION;0;0;2000;0;0;0;0;0;0;0;0;0;0
Temmuz 2026;Yabancı;İngilizce;Lead;Medikal Estetik / Plastik Cerrahi;Doruk Hospital;TRY;Estetik - Genel - Avrupa Bölgesi  - Tümü - EN - Doruk Aesthetic Surgery - lead;​120220948625530080;PAUSED;rhinoplasty - kadın  - on_lead - dinamik;​120224131298490080;PAUSED;LEAD_GENERATION;0;0;1000;0;0;0;0;0;0;0;0;0;0
Ağustos 2026;Yabancı;İngilizce;Lead;Medikal Estetik / Plastik Cerrahi;Doruk Hospital;TRY;Estetik - Genel - Avrupa Bölgesi  - Tümü - EN - Doruk Aesthetic Surgery - lead;​120220948625530080;PAUSED;rhinoplasty - kadın  - on_lead - dinamik;​120224131298490080;PAUSED;LEAD_GENERATION;0;0;1000;0;0;0;0;0;0;0;0;0;0
Temmuz 2026;Yabancı;İngilizce;Lead;Medikal Estetik / Plastik Cerrahi;Doruk Hospital;TRY;Estetik - Genel - Avrupa Bölgesi  - Tümü - EN - Doruk Aesthetic Surgery - lead;​120220948625530080;PAUSED;rhinoplasty - kadın -  on_lead;​120220948625480080;PAUSED;LEAD_GENERATION;0;0;2000;0;0;0;0;0;0;0;0;0;0
Ağustos 2026;Yabancı;İngilizce;Lead;Medikal Estetik / Plastik Cerrahi;Doruk Hospital;TRY;Estetik - Genel - Avrupa Bölgesi  - Tümü - EN - Doruk Aesthetic Surgery - lead;​120220948625530080;PAUSED;rhinoplasty - kadın -  on_lead;​120220948625480080;PAUSED;LEAD_GENERATION;0;0;2000;0;0;0;0;0;0;0;0;0;0
Temmuz 2026;Yabancı;İngilizce;Lead;Medikal Estetik / Plastik Cerrahi;Doruk Hospital;TRY;Estetik - Genel - Avrupa Bölgesi  - Tümü - EN - Doruk Aesthetic Surgery - lead;​120220948625530080;PAUSED;rhinoplasty - on_lead - dinamik;​120228118952520080;PAUSED;LEAD_GENERATION;0;0;2000;0;0;0;0;0;0;0;0;0;0
Ağustos 2026;Yabancı;İngilizce;Lead;Medikal Estetik / Plastik Cerrahi;Doruk Hospital;TRY;Estetik - Genel - Avrupa Bölgesi  - Tümü - EN - Doruk Aesthetic Surgery - lead;​120220948625530080;PAUSED;rhinoplasty - on_lead - dinamik;​120228118952520080;PAUSED;LEAD_GENERATION;0;0;2000;0;0;0;0;0;0;0;0;0;0
Temmuz 2026;Yabancı;İngilizce;Lead;Medikal Estetik / Plastik Cerrahi;Doruk Hospital;TRY;Estetik - Genel - Avrupa Bölgesi  - Tümü - EN - Doruk Aesthetic Surgery - lead;​120220948625530080;PAUSED;vagina_esthetics - kadın -  on_lead;​120220948625490080;PAUSED;LEAD_GENERATION;0;0;500;0;0;0;0;0;0;0;0;0;0
Ağustos 2026;Yabancı;İngilizce;Lead;Medikal Estetik / Plastik Cerrahi;Doruk Hospital;TRY;Estetik - Genel - Avrupa Bölgesi  - Tümü - EN - Doruk Aesthetic Surgery - lead;​120220948625530080;PAUSED;vagina_esthetics - kadın -  on_lead;​120220948625490080;PAUSED;LEAD_GENERATION;0;0;500;0;0;0;0;0;0;0;0;0;0
Temmuz 2026;Yabancı;İngilizce;Lead;Medikal Estetik / Plastik Cerrahi;Doruk Hospital;TRY;Estetik - Genel - Birleşik Krallık - Tümü - EN - Doruk Aesthetic Surgery - lead;​120220463601400080;PAUSED;abdominoplasty - erkek - ön lead;​120220827148770080;PAUSED;LEAD_GENERATION;0;0;1500;0;0;0;0;0;0;0;0;0;0
Ağustos 2026;Yabancı;İngilizce;Lead;Medikal Estetik / Plastik Cerrahi;Doruk Hospital;TRY;Estetik - Genel - Birleşik Krallık - Tümü - EN - Doruk Aesthetic Surgery - lead;​120220463601400080;PAUSED;abdominoplasty - erkek - ön lead;​120220827148770080;PAUSED;LEAD_GENERATION;0;0;1500;0;0;0;0;0;0;0;0;0;0
Temmuz 2026;Yabancı;İngilizce;Lead;Medikal Estetik / Plastik Cerrahi;Doruk Hospital;TRY;Estetik - Genel - Birleşik Krallık - Tümü - EN - Doruk Aesthetic Surgery - lead;​120220463601400080;PAUSED;abdominoplasty - kadın -  on_lead;​120220827258620080;PAUSED;LEAD_GENERATION;0;0;1500;0;0;0;0;0;0;0;0;0;0
Ağustos 2026;Yabancı;İngilizce;Lead;Medikal Estetik / Plastik Cerrahi;Doruk Hospital;TRY;Estetik - Genel - Birleşik Krallık - Tümü - EN - Doruk Aesthetic Surgery - lead;​120220463601400080;PAUSED;abdominoplasty - kadın -  on_lead;​120220827258620080;PAUSED;LEAD_GENERATION;0;0;1500;0;0;0;0;0;0;0;0;0;0
Temmuz 2026;Yabancı;İngilizce;Lead;Medikal Estetik / Plastik Cerrahi;Doruk Hospital;TRY;Estetik - Genel - Birleşik Krallık - Tümü - EN - Doruk Aesthetic Surgery - lead;​120220463601400080;PAUSED;body_lift - erkek - on_lead;​120220828450440080;PAUSED;LEAD_GENERATION;0;0;1500;0;0;0;0;0;0;0;0;0;0
Ağustos 2026;Yabancı;İngilizce;Lead;Medikal Estetik / Plastik Cerrahi;Doruk Hospital;TRY;Estetik - Genel - Birleşik Krallık - Tümü - EN - Doruk Aesthetic Surgery - lead;​120220463601400080;PAUSED;body_lift - erkek - on_lead;​120220828450440080;PAUSED;LEAD_GENERATION;0;0;1500;0;0;0;0;0;0;0;0;0;0
Temmuz 2026;Yabancı;İngilizce;Lead;Medikal Estetik / Plastik Cerrahi;Doruk Hospital;TRY;Estetik - Genel - Birleşik Krallık - Tümü - EN - Doruk Aesthetic Surgery - lead;​120220463601400080;PAUSED;body_lift - kadın -  on_lead;​120220828530680080;PAUSED;LEAD_GENERATION;0;0;1500;0;0;0;0;0;0;0;0;0;0
Ağustos 2026;Yabancı;İngilizce;Lead;Medikal Estetik / Plastik Cerrahi;Doruk Hospital;TRY;Estetik - Genel - Birleşik Krallık - Tümü - EN - Doruk Aesthetic Surgery - lead;​120220463601400080;PAUSED;body_lift - kadın -  on_lead;​120220828530680080;PAUSED;LEAD_GENERATION;0;0;1500;0;0;0;0;0;0;0;0;0;0
Temmuz 2026;Yabancı;İngilizce;Lead;Medikal Estetik / Plastik Cerrahi;Doruk Hospital;TRY;Estetik - Genel - Birleşik Krallık - Tümü - EN - Doruk Aesthetic Surgery - lead;​120220463601400080;PAUSED;breast_esthetics - kadın -  on_lead;​120220828594690080;PAUSED;LEAD_GENERATION;0;0;3000;0;0;0;0;0;0;0;0;0;0
Ağustos 2026;Yabancı;İngilizce;Lead;Medikal Estetik / Plastik Cerrahi;Doruk Hospital;TRY;Estetik - Genel - Birleşik Krallık - Tümü - EN - Doruk Aesthetic Surgery - lead;​120220463601400080;PAUSED;breast_esthetics - kadın -  on_lead;​120220828594690080;PAUSED;LEAD_GENERATION;0;0;3000;0;0;0;0;0;0;0;0;0;0
Temmuz 2026;Yabancı;İngilizce;Lead;Medikal Estetik / Plastik Cerrahi;Doruk Hospital;TRY;Estetik - Genel - Birleşik Krallık - Tümü - EN - Doruk Aesthetic Surgery - lead;​120220463601400080;PAUSED;breast_esthetics - kadın -  on_lead - statik;​120223586173170080;PAUSED;LEAD_GENERATION;0;0;3000;0;0;0;0;0;0;0;0;0;0
Ağustos 2026;Yabancı;İngilizce;Lead;Medikal Estetik / Plastik Cerrahi;Doruk Hospital;TRY;Estetik - Genel - Birleşik Krallık - Tümü - EN - Doruk Aesthetic Surgery - lead;​120220463601400080;PAUSED;breast_esthetics - kadın -  on_lead - statik;​120223586173170080;PAUSED;LEAD_GENERATION;0;0;3000;0;0;0;0;0;0;0;0;0;0
Temmuz 2026;Yabancı;İngilizce;Lead;Medikal Estetik / Plastik Cerrahi;Doruk Hospital;TRY;Estetik - Genel - Birleşik Krallık - Tümü - EN - Doruk Aesthetic Surgery - lead;​120220463601400080;PAUSED;butt_lift - kadın -  on_lead;​120220828728950080;PAUSED;LEAD_GENERATION;0;0;1500;0;0;0;0;0;0;0;0;0;0
Ağustos 2026;Yabancı;İngilizce;Lead;Medikal Estetik / Plastik Cerrahi;Doruk Hospital;TRY;Estetik - Genel - Birleşik Krallık - Tümü - EN - Doruk Aesthetic Surgery - lead;​120220463601400080;PAUSED;butt_lift - kadın -  on_lead;​120220828728950080;PAUSED;LEAD_GENERATION;0;0;1500;0;0;0;0;0;0;0;0;0;0
Temmuz 2026;Yabancı;İngilizce;Lead;Medikal Estetik / Plastik Cerrahi;Doruk Hospital;TRY;Estetik - Genel - Birleşik Krallık - Tümü - EN - Doruk Aesthetic Surgery - lead;​120220463601400080;PAUSED;face_lift - erkek - on_lead;​120220828862240080;PAUSED;LEAD_GENERATION;0;0;1500;0;0;0;0;0;0;0;0;0;0
Ağustos 2026;Yabancı;İngilizce;Lead;Medikal Estetik / Plastik Cerrahi;Doruk Hospital;TRY;Estetik - Genel - Birleşik Krallık - Tümü - EN - Doruk Aesthetic Surgery - lead;​120220463601400080;PAUSED;face_lift - erkek - on_lead;​120220828862240080;PAUSED;LEAD_GENERATION;0;0;1500;0;0;0;0;0;0;0;0;0;0
Temmuz 2026;Yabancı;İngilizce;Lead;Medikal Estetik / Plastik Cerrahi;Doruk Hospital;TRY;Estetik - Genel - Birleşik Krallık - Tümü - EN - Doruk Aesthetic Surgery - lead;​120220463601400080;PAUSED;face_lift - kadın -  on_lead;​120220828897470080;PAUSED;LEAD_GENERATION;0;0;1500;0;0;0;0;0;0;0;0;0;0
Ağustos 2026;Yabancı;İngilizce;Lead;Medikal Estetik / Plastik Cerrahi;Doruk Hospital;TRY;Estetik - Genel - Birleşik Krallık - Tümü - EN - Doruk Aesthetic Surgery - lead;​120220463601400080;PAUSED;face_lift - kadın -  on_lead;​120220828897470080;PAUSED;LEAD_GENERATION;0;0;1500;0;0;0;0;0;0;0;0;0;0
Temmuz 2026;Yabancı;İngilizce;Lead;Medikal Estetik / Plastik Cerrahi;Doruk Hospital;TRY;Estetik - Genel - Birleşik Krallık - Tümü - EN - Doruk Aesthetic Surgery - lead;​120220463601400080;PAUSED;genel_estetik - erkek - on_lead;​120220463601440080;PAUSED;LEAD_GENERATION;0;0;1000;0;0;0;0;0;0;0;0;0;0
Ağustos 2026;Yabancı;İngilizce;Lead;Medikal Estetik / Plastik Cerrahi;Doruk Hospital;TRY;Estetik - Genel - Birleşik Krallık - Tümü - EN - Doruk Aesthetic Surgery - lead;​120220463601400080;PAUSED;genel_estetik - erkek - on_lead;​120220463601440080;PAUSED;LEAD_GENERATION;0;0;1000;0;0;0;0;0;0;0;0;0;0
Temmuz 2026;Yabancı;İngilizce;Lead;Medikal Estetik / Plastik Cerrahi;Doruk Hospital;TRY;Estetik - Genel - Birleşik Krallık - Tümü - EN - Doruk Aesthetic Surgery - lead;​120220463601400080;PAUSED;genel_estetik - kadın -  on_lead;​120220478929160080;PAUSED;LEAD_GENERATION;0;0;1000;0;0;0;0;0;0;0;0;0;0
Ağustos 2026;Yabancı;İngilizce;Lead;Medikal Estetik / Plastik Cerrahi;Doruk Hospital;TRY;Estetik - Genel - Birleşik Krallık - Tümü - EN - Doruk Aesthetic Surgery - lead;​120220463601400080;PAUSED;genel_estetik - kadın -  on_lead;​120220478929160080;PAUSED;LEAD_GENERATION;0;0;1000;0;0;0;0;0;0;0;0;0;0
Temmuz 2026;Yabancı;İngilizce;Lead;Medikal Estetik / Plastik Cerrahi;Doruk Hospital;TRY;Estetik - Genel - Birleşik Krallık - Tümü - EN - Doruk Aesthetic Surgery - lead;​120220463601400080;PAUSED;genital estetik - kadın - on_lead - dinamik;​120227915451210080;PAUSED;LEAD_GENERATION;0;0;2000;0;0;0;0;0;0;0;0;0;0
Ağustos 2026;Yabancı;İngilizce;Lead;Medikal Estetik / Plastik Cerrahi;Doruk Hospital;TRY;Estetik - Genel - Birleşik Krallık - Tümü - EN - Doruk Aesthetic Surgery - lead;​120220463601400080;PAUSED;genital estetik - kadın - on_lead - dinamik;​120227915451210080;PAUSED;LEAD_GENERATION;0;0;2000;0;0;0;0;0;0;0;0;0;0
Temmuz 2026;Yabancı;İngilizce;Lead;Medikal Estetik / Plastik Cerrahi;Doruk Hospital;TRY;Estetik - Genel - Birleşik Krallık - Tümü - EN - Doruk Aesthetic Surgery - lead;​120220463601400080;PAUSED;gynecomastia - erkek - lead - dinamik;​120224117426990080;CAMPAIGN_PAUSED;LEAD_GENERATION;0;0;6500;0;0;0;0;0;0;0;0;0;0
Ağustos 2026;Yabancı;İngilizce;Lead;Medikal Estetik / Plastik Cerrahi;Doruk Hospital;TRY;Estetik - Genel - Birleşik Krallık - Tümü - EN - Doruk Aesthetic Surgery - lead;​120220463601400080;PAUSED;gynecomastia - erkek - lead - dinamik;​120224117426990080;CAMPAIGN_PAUSED;LEAD_GENERATION;0;0;6500;0;0;0;0;0;0;0;0;0;0
Temmuz 2026;Yabancı;İngilizce;Lead;Medikal Estetik / Plastik Cerrahi;Doruk Hospital;TRY;Estetik - Genel - Birleşik Krallık - Tümü - EN - Doruk Aesthetic Surgery - lead;​120220463601400080;PAUSED;gynecomastia - erkek - lead - retargeting - dinamik;​120224117523430080;CAMPAIGN_PAUSED;LEAD_GENERATION;0;0;4500;0;0;0;0;0;0;0;0;0;0
Ağustos 2026;Yabancı;İngilizce;Lead;Medikal Estetik / Plastik Cerrahi;Doruk Hospital;TRY;Estetik - Genel - Birleşik Krallık - Tümü - EN - Doruk Aesthetic Surgery - lead;​120220463601400080;PAUSED;gynecomastia - erkek - lead - retargeting - dinamik;​120224117523430080;CAMPAIGN_PAUSED;LEAD_GENERATION;0;0;4500;0;0;0;0;0;0;0;0;0;0
Temmuz 2026;Yabancı;İngilizce;Lead;Medikal Estetik / Plastik Cerrahi;Doruk Hospital;TRY;Estetik - Genel - Birleşik Krallık - Tümü - EN - Doruk Aesthetic Surgery - lead;​120220463601400080;PAUSED;gynecomastia - erkek - on_lead;​120220827341040080;PAUSED;LEAD_GENERATION;0;0;4000;0;0;0;0;0;0;0;0;0;0
Ağustos 2026;Yabancı;İngilizce;Lead;Medikal Estetik / Plastik Cerrahi;Doruk Hospital;TRY;Estetik - Genel - Birleşik Krallık - Tümü - EN - Doruk Aesthetic Surgery - lead;​120220463601400080;PAUSED;gynecomastia - erkek - on_lead;​120220827341040080;PAUSED;LEAD_GENERATION;0;0;4000;0;0;0;0;0;0;0;0;0;0
Temmuz 2026;Yabancı;İngilizce;Lead;Medikal Estetik / Plastik Cerrahi;Doruk Hospital;TRY;Estetik - Genel - Birleşik Krallık - Tümü - EN - Doruk Aesthetic Surgery - lead;​120220463601400080;PAUSED;gynecomastia - erkek - on_lead - Kopya;​120223984235410080;PAUSED;LEAD_GENERATION;0;0;4000;0;0;0;0;0;0;0;0;0;0
Ağustos 2026;Yabancı;İngilizce;Lead;Medikal Estetik / Plastik Cerrahi;Doruk Hospital;TRY;Estetik - Genel - Birleşik Krallık - Tümü - EN - Doruk Aesthetic Surgery - lead;​120220463601400080;PAUSED;gynecomastia - erkek - on_lead - Kopya;​120223984235410080;PAUSED;LEAD_GENERATION;0;0;4000;0;0;0;0;0;0;0;0;0;0
Temmuz 2026;Yabancı;İngilizce;Lead;Medikal Estetik / Plastik Cerrahi;Doruk Hospital;TRY;Estetik - Genel - Birleşik Krallık - Tümü - EN - Doruk Aesthetic Surgery - lead;​120220463601400080;PAUSED;gynecomastia - erkek - on_lead - retargeting;​120224080044900080;PAUSED;LEAD_GENERATION;0;0;4000;0;0;0;0;0;0;0;0;0;0
Ağustos 2026;Yabancı;İngilizce;Lead;Medikal Estetik / Plastik Cerrahi;Doruk Hospital;TRY;Estetik - Genel - Birleşik Krallık - Tümü - EN - Doruk Aesthetic Surgery - lead;​120220463601400080;PAUSED;gynecomastia - erkek - on_lead - retargeting;​120224080044900080;PAUSED;LEAD_GENERATION;0;0;4000;0;0;0;0;0;0;0;0;0;0
Temmuz 2026;Yabancı;İngilizce;Lead;Medikal Estetik / Plastik Cerrahi;Doruk Hospital;TRY;Estetik - Genel - Birleşik Krallık - Tümü - EN - Doruk Aesthetic Surgery - lead;​120220463601400080;PAUSED;gynecomastia - erkek - on_lead - statik;​120223585913550080;PAUSED;LEAD_GENERATION;0;0;2000;0;0;0;0;0;0;0;0;0;0
Ağustos 2026;Yabancı;İngilizce;Lead;Medikal Estetik / Plastik Cerrahi;Doruk Hospital;TRY;Estetik - Genel - Birleşik Krallık - Tümü - EN - Doruk Aesthetic Surgery - lead;​120220463601400080;PAUSED;gynecomastia - erkek - on_lead - statik;​120223585913550080;PAUSED;LEAD_GENERATION;0;0;2000;0;0;0;0;0;0;0;0;0;0
Temmuz 2026;Yabancı;İngilizce;Lead;Medikal Estetik / Plastik Cerrahi;Doruk Hospital;TRY;Estetik - Genel - Birleşik Krallık - Tümü - EN - Doruk Aesthetic Surgery - lead;​120220463601400080;PAUSED;liposuction - erkek - on_lead;​120220826444920080;PAUSED;LEAD_GENERATION;0;0;1500;0;0;0;0;0;0;0;0;0;0
Ağustos 2026;Yabancı;İngilizce;Lead;Medikal Estetik / Plastik Cerrahi;Doruk Hospital;TRY;Estetik - Genel - Birleşik Krallık - Tümü - EN - Doruk Aesthetic Surgery - lead;​120220463601400080;PAUSED;liposuction - erkek - on_lead;​120220826444920080;PAUSED;LEAD_GENERATION;0;0;1500;0;0;0;0;0;0;0;0;0;0
Temmuz 2026;Yabancı;İngilizce;Lead;Medikal Estetik / Plastik Cerrahi;Doruk Hospital;TRY;Estetik - Genel - Birleşik Krallık - Tümü - EN - Doruk Aesthetic Surgery - lead;​120220463601400080;PAUSED;liposuction - kadın -  on_lead;​120220826732870080;PAUSED;LEAD_GENERATION;0;0;1500;0;0;0;0;0;0;0;0;0;0
Ağustos 2026;Yabancı;İngilizce;Lead;Medikal Estetik / Plastik Cerrahi;Doruk Hospital;TRY;Estetik - Genel - Birleşik Krallık - Tümü - EN - Doruk Aesthetic Surgery - lead;​120220463601400080;PAUSED;liposuction - kadın -  on_lead;​120220826732870080;PAUSED;LEAD_GENERATION;0;0;1500;0;0;0;0;0;0;0;0;0;0
Temmuz 2026;Yabancı;İngilizce;Lead;Medikal Estetik / Plastik Cerrahi;Doruk Hospital;TRY;Estetik - Genel - Birleşik Krallık - Tümü - EN - Doruk Aesthetic Surgery - lead;​120220463601400080;PAUSED;penile_implant - erkek - on_lead;​120220828979460080;PAUSED;LEAD_GENERATION;0;0;1500;0;0;0;0;0;0;0;0;0;0
Ağustos 2026;Yabancı;İngilizce;Lead;Medikal Estetik / Plastik Cerrahi;Doruk Hospital;TRY;Estetik - Genel - Birleşik Krallık - Tümü - EN - Doruk Aesthetic Surgery - lead;​120220463601400080;PAUSED;penile_implant - erkek - on_lead;​120220828979460080;PAUSED;LEAD_GENERATION;0;0;1500;0;0;0;0;0;0;0;0;0;0
Temmuz 2026;Yabancı;İngilizce;Lead;Medikal Estetik / Plastik Cerrahi;Doruk Hospital;TRY;Estetik - Genel - Birleşik Krallık - Tümü - EN - Doruk Aesthetic Surgery - lead;​120220463601400080;PAUSED;rhinoplasty -  on_lead - dinamik;​120228116093070080;PAUSED;LEAD_GENERATION;0;0;4000;0;0;0;0;0;0;0;0;0;0
Ağustos 2026;Yabancı;İngilizce;Lead;Medikal Estetik / Plastik Cerrahi;Doruk Hospital;TRY;Estetik - Genel - Birleşik Krallık - Tümü - EN - Doruk Aesthetic Surgery - lead;​120220463601400080;PAUSED;rhinoplasty -  on_lead - dinamik;​120228116093070080;PAUSED;LEAD_GENERATION;0;0;4000;0;0;0;0;0;0;0;0;0;0
Temmuz 2026;Yabancı;İngilizce;Lead;Medikal Estetik / Plastik Cerrahi;Doruk Hospital;TRY;Estetik - Genel - Birleşik Krallık - Tümü - EN - Doruk Aesthetic Surgery - lead;​120220463601400080;PAUSED;rhinoplasty - erkek - on_lead;​120220828773420080;PAUSED;LEAD_GENERATION;0;0;2000;0;0;0;0;0;0;0;0;0;0
Ağustos 2026;Yabancı;İngilizce;Lead;Medikal Estetik / Plastik Cerrahi;Doruk Hospital;TRY;Estetik - Genel - Birleşik Krallık - Tümü - EN - Doruk Aesthetic Surgery - lead;​120220463601400080;PAUSED;rhinoplasty - erkek - on_lead;​120220828773420080;PAUSED;LEAD_GENERATION;0;0;2000;0;0;0;0;0;0;0;0;0;0
Temmuz 2026;Yabancı;İngilizce;Lead;Medikal Estetik / Plastik Cerrahi;Doruk Hospital;TRY;Estetik - Genel - Birleşik Krallık - Tümü - EN - Doruk Aesthetic Surgery - lead;​120220463601400080;PAUSED;rhinoplasty - erkek - on_lead - dinamik;​120224116184860080;PAUSED;LEAD_GENERATION;0;0;2000;0;0;0;0;0;0;0;0;0;0
Ağustos 2026;Yabancı;İngilizce;Lead;Medikal Estetik / Plastik Cerrahi;Doruk Hospital;TRY;Estetik - Genel - Birleşik Krallık - Tümü - EN - Doruk Aesthetic Surgery - lead;​120220463601400080;PAUSED;rhinoplasty - erkek - on_lead - dinamik;​120224116184860080;PAUSED;LEAD_GENERATION;0;0;2000;0;0;0;0;0;0;0;0;0;0
Temmuz 2026;Yabancı;İngilizce;Lead;Medikal Estetik / Plastik Cerrahi;Doruk Hospital;TRY;Estetik - Genel - Birleşik Krallık - Tümü - EN - Doruk Aesthetic Surgery - lead;​120220463601400080;PAUSED;rhinoplasty - erkek - on_lead - statik;​120223585977570080;PAUSED;LEAD_GENERATION;0;0;2000;0;0;0;0;0;0;0;0;0;0
Ağustos 2026;Yabancı;İngilizce;Lead;Medikal Estetik / Plastik Cerrahi;Doruk Hospital;TRY;Estetik - Genel - Birleşik Krallık - Tümü - EN - Doruk Aesthetic Surgery - lead;​120220463601400080;PAUSED;rhinoplasty - erkek - on_lead - statik;​120223585977570080;PAUSED;LEAD_GENERATION;0;0;2000;0;0;0;0;0;0;0;0;0;0
Temmuz 2026;Yabancı;İngilizce;Lead;Medikal Estetik / Plastik Cerrahi;Doruk Hospital;TRY;Estetik - Genel - Birleşik Krallık - Tümü - EN - Doruk Aesthetic Surgery - lead;​120220463601400080;PAUSED;rhinoplasty - genel - on_lead;​120224079433350080;PAUSED;LEAD_GENERATION;0;0;2000;0;0;0;0;0;0;0;0;0;0
Ağustos 2026;Yabancı;İngilizce;Lead;Medikal Estetik / Plastik Cerrahi;Doruk Hospital;TRY;Estetik - Genel - Birleşik Krallık - Tümü - EN - Doruk Aesthetic Surgery - lead;​120220463601400080;PAUSED;rhinoplasty - genel - on_lead;​120224079433350080;PAUSED;LEAD_GENERATION;0;0;2000;0;0;0;0;0;0;0;0;0;0
Temmuz 2026;Yabancı;İngilizce;Lead;Medikal Estetik / Plastik Cerrahi;Doruk Hospital;TRY;Estetik - Genel - Birleşik Krallık - Tümü - EN - Doruk Aesthetic Surgery - lead;​120220463601400080;PAUSED;rhinoplasty - genel - on_lead - retargating;​120224079678290080;PAUSED;LEAD_GENERATION;0;0;2000;0;0;0;0;0;0;0;0;0;0
Ağustos 2026;Yabancı;İngilizce;Lead;Medikal Estetik / Plastik Cerrahi;Doruk Hospital;TRY;Estetik - Genel - Birleşik Krallık - Tümü - EN - Doruk Aesthetic Surgery - lead;​120220463601400080;PAUSED;rhinoplasty - genel - on_lead - retargating;​120224079678290080;PAUSED;LEAD_GENERATION;0;0;2000;0;0;0;0;0;0;0;0;0;0
Temmuz 2026;Yabancı;İngilizce;Lead;Medikal Estetik / Plastik Cerrahi;Doruk Hospital;TRY;Estetik - Genel - Birleşik Krallık - Tümü - EN - Doruk Aesthetic Surgery - lead;​120220463601400080;PAUSED;rhinoplasty - genel - on_lead - retargating - dinamik;​120224116928080080;PAUSED;LEAD_GENERATION;0;0;1000;0;0;0;0;0;0;0;0;0;0
Ağustos 2026;Yabancı;İngilizce;Lead;Medikal Estetik / Plastik Cerrahi;Doruk Hospital;TRY;Estetik - Genel - Birleşik Krallık - Tümü - EN - Doruk Aesthetic Surgery - lead;​120220463601400080;PAUSED;rhinoplasty - genel - on_lead - retargating - dinamik;​120224116928080080;PAUSED;LEAD_GENERATION;0;0;1000;0;0;0;0;0;0;0;0;0;0
Temmuz 2026;Yabancı;İngilizce;Lead;Medikal Estetik / Plastik Cerrahi;Doruk Hospital;TRY;Estetik - Genel - Birleşik Krallık - Tümü - EN - Doruk Aesthetic Surgery - lead;​120220463601400080;PAUSED;rhinoplasty - genel - on_lead - statik;​120224079854920080;PAUSED;LEAD_GENERATION;0;0;2000;0;0;0;0;0;0;0;0;0;0
Ağustos 2026;Yabancı;İngilizce;Lead;Medikal Estetik / Plastik Cerrahi;Doruk Hospital;TRY;Estetik - Genel - Birleşik Krallık - Tümü - EN - Doruk Aesthetic Surgery - lead;​120220463601400080;PAUSED;rhinoplasty - genel - on_lead - statik;​120224079854920080;PAUSED;LEAD_GENERATION;0;0;2000;0;0;0;0;0;0;0;0;0;0
Temmuz 2026;Yabancı;İngilizce;Lead;Medikal Estetik / Plastik Cerrahi;Doruk Hospital;TRY;Estetik - Genel - Birleşik Krallık - Tümü - EN - Doruk Aesthetic Surgery - lead;​120220463601400080;PAUSED;rhinoplasty - kadın -  on_lead;​120220828822920080;PAUSED;LEAD_GENERATION;0;0;2000;0;0;0;0;0;0;0;0;0;0
Ağustos 2026;Yabancı;İngilizce;Lead;Medikal Estetik / Plastik Cerrahi;Doruk Hospital;TRY;Estetik - Genel - Birleşik Krallık - Tümü - EN - Doruk Aesthetic Surgery - lead;​120220463601400080;PAUSED;rhinoplasty - kadın -  on_lead;​120220828822920080;PAUSED;LEAD_GENERATION;0;0;2000;0;0;0;0;0;0;0;0;0;0
Temmuz 2026;Yabancı;İngilizce;Lead;Medikal Estetik / Plastik Cerrahi;Doruk Hospital;TRY;Estetik - Genel - Birleşik Krallık - Tümü - EN - Doruk Aesthetic Surgery - lead;​120220463601400080;PAUSED;rhinoplasty - kadın -  on_lead - statik;​120223586211550080;PAUSED;LEAD_GENERATION;0;0;2000;0;0;0;0;0;0;0;0;0;0
Ağustos 2026;Yabancı;İngilizce;Lead;Medikal Estetik / Plastik Cerrahi;Doruk Hospital;TRY;Estetik - Genel - Birleşik Krallık - Tümü - EN - Doruk Aesthetic Surgery - lead;​120220463601400080;PAUSED;rhinoplasty - kadın -  on_lead - statik;​120223586211550080;PAUSED;LEAD_GENERATION;0;0;2000;0;0;0;0;0;0;0;0;0;0
Temmuz 2026;Yabancı;İngilizce;Lead;Medikal Estetik / Plastik Cerrahi;Doruk Hospital;TRY;Estetik - Genel - Birleşik Krallık - Tümü - EN - Doruk Aesthetic Surgery - lead;​120220463601400080;PAUSED;rhinoplasty - kadın - on_lead - dinamik;​120224116858730080;PAUSED;LEAD_GENERATION;0;0;2000;0;0;0;0;0;0;0;0;0;0
Ağustos 2026;Yabancı;İngilizce;Lead;Medikal Estetik / Plastik Cerrahi;Doruk Hospital;TRY;Estetik - Genel - Birleşik Krallık - Tümü - EN - Doruk Aesthetic Surgery - lead;​120220463601400080;PAUSED;rhinoplasty - kadın - on_lead - dinamik;​120224116858730080;PAUSED;LEAD_GENERATION;0;0;2000;0;0;0;0;0;0;0;0;0;0
Temmuz 2026;Yabancı;İngilizce;Lead;Medikal Estetik / Plastik Cerrahi;Doruk Hospital;TRY;Estetik - Genel - Birleşik Krallık - Tümü - EN - Doruk Aesthetic Surgery - lead;​120220463601400080;PAUSED;vaginal_esthetics - kadın -  on_lead;​120220828932550080;PAUSED;LEAD_GENERATION;0;0;1500;0;0;0;0;0;0;0;0;0;0
Ağustos 2026;Yabancı;İngilizce;Lead;Medikal Estetik / Plastik Cerrahi;Doruk Hospital;TRY;Estetik - Genel - Birleşik Krallık - Tümü - EN - Doruk Aesthetic Surgery - lead;​120220463601400080;PAUSED;vaginal_esthetics - kadın -  on_lead;​120220828932550080;PAUSED;LEAD_GENERATION;0;0;1500;0;0;0;0;0;0;0;0;0;0
Temmuz 2026;Yabancı;Rusça;Lead;Medikal Estetik / Plastik Cerrahi;Doruk Hospital;TRY;Estetik - Genel - Türki Cumhuriyetler - Tümü - RU - Doruk Aesthetic Surgery - on_lead;​120228125604550080;PAUSED;abdominoplasty - erkek  - on_lead;​120228125605230080;PAUSED;LEAD_GENERATION;0;0;1000;0;0;0;0;0;0;0;0;0;0
Ağustos 2026;Yabancı;Rusça;Lead;Medikal Estetik / Plastik Cerrahi;Doruk Hospital;TRY;Estetik - Genel - Türki Cumhuriyetler - Tümü - RU - Doruk Aesthetic Surgery - on_lead;​120228125604550080;PAUSED;abdominoplasty - erkek  - on_lead;​120228125605230080;PAUSED;LEAD_GENERATION;0;0;1000;0;0;0;0;0;0;0;0;0;0
Temmuz 2026;Yabancı;Rusça;Lead;Medikal Estetik / Plastik Cerrahi;Doruk Hospital;TRY;Estetik - Genel - Türki Cumhuriyetler - Tümü - RU - Doruk Aesthetic Surgery - on_lead;​120220398508760080;PAUSED;abdominoplasty - erkek  - on_lead;​120220734827850080;PAUSED;LEAD_GENERATION;0;0;1000;0;0;0;0;0;0;0;0;0;0
Ağustos 2026;Yabancı;Rusça;Lead;Medikal Estetik / Plastik Cerrahi;Doruk Hospital;TRY;Estetik - Genel - Türki Cumhuriyetler - Tümü - RU - Doruk Aesthetic Surgery - on_lead;​120220398508760080;PAUSED;abdominoplasty - erkek  - on_lead;​120220734827850080;PAUSED;LEAD_GENERATION;0;0;1000;0;0;0;0;0;0;0;0;0;0
Temmuz 2026;Yabancı;Rusça;Lead;Medikal Estetik / Plastik Cerrahi;Doruk Hospital;TRY;Estetik - Genel - Türki Cumhuriyetler - Tümü - RU - Doruk Aesthetic Surgery - on_lead;​120228125604550080;PAUSED;abdominoplasty - kadın  - on_lead;​120228125605120080;PAUSED;QUALITY_LEAD;0;0;1000;0;0;0;0;0;0;0;0;0;0
Ağustos 2026;Yabancı;Rusça;Lead;Medikal Estetik / Plastik Cerrahi;Doruk Hospital;TRY;Estetik - Genel - Türki Cumhuriyetler - Tümü - RU - Doruk Aesthetic Surgery - on_lead;​120228125604550080;PAUSED;abdominoplasty - kadın  - on_lead;​120228125605120080;PAUSED;QUALITY_LEAD;0;0;1000;0;0;0;0;0;0;0;0;0;0
Temmuz 2026;Yabancı;Rusça;Lead;Medikal Estetik / Plastik Cerrahi;Doruk Hospital;TRY;Estetik - Genel - Türki Cumhuriyetler - Tümü - RU - Doruk Aesthetic Surgery - on_lead;​120220398508760080;PAUSED;abdominoplasty - kadın  - on_lead;​120220735211170080;PAUSED;QUALITY_LEAD;0;0;1000;0;0;0;0;0;0;0;0;0;0
Ağustos 2026;Yabancı;Rusça;Lead;Medikal Estetik / Plastik Cerrahi;Doruk Hospital;TRY;Estetik - Genel - Türki Cumhuriyetler - Tümü - RU - Doruk Aesthetic Surgery - on_lead;​120220398508760080;PAUSED;abdominoplasty - kadın  - on_lead;​120220735211170080;PAUSED;QUALITY_LEAD;0;0;1000;0;0;0;0;0;0;0;0;0;0
Temmuz 2026;Yabancı;Rusça;Lead;Medikal Estetik / Plastik Cerrahi;Doruk Hospital;TRY;Estetik - Genel - Türki Cumhuriyetler - Tümü - RU - Doruk Aesthetic Surgery - on_lead;​120228125604550080;PAUSED;body_lift - erkek  - on_lead;​120228125605150080;PAUSED;LEAD_GENERATION;0;0;1000;0;0;0;0;0;0;0;0;0;0
Ağustos 2026;Yabancı;Rusça;Lead;Medikal Estetik / Plastik Cerrahi;Doruk Hospital;TRY;Estetik - Genel - Türki Cumhuriyetler - Tümü - RU - Doruk Aesthetic Surgery - on_lead;​120228125604550080;PAUSED;body_lift - erkek  - on_lead;​120228125605150080;PAUSED;LEAD_GENERATION;0;0;1000;0;0;0;0;0;0;0;0;0;0
Temmuz 2026;Yabancı;Rusça;Lead;Medikal Estetik / Plastik Cerrahi;Doruk Hospital;TRY;Estetik - Genel - Türki Cumhuriyetler - Tümü - RU - Doruk Aesthetic Surgery - on_lead;​120220398508760080;PAUSED;body_lift - erkek  - on_lead;​120220736463740080;PAUSED;LEAD_GENERATION;0;0;1000;0;0;0;0;0;0;0;0;0;0
Ağustos 2026;Yabancı;Rusça;Lead;Medikal Estetik / Plastik Cerrahi;Doruk Hospital;TRY;Estetik - Genel - Türki Cumhuriyetler - Tümü - RU - Doruk Aesthetic Surgery - on_lead;​120220398508760080;PAUSED;body_lift - erkek  - on_lead;​120220736463740080;PAUSED;LEAD_GENERATION;0;0;1000;0;0;0;0;0;0;0;0;0;0
Temmuz 2026;Yabancı;Rusça;Lead;Medikal Estetik / Plastik Cerrahi;Doruk Hospital;TRY;Estetik - Genel - Türki Cumhuriyetler - Tümü - RU - Doruk Aesthetic Surgery - on_lead;​120228125604550080;PAUSED;body_lift - kadın  - on_lead;​120228125605110080;PAUSED;QUALITY_LEAD;0;0;1000;0;0;0;0;0;0;0;0;0;0
Ağustos 2026;Yabancı;Rusça;Lead;Medikal Estetik / Plastik Cerrahi;Doruk Hospital;TRY;Estetik - Genel - Türki Cumhuriyetler - Tümü - RU - Doruk Aesthetic Surgery - on_lead;​120228125604550080;PAUSED;body_lift - kadın  - on_lead;​120228125605110080;PAUSED;QUALITY_LEAD;0;0;1000;0;0;0;0;0;0;0;0;0;0
Temmuz 2026;Yabancı;Rusça;Lead;Medikal Estetik / Plastik Cerrahi;Doruk Hospital;TRY;Estetik - Genel - Türki Cumhuriyetler - Tümü - RU - Doruk Aesthetic Surgery - on_lead;​120220398508760080;PAUSED;body_lift - kadın  - on_lead;​120220736504920080;PAUSED;QUALITY_LEAD;0;0;1000;0;0;0;0;0;0;0;0;0;0
Ağustos 2026;Yabancı;Rusça;Lead;Medikal Estetik / Plastik Cerrahi;Doruk Hospital;TRY;Estetik - Genel - Türki Cumhuriyetler - Tümü - RU - Doruk Aesthetic Surgery - on_lead;​120220398508760080;PAUSED;body_lift - kadın  - on_lead;​120220736504920080;PAUSED;QUALITY_LEAD;0;0;1000;0;0;0;0;0;0;0;0;0;0
Temmuz 2026;Yabancı;Rusça;Lead;Medikal Estetik / Plastik Cerrahi;Doruk Hospital;TRY;Estetik - Genel - Türki Cumhuriyetler - Tümü - RU - Doruk Aesthetic Surgery - on_lead;​120228125604550080;PAUSED;breast_esthetics - kadın  - on_lead;​120228125605240080;PAUSED;QUALITY_LEAD;0;0;2000;0;0;0;0;0;0;0;0;0;0
Ağustos 2026;Yabancı;Rusça;Lead;Medikal Estetik / Plastik Cerrahi;Doruk Hospital;TRY;Estetik - Genel - Türki Cumhuriyetler - Tümü - RU - Doruk Aesthetic Surgery - on_lead;​120228125604550080;PAUSED;breast_esthetics - kadın  - on_lead;​120228125605240080;PAUSED;QUALITY_LEAD;0;0;2000;0;0;0;0;0;0;0;0;0;0
Temmuz 2026;Yabancı;Rusça;Lead;Medikal Estetik / Plastik Cerrahi;Doruk Hospital;TRY;Estetik - Genel - Türki Cumhuriyetler - Tümü - RU - Doruk Aesthetic Surgery - on_lead;​120220398508760080;PAUSED;breast_esthetics - kadın  - on_lead;​120220736539940080;CAMPAIGN_PAUSED;QUALITY_LEAD;0;0;2000;0;0;0;0;0;0;0;0;0;0
Ağustos 2026;Yabancı;Rusça;Lead;Medikal Estetik / Plastik Cerrahi;Doruk Hospital;TRY;Estetik - Genel - Türki Cumhuriyetler - Tümü - RU - Doruk Aesthetic Surgery - on_lead;​120220398508760080;PAUSED;breast_esthetics - kadın  - on_lead;​120220736539940080;CAMPAIGN_PAUSED;QUALITY_LEAD;0;0;2000;0;0;0;0;0;0;0;0;0;0
Temmuz 2026;Yabancı;Rusça;Lead;Medikal Estetik / Plastik Cerrahi;Doruk Hospital;TRY;Estetik - Genel - Türki Cumhuriyetler - Tümü - RU - Doruk Aesthetic Surgery - on_lead;​120228125604550080;PAUSED;breast_esthetics - kadın  - on_lead - statik;​120228125605200080;PAUSED;QUALITY_LEAD;0;0;2000;0;0;0;0;0;0;0;0;0;0
Ağustos 2026;Yabancı;Rusça;Lead;Medikal Estetik / Plastik Cerrahi;Doruk Hospital;TRY;Estetik - Genel - Türki Cumhuriyetler - Tümü - RU - Doruk Aesthetic Surgery - on_lead;​120228125604550080;PAUSED;breast_esthetics - kadın  - on_lead - statik;​120228125605200080;PAUSED;QUALITY_LEAD;0;0;2000;0;0;0;0;0;0;0;0;0;0
Temmuz 2026;Yabancı;Rusça;Lead;Medikal Estetik / Plastik Cerrahi;Doruk Hospital;TRY;Estetik - Genel - Türki Cumhuriyetler - Tümü - RU - Doruk Aesthetic Surgery - on_lead;​120220398508760080;PAUSED;breast_esthetics - kadın  - on_lead - statik;​120223500089000080;CAMPAIGN_PAUSED;QUALITY_LEAD;0;0;2000;0;0;0;0;0;0;0;0;0;0
Ağustos 2026;Yabancı;Rusça;Lead;Medikal Estetik / Plastik Cerrahi;Doruk Hospital;TRY;Estetik - Genel - Türki Cumhuriyetler - Tümü - RU - Doruk Aesthetic Surgery - on_lead;​120220398508760080;PAUSED;breast_esthetics - kadın  - on_lead - statik;​120223500089000080;CAMPAIGN_PAUSED;QUALITY_LEAD;0;0;2000;0;0;0;0;0;0;0;0;0;0
Temmuz 2026;Yabancı;Rusça;Lead;Medikal Estetik / Plastik Cerrahi;Doruk Hospital;TRY;Estetik - Genel - Türki Cumhuriyetler - Tümü - RU - Doruk Aesthetic Surgery - on_lead;​120228125604550080;PAUSED;butt_lift - kadın  - on_lead;​120228125605080080;PAUSED;QUALITY_LEAD;0;0;1000;0;0;0;0;0;0;0;0;0;0
Ağustos 2026;Yabancı;Rusça;Lead;Medikal Estetik / Plastik Cerrahi;Doruk Hospital;TRY;Estetik - Genel - Türki Cumhuriyetler - Tümü - RU - Doruk Aesthetic Surgery - on_lead;​120228125604550080;PAUSED;butt_lift - kadın  - on_lead;​120228125605080080;PAUSED;QUALITY_LEAD;0;0;1000;0;0;0;0;0;0;0;0;0;0
Temmuz 2026;Yabancı;Rusça;Lead;Medikal Estetik / Plastik Cerrahi;Doruk Hospital;TRY;Estetik - Genel - Türki Cumhuriyetler - Tümü - RU - Doruk Aesthetic Surgery - on_lead;​120220398508760080;PAUSED;butt_lift - kadın  - on_lead;​120220736602580080;PAUSED;QUALITY_LEAD;0;0;1000;0;0;0;0;0;0;0;0;0;0
Ağustos 2026;Yabancı;Rusça;Lead;Medikal Estetik / Plastik Cerrahi;Doruk Hospital;TRY;Estetik - Genel - Türki Cumhuriyetler - Tümü - RU - Doruk Aesthetic Surgery - on_lead;​120220398508760080;PAUSED;butt_lift - kadın  - on_lead;​120220736602580080;PAUSED;QUALITY_LEAD;0;0;1000;0;0;0;0;0;0;0;0;0;0
Temmuz 2026;Yabancı;Rusça;Lead;Medikal Estetik / Plastik Cerrahi;Doruk Hospital;TRY;Estetik - Genel - Türki Cumhuriyetler - Tümü - RU - Doruk Aesthetic Surgery - on_lead;​120228125604550080;PAUSED;face_lift  - kadın  - on_lead;​120228125605100080;PAUSED;LEAD_GENERATION;0;0;1000;0;0;0;0;0;0;0;0;0;0
Ağustos 2026;Yabancı;Rusça;Lead;Medikal Estetik / Plastik Cerrahi;Doruk Hospital;TRY;Estetik - Genel - Türki Cumhuriyetler - Tümü - RU - Doruk Aesthetic Surgery - on_lead;​120228125604550080;PAUSED;face_lift  - kadın  - on_lead;​120228125605100080;PAUSED;LEAD_GENERATION;0;0;1000;0;0;0;0;0;0;0;0;0;0
Temmuz 2026;Yabancı;Rusça;Lead;Medikal Estetik / Plastik Cerrahi;Doruk Hospital;TRY;Estetik - Genel - Türki Cumhuriyetler - Tümü - RU - Doruk Aesthetic Surgery - on_lead;​120220398508760080;PAUSED;face_lift  - kadın  - on_lead;​120220737489610080;PAUSED;LEAD_GENERATION;0;0;1000;0;0;0;0;0;0;0;0;0;0
Ağustos 2026;Yabancı;Rusça;Lead;Medikal Estetik / Plastik Cerrahi;Doruk Hospital;TRY;Estetik - Genel - Türki Cumhuriyetler - Tümü - RU - Doruk Aesthetic Surgery - on_lead;​120220398508760080;PAUSED;face_lift  - kadın  - on_lead;​120220737489610080;PAUSED;LEAD_GENERATION;0;0;1000;0;0;0;0;0;0;0;0;0;0
Temmuz 2026;Yabancı;Rusça;Lead;Medikal Estetik / Plastik Cerrahi;Doruk Hospital;TRY;Estetik - Genel - Türki Cumhuriyetler - Tümü - RU - Doruk Aesthetic Surgery - on_lead;​120228125604550080;PAUSED;face_lift - erkek  - on_lead;​120228125605070080;PAUSED;LEAD_GENERATION;0;0;1000;0;0;0;0;0;0;0;0;0;0
Ağustos 2026;Yabancı;Rusça;Lead;Medikal Estetik / Plastik Cerrahi;Doruk Hospital;TRY;Estetik - Genel - Türki Cumhuriyetler - Tümü - RU - Doruk Aesthetic Surgery - on_lead;​120228125604550080;PAUSED;face_lift - erkek  - on_lead;​120228125605070080;PAUSED;LEAD_GENERATION;0;0;1000;0;0;0;0;0;0;0;0;0;0
Temmuz 2026;Yabancı;Rusça;Lead;Medikal Estetik / Plastik Cerrahi;Doruk Hospital;TRY;Estetik - Genel - Türki Cumhuriyetler - Tümü - RU - Doruk Aesthetic Surgery - on_lead;​120220398508760080;PAUSED;face_lift - erkek  - on_lead;​120220737352830080;PAUSED;LEAD_GENERATION;0;0;1000;0;0;0;0;0;0;0;0;0;0
Ağustos 2026;Yabancı;Rusça;Lead;Medikal Estetik / Plastik Cerrahi;Doruk Hospital;TRY;Estetik - Genel - Türki Cumhuriyetler - Tümü - RU - Doruk Aesthetic Surgery - on_lead;​120220398508760080;PAUSED;face_lift - erkek  - on_lead;​120220737352830080;PAUSED;LEAD_GENERATION;0;0;1000;0;0;0;0;0;0;0;0;0;0
Temmuz 2026;Yabancı;Rusça;Lead;Medikal Estetik / Plastik Cerrahi;Doruk Hospital;TRY;Estetik - Genel - Türki Cumhuriyetler - Tümü - RU - Doruk Aesthetic Surgery - on_lead;​120228125604550080;PAUSED;genel - erkek - on_lead;​120228125605140080;PAUSED;LEAD_GENERATION;0;0;1000;0;0;0;0;0;0;0;0;0;0
Ağustos 2026;Yabancı;Rusça;Lead;Medikal Estetik / Plastik Cerrahi;Doruk Hospital;TRY;Estetik - Genel - Türki Cumhuriyetler - Tümü - RU - Doruk Aesthetic Surgery - on_lead;​120228125604550080;PAUSED;genel - erkek - on_lead;​120228125605140080;PAUSED;LEAD_GENERATION;0;0;1000;0;0;0;0;0;0;0;0;0;0
Temmuz 2026;Yabancı;Rusça;Lead;Medikal Estetik / Plastik Cerrahi;Doruk Hospital;TRY;Estetik - Genel - Türki Cumhuriyetler - Tümü - RU - Doruk Aesthetic Surgery - on_lead;​120220398508760080;PAUSED;genel - erkek - on_lead;​120220398508770080;PAUSED;LEAD_GENERATION;0;0;1000;0;0;0;0;0;0;0;0;0;0
Ağustos 2026;Yabancı;Rusça;Lead;Medikal Estetik / Plastik Cerrahi;Doruk Hospital;TRY;Estetik - Genel - Türki Cumhuriyetler - Tümü - RU - Doruk Aesthetic Surgery - on_lead;​120220398508760080;PAUSED;genel - erkek - on_lead;​120220398508770080;PAUSED;LEAD_GENERATION;0;0;1000;0;0;0;0;0;0;0;0;0;0
Temmuz 2026;Yabancı;Rusça;Lead;Medikal Estetik / Plastik Cerrahi;Doruk Hospital;TRY;Estetik - Genel - Türki Cumhuriyetler - Tümü - RU - Doruk Aesthetic Surgery - on_lead;​120228125604550080;PAUSED;genel - kadın  - on_lead;​120228125605220080;PAUSED;LEAD_GENERATION;0;0;1000;0;0;0;0;0;0;0;0;0;0
Ağustos 2026;Yabancı;Rusça;Lead;Medikal Estetik / Plastik Cerrahi;Doruk Hospital;TRY;Estetik - Genel - Türki Cumhuriyetler - Tümü - RU - Doruk Aesthetic Surgery - on_lead;​120228125604550080;PAUSED;genel - kadın  - on_lead;​120228125605220080;PAUSED;LEAD_GENERATION;0;0;1000;0;0;0;0;0;0;0;0;0;0
Temmuz 2026;Yabancı;Rusça;Lead;Medikal Estetik / Plastik Cerrahi;Doruk Hospital;TRY;Estetik - Genel - Türki Cumhuriyetler - Tümü - RU - Doruk Aesthetic Surgery - on_lead;​120220398508760080;PAUSED;genel - kadın  - on_lead;​120220399084730080;PAUSED;LEAD_GENERATION;0;0;1000;0;0;0;0;0;0;0;0;0;0
Ağustos 2026;Yabancı;Rusça;Lead;Medikal Estetik / Plastik Cerrahi;Doruk Hospital;TRY;Estetik - Genel - Türki Cumhuriyetler - Tümü - RU - Doruk Aesthetic Surgery - on_lead;​120220398508760080;PAUSED;genel - kadın  - on_lead;​120220399084730080;PAUSED;LEAD_GENERATION;0;0;1000;0;0;0;0;0;0;0;0;0;0
Temmuz 2026;Yabancı;Rusça;Lead;Medikal Estetik / Plastik Cerrahi;Doruk Hospital;TRY;Estetik - Genel - Türki Cumhuriyetler - Tümü - RU - Doruk Aesthetic Surgery - on_lead;​120228125604550080;PAUSED;gynecomastia - erkek  - on_lead;​120228125604850080;PAUSED;LEAD_GENERATION;0;0;2500;0;0;0;0;0;0;0;0;0;0
Ağustos 2026;Yabancı;Rusça;Lead;Medikal Estetik / Plastik Cerrahi;Doruk Hospital;TRY;Estetik - Genel - Türki Cumhuriyetler - Tümü - RU - Doruk Aesthetic Surgery - on_lead;​120228125604550080;PAUSED;gynecomastia - erkek  - on_lead;​120228125604850080;PAUSED;LEAD_GENERATION;0;0;2500;0;0;0;0;0;0;0;0;0;0
Temmuz 2026;Yabancı;Rusça;Lead;Medikal Estetik / Plastik Cerrahi;Doruk Hospital;TRY;Estetik - Genel - Türki Cumhuriyetler - Tümü - RU - Doruk Aesthetic Surgery - on_lead;​120220398508760080;PAUSED;gynecomastia - erkek  - on_lead;​120220735569580080;CAMPAIGN_PAUSED;LEAD_GENERATION;0;0;2500;0;0;0;0;0;0;0;0;0;0
Ağustos 2026;Yabancı;Rusça;Lead;Medikal Estetik / Plastik Cerrahi;Doruk Hospital;TRY;Estetik - Genel - Türki Cumhuriyetler - Tümü - RU - Doruk Aesthetic Surgery - on_lead;​120220398508760080;PAUSED;gynecomastia - erkek  - on_lead;​120220735569580080;CAMPAIGN_PAUSED;LEAD_GENERATION;0;0;2500;0;0;0;0;0;0;0;0;0;0
Temmuz 2026;Yabancı;Rusça;Lead;Medikal Estetik / Plastik Cerrahi;Doruk Hospital;TRY;Estetik - Genel - Türki Cumhuriyetler - Tümü - RU - Doruk Aesthetic Surgery - on_lead;​120228125604550080;PAUSED;gynecomastia - erkek  - on_lead - statik;​120228125605060080;PAUSED;LEAD_GENERATION;0;0;2500;0;0;0;0;0;0;0;0;0;0
Ağustos 2026;Yabancı;Rusça;Lead;Medikal Estetik / Plastik Cerrahi;Doruk Hospital;TRY;Estetik - Genel - Türki Cumhuriyetler - Tümü - RU - Doruk Aesthetic Surgery - on_lead;​120228125604550080;PAUSED;gynecomastia - erkek  - on_lead - statik;​120228125605060080;PAUSED;LEAD_GENERATION;0;0;2500;0;0;0;0;0;0;0;0;0;0
Temmuz 2026;Yabancı;Rusça;Lead;Medikal Estetik / Plastik Cerrahi;Doruk Hospital;TRY;Estetik - Genel - Türki Cumhuriyetler - Tümü - RU - Doruk Aesthetic Surgery - on_lead;​120220398508760080;PAUSED;gynecomastia - erkek  - on_lead - statik;​120223498900010080;CAMPAIGN_PAUSED;LEAD_GENERATION;0;0;2500;0;0;0;0;0;0;0;0;0;0
Ağustos 2026;Yabancı;Rusça;Lead;Medikal Estetik / Plastik Cerrahi;Doruk Hospital;TRY;Estetik - Genel - Türki Cumhuriyetler - Tümü - RU - Doruk Aesthetic Surgery - on_lead;​120220398508760080;PAUSED;gynecomastia - erkek  - on_lead - statik;​120223498900010080;CAMPAIGN_PAUSED;LEAD_GENERATION;0;0;2500;0;0;0;0;0;0;0;0;0;0
Temmuz 2026;Yabancı;Rusça;Lead;Medikal Estetik / Plastik Cerrahi;Doruk Hospital;TRY;Estetik - Genel - Türki Cumhuriyetler - Tümü - RU - Doruk Aesthetic Surgery - on_lead;​120228125604550080;PAUSED;jinekomasti -  dinamik - lead;​120228128048630080;CAMPAIGN_PAUSED;LEAD_GENERATION;0;0;10000;0;0;0;0;0;0;0;0;0;0
Ağustos 2026;Yabancı;Rusça;Lead;Medikal Estetik / Plastik Cerrahi;Doruk Hospital;TRY;Estetik - Genel - Türki Cumhuriyetler - Tümü - RU - Doruk Aesthetic Surgery - on_lead;​120228125604550080;PAUSED;jinekomasti -  dinamik - lead;​120228128048630080;CAMPAIGN_PAUSED;LEAD_GENERATION;0;0;10000;0;0;0;0;0;0;0;0;0;0
Temmuz 2026;Yabancı;Rusça;Lead;Medikal Estetik / Plastik Cerrahi;Doruk Hospital;TRY;Estetik - Genel - Türki Cumhuriyetler - Tümü - RU - Doruk Aesthetic Surgery - on_lead;​120228125604550080;PAUSED;liposuction - erkek  - on_lead;​120228125605190080;PAUSED;LEAD_GENERATION;0;0;1000;0;0;0;0;0;0;0;0;0;0
Ağustos 2026;Yabancı;Rusça;Lead;Medikal Estetik / Plastik Cerrahi;Doruk Hospital;TRY;Estetik - Genel - Türki Cumhuriyetler - Tümü - RU - Doruk Aesthetic Surgery - on_lead;​120228125604550080;PAUSED;liposuction - erkek  - on_lead;​120228125605190080;PAUSED;LEAD_GENERATION;0;0;1000;0;0;0;0;0;0;0;0;0;0
Temmuz 2026;Yabancı;Rusça;Lead;Medikal Estetik / Plastik Cerrahi;Doruk Hospital;TRY;Estetik - Genel - Türki Cumhuriyetler - Tümü - RU - Doruk Aesthetic Surgery - on_lead;​120220398508760080;PAUSED;liposuction - erkek  - on_lead;​120220732370080080;PAUSED;LEAD_GENERATION;0;0;1000;0;0;0;0;0;0;0;0;0;0
Ağustos 2026;Yabancı;Rusça;Lead;Medikal Estetik / Plastik Cerrahi;Doruk Hospital;TRY;Estetik - Genel - Türki Cumhuriyetler - Tümü - RU - Doruk Aesthetic Surgery - on_lead;​120220398508760080;PAUSED;liposuction - erkek  - on_lead;​120220732370080080;PAUSED;LEAD_GENERATION;0;0;1000;0;0;0;0;0;0;0;0;0;0
Temmuz 2026;Yabancı;Rusça;Lead;Medikal Estetik / Plastik Cerrahi;Doruk Hospital;TRY;Estetik - Genel - Türki Cumhuriyetler - Tümü - RU - Doruk Aesthetic Surgery - on_lead;​120228125604550080;PAUSED;liposuction - kadın  - on_lead;​120228125605180080;PAUSED;LEAD_GENERATION;0;0;1000;0;0;0;0;0;0;0;0;0;0
Ağustos 2026;Yabancı;Rusça;Lead;Medikal Estetik / Plastik Cerrahi;Doruk Hospital;TRY;Estetik - Genel - Türki Cumhuriyetler - Tümü - RU - Doruk Aesthetic Surgery - on_lead;​120228125604550080;PAUSED;liposuction - kadın  - on_lead;​120228125605180080;PAUSED;LEAD_GENERATION;0;0;1000;0;0;0;0;0;0;0;0;0;0
Temmuz 2026;Yabancı;Rusça;Lead;Medikal Estetik / Plastik Cerrahi;Doruk Hospital;TRY;Estetik - Genel - Türki Cumhuriyetler - Tümü - RU - Doruk Aesthetic Surgery - on_lead;​120220398508760080;PAUSED;liposuction - kadın  - on_lead;​120220734150870080;PAUSED;LEAD_GENERATION;0;0;1000;0;0;0;0;0;0;0;0;0;0
Ağustos 2026;Yabancı;Rusça;Lead;Medikal Estetik / Plastik Cerrahi;Doruk Hospital;TRY;Estetik - Genel - Türki Cumhuriyetler - Tümü - RU - Doruk Aesthetic Surgery - on_lead;​120220398508760080;PAUSED;liposuction - kadın  - on_lead;​120220734150870080;PAUSED;LEAD_GENERATION;0;0;1000;0;0;0;0;0;0;0;0;0;0
Temmuz 2026;Yabancı;Rusça;Lead;Medikal Estetik / Plastik Cerrahi;Doruk Hospital;TRY;Estetik - Genel - Türki Cumhuriyetler - Tümü - RU - Doruk Aesthetic Surgery - on_lead;​120228125604550080;PAUSED;penile_implant - erkek  - on_lead;​120228125604540080;PAUSED;LEAD_GENERATION;0;0;1000;0;0;0;0;0;0;0;0;0;0
Ağustos 2026;Yabancı;Rusça;Lead;Medikal Estetik / Plastik Cerrahi;Doruk Hospital;TRY;Estetik - Genel - Türki Cumhuriyetler - Tümü - RU - Doruk Aesthetic Surgery - on_lead;​120228125604550080;PAUSED;penile_implant - erkek  - on_lead;​120228125604540080;PAUSED;LEAD_GENERATION;0;0;1000;0;0;0;0;0;0;0;0;0;0
Temmuz 2026;Yabancı;Rusça;Lead;Medikal Estetik / Plastik Cerrahi;Doruk Hospital;TRY;Estetik - Genel - Türki Cumhuriyetler - Tümü - RU - Doruk Aesthetic Surgery - on_lead;​120220398508760080;PAUSED;penile_implant - erkek  - on_lead;​120220738159730080;PAUSED;LEAD_GENERATION;0;0;1000;0;0;0;0;0;0;0;0;0;0
Ağustos 2026;Yabancı;Rusça;Lead;Medikal Estetik / Plastik Cerrahi;Doruk Hospital;TRY;Estetik - Genel - Türki Cumhuriyetler - Tümü - RU - Doruk Aesthetic Surgery - on_lead;​120220398508760080;PAUSED;penile_implant - erkek  - on_lead;​120220738159730080;PAUSED;LEAD_GENERATION;0;0;1000;0;0;0;0;0;0;0;0;0;0
Temmuz 2026;Yabancı;Rusça;Lead;Medikal Estetik / Plastik Cerrahi;Doruk Hospital;TRY;Estetik - Genel - Türki Cumhuriyetler - Tümü - RU - Doruk Aesthetic Surgery - on_lead;​120228125604550080;PAUSED;rhinoplasty - erkek  - on_lead;​120228125605210080;PAUSED;LEAD_GENERATION;0;0;2000;0;0;0;0;0;0;0;0;0;0
Ağustos 2026;Yabancı;Rusça;Lead;Medikal Estetik / Plastik Cerrahi;Doruk Hospital;TRY;Estetik - Genel - Türki Cumhuriyetler - Tümü - RU - Doruk Aesthetic Surgery - on_lead;​120228125604550080;PAUSED;rhinoplasty - erkek  - on_lead;​120228125605210080;PAUSED;LEAD_GENERATION;0;0;2000;0;0;0;0;0;0;0;0;0;0
Temmuz 2026;Yabancı;Rusça;Lead;Medikal Estetik / Plastik Cerrahi;Doruk Hospital;TRY;Estetik - Genel - Türki Cumhuriyetler - Tümü - RU - Doruk Aesthetic Surgery - on_lead;​120220398508760080;PAUSED;rhinoplasty - erkek  - on_lead;​120220736624710080;CAMPAIGN_PAUSED;LEAD_GENERATION;0;0;2000;0;0;0;0;0;0;0;0;0;0
Ağustos 2026;Yabancı;Rusça;Lead;Medikal Estetik / Plastik Cerrahi;Doruk Hospital;TRY;Estetik - Genel - Türki Cumhuriyetler - Tümü - RU - Doruk Aesthetic Surgery - on_lead;​120220398508760080;PAUSED;rhinoplasty - erkek  - on_lead;​120220736624710080;CAMPAIGN_PAUSED;LEAD_GENERATION;0;0;2000;0;0;0;0;0;0;0;0;0;0
Temmuz 2026;Yabancı;Rusça;Lead;Medikal Estetik / Plastik Cerrahi;Doruk Hospital;TRY;Estetik - Genel - Türki Cumhuriyetler - Tümü - RU - Doruk Aesthetic Surgery - on_lead;​120228125604550080;PAUSED;rhinoplasty - erkek  - on_lead - statik;​120228125605160080;PAUSED;LEAD_GENERATION;0;0;2000;0;0;0;0;0;0;0;0;0;0
Ağustos 2026;Yabancı;Rusça;Lead;Medikal Estetik / Plastik Cerrahi;Doruk Hospital;TRY;Estetik - Genel - Türki Cumhuriyetler - Tümü - RU - Doruk Aesthetic Surgery - on_lead;​120228125604550080;PAUSED;rhinoplasty - erkek  - on_lead - statik;​120228125605160080;PAUSED;LEAD_GENERATION;0;0;2000;0;0;0;0;0;0;0;0;0;0
Temmuz 2026;Yabancı;Rusça;Lead;Medikal Estetik / Plastik Cerrahi;Doruk Hospital;TRY;Estetik - Genel - Türki Cumhuriyetler - Tümü - RU - Doruk Aesthetic Surgery - on_lead;​120220398508760080;PAUSED;rhinoplasty - erkek  - on_lead - statik;​120223499327530080;CAMPAIGN_PAUSED;LEAD_GENERATION;0;0;2000;0;0;0;0;0;0;0;0;0;0
Ağustos 2026;Yabancı;Rusça;Lead;Medikal Estetik / Plastik Cerrahi;Doruk Hospital;TRY;Estetik - Genel - Türki Cumhuriyetler - Tümü - RU - Doruk Aesthetic Surgery - on_lead;​120220398508760080;PAUSED;rhinoplasty - erkek  - on_lead - statik;​120223499327530080;CAMPAIGN_PAUSED;LEAD_GENERATION;0;0;2000;0;0;0;0;0;0;0;0;0;0
Temmuz 2026;Yabancı;Rusça;Lead;Medikal Estetik / Plastik Cerrahi;Doruk Hospital;TRY;Estetik - Genel - Türki Cumhuriyetler - Tümü - RU - Doruk Aesthetic Surgery - on_lead;​120228125604550080;PAUSED;rhinoplasty - kadın  - on_lead;​120228125605170080;PAUSED;QUALITY_LEAD;0;0;2000;0;0;0;0;0;0;0;0;0;0
Ağustos 2026;Yabancı;Rusça;Lead;Medikal Estetik / Plastik Cerrahi;Doruk Hospital;TRY;Estetik - Genel - Türki Cumhuriyetler - Tümü - RU - Doruk Aesthetic Surgery - on_lead;​120228125604550080;PAUSED;rhinoplasty - kadın  - on_lead;​120228125605170080;PAUSED;QUALITY_LEAD;0;0;2000;0;0;0;0;0;0;0;0;0;0
Temmuz 2026;Yabancı;Rusça;Lead;Medikal Estetik / Plastik Cerrahi;Doruk Hospital;TRY;Estetik - Genel - Türki Cumhuriyetler - Tümü - RU - Doruk Aesthetic Surgery - on_lead;​120220398508760080;PAUSED;rhinoplasty - kadın  - on_lead;​120220736646260080;CAMPAIGN_PAUSED;QUALITY_LEAD;0;0;2000;0;0;0;0;0;0;0;0;0;0
Ağustos 2026;Yabancı;Rusça;Lead;Medikal Estetik / Plastik Cerrahi;Doruk Hospital;TRY;Estetik - Genel - Türki Cumhuriyetler - Tümü - RU - Doruk Aesthetic Surgery - on_lead;​120220398508760080;PAUSED;rhinoplasty - kadın  - on_lead;​120220736646260080;CAMPAIGN_PAUSED;QUALITY_LEAD;0;0;2000;0;0;0;0;0;0;0;0;0;0
Temmuz 2026;Yabancı;Rusça;Lead;Medikal Estetik / Plastik Cerrahi;Doruk Hospital;TRY;Estetik - Genel - Türki Cumhuriyetler - Tümü - RU - Doruk Aesthetic Surgery - on_lead;​120228125604550080;PAUSED;rhinoplasty - kadın  - on_lead - statik;​120228125605130080;PAUSED;QUALITY_LEAD;0;0;2000;0;0;0;0;0;0;0;0;0;0
Ağustos 2026;Yabancı;Rusça;Lead;Medikal Estetik / Plastik Cerrahi;Doruk Hospital;TRY;Estetik - Genel - Türki Cumhuriyetler - Tümü - RU - Doruk Aesthetic Surgery - on_lead;​120228125604550080;PAUSED;rhinoplasty - kadın  - on_lead - statik;​120228125605130080;PAUSED;QUALITY_LEAD;0;0;2000;0;0;0;0;0;0;0;0;0;0
Temmuz 2026;Yabancı;Rusça;Lead;Medikal Estetik / Plastik Cerrahi;Doruk Hospital;TRY;Estetik - Genel - Türki Cumhuriyetler - Tümü - RU - Doruk Aesthetic Surgery - on_lead;​120220398508760080;PAUSED;rhinoplasty - kadın  - on_lead - statik;​120223500659390080;CAMPAIGN_PAUSED;QUALITY_LEAD;0;0;2000;0;0;0;0;0;0;0;0;0;0
Ağustos 2026;Yabancı;Rusça;Lead;Medikal Estetik / Plastik Cerrahi;Doruk Hospital;TRY;Estetik - Genel - Türki Cumhuriyetler - Tümü - RU - Doruk Aesthetic Surgery - on_lead;​120220398508760080;PAUSED;rhinoplasty - kadın  - on_lead - statik;​120223500659390080;CAMPAIGN_PAUSED;QUALITY_LEAD;0;0;2000;0;0;0;0;0;0;0;0;0;0
Temmuz 2026;Yabancı;Rusça;Lead;Medikal Estetik / Plastik Cerrahi;Doruk Hospital;TRY;Estetik - Genel - Türki Cumhuriyetler - Tümü - RU - Doruk Aesthetic Surgery - on_lead;​120228125604550080;PAUSED;vaginal_esthetics - kadın  - on_lead;​120228125605090080;PAUSED;QUALITY_LEAD;0;0;1000;0;0;0;0;0;0;0;0;0;0
Ağustos 2026;Yabancı;Rusça;Lead;Medikal Estetik / Plastik Cerrahi;Doruk Hospital;TRY;Estetik - Genel - Türki Cumhuriyetler - Tümü - RU - Doruk Aesthetic Surgery - on_lead;​120228125604550080;PAUSED;vaginal_esthetics - kadın  - on_lead;​120228125605090080;PAUSED;QUALITY_LEAD;0;0;1000;0;0;0;0;0;0;0;0;0;0
Temmuz 2026;Yabancı;Rusça;Lead;Medikal Estetik / Plastik Cerrahi;Doruk Hospital;TRY;Estetik - Genel - Türki Cumhuriyetler - Tümü - RU - Doruk Aesthetic Surgery - on_lead;​120220398508760080;PAUSED;vaginal_esthetics - kadın  - on_lead;​120220737876560080;PAUSED;QUALITY_LEAD;0;0;1000;0;0;0;0;0;0;0;0;0;0
Ağustos 2026;Yabancı;Rusça;Lead;Medikal Estetik / Plastik Cerrahi;Doruk Hospital;TRY;Estetik - Genel - Türki Cumhuriyetler - Tümü - RU - Doruk Aesthetic Surgery - on_lead;​120220398508760080;PAUSED;vaginal_esthetics - kadın  - on_lead;​120220737876560080;PAUSED;QUALITY_LEAD;0;0;1000;0;0;0;0;0;0;0;0;0;0
Temmuz 2026;Yabancı;Arapça;Lead;Medikal Estetik / Plastik Cerrahi;Doruk Hospital;TRY;Estetik - Genital Estetik - Arap Bölgesi  - Tümü - AR - Doruk Aesthetic Surgery;​120219441796010080;PAUSED;Genital Estetik - Arap Bölgesi;​120219441796080080;CAMPAIGN_PAUSED;LEAD_GENERATION;0;0;4000;0;0;0;0;0;0;0;0;0;0
Ağustos 2026;Yabancı;Arapça;Lead;Medikal Estetik / Plastik Cerrahi;Doruk Hospital;TRY;Estetik - Genital Estetik - Arap Bölgesi  - Tümü - AR - Doruk Aesthetic Surgery;​120219441796010080;PAUSED;Genital Estetik - Arap Bölgesi;​120219441796080080;CAMPAIGN_PAUSED;LEAD_GENERATION;0;0;4000;0;0;0;0;0;0;0;0;0;0
Temmuz 2026;Yabancı;İngilizce;Lead;Medikal Estetik / Plastik Cerrahi;Doruk Hospital;TRY;Estetik - Genital Estetik - Avrupa Bölgesi - Tümü - EN - Doruk Aesthetic Surgery;​120219442670050080;PAUSED;Estetik - Genital Estetik - Avrupa Bölgesi;​120219442670030080;CAMPAIGN_PAUSED;LEAD_GENERATION;0;0;2500;0;0;0;0;0;0;0;0;0;0
Ağustos 2026;Yabancı;İngilizce;Lead;Medikal Estetik / Plastik Cerrahi;Doruk Hospital;TRY;Estetik - Genital Estetik - Avrupa Bölgesi - Tümü - EN - Doruk Aesthetic Surgery;​120219442670050080;PAUSED;Estetik - Genital Estetik - Avrupa Bölgesi;​120219442670030080;CAMPAIGN_PAUSED;LEAD_GENERATION;0;0;2500;0;0;0;0;0;0;0;0;0;0
Temmuz 2026;Yabancı;İngilizce;Lead;Medikal Estetik / Plastik Cerrahi;Doruk Hospital;TRY;Estetik - Genital Estetik - Avrupa Bölgesi - Tümü - EN - Doruk Hospital;​120218340780530080;PAUSED;Genital Estetik - Avrupa Bölgesi;​120218340780550080;PAUSED;QUALITY_LEAD;0;0;2000;0;0;0;0;0;0;0;0;0;0
Ağustos 2026;Yabancı;İngilizce;Lead;Medikal Estetik / Plastik Cerrahi;Doruk Hospital;TRY;Estetik - Genital Estetik - Avrupa Bölgesi - Tümü - EN - Doruk Hospital;​120218340780530080;PAUSED;Genital Estetik - Avrupa Bölgesi;​120218340780550080;PAUSED;QUALITY_LEAD;0;0;2000;0;0;0;0;0;0;0;0;0;0
Temmuz 2026;Yabancı;İngilizce;Lead;Medikal Estetik / Plastik Cerrahi;Doruk Hospital;TRY;Estetik - Genital Estetik - Avrupa Bölgesi - Tümü - EN - Doruk Hospital;​120218340780530080;PAUSED;Genital Estetik - Avrupa Bölgesi - Kopya;​120218950678750080;CAMPAIGN_PAUSED;LEAD_GENERATION;0;0;3000;0;0;0;0;0;0;0;0;0;0
Ağustos 2026;Yabancı;İngilizce;Lead;Medikal Estetik / Plastik Cerrahi;Doruk Hospital;TRY;Estetik - Genital Estetik - Avrupa Bölgesi - Tümü - EN - Doruk Hospital;​120218340780530080;PAUSED;Genital Estetik - Avrupa Bölgesi - Kopya;​120218950678750080;CAMPAIGN_PAUSED;LEAD_GENERATION;0;0;3000;0;0;0;0;0;0;0;0;0;0
Temmuz 2026;Yabancı;İngilizce;Lead;Medikal Estetik / Plastik Cerrahi;Doruk Hospital;TRY;Estetik - Genital Estetik - Birleşik Krallık - Tümü - EN - Doruk Aesthetic Surgery;​120219442289140080;PAUSED;Estetik - Genital Estetik - UK;​120219442289090080;CAMPAIGN_PAUSED;LEAD_GENERATION;0;0;2500;0;0;0;0;0;0;0;0;0;0
Ağustos 2026;Yabancı;İngilizce;Lead;Medikal Estetik / Plastik Cerrahi;Doruk Hospital;TRY;Estetik - Genital Estetik - Birleşik Krallık - Tümü - EN - Doruk Aesthetic Surgery;​120219442289140080;PAUSED;Estetik - Genital Estetik - UK;​120219442289090080;CAMPAIGN_PAUSED;LEAD_GENERATION;0;0;2500;0;0;0;0;0;0;0;0;0;0
Temmuz 2026;Yabancı;İngilizce;Lead;Medikal Estetik / Plastik Cerrahi;Doruk Hospital;TRY;Estetik - Genital Estetik - Birleşik Krallık - Tümü - EN - Doruk Hospital;​120218339331080080;PAUSED;Estetik - UK;​120218339331100080;PAUSED;QUALITY_LEAD;0;0;2000;0;0;0;0;0;0;0;0;0;0
Ağustos 2026;Yabancı;İngilizce;Lead;Medikal Estetik / Plastik Cerrahi;Doruk Hospital;TRY;Estetik - Genital Estetik - Birleşik Krallık - Tümü - EN - Doruk Hospital;​120218339331080080;PAUSED;Estetik - UK;​120218339331100080;PAUSED;QUALITY_LEAD;0;0;2000;0;0;0;0;0;0;0;0;0;0
Temmuz 2026;Yabancı;İngilizce;Lead;Medikal Estetik / Plastik Cerrahi;Doruk Hospital;TRY;Estetik - Genital Estetik - Birleşik Krallık - Tümü - EN - Doruk Hospital;​120218339331080080;PAUSED;Estetik - UK - Kopya;​120218944526160080;CAMPAIGN_PAUSED;LEAD_GENERATION;0;0;3000;0;0;0;0;0;0;0;0;0;0
Ağustos 2026;Yabancı;İngilizce;Lead;Medikal Estetik / Plastik Cerrahi;Doruk Hospital;TRY;Estetik - Genital Estetik - Birleşik Krallık - Tümü - EN - Doruk Hospital;​120218339331080080;PAUSED;Estetik - UK - Kopya;​120218944526160080;CAMPAIGN_PAUSED;LEAD_GENERATION;0;0;3000;0;0;0;0;0;0;0;0;0;0
Temmuz 2026;Yabancı;Rusça;Lead;Medikal Estetik / Plastik Cerrahi;Doruk Hospital;TRY;Estetik - Genital Estetik - Türki Cumhuriyetler - Tümü - RU - Doruk Aesthetic Surgery-SAD;​120228125501480080;PAUSED;Genital Estetik - Türki Cumh;​120228125501450080;CAMPAIGN_PAUSED;LEAD_GENERATION;0;0;4000;0;0;0;0;0;0;0;0;0;0
Ağustos 2026;Yabancı;Rusça;Lead;Medikal Estetik / Plastik Cerrahi;Doruk Hospital;TRY;Estetik - Genital Estetik - Türki Cumhuriyetler - Tümü - RU - Doruk Aesthetic Surgery-SAD;​120228125501480080;PAUSED;Genital Estetik - Türki Cumh;​120228125501450080;CAMPAIGN_PAUSED;LEAD_GENERATION;0;0;4000;0;0;0;0;0;0;0;0;0;0
Temmuz 2026;Yabancı;Rusça;Lead;Medikal Estetik / Plastik Cerrahi;Doruk Hospital;TRY;Estetik - Genital Estetik - Türki Cumhuriyetler - Tümü - RU - Doruk Aesthetic Surgery;​120219442053420080;PAUSED;Genital Estetik - Türki Cumh;​120219442053460080;CAMPAIGN_PAUSED;LEAD_GENERATION;0;0;4000;0;0;0;0;0;0;0;0;0;0
Ağustos 2026;Yabancı;Rusça;Lead;Medikal Estetik / Plastik Cerrahi;Doruk Hospital;TRY;Estetik - Genital Estetik - Türki Cumhuriyetler - Tümü - RU - Doruk Aesthetic Surgery;​120219442053420080;PAUSED;Genital Estetik - Türki Cumh;​120219442053460080;CAMPAIGN_PAUSED;LEAD_GENERATION;0;0;4000;0;0;0;0;0;0;0;0;0;0
Temmuz 2026;Yabancı;Rusça;Lead;Medikal Estetik / Plastik Cerrahi;Doruk Hospital;TRY;Estetik - Genital Estetik - Türki Cumhuriyetler - Tümü - RU - Doruk Hospital;​120218341134590080;PAUSED;Genital Estetik - Türki Cumh;​120218341134570080;CAMPAIGN_PAUSED;LEAD_GENERATION;0;0;6000;0;0;0;0;0;0;0;0;0;0
Ağustos 2026;Yabancı;Rusça;Lead;Medikal Estetik / Plastik Cerrahi;Doruk Hospital;TRY;Estetik - Genital Estetik - Türki Cumhuriyetler - Tümü - RU - Doruk Hospital;​120218341134590080;PAUSED;Genital Estetik - Türki Cumh;​120218341134570080;CAMPAIGN_PAUSED;LEAD_GENERATION;0;0;6000;0;0;0;0;0;0;0;0;0;0
Temmuz 2026;Yabancı;Rusça;Lead;Medikal Estetik / Plastik Cerrahi;Doruk Hospital;TRY;Estetik - Jinekomasti - Türki Cumhuriyetler - Tümü - RU - Doruk Aesthetic Surgery - on_lead;​120228111131150080;PAUSED;jinekomasti - on_lead - dinamik;​120228111131260080;CAMPAIGN_PAUSED;LEAD_GENERATION;0;0;10000;0;0;0;0;0;0;0;0;0;0
Ağustos 2026;Yabancı;Rusça;Lead;Medikal Estetik / Plastik Cerrahi;Doruk Hospital;TRY;Estetik - Jinekomasti - Türki Cumhuriyetler - Tümü - RU - Doruk Aesthetic Surgery - on_lead;​120228111131150080;PAUSED;jinekomasti - on_lead - dinamik;​120228111131260080;CAMPAIGN_PAUSED;LEAD_GENERATION;0;0;10000;0;0;0;0;0;0;0;0;0;0
Temmuz 2026;Yabancı;Arapça;Lead;Medikal Estetik / Plastik Cerrahi;Doruk Hospital;TRY;Meme Estetiği - Jinekomasti - Arap Bölgesi - Tümü - AR - Doruk Aesthetic Surgery;​120219688483430080;PAUSED;Jinekomasti - Arap Bölgesi - 15 Saniye Set;​120219688483420080;CAMPAIGN_PAUSED;LEAD_GENERATION;0;0;4000;0;0;0;0;0;0;0;0;0;0
Ağustos 2026;Yabancı;Arapça;Lead;Medikal Estetik / Plastik Cerrahi;Doruk Hospital;TRY;Meme Estetiği - Jinekomasti - Arap Bölgesi - Tümü - AR - Doruk Aesthetic Surgery;​120219688483430080;PAUSED;Jinekomasti - Arap Bölgesi - 15 Saniye Set;​120219688483420080;CAMPAIGN_PAUSED;LEAD_GENERATION;0;0;4000;0;0;0;0;0;0;0;0;0;0
Temmuz 2026;Yabancı;Arapça;Lead;Medikal Estetik / Plastik Cerrahi;Doruk Hospital;TRY;Meme Estetiği - Jinekomasti - Arap Bölgesi - Tümü - AR - Doruk Jinekomasti;​120247623884690080;PAUSED;Jinekomasti - Arap Bölgesi;​120247623884680080;CAMPAIGN_PAUSED;LEAD_GENERATION;0;0;4000;0;3902.07;28841;15139;542;22;23;45;23;5365
Ağustos 2026;Yabancı;Arapça;Lead;Medikal Estetik / Plastik Cerrahi;Doruk Hospital;TRY;Meme Estetiği - Jinekomasti - Arap Bölgesi - Tümü - AR - Doruk Jinekomasti;​120247623884690080;PAUSED;Jinekomasti - Arap Bölgesi;​120247623884680080;CAMPAIGN_PAUSED;LEAD_GENERATION;0;0;4000;0;11740.74;85365;47213;1178;40;41;81;41;14812
Temmuz 2026;Yabancı;Arapça;Lead;Medikal Estetik / Plastik Cerrahi;Doruk Hospital;TRY;Meme Estetiği - Jinekomasti - Arap Bölgesi - Tümü - AR - Obesity Surgery Center - CTW;​120218706136570080;PAUSED;Jinekomasti - Arap Bölgesi - 15 Saniye Set;​120218706136600080;CAMPAIGN_PAUSED;CONVERSATIONS;0;0;4000;0;0;0;0;0;0;0;0;0;0
Ağustos 2026;Yabancı;Arapça;Lead;Medikal Estetik / Plastik Cerrahi;Doruk Hospital;TRY;Meme Estetiği - Jinekomasti - Arap Bölgesi - Tümü - AR - Obesity Surgery Center - CTW;​120218706136570080;PAUSED;Jinekomasti - Arap Bölgesi - 15 Saniye Set;​120218706136600080;CAMPAIGN_PAUSED;CONVERSATIONS;0;0;4000;0;0;0;0;0;0;0;0;0;0
Temmuz 2026;Yabancı;Arapça;Lead;Medikal Estetik / Plastik Cerrahi;Doruk Hospital;TRY;Meme Estetiği - Jinekomasti - Arap Bölgesi - Tümü - AR - Obesity Surgery Center;​120216713777290080;PAUSED;Jinekomasti - Arap Bölgesi - 15 Saniye Set;​120216713777270080;CAMPAIGN_PAUSED;LEAD_GENERATION;0;0;4000;0;0;0;0;0;0;0;0;0;0
Ağustos 2026;Yabancı;Arapça;Lead;Medikal Estetik / Plastik Cerrahi;Doruk Hospital;TRY;Meme Estetiği - Jinekomasti - Arap Bölgesi - Tümü - AR - Obesity Surgery Center;​120216713777290080;PAUSED;Jinekomasti - Arap Bölgesi - 15 Saniye Set;​120216713777270080;CAMPAIGN_PAUSED;LEAD_GENERATION;0;0;4000;0;0;0;0;0;0;0;0;0;0
Temmuz 2026;Yabancı;İngilizce;Lead;Medikal Estetik / Plastik Cerrahi;Doruk Hospital;TRY;Meme Estetiği - Jinekomasti - Avrupa Bölgesi - Tümü - EN - Doruk Aesthetic Surgery;​120219688526390080;PAUSED;Jinekomasti - Avrupa Bölgesi - 15 Saniye Set;​120219688526410080;CAMPAIGN_PAUSED;LEAD_GENERATION;0;0;3000;0;0;0;0;0;0;0;0;0;0
Ağustos 2026;Yabancı;İngilizce;Lead;Medikal Estetik / Plastik Cerrahi;Doruk Hospital;TRY;Meme Estetiği - Jinekomasti - Avrupa Bölgesi - Tümü - EN - Doruk Aesthetic Surgery;​120219688526390080;PAUSED;Jinekomasti - Avrupa Bölgesi - 15 Saniye Set;​120219688526410080;CAMPAIGN_PAUSED;LEAD_GENERATION;0;0;3000;0;0;0;0;0;0;0;0;0;0
Temmuz 2026;Yabancı;İngilizce;Lead;Medikal Estetik / Plastik Cerrahi;Doruk Hospital;TRY;Meme Estetiği - Jinekomasti - Avrupa Bölgesi - Tümü - EN - Obesity Surgery Center;​120216496701780080;PAUSED;Jinekomasti - Avrupa Bölgesi - 15 Saniye Set;​120216496701790080;CAMPAIGN_PAUSED;LEAD_GENERATION;0;0;2000;0;0;0;0;0;0;0;0;0;0
Ağustos 2026;Yabancı;İngilizce;Lead;Medikal Estetik / Plastik Cerrahi;Doruk Hospital;TRY;Meme Estetiği - Jinekomasti - Avrupa Bölgesi - Tümü - EN - Obesity Surgery Center;​120216496701780080;PAUSED;Jinekomasti - Avrupa Bölgesi - 15 Saniye Set;​120216496701790080;CAMPAIGN_PAUSED;LEAD_GENERATION;0;0;2000;0;0;0;0;0;0;0;0;0;0
Temmuz 2026;Yabancı;İngilizce;Lead;Medikal Estetik / Plastik Cerrahi;Doruk Hospital;TRY;Meme Estetiği - Jinekomasti - Birleşik Krallık - Tümü - EN - Doruk Aesthetic Surgery;​120219688507620080;PAUSED;Jinekomasti - UK - 15 Saniye Set;​120219688507580080;CAMPAIGN_PAUSED;LEAD_GENERATION;0;0;3000;0;0;0;0;0;0;0;0;0;0
Ağustos 2026;Yabancı;İngilizce;Lead;Medikal Estetik / Plastik Cerrahi;Doruk Hospital;TRY;Meme Estetiği - Jinekomasti - Birleşik Krallık - Tümü - EN - Doruk Aesthetic Surgery;​120219688507620080;PAUSED;Jinekomasti - UK - 15 Saniye Set;​120219688507580080;CAMPAIGN_PAUSED;LEAD_GENERATION;0;0;3000;0;0;0;0;0;0;0;0;0;0
Temmuz 2026;Yabancı;İngilizce;Lead;Medikal Estetik / Plastik Cerrahi;Doruk Hospital;TRY;Meme Estetiği - Jinekomasti - Birleşik Krallık - Tümü - EN - Doruk Jinekomasti;​120247571768010080;PAUSED;Jinekomasti - UK;​120247576936700080;CAMPAIGN_PAUSED;LEAD_GENERATION;0;0;3000;0;7124.92;15999;7801;372;29;0;29;0;2957
Ağustos 2026;Yabancı;İngilizce;Lead;Medikal Estetik / Plastik Cerrahi;Doruk Hospital;TRY;Meme Estetiği - Jinekomasti - Birleşik Krallık - Tümü - EN - Doruk Jinekomasti;​120247571768010080;PAUSED;Jinekomasti - UK;​120247576936700080;CAMPAIGN_PAUSED;LEAD_GENERATION;0;0;3000;0;8098.5;17618;10411;344;18;0;18;0;3159
Temmuz 2026;Yabancı;İngilizce;Lead;Medikal Estetik / Plastik Cerrahi;Doruk Hospital;TRY;Meme Estetiği - Jinekomasti - Birleşik Krallık - Tümü - EN - Obesity Surgery Center;​120216494033620080;PAUSED;Jinekomasti - UK - 15 Saniye Set;​120216494033840080;CAMPAIGN_PAUSED;LEAD_GENERATION;0;0;2000;0;0;0;0;0;0;0;0;0;0
Ağustos 2026;Yabancı;İngilizce;Lead;Medikal Estetik / Plastik Cerrahi;Doruk Hospital;TRY;Meme Estetiği - Jinekomasti - Birleşik Krallık - Tümü - EN - Obesity Surgery Center;​120216494033620080;PAUSED;Jinekomasti - UK - 15 Saniye Set;​120216494033840080;CAMPAIGN_PAUSED;LEAD_GENERATION;0;0;2000;0;0;0;0;0;0;0;0;0;0
Temmuz 2026;Yabancı;Rusça;Lead;Medikal Estetik / Plastik Cerrahi;Doruk Hospital;TRY;Meme Estetiği - Jinekomasti - Türki Cumhuriyetleri - Tümü - RU - Doruk Aesthetic Surgery;​120219688447680080;PAUSED;Jinekomasti - Türki Cumhuriyetler - 15 Saniye Set;​120219688447690080;CAMPAIGN_PAUSED;LEAD_GENERATION;0;0;2000;0;0;0;0;0;0;0;0;0;0
Ağustos 2026;Yabancı;Rusça;Lead;Medikal Estetik / Plastik Cerrahi;Doruk Hospital;TRY;Meme Estetiği - Jinekomasti - Türki Cumhuriyetleri - Tümü - RU - Doruk Aesthetic Surgery;​120219688447680080;PAUSED;Jinekomasti - Türki Cumhuriyetler - 15 Saniye Set;​120219688447690080;CAMPAIGN_PAUSED;LEAD_GENERATION;0;0;2000;0;0;0;0;0;0;0;0;0;0
Temmuz 2026;Yabancı;Rusça;Lead;Medikal Estetik / Plastik Cerrahi;Doruk Hospital;TRY;Meme Estetiği - Jinekomasti - Türki Cumhuriyetleri - Tümü - RU - Obesity Surgery Center;​120216893233340080;PAUSED;Jinekomasti - Türkiye Cumhuriyetleri - 15 Saniye Set;​120216893233300080;CAMPAIGN_PAUSED;LEAD_GENERATION;0;0;2000;0;0;0;0;0;0;0;0;0;0
Ağustos 2026;Yabancı;Rusça;Lead;Medikal Estetik / Plastik Cerrahi;Doruk Hospital;TRY;Meme Estetiği - Jinekomasti - Türki Cumhuriyetleri - Tümü - RU - Obesity Surgery Center;​120216893233340080;PAUSED;Jinekomasti - Türkiye Cumhuriyetleri - 15 Saniye Set;​120216893233300080;CAMPAIGN_PAUSED;LEAD_GENERATION;0;0;2000;0;0;0;0;0;0;0;0;0;0
Temmuz 2026;Yabancı;Arapça;Lead;Medikal Estetik / Plastik Cerrahi;Doruk Hospital;TRY;Vücut Şekillendirme - Lipo/Abdo - Arap Bölgesi - Tümü - AR - Doruk Aesthetic Surgery;​120219763626200080;PAUSED;Abdo - Arap Bölgesi - 15 Saniye Set;​120219763626170080;CAMPAIGN_PAUSED;LEAD_GENERATION;0;0;4000;0;0;0;0;0;0;0;0;0;0
Ağustos 2026;Yabancı;Arapça;Lead;Medikal Estetik / Plastik Cerrahi;Doruk Hospital;TRY;Vücut Şekillendirme - Lipo/Abdo - Arap Bölgesi - Tümü - AR - Doruk Aesthetic Surgery;​120219763626200080;PAUSED;Abdo - Arap Bölgesi - 15 Saniye Set;​120219763626170080;CAMPAIGN_PAUSED;LEAD_GENERATION;0;0;4000;0;0;0;0;0;0;0;0;0;0
Temmuz 2026;Yabancı;Arapça;Lead;Medikal Estetik / Plastik Cerrahi;Doruk Hospital;TRY;Vücut Şekillendirme - Lipo/Abdo - Arap Bölgesi - Tümü - AR - Doruk Aesthetic Surgery;​120219763626200080;PAUSED;Lipo - Arap Bölgesi - 15 Saniye Set;​120219763626150080;CAMPAIGN_PAUSED;LEAD_GENERATION;0;0;4000;0;0;0;0;0;0;0;0;0;0
Ağustos 2026;Yabancı;Arapça;Lead;Medikal Estetik / Plastik Cerrahi;Doruk Hospital;TRY;Vücut Şekillendirme - Lipo/Abdo - Arap Bölgesi - Tümü - AR - Doruk Aesthetic Surgery;​120219763626200080;PAUSED;Lipo - Arap Bölgesi - 15 Saniye Set;​120219763626150080;CAMPAIGN_PAUSED;LEAD_GENERATION;0;0;4000;0;0;0;0;0;0;0;0;0;0
Temmuz 2026;Yabancı;Arapça;Lead;Medikal Estetik / Plastik Cerrahi;Doruk Hospital;TRY;Vücut Şekillendirme - Lipo/Abdo - Arap Bölgesi - Tümü - AR - Obesity Surgery Center - CTW;​120218706234270080;PAUSED;Abdo - Arap Bölgesi - 15 Saniye Set;​120218706293990080;CAMPAIGN_PAUSED;CONVERSATIONS;0;0;4000;0;0;0;0;0;0;0;0;0;0
Ağustos 2026;Yabancı;Arapça;Lead;Medikal Estetik / Plastik Cerrahi;Doruk Hospital;TRY;Vücut Şekillendirme - Lipo/Abdo - Arap Bölgesi - Tümü - AR - Obesity Surgery Center - CTW;​120218706234270080;PAUSED;Abdo - Arap Bölgesi - 15 Saniye Set;​120218706293990080;CAMPAIGN_PAUSED;CONVERSATIONS;0;0;4000;0;0;0;0;0;0;0;0;0;0
Temmuz 2026;Yabancı;Arapça;Lead;Medikal Estetik / Plastik Cerrahi;Doruk Hospital;TRY;Vücut Şekillendirme - Lipo/Abdo - Arap Bölgesi - Tümü - AR - Obesity Surgery Center - CTW;​120218706234270080;PAUSED;Lipo - Arap Bölgesi - 15 Saniye Set;​120218706234250080;CAMPAIGN_PAUSED;CONVERSATIONS;0;0;4000;0;0;0;0;0;0;0;0;0;0
Ağustos 2026;Yabancı;Arapça;Lead;Medikal Estetik / Plastik Cerrahi;Doruk Hospital;TRY;Vücut Şekillendirme - Lipo/Abdo - Arap Bölgesi - Tümü - AR - Obesity Surgery Center - CTW;​120218706234270080;PAUSED;Lipo - Arap Bölgesi - 15 Saniye Set;​120218706234250080;CAMPAIGN_PAUSED;CONVERSATIONS;0;0;4000;0;0;0;0;0;0;0;0;0;0
Temmuz 2026;Yabancı;Arapça;Lead;Medikal Estetik / Plastik Cerrahi;Doruk Hospital;TRY;Vücut Şekillendirme - Lipo/Abdo - Arap Bölgesi - Tümü - AR - Obesity Surgery Center;​120216716897510080;PAUSED;Abdo - Arap Bölgesi - 15 Saniye Set;​120216716897500080;CAMPAIGN_PAUSED;LEAD_GENERATION;0;0;4000;0;0;0;0;0;0;0;0;0;0
Ağustos 2026;Yabancı;Arapça;Lead;Medikal Estetik / Plastik Cerrahi;Doruk Hospital;TRY;Vücut Şekillendirme - Lipo/Abdo - Arap Bölgesi - Tümü - AR - Obesity Surgery Center;​120216716897510080;PAUSED;Abdo - Arap Bölgesi - 15 Saniye Set;​120216716897500080;CAMPAIGN_PAUSED;LEAD_GENERATION;0;0;4000;0;0;0;0;0;0;0;0;0;0
Temmuz 2026;Yabancı;Arapça;Lead;Medikal Estetik / Plastik Cerrahi;Doruk Hospital;TRY;Vücut Şekillendirme - Lipo/Abdo - Arap Bölgesi - Tümü - AR - Obesity Surgery Center;​120216716897510080;PAUSED;Lipo - Arap Bölgesi - 15 Saniye Set;​120216726744720080;CAMPAIGN_PAUSED;LEAD_GENERATION;0;0;4000;0;0;0;0;0;0;0;0;0;0
Ağustos 2026;Yabancı;Arapça;Lead;Medikal Estetik / Plastik Cerrahi;Doruk Hospital;TRY;Vücut Şekillendirme - Lipo/Abdo - Arap Bölgesi - Tümü - AR - Obesity Surgery Center;​120216716897510080;PAUSED;Lipo - Arap Bölgesi - 15 Saniye Set;​120216726744720080;CAMPAIGN_PAUSED;LEAD_GENERATION;0;0;4000;0;0;0;0;0;0;0;0;0;0
Temmuz 2026;Yabancı;İngilizce;Lead;Medikal Estetik / Plastik Cerrahi;Doruk Hospital;TRY;Vücut Şekillendirme - Lipo/Abdo - Avrupa Bölgesi - Tümü - EN - Doruk Aesthetic Surgery;​120219763911790080;PAUSED;Abdo - Avrupa Bölgesi - 15 Saniye Set;​120219763911730080;CAMPAIGN_PAUSED;LEAD_GENERATION;0;0;2000;0;0;0;0;0;0;0;0;0;0
Ağustos 2026;Yabancı;İngilizce;Lead;Medikal Estetik / Plastik Cerrahi;Doruk Hospital;TRY;Vücut Şekillendirme - Lipo/Abdo - Avrupa Bölgesi - Tümü - EN - Doruk Aesthetic Surgery;​120219763911790080;PAUSED;Abdo - Avrupa Bölgesi - 15 Saniye Set;​120219763911730080;CAMPAIGN_PAUSED;LEAD_GENERATION;0;0;2000;0;0;0;0;0;0;0;0;0;0
Temmuz 2026;Yabancı;İngilizce;Lead;Medikal Estetik / Plastik Cerrahi;Doruk Hospital;TRY;Vücut Şekillendirme - Lipo/Abdo - Avrupa Bölgesi - Tümü - EN - Doruk Aesthetic Surgery;​120219763911790080;PAUSED;Lipo - Avrupa Bölgesi - 15 Saniye Set;​120219763911740080;CAMPAIGN_PAUSED;LEAD_GENERATION;0;0;2000;0;0;0;0;0;0;0;0;0;0
Ağustos 2026;Yabancı;İngilizce;Lead;Medikal Estetik / Plastik Cerrahi;Doruk Hospital;TRY;Vücut Şekillendirme - Lipo/Abdo - Avrupa Bölgesi - Tümü - EN - Doruk Aesthetic Surgery;​120219763911790080;PAUSED;Lipo - Avrupa Bölgesi - 15 Saniye Set;​120219763911740080;CAMPAIGN_PAUSED;LEAD_GENERATION;0;0;2000;0;0;0;0;0;0;0;0;0;0
Temmuz 2026;Yabancı;İngilizce;Lead;Medikal Estetik / Plastik Cerrahi;Doruk Hospital;TRY;Vücut Şekillendirme - Lipo/Abdo - Avrupa Bölgesi - Tümü - EN - Obesity Surgery Center;​120216497354840080;PAUSED;Abdo - Avrupa Bölgesi - 15 Saniye Set;​120216499286360080;CAMPAIGN_PAUSED;LEAD_GENERATION;0;0;1500;0;0;0;0;0;0;0;0;0;0
Ağustos 2026;Yabancı;İngilizce;Lead;Medikal Estetik / Plastik Cerrahi;Doruk Hospital;TRY;Vücut Şekillendirme - Lipo/Abdo - Avrupa Bölgesi - Tümü - EN - Obesity Surgery Center;​120216497354840080;PAUSED;Abdo - Avrupa Bölgesi - 15 Saniye Set;​120216499286360080;CAMPAIGN_PAUSED;LEAD_GENERATION;0;0;1500;0;0;0;0;0;0;0;0;0;0
Temmuz 2026;Yabancı;İngilizce;Lead;Medikal Estetik / Plastik Cerrahi;Doruk Hospital;TRY;Vücut Şekillendirme - Lipo/Abdo - Avrupa Bölgesi - Tümü - EN - Obesity Surgery Center;​120216497354840080;PAUSED;Lipo - Avrupa Bölgesi - 15 Saniye Set;​120216497354860080;CAMPAIGN_PAUSED;LEAD_GENERATION;0;0;1500;0;0;0;0;0;0;0;0;0;0
Ağustos 2026;Yabancı;İngilizce;Lead;Medikal Estetik / Plastik Cerrahi;Doruk Hospital;TRY;Vücut Şekillendirme - Lipo/Abdo - Avrupa Bölgesi - Tümü - EN - Obesity Surgery Center;​120216497354840080;PAUSED;Lipo - Avrupa Bölgesi - 15 Saniye Set;​120216497354860080;CAMPAIGN_PAUSED;LEAD_GENERATION;0;0;1500;0;0;0;0;0;0;0;0;0;0
Temmuz 2026;Yabancı;İngilizce;Lead;Medikal Estetik / Plastik Cerrahi;Doruk Hospital;TRY;Vücut Şekillendirme - Lipo/Abdo - Birleşik Krallık - Tümü - EN - Doruk Aesthetic Surgery;​120219764006330080;PAUSED;Abdo - UK - 15 Saniye Set;​120219764006360080;CAMPAIGN_PAUSED;LEAD_GENERATION;0;0;2000;0;0;0;0;0;0;0;0;0;0
Ağustos 2026;Yabancı;İngilizce;Lead;Medikal Estetik / Plastik Cerrahi;Doruk Hospital;TRY;Vücut Şekillendirme - Lipo/Abdo - Birleşik Krallık - Tümü - EN - Doruk Aesthetic Surgery;​120219764006330080;PAUSED;Abdo - UK - 15 Saniye Set;​120219764006360080;CAMPAIGN_PAUSED;LEAD_GENERATION;0;0;2000;0;0;0;0;0;0;0;0;0;0
Temmuz 2026;Yabancı;İngilizce;Lead;Medikal Estetik / Plastik Cerrahi;Doruk Hospital;TRY;Vücut Şekillendirme - Lipo/Abdo - Birleşik Krallık - Tümü - EN - Doruk Aesthetic Surgery;​120219764006330080;PAUSED;Lipo - UK - 15 Saniye Set;​120219764006280080;CAMPAIGN_PAUSED;LEAD_GENERATION;0;0;2000;0;0;0;0;0;0;0;0;0;0
Ağustos 2026;Yabancı;İngilizce;Lead;Medikal Estetik / Plastik Cerrahi;Doruk Hospital;TRY;Vücut Şekillendirme - Lipo/Abdo - Birleşik Krallık - Tümü - EN - Doruk Aesthetic Surgery;​120219764006330080;PAUSED;Lipo - UK - 15 Saniye Set;​120219764006280080;CAMPAIGN_PAUSED;LEAD_GENERATION;0;0;2000;0;0;0;0;0;0;0;0;0;0
Temmuz 2026;Yabancı;İngilizce;Lead;Medikal Estetik / Plastik Cerrahi;Doruk Hospital;TRY;Vücut Şekillendirme - Lipo/Abdo - Birleşik Krallık - Tümü - EN - Obesity Surgery Center;​120216502032960080;PAUSED;Abdo - UK - 15 Saniye Set;​120216502032910080;CAMPAIGN_PAUSED;LEAD_GENERATION;0;0;2000;0;0;0;0;0;0;0;0;0;0
Ağustos 2026;Yabancı;İngilizce;Lead;Medikal Estetik / Plastik Cerrahi;Doruk Hospital;TRY;Vücut Şekillendirme - Lipo/Abdo - Birleşik Krallık - Tümü - EN - Obesity Surgery Center;​120216502032960080;PAUSED;Abdo - UK - 15 Saniye Set;​120216502032910080;CAMPAIGN_PAUSED;LEAD_GENERATION;0;0;2000;0;0;0;0;0;0;0;0;0;0
Temmuz 2026;Yabancı;İngilizce;Lead;Medikal Estetik / Plastik Cerrahi;Doruk Hospital;TRY;Vücut Şekillendirme - Lipo/Abdo - Birleşik Krallık - Tümü - EN - Obesity Surgery Center;​120216502032960080;PAUSED;Lipo - UK - 15 Saniye Set;​120216502032990080;CAMPAIGN_PAUSED;LEAD_GENERATION;0;0;2000;0;0;0;0;0;0;0;0;0;0
Ağustos 2026;Yabancı;İngilizce;Lead;Medikal Estetik / Plastik Cerrahi;Doruk Hospital;TRY;Vücut Şekillendirme - Lipo/Abdo - Birleşik Krallık - Tümü - EN - Obesity Surgery Center;​120216502032960080;PAUSED;Lipo - UK - 15 Saniye Set;​120216502032990080;CAMPAIGN_PAUSED;LEAD_GENERATION;0;0;2000;0;0;0;0;0;0;0;0;0;0
Temmuz 2026;Yabancı;Rusça;Lead;Medikal Estetik / Plastik Cerrahi;Doruk Hospital;TRY;Vücut Şekillendirme - Lipo/Abdo - Türki Cumhuriyetleri - Tümü - RU - Doruk Aesthetic Surgery;​120219763519310080;PAUSED;Abdo - Türki Cumhuriyetleri - 15 Saniye Set;​120219763519340080;CAMPAIGN_PAUSED;LEAD_GENERATION;0;0;3000;0;0;0;0;0;0;0;0;0;0
Ağustos 2026;Yabancı;Rusça;Lead;Medikal Estetik / Plastik Cerrahi;Doruk Hospital;TRY;Vücut Şekillendirme - Lipo/Abdo - Türki Cumhuriyetleri - Tümü - RU - Doruk Aesthetic Surgery;​120219763519310080;PAUSED;Abdo - Türki Cumhuriyetleri - 15 Saniye Set;​120219763519340080;CAMPAIGN_PAUSED;LEAD_GENERATION;0;0;3000;0;0;0;0;0;0;0;0;0;0
Temmuz 2026;Yabancı;Rusça;Lead;Medikal Estetik / Plastik Cerrahi;Doruk Hospital;TRY;Vücut Şekillendirme - Lipo/Abdo - Türki Cumhuriyetleri - Tümü - RU - Doruk Aesthetic Surgery;​120219763519310080;PAUSED;Lipo - Türki Cumhuriyetleri - 15 Saniye Set;​120219763519300080;CAMPAIGN_PAUSED;LEAD_GENERATION;0;0;3000;0;0;0;0;0;0;0;0;0;0
Ağustos 2026;Yabancı;Rusça;Lead;Medikal Estetik / Plastik Cerrahi;Doruk Hospital;TRY;Vücut Şekillendirme - Lipo/Abdo - Türki Cumhuriyetleri - Tümü - RU - Doruk Aesthetic Surgery;​120219763519310080;PAUSED;Lipo - Türki Cumhuriyetleri - 15 Saniye Set;​120219763519300080;CAMPAIGN_PAUSED;LEAD_GENERATION;0;0;3000;0;0;0;0;0;0;0;0;0;0
Temmuz 2026;Yabancı;Rusça;Lead;Medikal Estetik / Plastik Cerrahi;Doruk Hospital;TRY;Vücut Şekillendirme - Lipo/Abdo - Türki Cumhuriyetleri - Tümü - RU - Obesity Surgery Center;​120216894221960080;PAUSED;Abdo - Türki Cumhuriyetleri - 15 Saniye Set;​120216894936560080;CAMPAIGN_PAUSED;LEAD_GENERATION;0;0;3000;0;0;0;0;0;0;0;0;0;0
Ağustos 2026;Yabancı;Rusça;Lead;Medikal Estetik / Plastik Cerrahi;Doruk Hospital;TRY;Vücut Şekillendirme - Lipo/Abdo - Türki Cumhuriyetleri - Tümü - RU - Obesity Surgery Center;​120216894221960080;PAUSED;Abdo - Türki Cumhuriyetleri - 15 Saniye Set;​120216894936560080;CAMPAIGN_PAUSED;LEAD_GENERATION;0;0;3000;0;0;0;0;0;0;0;0;0;0
Temmuz 2026;Yabancı;Rusça;Lead;Medikal Estetik / Plastik Cerrahi;Doruk Hospital;TRY;Vücut Şekillendirme - Lipo/Abdo - Türki Cumhuriyetleri - Tümü - RU - Obesity Surgery Center;​120216894221960080;PAUSED;Lipo - Türki Cumhuriyetleri - 15 Saniye Set;​120216894942250080;CAMPAIGN_PAUSED;LEAD_GENERATION;0;0;3000;0;0;0;0;0;0;0;0;0;0
Ağustos 2026;Yabancı;Rusça;Lead;Medikal Estetik / Plastik Cerrahi;Doruk Hospital;TRY;Vücut Şekillendirme - Lipo/Abdo - Türki Cumhuriyetleri - Tümü - RU - Obesity Surgery Center;​120216894221960080;PAUSED;Lipo - Türki Cumhuriyetleri - 15 Saniye Set;​120216894942250080;CAMPAIGN_PAUSED;LEAD_GENERATION;0;0;3000;0;0;0;0;0;0;0;0;0;0
Temmuz 2026;Yabancı;İngilizce;Lead;Obezite Cerrahisi;Doruk Hospital;TRY;Obezite - Obezite Cerrahisi -  Amerika - Tümü - EN - Obesity Surgery Center;​120214894253860080;PAUSED;Obezite -  Obezite b/a Set;​120215139562230080;CAMPAIGN_PAUSED;LEAD_GENERATION;0;0;7000;0;0;0;0;0;0;0;0;0;0
Ağustos 2026;Yabancı;İngilizce;Lead;Obezite Cerrahisi;Doruk Hospital;TRY;Obezite - Obezite Cerrahisi -  Amerika - Tümü - EN - Obesity Surgery Center;​120214894253860080;PAUSED;Obezite -  Obezite b/a Set;​120215139562230080;CAMPAIGN_PAUSED;LEAD_GENERATION;0;0;7000;0;0;0;0;0;0;0;0;0;0
Temmuz 2026;Yabancı;İngilizce;Lead;Obezite Cerrahisi;Doruk Hospital;TRY;Obezite - Obezite Cerrahisi -  Amerika - Tümü - EN - Obesity Surgery Center;​120214894253860080;PAUSED;Obezite - 1 dakika & 15 sn Set;​120214894253870080;CAMPAIGN_PAUSED;LEAD_GENERATION;0;0;7000;0;0;0;0;0;0;0;0;0;0
Ağustos 2026;Yabancı;İngilizce;Lead;Obezite Cerrahisi;Doruk Hospital;TRY;Obezite - Obezite Cerrahisi -  Amerika - Tümü - EN - Obesity Surgery Center;​120214894253860080;PAUSED;Obezite - 1 dakika & 15 sn Set;​120214894253870080;CAMPAIGN_PAUSED;LEAD_GENERATION;0;0;7000;0;0;0;0;0;0;0;0;0;0
Temmuz 2026;Yabancı;İngilizce;Lead;Obezite Cerrahisi;Doruk Hospital;TRY;Obezite - Obezite Cerrahisi -  Amerika - Tümü - EN - Obesity Surgery Center;​120214894253860080;PAUSED;Obezite - Obezite Cerrahisi -  Amerika - Tümü - EN - Obesity Surgery Center - Statik Set;​120214894253770080;PAUSED;LEAD_GENERATION;0;0;4500;0;0;0;0;0;0;0;0;0;0
Ağustos 2026;Yabancı;İngilizce;Lead;Obezite Cerrahisi;Doruk Hospital;TRY;Obezite - Obezite Cerrahisi -  Amerika - Tümü - EN - Obesity Surgery Center;​120214894253860080;PAUSED;Obezite - Obezite Cerrahisi -  Amerika - Tümü - EN - Obesity Surgery Center - Statik Set;​120214894253770080;PAUSED;LEAD_GENERATION;0;0;4500;0;0;0;0;0;0;0;0;0;0
Temmuz 2026;Yabancı;İngilizce;Lead;Obezite Cerrahisi;Doruk Hospital;TRY;Obezite - Obezite Cerrahisi -  Avrupa Bölgesi - Tümü - EN - Doruk Hospital;​120214553624090080;PAUSED;Obezite - Obezite Cerrahisi -  Avrupa Bölgesi - Tümü - EN - Doruk Hospital - Statik Set;​120214553623980080;CAMPAIGN_PAUSED;LEAD_GENERATION;0;0;3500;0;0;0;0;0;0;0;0;0;0
Ağustos 2026;Yabancı;İngilizce;Lead;Obezite Cerrahisi;Doruk Hospital;TRY;Obezite - Obezite Cerrahisi -  Avrupa Bölgesi - Tümü - EN - Doruk Hospital;​120214553624090080;PAUSED;Obezite - Obezite Cerrahisi -  Avrupa Bölgesi - Tümü - EN - Doruk Hospital - Statik Set;​120214553623980080;CAMPAIGN_PAUSED;LEAD_GENERATION;0;0;3500;0;0;0;0;0;0;0;0;0;0
Temmuz 2026;Yabancı;İngilizce;Lead;Obezite Cerrahisi;Doruk Hospital;TRY;Obezite - Obezite Cerrahisi -  Avrupa Bölgesi - Tümü - EN - Obesity Surgery Center;​120214552851530080;PAUSED;Obezite - Avrupa - EN - 1 dakika & 15 sn Set;​120214686500820080;CAMPAIGN_PAUSED;LEAD_GENERATION;0;0;5000;0;0;0;0;0;0;0;0;0;0
Ağustos 2026;Yabancı;İngilizce;Lead;Obezite Cerrahisi;Doruk Hospital;TRY;Obezite - Obezite Cerrahisi -  Avrupa Bölgesi - Tümü - EN - Obesity Surgery Center;​120214552851530080;PAUSED;Obezite - Avrupa - EN - 1 dakika & 15 sn Set;​120214686500820080;CAMPAIGN_PAUSED;LEAD_GENERATION;0;0;5000;0;0;0;0;0;0;0;0;0;0
Temmuz 2026;Yabancı;İngilizce;Lead;Obezite Cerrahisi;Doruk Hospital;TRY;Obezite - Obezite Cerrahisi -  Avrupa Bölgesi - Tümü - EN - Obesity Surgery Center;​120214552851530080;PAUSED;Obezite - Avrupa - Obezite b/a Set;​120215139659630080;CAMPAIGN_PAUSED;LEAD_GENERATION;0;0;6000;0;0;0;0;0;0;0;0;0;0
Ağustos 2026;Yabancı;İngilizce;Lead;Obezite Cerrahisi;Doruk Hospital;TRY;Obezite - Obezite Cerrahisi -  Avrupa Bölgesi - Tümü - EN - Obesity Surgery Center;​120214552851530080;PAUSED;Obezite - Avrupa - Obezite b/a Set;​120215139659630080;CAMPAIGN_PAUSED;LEAD_GENERATION;0;0;6000;0;0;0;0;0;0;0;0;0;0
Temmuz 2026;Yabancı;İngilizce;Lead;Obezite Cerrahisi;Doruk Hospital;TRY;Obezite - Obezite Cerrahisi -  Avrupa Bölgesi - Tümü - EN - Obesity Surgery Center;​120214552851530080;PAUSED;Obezite - Obezite Cerrahisi -  Avrupa Bölgesi - Tümü - EN - Obesity Surgery Center - Statik Set;​120214552851810080;PAUSED;LEAD_GENERATION;0;0;4500;0;0;0;0;0;0;0;0;0;0
Ağustos 2026;Yabancı;İngilizce;Lead;Obezite Cerrahisi;Doruk Hospital;TRY;Obezite - Obezite Cerrahisi -  Avrupa Bölgesi - Tümü - EN - Obesity Surgery Center;​120214552851530080;PAUSED;Obezite - Obezite Cerrahisi -  Avrupa Bölgesi - Tümü - EN - Obesity Surgery Center - Statik Set;​120214552851810080;PAUSED;LEAD_GENERATION;0;0;4500;0;0;0;0;0;0;0;0;0;0
Temmuz 2026;Yabancı;Arapça;Lead;Obezite Cerrahisi;Doruk Hospital;TRY;Obezite - Obezite Cerrahisi - Arap Bölgesi - Tümü - AR - Doruk Aesthetic Surgery;​120219689272970080;PAUSED;Obezite Cerrahisi  - B.A.E. Daraltılmış -  Obezite b/a Set;​120219689273220080;CAMPAIGN_PAUSED;LEAD_GENERATION;0;0;2500;0;0;0;0;0;0;0;0;0;0
Ağustos 2026;Yabancı;Arapça;Lead;Obezite Cerrahisi;Doruk Hospital;TRY;Obezite - Obezite Cerrahisi - Arap Bölgesi - Tümü - AR - Doruk Aesthetic Surgery;​120219689272970080;PAUSED;Obezite Cerrahisi  - B.A.E. Daraltılmış -  Obezite b/a Set;​120219689273220080;CAMPAIGN_PAUSED;LEAD_GENERATION;0;0;2500;0;0;0;0;0;0;0;0;0;0
Temmuz 2026;Yabancı;Arapça;Lead;Obezite Cerrahisi;Doruk Hospital;TRY;Obezite - Obezite Cerrahisi - Arap Bölgesi - Tümü - AR - Doruk Aesthetic Surgery;​120219689272970080;PAUSED;Obezite Cerrahisi  - B.A.E. Daraltılmış - 1 dakika & 15 sn Set;​120219689273260080;CAMPAIGN_PAUSED;LEAD_GENERATION;0;0;3500;0;0;0;0;0;0;0;0;0;0
Ağustos 2026;Yabancı;Arapça;Lead;Obezite Cerrahisi;Doruk Hospital;TRY;Obezite - Obezite Cerrahisi - Arap Bölgesi - Tümü - AR - Doruk Aesthetic Surgery;​120219689272970080;PAUSED;Obezite Cerrahisi  - B.A.E. Daraltılmış - 1 dakika & 15 sn Set;​120219689273260080;CAMPAIGN_PAUSED;LEAD_GENERATION;0;0;3500;0;0;0;0;0;0;0;0;0;0
Temmuz 2026;Yabancı;Arapça;Lead;Obezite Cerrahisi;Doruk Hospital;TRY;Obezite - Obezite Cerrahisi - Arap Bölgesi - Tümü - AR - Doruk Aesthetic Surgery;​120219689272970080;PAUSED;Obezite Cerrahisi  - Körfez (B.A.E VE S.A hariç) -  b/a Set;​120219689273250080;CAMPAIGN_PAUSED;LEAD_GENERATION;0;0;5500;0;0;0;0;0;0;0;0;0;0
Ağustos 2026;Yabancı;Arapça;Lead;Obezite Cerrahisi;Doruk Hospital;TRY;Obezite - Obezite Cerrahisi - Arap Bölgesi - Tümü - AR - Doruk Aesthetic Surgery;​120219689272970080;PAUSED;Obezite Cerrahisi  - Körfez (B.A.E VE S.A hariç) -  b/a Set;​120219689273250080;CAMPAIGN_PAUSED;LEAD_GENERATION;0;0;5500;0;0;0;0;0;0;0;0;0;0
Temmuz 2026;Yabancı;Arapça;Lead;Obezite Cerrahisi;Doruk Hospital;TRY;Obezite - Obezite Cerrahisi - Arap Bölgesi - Tümü - AR - Doruk Aesthetic Surgery;​120219689272970080;PAUSED;Obezite Cerrahisi  - Körfez (B.A.E VE S.A hariç) - 1 dakika & 15 sn Set;​120219689273270080;CAMPAIGN_PAUSED;LEAD_GENERATION;0;0;5500;0;0;0;0;0;0;0;0;0;0
Ağustos 2026;Yabancı;Arapça;Lead;Obezite Cerrahisi;Doruk Hospital;TRY;Obezite - Obezite Cerrahisi - Arap Bölgesi - Tümü - AR - Doruk Aesthetic Surgery;​120219689272970080;PAUSED;Obezite Cerrahisi  - Körfez (B.A.E VE S.A hariç) - 1 dakika & 15 sn Set;​120219689273270080;CAMPAIGN_PAUSED;LEAD_GENERATION;0;0;5500;0;0;0;0;0;0;0;0;0;0
Temmuz 2026;Yabancı;Arapça;Lead;Obezite Cerrahisi;Doruk Hospital;TRY;Obezite - Obezite Cerrahisi - Arap Bölgesi - Tümü - AR - Doruk Aesthetic Surgery;​120219689272970080;PAUSED;Obezite Cerrahisi  - Suudi Arabistan Daraltılmış -  b/a Set;​120219689273190080;CAMPAIGN_PAUSED;LEAD_GENERATION;0;0;1500;0;0;0;0;0;0;0;0;0;0
Ağustos 2026;Yabancı;Arapça;Lead;Obezite Cerrahisi;Doruk Hospital;TRY;Obezite - Obezite Cerrahisi - Arap Bölgesi - Tümü - AR - Doruk Aesthetic Surgery;​120219689272970080;PAUSED;Obezite Cerrahisi  - Suudi Arabistan Daraltılmış -  b/a Set;​120219689273190080;CAMPAIGN_PAUSED;LEAD_GENERATION;0;0;1500;0;0;0;0;0;0;0;0;0;0
Temmuz 2026;Yabancı;Arapça;Lead;Obezite Cerrahisi;Doruk Hospital;TRY;Obezite - Obezite Cerrahisi - Arap Bölgesi - Tümü - AR - Doruk Aesthetic Surgery;​120219689272970080;PAUSED;Obezite Cerrahisi  - Suudi Arabistan Daraltılmış - 1 dakika & 15 sn Set;​120219689273010080;CAMPAIGN_PAUSED;LEAD_GENERATION;0;0;1500;0;0;0;0;0;0;0;0;0;0
Ağustos 2026;Yabancı;Arapça;Lead;Obezite Cerrahisi;Doruk Hospital;TRY;Obezite - Obezite Cerrahisi - Arap Bölgesi - Tümü - AR - Doruk Aesthetic Surgery;​120219689272970080;PAUSED;Obezite Cerrahisi  - Suudi Arabistan Daraltılmış - 1 dakika & 15 sn Set;​120219689273010080;CAMPAIGN_PAUSED;LEAD_GENERATION;0;0;1500;0;0;0;0;0;0;0;0;0;0
Temmuz 2026;Yabancı;Arapça;Lead;Obezite Cerrahisi;Doruk Hospital;TRY;Obezite - Obezite Cerrahisi - Arap Bölgesi - Tümü - AR - Doruk Hospital;​120214618201610080;PAUSED;Obezite - Obezite Cerrahisi - Arap Bölgesi - Tümü - AR - Doruk Hospital - Statik Set;​120214618201860080;CAMPAIGN_PAUSED;LEAD_GENERATION;2500;0;0;0;0;0;0;0;0;0;0;0;0
Ağustos 2026;Yabancı;Arapça;Lead;Obezite Cerrahisi;Doruk Hospital;TRY;Obezite - Obezite Cerrahisi - Arap Bölgesi - Tümü - AR - Doruk Hospital;​120214618201610080;PAUSED;Obezite - Obezite Cerrahisi - Arap Bölgesi - Tümü - AR - Doruk Hospital - Statik Set;​120214618201860080;CAMPAIGN_PAUSED;LEAD_GENERATION;2500;0;0;0;0;0;0;0;0;0;0;0;0
Temmuz 2026;Yabancı;Arapça;Lead;Obezite Cerrahisi;Doruk Hospital;TRY;Obezite - Obezite Cerrahisi - Arap Bölgesi - Tümü - AR - Obesity Surgery Center;​120214511855500080;PAUSED;Obezite Cerrahisi  - B.A.E. Daraltılmış -  Obezite b/a Set;​120215790487500080;CAMPAIGN_PAUSED;LEAD_GENERATION;0;0;2500;0;0;0;0;0;0;0;0;0;0
Ağustos 2026;Yabancı;Arapça;Lead;Obezite Cerrahisi;Doruk Hospital;TRY;Obezite - Obezite Cerrahisi - Arap Bölgesi - Tümü - AR - Obesity Surgery Center;​120214511855500080;PAUSED;Obezite Cerrahisi  - B.A.E. Daraltılmış -  Obezite b/a Set;​120215790487500080;CAMPAIGN_PAUSED;LEAD_GENERATION;0;0;2500;0;0;0;0;0;0;0;0;0;0
Temmuz 2026;Yabancı;Arapça;Lead;Obezite Cerrahisi;Doruk Hospital;TRY;Obezite - Obezite Cerrahisi - Arap Bölgesi - Tümü - AR - Obesity Surgery Center;​120214511855500080;PAUSED;Obezite Cerrahisi  - B.A.E. Daraltılmış - 1 dakika & 15 sn Set;​120215790458860080;CAMPAIGN_PAUSED;LEAD_GENERATION;0;0;3500;0;0;0;0;0;0;0;0;0;0
Ağustos 2026;Yabancı;Arapça;Lead;Obezite Cerrahisi;Doruk Hospital;TRY;Obezite - Obezite Cerrahisi - Arap Bölgesi - Tümü - AR - Obesity Surgery Center;​120214511855500080;PAUSED;Obezite Cerrahisi  - B.A.E. Daraltılmış - 1 dakika & 15 sn Set;​120215790458860080;CAMPAIGN_PAUSED;LEAD_GENERATION;0;0;3500;0;0;0;0;0;0;0;0;0;0
Temmuz 2026;Yabancı;Arapça;Lead;Obezite Cerrahisi;Doruk Hospital;TRY;Obezite - Obezite Cerrahisi - Arap Bölgesi - Tümü - AR - Obesity Surgery Center;​120214511855500080;PAUSED;Obezite Cerrahisi  - Körfez (B.A.E VE S.A hariç) -  b/a Set;​120215139869730080;CAMPAIGN_PAUSED;LEAD_GENERATION;0;0;5500;0;0;0;0;0;0;0;0;0;0
Ağustos 2026;Yabancı;Arapça;Lead;Obezite Cerrahisi;Doruk Hospital;TRY;Obezite - Obezite Cerrahisi - Arap Bölgesi - Tümü - AR - Obesity Surgery Center;​120214511855500080;PAUSED;Obezite Cerrahisi  - Körfez (B.A.E VE S.A hariç) -  b/a Set;​120215139869730080;CAMPAIGN_PAUSED;LEAD_GENERATION;0;0;5500;0;0;0;0;0;0;0;0;0;0
Temmuz 2026;Yabancı;Arapça;Lead;Obezite Cerrahisi;Doruk Hospital;TRY;Obezite - Obezite Cerrahisi - Arap Bölgesi - Tümü - AR - Obesity Surgery Center;​120214511855500080;PAUSED;Obezite Cerrahisi  - Körfez (B.A.E VE S.A hariç) - 1 dakika & 15 sn Set;​120214716622510080;CAMPAIGN_PAUSED;LEAD_GENERATION;0;0;5500;0;0;0;0;0;0;0;0;0;0
Ağustos 2026;Yabancı;Arapça;Lead;Obezite Cerrahisi;Doruk Hospital;TRY;Obezite - Obezite Cerrahisi - Arap Bölgesi - Tümü - AR - Obesity Surgery Center;​120214511855500080;PAUSED;Obezite Cerrahisi  - Körfez (B.A.E VE S.A hariç) - 1 dakika & 15 sn Set;​120214716622510080;CAMPAIGN_PAUSED;LEAD_GENERATION;0;0;5500;0;0;0;0;0;0;0;0;0;0
Temmuz 2026;Yabancı;Arapça;Lead;Obezite Cerrahisi;Doruk Hospital;TRY;Obezite - Obezite Cerrahisi - Arap Bölgesi - Tümü - AR - Obesity Surgery Center;​120214511855500080;PAUSED;Obezite Cerrahisi  - Suudi Arabistan Daraltılmış -  b/a Set;​120215790544030080;CAMPAIGN_PAUSED;LEAD_GENERATION;0;0;1500;0;0;0;0;0;0;0;0;0;0
Ağustos 2026;Yabancı;Arapça;Lead;Obezite Cerrahisi;Doruk Hospital;TRY;Obezite - Obezite Cerrahisi - Arap Bölgesi - Tümü - AR - Obesity Surgery Center;​120214511855500080;PAUSED;Obezite Cerrahisi  - Suudi Arabistan Daraltılmış -  b/a Set;​120215790544030080;CAMPAIGN_PAUSED;LEAD_GENERATION;0;0;1500;0;0;0;0;0;0;0;0;0;0
Temmuz 2026;Yabancı;Arapça;Lead;Obezite Cerrahisi;Doruk Hospital;TRY;Obezite - Obezite Cerrahisi - Arap Bölgesi - Tümü - AR - Obesity Surgery Center;​120214511855500080;PAUSED;Obezite Cerrahisi  - Suudi Arabistan Daraltılmış - 1 dakika & 15 sn Set;​120215790574050080;CAMPAIGN_PAUSED;LEAD_GENERATION;0;0;1500;0;0;0;0;0;0;0;0;0;0
Ağustos 2026;Yabancı;Arapça;Lead;Obezite Cerrahisi;Doruk Hospital;TRY;Obezite - Obezite Cerrahisi - Arap Bölgesi - Tümü - AR - Obesity Surgery Center;​120214511855500080;PAUSED;Obezite Cerrahisi  - Suudi Arabistan Daraltılmış - 1 dakika & 15 sn Set;​120215790574050080;CAMPAIGN_PAUSED;LEAD_GENERATION;0;0;1500;0;0;0;0;0;0;0;0;0;0
Temmuz 2026;Yabancı;Almanca;Lead;Obezite Cerrahisi;Doruk Hospital;TRY;Obezite - Obezite Cerrahisi - Avrupa Bölgesi - Almanya - DE - Doruk Hospital;​120214536390700080;PAUSED;Obezite - Obezite Cerrahisi - Almanya - Tümü - DE - Doruk Hospital - Statik Set;​120214536390960080;CAMPAIGN_PAUSED;LEAD_GENERATION;0;0;2500;0;0;0;0;0;0;0;0;0;0
Ağustos 2026;Yabancı;Almanca;Lead;Obezite Cerrahisi;Doruk Hospital;TRY;Obezite - Obezite Cerrahisi - Avrupa Bölgesi - Almanya - DE - Doruk Hospital;​120214536390700080;PAUSED;Obezite - Obezite Cerrahisi - Almanya - Tümü - DE - Doruk Hospital - Statik Set;​120214536390960080;CAMPAIGN_PAUSED;LEAD_GENERATION;0;0;2500;0;0;0;0;0;0;0;0;0;0
Temmuz 2026;Yabancı;Almanca;Lead;Obezite Cerrahisi;Doruk Hospital;TRY;Obezite - Obezite Cerrahisi - Avrupa Bölgesi - Almanya - DE - Doruk Hospital;​120214536390700080;PAUSED;Yeni Potansiyel Müşteriler Reklam Seti;​120214536390940080;PAUSED;QUALITY_LEAD;0;0;6000;0;0;0;0;0;0;0;0;0;0
Ağustos 2026;Yabancı;Almanca;Lead;Obezite Cerrahisi;Doruk Hospital;TRY;Obezite - Obezite Cerrahisi - Avrupa Bölgesi - Almanya - DE - Doruk Hospital;​120214536390700080;PAUSED;Yeni Potansiyel Müşteriler Reklam Seti;​120214536390940080;PAUSED;QUALITY_LEAD;0;0;6000;0;0;0;0;0;0;0;0;0;0
Temmuz 2026;Yabancı;Almanca;Lead;Obezite Cerrahisi;Doruk Hospital;TRY;Obezite - Obezite Cerrahisi - Avrupa Bölgesi - Almanya - DE - Obesity Surgery Turkey;​120214558872490080;PAUSED;Obezite - Obezite Cerrahisi - Almanya - Avrupa Bölgesi - Tümü - DE - Obesity Surgery Turkey - 1 Dakika & 15 Saniye Set;​120214743815000080;CAMPAIGN_PAUSED;LEAD_GENERATION;0;0;5500;0;0;0;0;0;0;0;0;0;0
Ağustos 2026;Yabancı;Almanca;Lead;Obezite Cerrahisi;Doruk Hospital;TRY;Obezite - Obezite Cerrahisi - Avrupa Bölgesi - Almanya - DE - Obesity Surgery Turkey;​120214558872490080;PAUSED;Obezite - Obezite Cerrahisi - Almanya - Avrupa Bölgesi - Tümü - DE - Obesity Surgery Turkey - 1 Dakika & 15 Saniye Set;​120214743815000080;CAMPAIGN_PAUSED;LEAD_GENERATION;0;0;5500;0;0;0;0;0;0;0;0;0;0
Temmuz 2026;Yabancı;Almanca;Lead;Obezite Cerrahisi;Doruk Hospital;TRY;Obezite - Obezite Cerrahisi - Avrupa Bölgesi - Almanya - DE - Obesity Surgery Turkey;​120214558872490080;PAUSED;Obezite - Obezite Cerrahisi - Almanya - Avrupa Bölgesi - Tümü - DE - Obesity Surgery Turkey - Statik Set;​120214558872600080;CAMPAIGN_PAUSED;LEAD_GENERATION;0;0;5500;0;0;0;0;0;0;0;0;0;0
Ağustos 2026;Yabancı;Almanca;Lead;Obezite Cerrahisi;Doruk Hospital;TRY;Obezite - Obezite Cerrahisi - Avrupa Bölgesi - Almanya - DE - Obesity Surgery Turkey;​120214558872490080;PAUSED;Obezite - Obezite Cerrahisi - Almanya - Avrupa Bölgesi - Tümü - DE - Obesity Surgery Turkey - Statik Set;​120214558872600080;CAMPAIGN_PAUSED;LEAD_GENERATION;0;0;5500;0;0;0;0;0;0;0;0;0;0
Temmuz 2026;Yabancı;Fransızca;Lead;Obezite Cerrahisi;Doruk Hospital;TRY;Obezite - Obezite Cerrahisi - Avrupa Bölgesi - Fransa - FR - Doruk Hospital;​120214538531850080;PAUSED;Obezite - Obezite Cerrahisi - Fransa - Tümü - FR - Doruk Hospital - Statik Set;​120214538531930080;CAMPAIGN_PAUSED;LEAD_GENERATION;0;0;2500;0;0;0;0;0;0;0;0;0;0
Ağustos 2026;Yabancı;Fransızca;Lead;Obezite Cerrahisi;Doruk Hospital;TRY;Obezite - Obezite Cerrahisi - Avrupa Bölgesi - Fransa - FR - Doruk Hospital;​120214538531850080;PAUSED;Obezite - Obezite Cerrahisi - Fransa - Tümü - FR - Doruk Hospital - Statik Set;​120214538531930080;CAMPAIGN_PAUSED;LEAD_GENERATION;0;0;2500;0;0;0;0;0;0;0;0;0;0
Temmuz 2026;Yabancı;Fransızca;Lead;Obezite Cerrahisi;Doruk Hospital;TRY;Obezite - Obezite Cerrahisi - Avrupa Bölgesi - Fransa - FR - Obesity Surgery Center;​120214556412880080;PAUSED;Obezite - Obezite Cerrahisi - Fransa - Avrupa Bölgesi - Tümü - FR - Obesity Surgery Center - Statik Set;​120214556412870080;CAMPAIGN_PAUSED;LEAD_GENERATION;0;0;5500;0;0;0;0;0;0;0;0;0;0
Ağustos 2026;Yabancı;Fransızca;Lead;Obezite Cerrahisi;Doruk Hospital;TRY;Obezite - Obezite Cerrahisi - Avrupa Bölgesi - Fransa - FR - Obesity Surgery Center;​120214556412880080;PAUSED;Obezite - Obezite Cerrahisi - Fransa - Avrupa Bölgesi - Tümü - FR - Obesity Surgery Center - Statik Set;​120214556412870080;CAMPAIGN_PAUSED;LEAD_GENERATION;0;0;5500;0;0;0;0;0;0;0;0;0;0
Temmuz 2026;Yabancı;İngilizce;Lead;Obezite Cerrahisi;Doruk Hospital;TRY;Obezite - Obezite Cerrahisi - Birleşik Krallık - Tümü - EN - Doruk Aesthetic Surgery;​120219689247910080;PAUSED;Obezite Cerrahisi - İngiltere - Tümü - EN - Obesity Surgery Center - Statik Set;​120219689248100080;PAUSED;LEAD_GENERATION;0;0;4500;0;0;0;0;0;0;0;0;0;0
Ağustos 2026;Yabancı;İngilizce;Lead;Obezite Cerrahisi;Doruk Hospital;TRY;Obezite - Obezite Cerrahisi - Birleşik Krallık - Tümü - EN - Doruk Aesthetic Surgery;​120219689247910080;PAUSED;Obezite Cerrahisi - İngiltere - Tümü - EN - Obesity Surgery Center - Statik Set;​120219689248100080;PAUSED;LEAD_GENERATION;0;0;4500;0;0;0;0;0;0;0;0;0;0
Temmuz 2026;Yabancı;İngilizce;Lead;Obezite Cerrahisi;Doruk Hospital;TRY;Obezite - Obezite Cerrahisi - Birleşik Krallık - Tümü - EN - Doruk Aesthetic Surgery;​120219689247910080;PAUSED;Obezite Cerrahisi - UK - 1 Dakika & 15 sn Set;​120219689248140080;PAUSED;LEAD_GENERATION;0;0;5500;0;0;0;0;0;0;0;0;0;0
Ağustos 2026;Yabancı;İngilizce;Lead;Obezite Cerrahisi;Doruk Hospital;TRY;Obezite - Obezite Cerrahisi - Birleşik Krallık - Tümü - EN - Doruk Aesthetic Surgery;​120219689247910080;PAUSED;Obezite Cerrahisi - UK - 1 Dakika & 15 sn Set;​120219689248140080;PAUSED;LEAD_GENERATION;0;0;5500;0;0;0;0;0;0;0;0;0;0
Temmuz 2026;Yabancı;İngilizce;Lead;Obezite Cerrahisi;Doruk Hospital;TRY;Obezite - Obezite Cerrahisi - Birleşik Krallık - Tümü - EN - Doruk Aesthetic Surgery;​120219689247910080;PAUSED;Obezite Cerrahisi - UK - Obezite b/a Set;​120219689247940080;PAUSED;LEAD_GENERATION;0;0;8000;0;0;0;0;0;0;0;0;0;0
Ağustos 2026;Yabancı;İngilizce;Lead;Obezite Cerrahisi;Doruk Hospital;TRY;Obezite - Obezite Cerrahisi - Birleşik Krallık - Tümü - EN - Doruk Aesthetic Surgery;​120219689247910080;PAUSED;Obezite Cerrahisi - UK - Obezite b/a Set;​120219689247940080;PAUSED;LEAD_GENERATION;0;0;8000;0;0;0;0;0;0;0;0;0;0
Temmuz 2026;Yabancı;İngilizce;Lead;Obezite Cerrahisi;Doruk Hospital;TRY;Obezite - Obezite Cerrahisi - Birleşik Krallık - Tümü - EN - Doruk Hospital;​120214554423510080;PAUSED;Obezite - Obezite Cerrahisi -  İngiltere - Avrupa Bölgesi - Tümü - EN - Doruk Hospital - Statik Set;​120214554423540080;CAMPAIGN_PAUSED;LEAD_GENERATION;0;0;3500;0;0;0;0;0;0;0;0;0;0
Ağustos 2026;Yabancı;İngilizce;Lead;Obezite Cerrahisi;Doruk Hospital;TRY;Obezite - Obezite Cerrahisi - Birleşik Krallık - Tümü - EN - Doruk Hospital;​120214554423510080;PAUSED;Obezite - Obezite Cerrahisi -  İngiltere - Avrupa Bölgesi - Tümü - EN - Doruk Hospital - Statik Set;​120214554423540080;CAMPAIGN_PAUSED;LEAD_GENERATION;0;0;3500;0;0;0;0;0;0;0;0;0;0
Temmuz 2026;Yabancı;İngilizce;Lead;Obezite Cerrahisi;Doruk Hospital;TRY;Obezite - Obezite Cerrahisi - Birleşik Krallık - Tümü - EN - Obesity Surgery Center;​120214484064480080;PAUSED;Obezite Cerrahisi - İngiltere - Tümü - EN - Obesity Surgery Center - Statik Set;​120214484064620080;PAUSED;LEAD_GENERATION;0;0;4500;0;0;0;0;0;0;0;0;0;0
Ağustos 2026;Yabancı;İngilizce;Lead;Obezite Cerrahisi;Doruk Hospital;TRY;Obezite - Obezite Cerrahisi - Birleşik Krallık - Tümü - EN - Obesity Surgery Center;​120214484064480080;PAUSED;Obezite Cerrahisi - İngiltere - Tümü - EN - Obesity Surgery Center - Statik Set;​120214484064620080;PAUSED;LEAD_GENERATION;0;0;4500;0;0;0;0;0;0;0;0;0;0
Temmuz 2026;Yabancı;İngilizce;Lead;Obezite Cerrahisi;Doruk Hospital;TRY;Obezite - Obezite Cerrahisi - Birleşik Krallık - Tümü - EN - Obesity Surgery Center;​120214484064480080;PAUSED;Obezite Cerrahisi - UK - 1 Dakika & 15 sn Set;​120214690129660080;PAUSED;LEAD_GENERATION;0;0;5500;0;0;0;0;0;0;0;0;0;0
Ağustos 2026;Yabancı;İngilizce;Lead;Obezite Cerrahisi;Doruk Hospital;TRY;Obezite - Obezite Cerrahisi - Birleşik Krallık - Tümü - EN - Obesity Surgery Center;​120214484064480080;PAUSED;Obezite Cerrahisi - UK - 1 Dakika & 15 sn Set;​120214690129660080;PAUSED;LEAD_GENERATION;0;0;5500;0;0;0;0;0;0;0;0;0;0
Temmuz 2026;Yabancı;İngilizce;Lead;Obezite Cerrahisi;Doruk Hospital;TRY;Obezite - Obezite Cerrahisi - Birleşik Krallık - Tümü - EN - Obesity Surgery Center;​120214484064480080;PAUSED;Obezite Cerrahisi - UK - Obezite b/a Set;​120215139753300080;PAUSED;LEAD_GENERATION;0;0;8000;0;0;0;0;0;0;0;0;0;0
Ağustos 2026;Yabancı;İngilizce;Lead;Obezite Cerrahisi;Doruk Hospital;TRY;Obezite - Obezite Cerrahisi - Birleşik Krallık - Tümü - EN - Obesity Surgery Center;​120214484064480080;PAUSED;Obezite Cerrahisi - UK - Obezite b/a Set;​120215139753300080;PAUSED;LEAD_GENERATION;0;0;8000;0;0;0;0;0;0;0;0;0;0
Temmuz 2026;Yabancı;Rusça;Lead;Obezite Cerrahisi;Doruk Hospital;TRY;Obezite - Obezite Cerrahisi - Rus Bölgesi - Tümü - RU - Doruk Hospital - Doruk Aesthetic Surgery;​120219689282850080;PAUSED;Obezite Cerrahisi - Rus Bölgesi - Tümü - RU - Doruk Hospital - Statik Set;​120219689282860080;CAMPAIGN_PAUSED;LEAD_GENERATION;0;0;3500;0;0;0;0;0;0;0;0;0;0
Ağustos 2026;Yabancı;Rusça;Lead;Obezite Cerrahisi;Doruk Hospital;TRY;Obezite - Obezite Cerrahisi - Rus Bölgesi - Tümü - RU - Doruk Hospital - Doruk Aesthetic Surgery;​120219689282850080;PAUSED;Obezite Cerrahisi - Rus Bölgesi - Tümü - RU - Doruk Hospital - Statik Set;​120219689282860080;CAMPAIGN_PAUSED;LEAD_GENERATION;0;0;3500;0;0;0;0;0;0;0;0;0;0
Temmuz 2026;Yabancı;Rusça;Lead;Obezite Cerrahisi;Doruk Hospital;TRY;Obezite - Obezite Cerrahisi - Rus Bölgesi - Tümü - RU - Doruk Hospital;​120214659807540080;PAUSED;Obezite Cerrahisi - Rus Bölgesi - Tümü - RU - Doruk Hospital - Statik Set;​120214659807530080;CAMPAIGN_PAUSED;LEAD_GENERATION;0;0;3500;0;0;0;0;0;0;0;0;0;0
Ağustos 2026;Yabancı;Rusça;Lead;Obezite Cerrahisi;Doruk Hospital;TRY;Obezite - Obezite Cerrahisi - Rus Bölgesi - Tümü - RU - Doruk Hospital;​120214659807540080;PAUSED;Obezite Cerrahisi - Rus Bölgesi - Tümü - RU - Doruk Hospital - Statik Set;​120214659807530080;CAMPAIGN_PAUSED;LEAD_GENERATION;0;0;3500;0;0;0;0;0;0;0;0;0;0
Temmuz 2026;Yabancı;Rusça;Lead;Obezite Cerrahisi;Doruk Hospital;TRY;Obezite - Obezite Cerrahisi - Türki Cumhuriyetler - Tümü - RU - Obesity Surgery Center;​120214532392750080;PAUSED;Obezite Cerrahisi - Rus Bölgesi - Tümü - RU - Obesity Surgery Center - Statik Set;​120214532392630080;PAUSED;LEAD_GENERATION;0;0;5500;0;0;0;0;0;0;0;0;0;0
Ağustos 2026;Yabancı;Rusça;Lead;Obezite Cerrahisi;Doruk Hospital;TRY;Obezite - Obezite Cerrahisi - Türki Cumhuriyetler - Tümü - RU - Obesity Surgery Center;​120214532392750080;PAUSED;Obezite Cerrahisi - Rus Bölgesi - Tümü - RU - Obesity Surgery Center - Statik Set;​120214532392630080;PAUSED;LEAD_GENERATION;0;0;5500;0;0;0;0;0;0;0;0;0;0
Temmuz 2026;Yabancı;Rusça;Lead;Obezite Cerrahisi;Doruk Hospital;TRY;Obezite - Obezite Cerrahisi - Türki Cumhuriyetler - Tümü - RU - Obesity Surgery Center;​120214532392750080;PAUSED;Obezite Cerrahisi - Türki Cumh. - 1 dakika & 15 sn Set;​120214692032990080;CAMPAIGN_PAUSED;LEAD_GENERATION;0;0;3500;0;0;0;0;0;0;0;0;0;0
Ağustos 2026;Yabancı;Rusça;Lead;Obezite Cerrahisi;Doruk Hospital;TRY;Obezite - Obezite Cerrahisi - Türki Cumhuriyetler - Tümü - RU - Obesity Surgery Center;​120214532392750080;PAUSED;Obezite Cerrahisi - Türki Cumh. - 1 dakika & 15 sn Set;​120214692032990080;CAMPAIGN_PAUSED;LEAD_GENERATION;0;0;3500;0;0;0;0;0;0;0;0;0;0
Temmuz 2026;Yabancı;Rusça;Lead;Obezite Cerrahisi;Doruk Hospital;TRY;Obezite - Obezite Cerrahisi - Türki Cumhuriyetler - Tümü - RU - Obesity Surgery Center;​120214532392750080;PAUSED;Obezite Cerrahisi - Türki Cumh. - Obezite b/a Set;​120215140067580080;CAMPAIGN_PAUSED;LEAD_GENERATION;0;0;3500;0;0;0;0;0;0;0;0;0;0
Ağustos 2026;Yabancı;Rusça;Lead;Obezite Cerrahisi;Doruk Hospital;TRY;Obezite - Obezite Cerrahisi - Türki Cumhuriyetler - Tümü - RU - Obesity Surgery Center;​120214532392750080;PAUSED;Obezite Cerrahisi - Türki Cumh. - Obezite b/a Set;​120215140067580080;CAMPAIGN_PAUSED;LEAD_GENERATION;0;0;3500;0;0;0;0;0;0;0;0;0;0
Temmuz 2026;Yabancı;Arapça;Lead;Onkoloji;Doruk Hospital;TRY;Cerrahi Onkoloji - Beyin Tm - Arap Bölgesi - Tümü - AR - Doruk İlaj Turkia - lead;​120238963050730080;PAUSED;Beyin tm cerrahisi - BAE - iOS;​120238963143990080;PAUSED;LEAD_GENERATION;0;0;1000;0;0;0;0;0;0;0;0;0;0
Ağustos 2026;Yabancı;Arapça;Lead;Onkoloji;Doruk Hospital;TRY;Cerrahi Onkoloji - Beyin Tm - Arap Bölgesi - Tümü - AR - Doruk İlaj Turkia - lead;​120238963050730080;PAUSED;Beyin tm cerrahisi - BAE - iOS;​120238963143990080;PAUSED;LEAD_GENERATION;0;0;1000;0;0;0;0;0;0;0;0;0;0
Temmuz 2026;Yabancı;Arapça;Lead;Onkoloji;Doruk Hospital;TRY;Cerrahi Onkoloji - Beyin Tm - Arap Bölgesi - Tümü - AR - Doruk İlaj Turkia - lead;​120238963050730080;PAUSED;Beyin tm cerrahisi - cezayir/tunus- ios hedefli;​120239906708290080;PAUSED;LEAD_GENERATION;0;0;1000;0;0;0;0;0;0;0;0;0;0
Ağustos 2026;Yabancı;Arapça;Lead;Onkoloji;Doruk Hospital;TRY;Cerrahi Onkoloji - Beyin Tm - Arap Bölgesi - Tümü - AR - Doruk İlaj Turkia - lead;​120238963050730080;PAUSED;Beyin tm cerrahisi - cezayir/tunus- ios hedefli;​120239906708290080;PAUSED;LEAD_GENERATION;0;0;1000;0;0;0;0;0;0;0;0;0;0
Temmuz 2026;Yabancı;Arapça;Lead;Onkoloji;Doruk Hospital;TRY;Cerrahi Onkoloji - Beyin Tm - Arap Bölgesi - Tümü - AR - Doruk İlaj Turkia - lead;​120238963050730080;PAUSED;Beyin tm cerrahisi - fas - ios hedefli;​120239906758200080;PAUSED;LEAD_GENERATION;0;0;1000;0;0;0;0;0;0;0;0;0;0
Ağustos 2026;Yabancı;Arapça;Lead;Onkoloji;Doruk Hospital;TRY;Cerrahi Onkoloji - Beyin Tm - Arap Bölgesi - Tümü - AR - Doruk İlaj Turkia - lead;​120238963050730080;PAUSED;Beyin tm cerrahisi - fas - ios hedefli;​120239906758200080;PAUSED;LEAD_GENERATION;0;0;1000;0;0;0;0;0;0;0;0;0;0
Temmuz 2026;Yabancı;Arapça;Lead;Onkoloji;Doruk Hospital;TRY;Cerrahi Onkoloji - Beyin Tm - Arap Bölgesi - Tümü - AR - Doruk İlaj Turkia - lead;​120238963050730080;PAUSED;Beyin tm cerrahisi - Irak - genel;​120239905853290080;CAMPAIGN_PAUSED;LEAD_GENERATION;0;0;2500;0;0;0;0;0;0;0;0;0;0
Ağustos 2026;Yabancı;Arapça;Lead;Onkoloji;Doruk Hospital;TRY;Cerrahi Onkoloji - Beyin Tm - Arap Bölgesi - Tümü - AR - Doruk İlaj Turkia - lead;​120238963050730080;PAUSED;Beyin tm cerrahisi - Irak - genel;​120239905853290080;CAMPAIGN_PAUSED;LEAD_GENERATION;0;0;2500;0;0;0;0;0;0;0;0;0;0
Temmuz 2026;Yabancı;Arapça;Lead;Onkoloji;Doruk Hospital;TRY;Cerrahi Onkoloji - Beyin Tm - Arap Bölgesi - Tümü - AR - Doruk İlaj Turkia - lead;​120238963050730080;PAUSED;Beyin tm cerrahisi - Irak - iOS;​120238963143980080;PAUSED;LEAD_GENERATION;0;0;4000;0;0;0;0;0;0;0;0;0;0
Ağustos 2026;Yabancı;Arapça;Lead;Onkoloji;Doruk Hospital;TRY;Cerrahi Onkoloji - Beyin Tm - Arap Bölgesi - Tümü - AR - Doruk İlaj Turkia - lead;​120238963050730080;PAUSED;Beyin tm cerrahisi - Irak - iOS;​120238963143980080;PAUSED;LEAD_GENERATION;0;0;4000;0;0;0;0;0;0;0;0;0;0
Temmuz 2026;Yabancı;Arapça;Lead;Onkoloji;Doruk Hospital;TRY;Cerrahi Onkoloji - Beyin Tm - Arap Bölgesi - Tümü - AR - Doruk İlaj Turkia - lead;​120238963050730080;PAUSED;Beyin tm cerrahisi - Irak,Libya - Android;​120238966329270080;PAUSED;LEAD_GENERATION;0;0;3000;0;0;0;0;0;0;0;0;0;0
Ağustos 2026;Yabancı;Arapça;Lead;Onkoloji;Doruk Hospital;TRY;Cerrahi Onkoloji - Beyin Tm - Arap Bölgesi - Tümü - AR - Doruk İlaj Turkia - lead;​120238963050730080;PAUSED;Beyin tm cerrahisi - Irak,Libya - Android;​120238966329270080;PAUSED;LEAD_GENERATION;0;0;3000;0;0;0;0;0;0;0;0;0;0
Temmuz 2026;Yabancı;Arapça;Lead;Onkoloji;Doruk Hospital;TRY;Cerrahi Onkoloji - Beyin Tm - Arap Bölgesi - Tümü - AR - Doruk İlaj Turkia - lead;​120238963050730080;PAUSED;Beyin tm cerrahisi - Katar,Kuveyt,Bahreyn - Android;​120238966556300080;PAUSED;LEAD_GENERATION;0;0;250;0;0;0;0;0;0;0;0;0;0
Ağustos 2026;Yabancı;Arapça;Lead;Onkoloji;Doruk Hospital;TRY;Cerrahi Onkoloji - Beyin Tm - Arap Bölgesi - Tümü - AR - Doruk İlaj Turkia - lead;​120238963050730080;PAUSED;Beyin tm cerrahisi - Katar,Kuveyt,Bahreyn - Android;​120238966556300080;PAUSED;LEAD_GENERATION;0;0;250;0;0;0;0;0;0;0;0;0;0
Temmuz 2026;Yabancı;Arapça;Lead;Onkoloji;Doruk Hospital;TRY;Cerrahi Onkoloji - Beyin Tm - Arap Bölgesi - Tümü - AR - Doruk İlaj Turkia - lead;​120238963050730080;PAUSED;Beyin tm cerrahisi - Katar,Kuveyt,Bahreyn - iOS;​120238963050880080;PAUSED;LEAD_GENERATION;0;0;2000;0;0;0;0;0;0;0;0;0;0
Ağustos 2026;Yabancı;Arapça;Lead;Onkoloji;Doruk Hospital;TRY;Cerrahi Onkoloji - Beyin Tm - Arap Bölgesi - Tümü - AR - Doruk İlaj Turkia - lead;​120238963050730080;PAUSED;Beyin tm cerrahisi - Katar,Kuveyt,Bahreyn - iOS;​120238963050880080;PAUSED;LEAD_GENERATION;0;0;2000;0;0;0;0;0;0;0;0;0;0
Temmuz 2026;Yabancı;Arapça;Lead;Onkoloji;Doruk Hospital;TRY;Cerrahi Onkoloji - Beyin Tm - Arap Bölgesi - Tümü - AR - Doruk İlaj Turkia - lead;​120238963050730080;PAUSED;Beyin tm cerrahisi - Libya - genel;​120239905936890080;PAUSED;LEAD_GENERATION;0;0;1000;0;0;0;0;0;0;0;0;0;0
Ağustos 2026;Yabancı;Arapça;Lead;Onkoloji;Doruk Hospital;TRY;Cerrahi Onkoloji - Beyin Tm - Arap Bölgesi - Tümü - AR - Doruk İlaj Turkia - lead;​120238963050730080;PAUSED;Beyin tm cerrahisi - Libya - genel;​120239905936890080;PAUSED;LEAD_GENERATION;0;0;1000;0;0;0;0;0;0;0;0;0;0
Temmuz 2026;Yabancı;Arapça;Lead;Onkoloji;Doruk Hospital;TRY;Cerrahi Onkoloji - Beyin Tm - Arap Bölgesi - Tümü - AR - Doruk İlaj Turkia - lead;​120238963050730080;PAUSED;Beyin tm cerrahisi - Libya - iOS;​120238963195710080;PAUSED;LEAD_GENERATION;0;0;1000;0;0;0;0;0;0;0;0;0;0
Ağustos 2026;Yabancı;Arapça;Lead;Onkoloji;Doruk Hospital;TRY;Cerrahi Onkoloji - Beyin Tm - Arap Bölgesi - Tümü - AR - Doruk İlaj Turkia - lead;​120238963050730080;PAUSED;Beyin tm cerrahisi - Libya - iOS;​120238963195710080;PAUSED;LEAD_GENERATION;0;0;1000;0;0;0;0;0;0;0;0;0;0
Temmuz 2026;Yabancı;Arapça;Lead;Onkoloji;Doruk Hospital;TRY;Cerrahi Onkoloji - Beyin Tm - Arap Bölgesi - Tümü - AR - Doruk İlaj Turkia - lead;​120238963050730080;PAUSED;Beyin tm cerrahisi - Suudi Arabistan - genel;​120239905979650080;PAUSED;LEAD_GENERATION;0;0;1500;0;0;0;0;0;0;0;0;0;0
Ağustos 2026;Yabancı;Arapça;Lead;Onkoloji;Doruk Hospital;TRY;Cerrahi Onkoloji - Beyin Tm - Arap Bölgesi - Tümü - AR - Doruk İlaj Turkia - lead;​120238963050730080;PAUSED;Beyin tm cerrahisi - Suudi Arabistan - genel;​120239905979650080;PAUSED;LEAD_GENERATION;0;0;1500;0;0;0;0;0;0;0;0;0;0
Temmuz 2026;Yabancı;Arapça;Lead;Onkoloji;Doruk Hospital;TRY;Cerrahi Onkoloji - Beyin Tm - Arap Bölgesi - Tümü - AR - Doruk İlaj Turkia - lead;​120238963050730080;PAUSED;Beyin tm cerrahisi - Suudi Arabistan - iOS;​120238963287590080;PAUSED;LEAD_GENERATION;0;0;1000;0;0;0;0;0;0;0;0;0;0
Ağustos 2026;Yabancı;Arapça;Lead;Onkoloji;Doruk Hospital;TRY;Cerrahi Onkoloji - Beyin Tm - Arap Bölgesi - Tümü - AR - Doruk İlaj Turkia - lead;​120238963050730080;PAUSED;Beyin tm cerrahisi - Suudi Arabistan - iOS;​120238963287590080;PAUSED;LEAD_GENERATION;0;0;1000;0;0;0;0;0;0;0;0;0;0
Temmuz 2026;Yabancı;Rusça;Lead;Onkoloji;Doruk Hospital;TRY;Cerrahi Onkoloji - Beyin Tm - Türki Cumhuriyetler - Tümü - RU - Lechenie v Turtsii - lead;​120238957563520080;PAUSED;Beyin tm cerrahisi - gürcistan,belarus - genel;​120239906586900080;CAMPAIGN_PAUSED;LEAD_GENERATION;0;0;2000;0;0;0;0;0;0;0;0;0;0
Ağustos 2026;Yabancı;Rusça;Lead;Onkoloji;Doruk Hospital;TRY;Cerrahi Onkoloji - Beyin Tm - Türki Cumhuriyetler - Tümü - RU - Lechenie v Turtsii - lead;​120238957563520080;PAUSED;Beyin tm cerrahisi - gürcistan,belarus - genel;​120239906586900080;CAMPAIGN_PAUSED;LEAD_GENERATION;0;0;2000;0;0;0;0;0;0;0;0;0;0
Temmuz 2026;Yabancı;Rusça;Lead;Onkoloji;Doruk Hospital;TRY;Cerrahi Onkoloji - Beyin Tm - Türki Cumhuriyetler - Tümü - RU - Lechenie v Turtsii - lead;​120238957563520080;PAUSED;Beyin tm cerrahisi - Kazakistan - Androıd;​120238974538240080;PAUSED;LEAD_GENERATION;0;0;1500;0;0;0;0;0;0;0;0;0;0
Ağustos 2026;Yabancı;Rusça;Lead;Onkoloji;Doruk Hospital;TRY;Cerrahi Onkoloji - Beyin Tm - Türki Cumhuriyetler - Tümü - RU - Lechenie v Turtsii - lead;​120238957563520080;PAUSED;Beyin tm cerrahisi - Kazakistan - Androıd;​120238974538240080;PAUSED;LEAD_GENERATION;0;0;1500;0;0;0;0;0;0;0;0;0;0
Temmuz 2026;Yabancı;Rusça;Lead;Onkoloji;Doruk Hospital;TRY;Cerrahi Onkoloji - Beyin Tm - Türki Cumhuriyetler - Tümü - RU - Lechenie v Turtsii - lead;​120238957563520080;PAUSED;Beyin tm cerrahisi - Kazakistan - genel;​120239906175440080;CAMPAIGN_PAUSED;LEAD_GENERATION;0;0;3500;0;0;0;0;0;0;0;0;0;0
Ağustos 2026;Yabancı;Rusça;Lead;Onkoloji;Doruk Hospital;TRY;Cerrahi Onkoloji - Beyin Tm - Türki Cumhuriyetler - Tümü - RU - Lechenie v Turtsii - lead;​120238957563520080;PAUSED;Beyin tm cerrahisi - Kazakistan - genel;​120239906175440080;CAMPAIGN_PAUSED;LEAD_GENERATION;0;0;3500;0;0;0;0;0;0;0;0;0;0
Temmuz 2026;Yabancı;Rusça;Lead;Onkoloji;Doruk Hospital;TRY;Cerrahi Onkoloji - Beyin Tm - Türki Cumhuriyetler - Tümü - RU - Lechenie v Turtsii - lead;​120238957563520080;PAUSED;Beyin tm cerrahisi - Kazakistan - iOS;​120238957563500080;PAUSED;LEAD_GENERATION;0;0;3500;0;0;0;0;0;0;0;0;0;0
Ağustos 2026;Yabancı;Rusça;Lead;Onkoloji;Doruk Hospital;TRY;Cerrahi Onkoloji - Beyin Tm - Türki Cumhuriyetler - Tümü - RU - Lechenie v Turtsii - lead;​120238957563520080;PAUSED;Beyin tm cerrahisi - Kazakistan - iOS;​120238957563500080;PAUSED;LEAD_GENERATION;0;0;3500;0;0;0;0;0;0;0;0;0;0
Temmuz 2026;Yabancı;Rusça;Lead;Onkoloji;Doruk Hospital;TRY;Cerrahi Onkoloji - Beyin Tm - Türki Cumhuriyetler - Tümü - RU - Lechenie v Turtsii - lead;​120238957563520080;PAUSED;Beyin tm cerrahisi - Kırgızistan,Özbekistan,Tacikistan - Android;​120238957753430080;PAUSED;LEAD_GENERATION;0;0;1500;0;0;0;0;0;0;0;0;0;0
Ağustos 2026;Yabancı;Rusça;Lead;Onkoloji;Doruk Hospital;TRY;Cerrahi Onkoloji - Beyin Tm - Türki Cumhuriyetler - Tümü - RU - Lechenie v Turtsii - lead;​120238957563520080;PAUSED;Beyin tm cerrahisi - Kırgızistan,Özbekistan,Tacikistan - Android;​120238957753430080;PAUSED;LEAD_GENERATION;0;0;1500;0;0;0;0;0;0;0;0;0;0
Temmuz 2026;Yabancı;Rusça;Lead;Onkoloji;Doruk Hospital;TRY;Cerrahi Onkoloji - Beyin Tm - Türki Cumhuriyetler - Tümü - RU - Lechenie v Turtsii - lead;​120238957563520080;PAUSED;Beyin tm cerrahisi - Kırgızistan,Özbekistan,Tacikistan - iOS - Kopya;​120238957709120080;PAUSED;LEAD_GENERATION;0;0;2500;0;0;0;0;0;0;0;0;0;0
Ağustos 2026;Yabancı;Rusça;Lead;Onkoloji;Doruk Hospital;TRY;Cerrahi Onkoloji - Beyin Tm - Türki Cumhuriyetler - Tümü - RU - Lechenie v Turtsii - lead;​120238957563520080;PAUSED;Beyin tm cerrahisi - Kırgızistan,Özbekistan,Tacikistan - iOS - Kopya;​120238957709120080;PAUSED;LEAD_GENERATION;0;0;2500;0;0;0;0;0;0;0;0;0;0
Temmuz 2026;Yabancı;Rusça;Lead;Onkoloji;Doruk Hospital;TRY;Cerrahi Onkoloji - Beyin Tm - Türki Cumhuriyetler - Tümü - RU - Lechenie v Turtsii - lead;​120238957563520080;PAUSED;Beyin tm cerrahisi - Kırgızistan,Tacikistan - genel - Kopya;​120241180898220080;CAMPAIGN_PAUSED;LEAD_GENERATION;0;0;2500;0;0;0;0;0;0;0;0;0;0
Ağustos 2026;Yabancı;Rusça;Lead;Onkoloji;Doruk Hospital;TRY;Cerrahi Onkoloji - Beyin Tm - Türki Cumhuriyetler - Tümü - RU - Lechenie v Turtsii - lead;​120238957563520080;PAUSED;Beyin tm cerrahisi - Kırgızistan,Tacikistan - genel - Kopya;​120241180898220080;CAMPAIGN_PAUSED;LEAD_GENERATION;0;0;2500;0;0;0;0;0;0;0;0;0;0
Temmuz 2026;Yabancı;Rusça;Lead;Onkoloji;Doruk Hospital;TRY;Cerrahi Onkoloji - Beyin Tm - Türki Cumhuriyetler - Tümü - RU - Lechenie v Turtsii - lead;​120238957563520080;PAUSED;Beyin tm cerrahisi -Özbekistan - genel;​120239906344150080;CAMPAIGN_PAUSED;LEAD_GENERATION;0;0;1000;0;0;0;0;0;0;0;0;0;0
Ağustos 2026;Yabancı;Rusça;Lead;Onkoloji;Doruk Hospital;TRY;Cerrahi Onkoloji - Beyin Tm - Türki Cumhuriyetler - Tümü - RU - Lechenie v Turtsii - lead;​120238957563520080;PAUSED;Beyin tm cerrahisi -Özbekistan - genel;​120239906344150080;CAMPAIGN_PAUSED;LEAD_GENERATION;0;0;1000;0;0;0;0;0;0;0;0;0;0
Temmuz 2026;Yabancı;Arapça;Lead;Onkoloji;Doruk Hospital;TRY;Cerrahi Onkoloji - Kanser Cerrahisi - Arap Bölgesi - Tümü - AR - Doruk İlaj Turkia - lead;​120239966050040080;PAUSED;Kanser cerrahisi - cezayir - genel;​120239966170980080;PAUSED;LEAD_GENERATION;0;0;1000;0;0;0;0;0;0;0;0;0;0
Ağustos 2026;Yabancı;Arapça;Lead;Onkoloji;Doruk Hospital;TRY;Cerrahi Onkoloji - Kanser Cerrahisi - Arap Bölgesi - Tümü - AR - Doruk İlaj Turkia - lead;​120239966050040080;PAUSED;Kanser cerrahisi - cezayir - genel;​120239966170980080;PAUSED;LEAD_GENERATION;0;0;1000;0;0;0;0;0;0;0;0;0;0
Temmuz 2026;Yabancı;Arapça;Lead;Onkoloji;Doruk Hospital;TRY;Cerrahi Onkoloji - Kanser Cerrahisi - Arap Bölgesi - Tümü - AR - Doruk İlaj Turkia - lead;​120239966050040080;PAUSED;Kanser cerrahisi - cezayir/tunus - ios hedefli;​120240033537630080;PAUSED;LEAD_GENERATION;0;0;1400;0;0;0;0;0;0;0;0;0;0
Ağustos 2026;Yabancı;Arapça;Lead;Onkoloji;Doruk Hospital;TRY;Cerrahi Onkoloji - Kanser Cerrahisi - Arap Bölgesi - Tümü - AR - Doruk İlaj Turkia - lead;​120239966050040080;PAUSED;Kanser cerrahisi - cezayir/tunus - ios hedefli;​120240033537630080;PAUSED;LEAD_GENERATION;0;0;1400;0;0;0;0;0;0;0;0;0;0
Temmuz 2026;Yabancı;Arapça;Lead;Onkoloji;Doruk Hospital;TRY;Cerrahi Onkoloji - Kanser Cerrahisi - Arap Bölgesi - Tümü - AR - Doruk İlaj Turkia - lead;​120239966050040080;PAUSED;Kanser cerrahisi - Fas - genel;​120239966169170080;PAUSED;LEAD_GENERATION;0;0;1000;0;0;0;0;0;0;0;0;0;0
Ağustos 2026;Yabancı;Arapça;Lead;Onkoloji;Doruk Hospital;TRY;Cerrahi Onkoloji - Kanser Cerrahisi - Arap Bölgesi - Tümü - AR - Doruk İlaj Turkia - lead;​120239966050040080;PAUSED;Kanser cerrahisi - Fas - genel;​120239966169170080;PAUSED;LEAD_GENERATION;0;0;1000;0;0;0;0;0;0;0;0;0;0
Temmuz 2026;Yabancı;Arapça;Lead;Onkoloji;Doruk Hospital;TRY;Cerrahi Onkoloji - Kanser Cerrahisi - Arap Bölgesi - Tümü - AR - Doruk İlaj Turkia - lead;​120239966050040080;PAUSED;Kanser cerrahisi - Fas - ios hedefli;​120240033814540080;PAUSED;LEAD_GENERATION;0;0;1600;0;0;0;0;0;0;0;0;0;0
Ağustos 2026;Yabancı;Arapça;Lead;Onkoloji;Doruk Hospital;TRY;Cerrahi Onkoloji - Kanser Cerrahisi - Arap Bölgesi - Tümü - AR - Doruk İlaj Turkia - lead;​120239966050040080;PAUSED;Kanser cerrahisi - Fas - ios hedefli;​120240033814540080;PAUSED;LEAD_GENERATION;0;0;1600;0;0;0;0;0;0;0;0;0;0
Temmuz 2026;Yabancı;Arapça;Lead;Onkoloji;Doruk Hospital;TRY;Cerrahi Onkoloji - Kanser Cerrahisi - Arap Bölgesi - Tümü - AR - Doruk İlaj Turkia - lead;​120239966050040080;PAUSED;Kanser cerrahisi - Irak - genel;​120239966159200080;CAMPAIGN_PAUSED;LEAD_GENERATION;0;0;2000;0;0;0;0;0;0;0;0;0;0
Ağustos 2026;Yabancı;Arapça;Lead;Onkoloji;Doruk Hospital;TRY;Cerrahi Onkoloji - Kanser Cerrahisi - Arap Bölgesi - Tümü - AR - Doruk İlaj Turkia - lead;​120239966050040080;PAUSED;Kanser cerrahisi - Irak - genel;​120239966159200080;CAMPAIGN_PAUSED;LEAD_GENERATION;0;0;2000;0;0;0;0;0;0;0;0;0;0
Temmuz 2026;Yabancı;Arapça;Lead;Onkoloji;Doruk Hospital;TRY;Cerrahi Onkoloji - Kanser Cerrahisi - Arap Bölgesi - Tümü - AR - Doruk İlaj Turkia - lead;​120239966050040080;PAUSED;Kanser cerrahisi - Libya - genel;​120239966050400080;PAUSED;LEAD_GENERATION;0;0;1500;0;0;0;0;0;0;0;0;0;0
Ağustos 2026;Yabancı;Arapça;Lead;Onkoloji;Doruk Hospital;TRY;Cerrahi Onkoloji - Kanser Cerrahisi - Arap Bölgesi - Tümü - AR - Doruk İlaj Turkia - lead;​120239966050040080;PAUSED;Kanser cerrahisi - Libya - genel;​120239966050400080;PAUSED;LEAD_GENERATION;0;0;1500;0;0;0;0;0;0;0;0;0;0
Temmuz 2026;Yabancı;Arapça;Lead;Onkoloji;Doruk Hospital;TRY;Cerrahi Onkoloji - Kanser Cerrahisi - Arap Bölgesi - Tümü - AR - Doruk İlaj Turkia - lead;​120239966050040080;PAUSED;Kanser cerrahisi - Suudi Arabistan - ios hedefli;​120239966147450080;PAUSED;LEAD_GENERATION;0;0;1500;0;0;0;0;0;0;0;0;0;0
Ağustos 2026;Yabancı;Arapça;Lead;Onkoloji;Doruk Hospital;TRY;Cerrahi Onkoloji - Kanser Cerrahisi - Arap Bölgesi - Tümü - AR - Doruk İlaj Turkia - lead;​120239966050040080;PAUSED;Kanser cerrahisi - Suudi Arabistan - ios hedefli;​120239966147450080;PAUSED;LEAD_GENERATION;0;0;1500;0;0;0;0;0;0;0;0;0;0
Temmuz 2026;Yabancı;Rusça;Lead;Onkoloji;Doruk Hospital;TRY;Cerrahi Onkoloji - Kanser Cerrahisi - Türki Cumhuriyetler - Tümü - RU - Lechenie v Turtsii - lead;​120239966244330080;PAUSED;Kanser Cerrahisi - Kazakistan - genel;​120239966244380080;CAMPAIGN_PAUSED;LEAD_GENERATION;0;0;6000;0;0;0;0;0;0;0;0;0;0
Ağustos 2026;Yabancı;Rusça;Lead;Onkoloji;Doruk Hospital;TRY;Cerrahi Onkoloji - Kanser Cerrahisi - Türki Cumhuriyetler - Tümü - RU - Lechenie v Turtsii - lead;​120239966244330080;PAUSED;Kanser Cerrahisi - Kazakistan - genel;​120239966244380080;CAMPAIGN_PAUSED;LEAD_GENERATION;0;0;6000;0;0;0;0;0;0;0;0;0;0
Temmuz 2026;Yabancı;Rusça;Lead;Onkoloji;Doruk Hospital;TRY;Cerrahi Onkoloji - Kanser Cerrahisi - Türki Cumhuriyetler - Tümü - RU - Lechenie v Turtsii - lead;​120239966244330080;PAUSED;Kanser Cerrahisi - Kırgısiztan,Tacikistan- genel;​120239966408350080;CAMPAIGN_PAUSED;LEAD_GENERATION;0;0;4000;0;0;0;0;0;0;0;0;0;0
Ağustos 2026;Yabancı;Rusça;Lead;Onkoloji;Doruk Hospital;TRY;Cerrahi Onkoloji - Kanser Cerrahisi - Türki Cumhuriyetler - Tümü - RU - Lechenie v Turtsii - lead;​120239966244330080;PAUSED;Kanser Cerrahisi - Kırgısiztan,Tacikistan- genel;​120239966408350080;CAMPAIGN_PAUSED;LEAD_GENERATION;0;0;4000;0;0;0;0;0;0;0;0;0;0
Temmuz 2026;Yabancı;Rusça;Lead;Onkoloji;Doruk Hospital;TRY;Cerrahi Onkoloji - Kanser Cerrahisi - Türki Cumhuriyetler - Tümü - RU - Lechenie v Turtsii - lead;​120239966244330080;PAUSED;Kanser Cerrahisi -gürcistan,belarus - genel;​120239966384720080;CAMPAIGN_PAUSED;LEAD_GENERATION;0;0;2000;0;0;0;0;0;0;0;0;0;0
Ağustos 2026;Yabancı;Rusça;Lead;Onkoloji;Doruk Hospital;TRY;Cerrahi Onkoloji - Kanser Cerrahisi - Türki Cumhuriyetler - Tümü - RU - Lechenie v Turtsii - lead;​120239966244330080;PAUSED;Kanser Cerrahisi -gürcistan,belarus - genel;​120239966384720080;CAMPAIGN_PAUSED;LEAD_GENERATION;0;0;2000;0;0;0;0;0;0;0;0;0;0
Temmuz 2026;Yabancı;Rusça;Lead;Onkoloji;Doruk Hospital;TRY;Cerrahi Onkoloji - Kanser Cerrahisi - Türki Cumhuriyetler - Tümü - RU - Lechenie v Turtsii - lead;​120239966244330080;PAUSED;Kanser Cerrahisi -Özbekistan - genel;​120241181036760080;CAMPAIGN_PAUSED;LEAD_GENERATION;0;0;2000;0;0;0;0;0;0;0;0;0;0
Ağustos 2026;Yabancı;Rusça;Lead;Onkoloji;Doruk Hospital;TRY;Cerrahi Onkoloji - Kanser Cerrahisi - Türki Cumhuriyetler - Tümü - RU - Lechenie v Turtsii - lead;​120239966244330080;PAUSED;Kanser Cerrahisi -Özbekistan - genel;​120241181036760080;CAMPAIGN_PAUSED;LEAD_GENERATION;0;0;2000;0;0;0;0;0;0;0;0;0;0
Temmuz 2026;Yabancı;Rusça;Lead;Onkoloji;Doruk Hospital;TRY;Onkoloji - Onkoloji Genel - Türki Cumhuriyetler - Tümü - RU - Lechenie v Turtsii - Lead;​120232719606380080;PAUSED;Onkoloji - Diognostik + genel - Kazakistan - KZ - Lechenie v Turtsii - Lead;​120236648972170080;CAMPAIGN_PAUSED;LEAD_GENERATION;0;0;6000;0;0;0;0;0;0;0;0;0;0
Ağustos 2026;Yabancı;Rusça;Lead;Onkoloji;Doruk Hospital;TRY;Onkoloji - Onkoloji Genel - Türki Cumhuriyetler - Tümü - RU - Lechenie v Turtsii - Lead;​120232719606380080;PAUSED;Onkoloji - Diognostik + genel - Kazakistan - KZ - Lechenie v Turtsii - Lead;​120236648972170080;CAMPAIGN_PAUSED;LEAD_GENERATION;0;0;6000;0;0;0;0;0;0;0;0;0;0
Temmuz 2026;Yabancı;Rusça;Lead;Onkoloji;Doruk Hospital;TRY;Onkoloji - Onkoloji Genel - Türki Cumhuriyetler - Tümü - RU - Lechenie v Turtsii - Lead;​120232719606380080;PAUSED;Onkoloji - Genel - Kazakistan - RU - Lechenie v Turtsii - Lead - Kazak dublaj;​120232730193350080;PAUSED;LEAD_GENERATION;0;0;11000;0;0;0;0;0;0;0;0;0;0
Ağustos 2026;Yabancı;Rusça;Lead;Onkoloji;Doruk Hospital;TRY;Onkoloji - Onkoloji Genel - Türki Cumhuriyetler - Tümü - RU - Lechenie v Turtsii - Lead;​120232719606380080;PAUSED;Onkoloji - Genel - Kazakistan - RU - Lechenie v Turtsii - Lead - Kazak dublaj;​120232730193350080;PAUSED;LEAD_GENERATION;0;0;11000;0;0;0;0;0;0;0;0;0;0
Temmuz 2026;Yabancı;Rusça;Lead;Onkoloji;Doruk Hospital;TRY;Onkoloji - Onkoloji Genel - Türki Cumhuriyetler - Tümü - RU - Lechenie v Turtsii - Lead;​120232719606380080;PAUSED;Onkoloji - Genel - Kırgızistan - RU - Lechenie v Turtsii - Lead;​120232719606400080;CAMPAIGN_PAUSED;LEAD_GENERATION;0;0;1500;0;0;0;0;0;0;0;0;0;0
Ağustos 2026;Yabancı;Rusça;Lead;Onkoloji;Doruk Hospital;TRY;Onkoloji - Onkoloji Genel - Türki Cumhuriyetler - Tümü - RU - Lechenie v Turtsii - Lead;​120232719606380080;PAUSED;Onkoloji - Genel - Kırgızistan - RU - Lechenie v Turtsii - Lead;​120232719606400080;CAMPAIGN_PAUSED;LEAD_GENERATION;0;0;1500;0;0;0;0;0;0;0;0;0;0
Temmuz 2026;Yabancı;Rusça;Lead;Onkoloji;Doruk Hospital;TRY;Onkoloji - Onkoloji Genel - Türki Cumhuriyetler - Tümü - RU - Lechenie v Turtsii - Lead;​120232719606380080;PAUSED;Onkoloji - Genel - Özbekistan - RU - Lechenie v Turtsii - Lead - Kopya;​120232730193370080;CAMPAIGN_PAUSED;LEAD_GENERATION;0;0;1600;0;0;0;0;0;0;0;0;0;0
Ağustos 2026;Yabancı;Rusça;Lead;Onkoloji;Doruk Hospital;TRY;Onkoloji - Onkoloji Genel - Türki Cumhuriyetler - Tümü - RU - Lechenie v Turtsii - Lead;​120232719606380080;PAUSED;Onkoloji - Genel - Özbekistan - RU - Lechenie v Turtsii - Lead - Kopya;​120232730193370080;CAMPAIGN_PAUSED;LEAD_GENERATION;0;0;1600;0;0;0;0;0;0;0;0;0;0
Temmuz 2026;Yabancı;Rusça;Lead;Onkoloji;Doruk Hospital;TRY;Onkoloji - Onkoloji Genel - Türki Cumhuriyetler - Tümü - RU - Lechenie v Turtsii - Lead;​120232719606380080;PAUSED;Onkoloji - Prostat Ca - Kazakistan - RU - Lechenie v Turtsii - Lead -;​120238051328480080;CAMPAIGN_PAUSED;LEAD_GENERATION;0;0;1000;0;0;0;0;0;0;0;0;0;0
Ağustos 2026;Yabancı;Rusça;Lead;Onkoloji;Doruk Hospital;TRY;Onkoloji - Onkoloji Genel - Türki Cumhuriyetler - Tümü - RU - Lechenie v Turtsii - Lead;​120232719606380080;PAUSED;Onkoloji - Prostat Ca - Kazakistan - RU - Lechenie v Turtsii - Lead -;​120238051328480080;CAMPAIGN_PAUSED;LEAD_GENERATION;0;0;1000;0;0;0;0;0;0;0;0;0;0
Temmuz 2026;Yabancı;Rusça;Lead;Onkoloji;Doruk Hospital;TRY;Onkoloji - Onkoloji Genel - Türki Cumhuriyetler - Tümü - RU - Lechenie v Turtsii - Lead;​120232719606380080;PAUSED;Onkoloji - Prostat Ca - Kazakistan - RU - Lechenie v Turtsii - Lead - Kopya - Kopya;​120234344113260080;PAUSED;LEAD_GENERATION;0;0;5600;0;0;0;0;0;0;0;0;0;0
Ağustos 2026;Yabancı;Rusça;Lead;Onkoloji;Doruk Hospital;TRY;Onkoloji - Onkoloji Genel - Türki Cumhuriyetler - Tümü - RU - Lechenie v Turtsii - Lead;​120232719606380080;PAUSED;Onkoloji - Prostat Ca - Kazakistan - RU - Lechenie v Turtsii - Lead - Kopya - Kopya;​120234344113260080;PAUSED;LEAD_GENERATION;0;0;5600;0;0;0;0;0;0;0;0;0;0
Temmuz 2026;Yabancı;Rusça;Lead;Onkoloji;Doruk Hospital;TRY;Onkoloji - Onkoloji Genel - Türki Cumhuriyetler - Tümü - RU - Lechenie v Turtsii - Lead;​120232719606380080;PAUSED;Onkoloji - Prostat Ca - Kırgızistan - RU - Lechenie v Turtsii - Lead -;​120238051309330080;CAMPAIGN_PAUSED;LEAD_GENERATION;0;0;1000;0;0;0;0;0;0;0;0;0;0
Ağustos 2026;Yabancı;Rusça;Lead;Onkoloji;Doruk Hospital;TRY;Onkoloji - Onkoloji Genel - Türki Cumhuriyetler - Tümü - RU - Lechenie v Turtsii - Lead;​120232719606380080;PAUSED;Onkoloji - Prostat Ca - Kırgızistan - RU - Lechenie v Turtsii - Lead -;​120238051309330080;CAMPAIGN_PAUSED;LEAD_GENERATION;0;0;1000;0;0;0;0;0;0;0;0;0;0
Temmuz 2026;Yabancı;Rusça;Lead;Onkoloji;Doruk Hospital;TRY;Onkoloji - Onkoloji Genel - Türki Cumhuriyetler - Tümü - RU - Lechenie v Turtsii - Lead;​120232719606380080;PAUSED;Onkoloji - Prostat Ca - Kırgızistan - RU - Lechenie v Turtsii - Lead - Kopya;​120234344113250080;PAUSED;LEAD_GENERATION;0;0;2600;0;0;0;0;0;0;0;0;0;0
Ağustos 2026;Yabancı;Rusça;Lead;Onkoloji;Doruk Hospital;TRY;Onkoloji - Onkoloji Genel - Türki Cumhuriyetler - Tümü - RU - Lechenie v Turtsii - Lead;​120232719606380080;PAUSED;Onkoloji - Prostat Ca - Kırgızistan - RU - Lechenie v Turtsii - Lead - Kopya;​120234344113250080;PAUSED;LEAD_GENERATION;0;0;2600;0;0;0;0;0;0;0;0;0;0
Temmuz 2026;Yabancı;Rusça;Lead;Onkoloji;Doruk Hospital;TRY;Onkoloji - Onkoloji Genel - Türki Cumhuriyetler - Tümü - RU - Lechenie v Turtsii - Lead;​120232719606380080;PAUSED;Onkoloji - Prostat Ca - Özbekistan - RU - Lechenie v Turtsii - Lead -;​120238051073150080;CAMPAIGN_PAUSED;LEAD_GENERATION;0;0;1000;0;0;0;0;0;0;0;0;0;0
Ağustos 2026;Yabancı;Rusça;Lead;Onkoloji;Doruk Hospital;TRY;Onkoloji - Onkoloji Genel - Türki Cumhuriyetler - Tümü - RU - Lechenie v Turtsii - Lead;​120232719606380080;PAUSED;Onkoloji - Prostat Ca - Özbekistan - RU - Lechenie v Turtsii - Lead -;​120238051073150080;CAMPAIGN_PAUSED;LEAD_GENERATION;0;0;1000;0;0;0;0;0;0;0;0;0;0
Temmuz 2026;Yabancı;Rusça;Lead;Onkoloji;Doruk Hospital;TRY;Onkoloji - Onkoloji Genel - Türki Cumhuriyetler - Tümü - RU - Lechenie v Turtsii - Lead;​120232719606380080;PAUSED;Onkoloji - Prostat Ca - Özbekistan - RU - Lechenie v Turtsii - Lead - Kopya - Kopya;​120234344113350080;PAUSED;LEAD_GENERATION;0;0;1000;0;0;0;0;0;0;0;0;0;0
Ağustos 2026;Yabancı;Rusça;Lead;Onkoloji;Doruk Hospital;TRY;Onkoloji - Onkoloji Genel - Türki Cumhuriyetler - Tümü - RU - Lechenie v Turtsii - Lead;​120232719606380080;PAUSED;Onkoloji - Prostat Ca - Özbekistan - RU - Lechenie v Turtsii - Lead - Kopya - Kopya;​120234344113350080;PAUSED;LEAD_GENERATION;0;0;1000;0;0;0;0;0;0;0;0;0;0
Temmuz 2026;Yabancı;Arapça;Lead;Onkoloji;Doruk Hospital;TRY;Onkoloji – Onkoloji Genel - Arap Bölgesi – Tümü – AR – Doruk İlaj Turkia – lead;​120232769281030080;PAUSED;Onkoloji - diognostik + genel - BAE - lead;​120237667007570080;CAMPAIGN_PAUSED;LEAD_GENERATION;0;0;750;0;0;0;0;0;0;0;0;0;0
Ağustos 2026;Yabancı;Arapça;Lead;Onkoloji;Doruk Hospital;TRY;Onkoloji – Onkoloji Genel - Arap Bölgesi – Tümü – AR – Doruk İlaj Turkia – lead;​120232769281030080;PAUSED;Onkoloji - diognostik + genel - BAE - lead;​120237667007570080;CAMPAIGN_PAUSED;LEAD_GENERATION;0;0;750;0;0;0;0;0;0;0;0;0;0
Temmuz 2026;Yabancı;Arapça;Lead;Onkoloji;Doruk Hospital;TRY;Onkoloji – Onkoloji Genel - Arap Bölgesi – Tümü – AR – Doruk İlaj Turkia – lead;​120232769281030080;PAUSED;Onkoloji - diognostik + genel - Bahreyn - lead;​120237667007410080;CAMPAIGN_PAUSED;LEAD_GENERATION;0;0;750;0;0;0;0;0;0;0;0;0;0
Ağustos 2026;Yabancı;Arapça;Lead;Onkoloji;Doruk Hospital;TRY;Onkoloji – Onkoloji Genel - Arap Bölgesi – Tümü – AR – Doruk İlaj Turkia – lead;​120232769281030080;PAUSED;Onkoloji - diognostik + genel - Bahreyn - lead;​120237667007410080;CAMPAIGN_PAUSED;LEAD_GENERATION;0;0;750;0;0;0;0;0;0;0;0;0;0
Temmuz 2026;Yabancı;Arapça;Lead;Onkoloji;Doruk Hospital;TRY;Onkoloji – Onkoloji Genel - Arap Bölgesi – Tümü – AR – Doruk İlaj Turkia – lead;​120232769281030080;PAUSED;Onkoloji - diognostik + genel - Katar - lead;​120237667007700080;CAMPAIGN_PAUSED;LEAD_GENERATION;0;0;1020;0;0;0;0;0;0;0;0;0;0
Ağustos 2026;Yabancı;Arapça;Lead;Onkoloji;Doruk Hospital;TRY;Onkoloji – Onkoloji Genel - Arap Bölgesi – Tümü – AR – Doruk İlaj Turkia – lead;​120232769281030080;PAUSED;Onkoloji - diognostik + genel - Katar - lead;​120237667007700080;CAMPAIGN_PAUSED;LEAD_GENERATION;0;0;1020;0;0;0;0;0;0;0;0;0;0
Temmuz 2026;Yabancı;Arapça;Lead;Onkoloji;Doruk Hospital;TRY;Onkoloji – Onkoloji Genel - Arap Bölgesi – Tümü – AR – Doruk İlaj Turkia – lead;​120232769281030080;PAUSED;Onkoloji - diognostik + genel - Kuveyt - lead;​120236647618780080;CAMPAIGN_PAUSED;LEAD_GENERATION;0;0;1450;0;0;0;0;0;0;0;0;0;0
Ağustos 2026;Yabancı;Arapça;Lead;Onkoloji;Doruk Hospital;TRY;Onkoloji – Onkoloji Genel - Arap Bölgesi – Tümü – AR – Doruk İlaj Turkia – lead;​120232769281030080;PAUSED;Onkoloji - diognostik + genel - Kuveyt - lead;​120236647618780080;CAMPAIGN_PAUSED;LEAD_GENERATION;0;0;1450;0;0;0;0;0;0;0;0;0;0
Temmuz 2026;Yabancı;Arapça;Lead;Onkoloji;Doruk Hospital;TRY;Onkoloji – Onkoloji Genel - Arap Bölgesi – Tümü – AR – Doruk İlaj Turkia – lead;​120232769281030080;PAUSED;Onkoloji - diognostik + genel - Umman - lead;​120237667007400080;CAMPAIGN_PAUSED;LEAD_GENERATION;0;0;750;0;0;0;0;0;0;0;0;0;0
Ağustos 2026;Yabancı;Arapça;Lead;Onkoloji;Doruk Hospital;TRY;Onkoloji – Onkoloji Genel - Arap Bölgesi – Tümü – AR – Doruk İlaj Turkia – lead;​120232769281030080;PAUSED;Onkoloji - diognostik + genel - Umman - lead;​120237667007400080;CAMPAIGN_PAUSED;LEAD_GENERATION;0;0;750;0;0;0;0;0;0;0;0;0;0
Temmuz 2026;Yabancı;Arapça;Lead;Onkoloji;Doruk Hospital;TRY;Onkoloji – Onkoloji Genel - Arap Bölgesi – Tümü – AR – Doruk İlaj Turkia – lead;​120232769281030080;PAUSED;Onkoloji - onko rehabilitasyon + genel - BAE - lead;​120237755516390080;PAUSED;LEAD_GENERATION;0;0;750;0;0;0;0;0;0;0;0;0;0
Ağustos 2026;Yabancı;Arapça;Lead;Onkoloji;Doruk Hospital;TRY;Onkoloji – Onkoloji Genel - Arap Bölgesi – Tümü – AR – Doruk İlaj Turkia – lead;​120232769281030080;PAUSED;Onkoloji - onko rehabilitasyon + genel - BAE - lead;​120237755516390080;PAUSED;LEAD_GENERATION;0;0;750;0;0;0;0;0;0;0;0;0;0
Temmuz 2026;Yabancı;Arapça;Lead;Onkoloji;Doruk Hospital;TRY;Onkoloji – Onkoloji Genel - Arap Bölgesi – Tümü – AR – Doruk İlaj Turkia – lead;​120232769281030080;PAUSED;Onkoloji - onko rehabilitasyon + genel - Bahreyn - lead;​120237755730740080;PAUSED;LEAD_GENERATION;0;0;750;0;0;0;0;0;0;0;0;0;0
Ağustos 2026;Yabancı;Arapça;Lead;Onkoloji;Doruk Hospital;TRY;Onkoloji – Onkoloji Genel - Arap Bölgesi – Tümü – AR – Doruk İlaj Turkia – lead;​120232769281030080;PAUSED;Onkoloji - onko rehabilitasyon + genel - Bahreyn - lead;​120237755730740080;PAUSED;LEAD_GENERATION;0;0;750;0;0;0;0;0;0;0;0;0;0
Temmuz 2026;Yabancı;Arapça;Lead;Onkoloji;Doruk Hospital;TRY;Onkoloji – Onkoloji Genel - Arap Bölgesi – Tümü – AR – Doruk İlaj Turkia – lead;​120232769281030080;PAUSED;Onkoloji - onko rehabilitasyon + genel - Katar - lead;​120237755304780080;PAUSED;LEAD_GENERATION;0;0;1020;0;0;0;0;0;0;0;0;0;0
Ağustos 2026;Yabancı;Arapça;Lead;Onkoloji;Doruk Hospital;TRY;Onkoloji – Onkoloji Genel - Arap Bölgesi – Tümü – AR – Doruk İlaj Turkia – lead;​120232769281030080;PAUSED;Onkoloji - onko rehabilitasyon + genel - Katar - lead;​120237755304780080;PAUSED;LEAD_GENERATION;0;0;1020;0;0;0;0;0;0;0;0;0;0
Temmuz 2026;Yabancı;Arapça;Lead;Onkoloji;Doruk Hospital;TRY;Onkoloji – Onkoloji Genel - Arap Bölgesi – Tümü – AR – Doruk İlaj Turkia – lead;​120232769281030080;PAUSED;Onkoloji - onko rehabilitasyon + genel - Kuveyt - lead;​120237756123420080;PAUSED;LEAD_GENERATION;0;0;1450;0;0;0;0;0;0;0;0;0;0
Ağustos 2026;Yabancı;Arapça;Lead;Onkoloji;Doruk Hospital;TRY;Onkoloji – Onkoloji Genel - Arap Bölgesi – Tümü – AR – Doruk İlaj Turkia – lead;​120232769281030080;PAUSED;Onkoloji - onko rehabilitasyon + genel - Kuveyt - lead;​120237756123420080;PAUSED;LEAD_GENERATION;0;0;1450;0;0;0;0;0;0;0;0;0;0
Temmuz 2026;Yabancı;Arapça;Lead;Onkoloji;Doruk Hospital;TRY;Onkoloji – Onkoloji Genel - Arap Bölgesi – Tümü – AR – Doruk İlaj Turkia – lead;​120232769281030080;PAUSED;Onkoloji - onko rehabilitasyon + genel - Umman - lead;​120237755963120080;PAUSED;LEAD_GENERATION;0;0;750;0;0;0;0;0;0;0;0;0;0
Ağustos 2026;Yabancı;Arapça;Lead;Onkoloji;Doruk Hospital;TRY;Onkoloji – Onkoloji Genel - Arap Bölgesi – Tümü – AR – Doruk İlaj Turkia – lead;​120232769281030080;PAUSED;Onkoloji - onko rehabilitasyon + genel - Umman - lead;​120237755963120080;PAUSED;LEAD_GENERATION;0;0;750;0;0;0;0;0;0;0;0;0;0
Temmuz 2026;Yabancı;Arapça;Lead;Onkoloji;Doruk Hospital;TRY;Onkoloji – Onkoloji Genel - Arap Bölgesi – Tümü – AR – Doruk İlaj Turkia – lead;​120232769281030080;PAUSED;Onkoloji – Genel – BAE – AR – ilaj turkia – Lead;​120232791991760080;PAUSED;LEAD_GENERATION;0;0;3500;0;0;0;0;0;0;0;0;0;0
Ağustos 2026;Yabancı;Arapça;Lead;Onkoloji;Doruk Hospital;TRY;Onkoloji – Onkoloji Genel - Arap Bölgesi – Tümü – AR – Doruk İlaj Turkia – lead;​120232769281030080;PAUSED;Onkoloji – Genel – BAE – AR – ilaj turkia – Lead;​120232791991760080;PAUSED;LEAD_GENERATION;0;0;3500;0;0;0;0;0;0;0;0;0;0
Temmuz 2026;Yabancı;Arapça;Lead;Onkoloji;Doruk Hospital;TRY;Onkoloji – Onkoloji Genel - Arap Bölgesi – Tümü – AR – Doruk İlaj Turkia – lead;​120232769281030080;PAUSED;Onkoloji – Genel – Bahreyn – AR – ilaj turkia – Lead;​120232791937150080;PAUSED;LEAD_GENERATION;0;0;2500;0;0;0;0;0;0;0;0;0;0
Ağustos 2026;Yabancı;Arapça;Lead;Onkoloji;Doruk Hospital;TRY;Onkoloji – Onkoloji Genel - Arap Bölgesi – Tümü – AR – Doruk İlaj Turkia – lead;​120232769281030080;PAUSED;Onkoloji – Genel – Bahreyn – AR – ilaj turkia – Lead;​120232791937150080;PAUSED;LEAD_GENERATION;0;0;2500;0;0;0;0;0;0;0;0;0;0
Temmuz 2026;Yabancı;Arapça;Lead;Onkoloji;Doruk Hospital;TRY;Onkoloji – Onkoloji Genel - Arap Bölgesi – Tümü – AR – Doruk İlaj Turkia – lead;​120232769281030080;PAUSED;Onkoloji – Genel – Kuveyt – AR – ilaj turkia – Lead -;​120232769280990080;PAUSED;LEAD_GENERATION;0;0;7000;0;0;0;0;0;0;0;0;0;0
Ağustos 2026;Yabancı;Arapça;Lead;Onkoloji;Doruk Hospital;TRY;Onkoloji – Onkoloji Genel - Arap Bölgesi – Tümü – AR – Doruk İlaj Turkia – lead;​120232769281030080;PAUSED;Onkoloji – Genel – Kuveyt – AR – ilaj turkia – Lead -;​120232769280990080;PAUSED;LEAD_GENERATION;0;0;7000;0;0;0;0;0;0;0;0;0;0
Temmuz 2026;Yabancı;Arapça;Lead;Onkoloji;Doruk Hospital;TRY;Onkoloji – Onkoloji Genel - Arap Bölgesi – Tümü – AR – Doruk İlaj Turkia – lead;​120232769281030080;PAUSED;Onkoloji – Genel – Umman – AR – ilaj turkia – Lead - Kopya;​120232791974950080;PAUSED;LEAD_GENERATION;0;0;2000;0;0;0;0;0;0;0;0;0;0
Ağustos 2026;Yabancı;Arapça;Lead;Onkoloji;Doruk Hospital;TRY;Onkoloji – Onkoloji Genel - Arap Bölgesi – Tümü – AR – Doruk İlaj Turkia – lead;​120232769281030080;PAUSED;Onkoloji – Genel – Umman – AR – ilaj turkia – Lead - Kopya;​120232791974950080;PAUSED;LEAD_GENERATION;0;0;2000;0;0;0;0;0;0;0;0;0;0
Temmuz 2026;Yabancı;Arapça;Lead;Onkoloji;Doruk Hospital;TRY;Onkoloji – Onkoloji Genel - Arap Bölgesi – Tümü – AR – Doruk İlaj Turkia – lead;​120232769281030080;PAUSED;Onkoloji – Prostat Ca – BAE – AR – ilaj turkia – Lead - Kopya;​120234343016130080;CAMPAIGN_PAUSED;LEAD_GENERATION;0;0;1500;0;0;0;0;0;0;0;0;0;0
Ağustos 2026;Yabancı;Arapça;Lead;Onkoloji;Doruk Hospital;TRY;Onkoloji – Onkoloji Genel - Arap Bölgesi – Tümü – AR – Doruk İlaj Turkia – lead;​120232769281030080;PAUSED;Onkoloji – Prostat Ca – BAE – AR – ilaj turkia – Lead - Kopya;​120234343016130080;CAMPAIGN_PAUSED;LEAD_GENERATION;0;0;1500;0;0;0;0;0;0;0;0;0;0
Temmuz 2026;Yabancı;Arapça;Lead;Onkoloji;Doruk Hospital;TRY;Onkoloji – Onkoloji Genel - Arap Bölgesi – Tümü – AR – Doruk İlaj Turkia – lead;​120232769281030080;PAUSED;Onkoloji – Prostat Ca – Bahreyn – AR – ilaj turkia - lead;​120238044928070080;CAMPAIGN_PAUSED;LEAD_GENERATION;0;0;1500;0;0;0;0;0;0;0;0;0;0
Ağustos 2026;Yabancı;Arapça;Lead;Onkoloji;Doruk Hospital;TRY;Onkoloji – Onkoloji Genel - Arap Bölgesi – Tümü – AR – Doruk İlaj Turkia – lead;​120232769281030080;PAUSED;Onkoloji – Prostat Ca – Bahreyn – AR – ilaj turkia - lead;​120238044928070080;CAMPAIGN_PAUSED;LEAD_GENERATION;0;0;1500;0;0;0;0;0;0;0;0;0;0
Temmuz 2026;Yabancı;Arapça;Lead;Onkoloji;Doruk Hospital;TRY;Onkoloji – Onkoloji Genel - Arap Bölgesi – Tümü – AR – Doruk İlaj Turkia – lead;​120232769281030080;PAUSED;Onkoloji – Prostat Ca – Katar – AR – ilaj turkia – Lead;​120238044928090080;CAMPAIGN_PAUSED;LEAD_GENERATION;0;0;1500;0;0;0;0;0;0;0;0;0;0
Ağustos 2026;Yabancı;Arapça;Lead;Onkoloji;Doruk Hospital;TRY;Onkoloji – Onkoloji Genel - Arap Bölgesi – Tümü – AR – Doruk İlaj Turkia – lead;​120232769281030080;PAUSED;Onkoloji – Prostat Ca – Katar – AR – ilaj turkia – Lead;​120238044928090080;CAMPAIGN_PAUSED;LEAD_GENERATION;0;0;1500;0;0;0;0;0;0;0;0;0;0
Temmuz 2026;Yabancı;Arapça;Lead;Onkoloji;Doruk Hospital;TRY;Onkoloji – Onkoloji Genel - Arap Bölgesi – Tümü – AR – Doruk İlaj Turkia – lead;​120232769281030080;PAUSED;Onkoloji – Prostat Ca – Kuveyt – AR – ilaj turkia – Lead - - Kopya;​120234341644810080;CAMPAIGN_PAUSED;LEAD_GENERATION;0;0;1500;0;0;0;0;0;0;0;0;0;0
Ağustos 2026;Yabancı;Arapça;Lead;Onkoloji;Doruk Hospital;TRY;Onkoloji – Onkoloji Genel - Arap Bölgesi – Tümü – AR – Doruk İlaj Turkia – lead;​120232769281030080;PAUSED;Onkoloji – Prostat Ca – Kuveyt – AR – ilaj turkia – Lead - - Kopya;​120234341644810080;CAMPAIGN_PAUSED;LEAD_GENERATION;0;0;1500;0;0;0;0;0;0;0;0;0;0
Temmuz 2026;Yabancı;Arapça;Lead;Onkoloji;Doruk Hospital;TRY;Onkoloji – Onkoloji Genel - Arap Bölgesi – Tümü – AR – Doruk İlaj Turkia – lead;​120232769281030080;PAUSED;Onkoloji – Prostat Ca – Umman – AR – ilaj turkia – Lead;​120238044928100080;CAMPAIGN_PAUSED;LEAD_GENERATION;0;0;1500;0;0;0;0;0;0;0;0;0;0
Ağustos 2026;Yabancı;Arapça;Lead;Onkoloji;Doruk Hospital;TRY;Onkoloji – Onkoloji Genel - Arap Bölgesi – Tümü – AR – Doruk İlaj Turkia – lead;​120232769281030080;PAUSED;Onkoloji – Prostat Ca – Umman – AR – ilaj turkia – Lead;​120238044928100080;CAMPAIGN_PAUSED;LEAD_GENERATION;0;0;1500;0;0;0;0;0;0;0;0;0;0
Temmuz 2026;Yerli;Türkçe;Bilinirlik / İzlenme / Trafik;Doğum Kampanyası;Doruk Hastaneleri - SİNA ÖZEL Sağlık Hizmetleri A.ş;TRY;Gebe-Doğum Bilinirlik;​120247034876600399;ACTIVE;Gebe Okulu Erişim;​120247034876630399;ACTIVE;REACH;0;0;1000;0;22253.08;2274787;970594;1621;0;0;0;0;156558
Ağustos 2026;Yerli;Türkçe;Bilinirlik / İzlenme / Trafik;Doğum Kampanyası;Doruk Hastaneleri - SİNA ÖZEL Sağlık Hizmetleri A.ş;TRY;Gebe-Doğum Bilinirlik;​120247034876600399;ACTIVE;Gebe Okulu Erişim;​120247034876630399;ACTIVE;REACH;0;0;1000;0;4848.85;501675;417451;471;0;0;0;0;41280
Temmuz 2026;Yerli;Türkçe;Bilinirlik / İzlenme / Trafik;Doktor Kampanyası;Doruk Hastaneleri - SİNA ÖZEL Sağlık Hizmetleri A.ş;TRY;Doktor - Bilinirlik Kampanyası - Çekirge;​120255763855030399;ACTIVE;çekirge - Ali Emin Latif;​120255765339360399;ACTIVE;REACH;0;0;100;0;552.17;55757;49564;56;0;0;0;0;3078
Ağustos 2026;Yerli;Türkçe;Bilinirlik / İzlenme / Trafik;Doktor Kampanyası;Doruk Hastaneleri - SİNA ÖZEL Sağlık Hizmetleri A.ş;TRY;Doktor - Bilinirlik Kampanyası - Çekirge;​120255763855030399;ACTIVE;çekirge - Ali Emin Latif;​120255765339360399;ACTIVE;REACH;0;0;100;0;446.16;50721;46197;65;0;0;0;0;3154
Temmuz 2026;Yerli;Türkçe;Bilinirlik / İzlenme / Trafik;Doktor Kampanyası;Doruk Hastaneleri - SİNA ÖZEL Sağlık Hizmetleri A.ş;TRY;Doktor - Bilinirlik Kampanyası - Çekirge;​120255763855030399;ACTIVE;çekirge - Ali Karataş;​120255765367960399;ACTIVE;REACH;0;0;100;0;560.77;56094;50923;16;0;0;0;0;3178
Ağustos 2026;Yerli;Türkçe;Bilinirlik / İzlenme / Trafik;Doktor Kampanyası;Doruk Hastaneleri - SİNA ÖZEL Sağlık Hizmetleri A.ş;TRY;Doktor - Bilinirlik Kampanyası - Çekirge;​120255763855030399;ACTIVE;çekirge - Ali Karataş;​120255765367960399;ACTIVE;REACH;0;0;100;0;446.36;49575;45879;19;0;0;0;0;2497
Temmuz 2026;Yerli;Türkçe;Bilinirlik / İzlenme / Trafik;Doktor Kampanyası;Doruk Hastaneleri - SİNA ÖZEL Sağlık Hizmetleri A.ş;TRY;Doktor - Bilinirlik Kampanyası - Çekirge;​120255763855030399;ACTIVE;çekirge - Bülent Aymelek;​120255765369500399;ACTIVE;REACH;0;0;100;0;559.04;55859;48621;43;0;0;0;0;2614
Ağustos 2026;Yerli;Türkçe;Bilinirlik / İzlenme / Trafik;Doktor Kampanyası;Doruk Hastaneleri - SİNA ÖZEL Sağlık Hizmetleri A.ş;TRY;Doktor - Bilinirlik Kampanyası - Çekirge;​120255763855030399;ACTIVE;çekirge - Bülent Aymelek;​120255765369500399;ACTIVE;REACH;0;0;100;0;458.83;50602;46858;14;0;0;0;0;2239
Temmuz 2026;Yerli;Türkçe;Bilinirlik / İzlenme / Trafik;Doktor Kampanyası;Doruk Hastaneleri - SİNA ÖZEL Sağlık Hizmetleri A.ş;TRY;Doktor - Bilinirlik Kampanyası - Çekirge;​120255763855030399;ACTIVE;çekirge - Duygu Hasan Dilber;​120255765371020399;ACTIVE;REACH;0;0;100;0;562.52;56302;51618;28;0;0;0;0;2783
Ağustos 2026;Yerli;Türkçe;Bilinirlik / İzlenme / Trafik;Doktor Kampanyası;Doruk Hastaneleri - SİNA ÖZEL Sağlık Hizmetleri A.ş;TRY;Doktor - Bilinirlik Kampanyası - Çekirge;​120255763855030399;ACTIVE;çekirge - Duygu Hasan Dilber;​120255765371020399;ACTIVE;REACH;0;0;100;0;454.79;50340;47344;19;0;0;0;0;2432
Temmuz 2026;Yerli;Türkçe;Bilinirlik / İzlenme / Trafik;Doktor Kampanyası;Doruk Hastaneleri - SİNA ÖZEL Sağlık Hizmetleri A.ş;TRY;Doktor - Bilinirlik Kampanyası - Çekirge;​120255763855030399;ACTIVE;çekirge - Eda Efsane Çetinkaya;​120255765371710399;ACTIVE;REACH;0;0;100;0;559.91;56400;50433;21;0;0;0;0;2637
Ağustos 2026;Yerli;Türkçe;Bilinirlik / İzlenme / Trafik;Doktor Kampanyası;Doruk Hastaneleri - SİNA ÖZEL Sağlık Hizmetleri A.ş;TRY;Doktor - Bilinirlik Kampanyası - Çekirge;​120255763855030399;ACTIVE;çekirge - Eda Efsane Çetinkaya;​120255765371710399;ACTIVE;REACH;0;0;100;0;450.24;50315;47044;15;0;0;0;0;2308
Temmuz 2026;Yerli;Türkçe;Bilinirlik / İzlenme / Trafik;Doktor Kampanyası;Doruk Hastaneleri - SİNA ÖZEL Sağlık Hizmetleri A.ş;TRY;Doktor - Bilinirlik Kampanyası - Çekirge;​120255763855030399;ACTIVE;çekirge - Emine Mestan;​120255765372750399;ACTIVE;REACH;0;0;100;0;556.79;55280;47929;16;0;0;0;0;2671
Ağustos 2026;Yerli;Türkçe;Bilinirlik / İzlenme / Trafik;Doktor Kampanyası;Doruk Hastaneleri - SİNA ÖZEL Sağlık Hizmetleri A.ş;TRY;Doktor - Bilinirlik Kampanyası - Çekirge;​120255763855030399;ACTIVE;çekirge - Emine Mestan;​120255765372750399;ACTIVE;REACH;0;0;100;0;473.67;52266;47166;30;0;0;0;0;3149
Temmuz 2026;Yerli;Türkçe;Bilinirlik / İzlenme / Trafik;Doktor Kampanyası;Doruk Hastaneleri - SİNA ÖZEL Sağlık Hizmetleri A.ş;TRY;Doktor - Bilinirlik Kampanyası - Çekirge;​120255763855030399;ACTIVE;çekirge - Ertuğrul Aydın;​120255765374530399;ACTIVE;REACH;0;0;100;0;561.42;56581;49996;24;0;0;0;0;3247
Ağustos 2026;Yerli;Türkçe;Bilinirlik / İzlenme / Trafik;Doktor Kampanyası;Doruk Hastaneleri - SİNA ÖZEL Sağlık Hizmetleri A.ş;TRY;Doktor - Bilinirlik Kampanyası - Çekirge;​120255763855030399;ACTIVE;çekirge - Ertuğrul Aydın;​120255765374530399;ACTIVE;REACH;0;0;100;0;452.53;50541;48061;32;0;0;0;0;3116
Temmuz 2026;Yerli;Türkçe;Bilinirlik / İzlenme / Trafik;Doktor Kampanyası;Doruk Hastaneleri - SİNA ÖZEL Sağlık Hizmetleri A.ş;TRY;Doktor - Bilinirlik Kampanyası - Çekirge;​120255763855030399;ACTIVE;çekirge - Güray Can;​120255765375300399;ACTIVE;REACH;0;0;100;0;555.9;55567;49590;58;0;0;0;0;2786
Ağustos 2026;Yerli;Türkçe;Bilinirlik / İzlenme / Trafik;Doktor Kampanyası;Doruk Hastaneleri - SİNA ÖZEL Sağlık Hizmetleri A.ş;TRY;Doktor - Bilinirlik Kampanyası - Çekirge;​120255763855030399;ACTIVE;çekirge - Güray Can;​120255765375300399;ACTIVE;REACH;0;0;100;0;442.97;49862;46062;40;0;0;0;0;2462
Temmuz 2026;Yerli;Türkçe;Bilinirlik / İzlenme / Trafik;Doktor Kampanyası;Doruk Hastaneleri - SİNA ÖZEL Sağlık Hizmetleri A.ş;TRY;Doktor - Bilinirlik Kampanyası - Çekirge;​120255763855030399;ACTIVE;çekirge - Levent Uslu;​120255765380140399;ACTIVE;REACH;0;0;100;0;536.04;55834;48262;106;0;0;0;0;4015
Ağustos 2026;Yerli;Türkçe;Bilinirlik / İzlenme / Trafik;Doktor Kampanyası;Doruk Hastaneleri - SİNA ÖZEL Sağlık Hizmetleri A.ş;TRY;Doktor - Bilinirlik Kampanyası - Çekirge;​120255763855030399;ACTIVE;çekirge - Levent Uslu;​120255765380140399;ACTIVE;REACH;0;0;100;0;442.46;51493;47121;94;0;0;0;0;3693
Temmuz 2026;Yerli;Türkçe;Bilinirlik / İzlenme / Trafik;Doktor Kampanyası;Doruk Hastaneleri - SİNA ÖZEL Sağlık Hizmetleri A.ş;TRY;Doktor - Bilinirlik Kampanyası - Çekirge;​120255763855030399;ACTIVE;çekirge - Meltem Çakmak;​120255765380910399;ACTIVE;REACH;0;0;100;0;546.58;55737;51672;27;0;0;0;0;3464
Ağustos 2026;Yerli;Türkçe;Bilinirlik / İzlenme / Trafik;Doktor Kampanyası;Doruk Hastaneleri - SİNA ÖZEL Sağlık Hizmetleri A.ş;TRY;Doktor - Bilinirlik Kampanyası - Çekirge;​120255763855030399;ACTIVE;çekirge - Meltem Çakmak;​120255765380910399;ACTIVE;REACH;0;0;100;0;443;49963;48078;22;0;0;0;0;2661
Temmuz 2026;Yerli;Türkçe;Bilinirlik / İzlenme / Trafik;Doktor Kampanyası;Doruk Hastaneleri - SİNA ÖZEL Sağlık Hizmetleri A.ş;TRY;Doktor - Bilinirlik Kampanyası - Çekirge;​120255763855030399;ACTIVE;çekirge - Muhtar Ünaldı;​120255765382010399;ACTIVE;REACH;0;0;100;0;560.5;56727;51575;69;0;0;0;0;4485
Ağustos 2026;Yerli;Türkçe;Bilinirlik / İzlenme / Trafik;Doktor Kampanyası;Doruk Hastaneleri - SİNA ÖZEL Sağlık Hizmetleri A.ş;TRY;Doktor - Bilinirlik Kampanyası - Çekirge;​120255763855030399;ACTIVE;çekirge - Muhtar Ünaldı;​120255765382010399;ACTIVE;REACH;0;0;100;0;460.59;51556;48815;45;0;0;0;0;3883
Temmuz 2026;Yerli;Türkçe;Bilinirlik / İzlenme / Trafik;Doktor Kampanyası;Doruk Hastaneleri - SİNA ÖZEL Sağlık Hizmetleri A.ş;TRY;Doktor - Bilinirlik Kampanyası - Çekirge;​120255763855030399;ACTIVE;çekirge - Murat Çakır;​120255765382810399;ACTIVE;REACH;0;0;100;0;553.29;55702;51504;33;0;0;0;0;3039
Ağustos 2026;Yerli;Türkçe;Bilinirlik / İzlenme / Trafik;Doktor Kampanyası;Doruk Hastaneleri - SİNA ÖZEL Sağlık Hizmetleri A.ş;TRY;Doktor - Bilinirlik Kampanyası - Çekirge;​120255763855030399;ACTIVE;çekirge - Murat Çakır;​120255765382810399;ACTIVE;REACH;0;0;100;0;455.89;50700;46178;22;0;0;0;0;2608
Temmuz 2026;Yerli;Türkçe;Bilinirlik / İzlenme / Trafik;Doktor Kampanyası;Doruk Hastaneleri - SİNA ÖZEL Sağlık Hizmetleri A.ş;TRY;Doktor - Bilinirlik Kampanyası - Çekirge;​120255763855030399;ACTIVE;çekirge - Mustafa Kısakürek;​120255765383900399;ACTIVE;REACH;0;0;100;0;554.11;56087;49304;74;0;0;0;0;3384
Ağustos 2026;Yerli;Türkçe;Bilinirlik / İzlenme / Trafik;Doktor Kampanyası;Doruk Hastaneleri - SİNA ÖZEL Sağlık Hizmetleri A.ş;TRY;Doktor - Bilinirlik Kampanyası - Çekirge;​120255763855030399;ACTIVE;çekirge - Mustafa Kısakürek;​120255765383900399;ACTIVE;REACH;0;0;100;0;465.76;51559;47675;45;0;0;0;0;2753
Temmuz 2026;Yerli;Türkçe;Bilinirlik / İzlenme / Trafik;Doktor Kampanyası;Doruk Hastaneleri - SİNA ÖZEL Sağlık Hizmetleri A.ş;TRY;Doktor - Bilinirlik Kampanyası - Çekirge;​120255763855030399;ACTIVE;çekirge - Osman Ataç;​120255765384780399;ACTIVE;REACH;0;0;100;0;548.79;55864;51182;26;0;0;0;0;4126
Ağustos 2026;Yerli;Türkçe;Bilinirlik / İzlenme / Trafik;Doktor Kampanyası;Doruk Hastaneleri - SİNA ÖZEL Sağlık Hizmetleri A.ş;TRY;Doktor - Bilinirlik Kampanyası - Çekirge;​120255763855030399;ACTIVE;çekirge - Osman Ataç;​120255765384780399;ACTIVE;REACH;0;0;100;0;458.51;51509;50245;43;0;0;0;0;3570
Temmuz 2026;Yerli;Türkçe;Bilinirlik / İzlenme / Trafik;Doktor Kampanyası;Doruk Hastaneleri - SİNA ÖZEL Sağlık Hizmetleri A.ş;TRY;Doktor - Bilinirlik Kampanyası - Çekirge;​120255763855030399;ACTIVE;çekirge - Sait Uysal;​120255765385330399;ACTIVE;REACH;0;0;100;0;551.73;55861;52297;48;0;0;0;0;3417
Ağustos 2026;Yerli;Türkçe;Bilinirlik / İzlenme / Trafik;Doktor Kampanyası;Doruk Hastaneleri - SİNA ÖZEL Sağlık Hizmetleri A.ş;TRY;Doktor - Bilinirlik Kampanyası - Çekirge;​120255763855030399;ACTIVE;çekirge - Sait Uysal;​120255765385330399;ACTIVE;REACH;0;0;100;0;448.34;50105;45526;61;0;0;0;0;2707
Temmuz 2026;Yerli;Türkçe;Bilinirlik / İzlenme / Trafik;Doktor Kampanyası;Doruk Hastaneleri - SİNA ÖZEL Sağlık Hizmetleri A.ş;TRY;Doktor - Bilinirlik Kampanyası - Çekirge;​120255763855030399;ACTIVE;çekirge - Sercan Sınır;​120255765387860399;ACTIVE;REACH;0;0;100;0;555.52;56246;47191;41;0;0;0;0;2659
Ağustos 2026;Yerli;Türkçe;Bilinirlik / İzlenme / Trafik;Doktor Kampanyası;Doruk Hastaneleri - SİNA ÖZEL Sağlık Hizmetleri A.ş;TRY;Doktor - Bilinirlik Kampanyası - Çekirge;​120255763855030399;ACTIVE;çekirge - Sercan Sınır;​120255765387860399;ACTIVE;REACH;0;0;100;0;451.03;51162;45999;52;0;0;0;0;2643
Temmuz 2026;Yerli;Türkçe;Bilinirlik / İzlenme / Trafik;Doktor Kampanyası;Doruk Hastaneleri - SİNA ÖZEL Sağlık Hizmetleri A.ş;TRY;Doktor - Bilinirlik Kampanyası - Çekirge;​120255763855030399;ACTIVE;çekirge - Seyfi Kamberoğlu;​120255765392180399;ACTIVE;REACH;0;0;100;0;559.91;55973;50277;25;0;0;0;0;3518
Ağustos 2026;Yerli;Türkçe;Bilinirlik / İzlenme / Trafik;Doktor Kampanyası;Doruk Hastaneleri - SİNA ÖZEL Sağlık Hizmetleri A.ş;TRY;Doktor - Bilinirlik Kampanyası - Çekirge;​120255763855030399;ACTIVE;çekirge - Seyfi Kamberoğlu;​120255765392180399;ACTIVE;REACH;0;0;100;0;459;50703;48961;45;0;0;0;0;2841
Temmuz 2026;Yerli;Türkçe;Bilinirlik / İzlenme / Trafik;Doktor Kampanyası;Doruk Hastaneleri - SİNA ÖZEL Sağlık Hizmetleri A.ş;TRY;Doktor - Bilinirlik Kampanyası - Çekirge;​120255763855030399;ACTIVE;çekirge - Simge Katrancı;​120255765393170399;ACTIVE;REACH;0;0;100;0;546.59;55303;51078;59;0;0;0;0;3702
Ağustos 2026;Yerli;Türkçe;Bilinirlik / İzlenme / Trafik;Doktor Kampanyası;Doruk Hastaneleri - SİNA ÖZEL Sağlık Hizmetleri A.ş;TRY;Doktor - Bilinirlik Kampanyası - Çekirge;​120255763855030399;ACTIVE;çekirge - Simge Katrancı;​120255765393170399;ACTIVE;REACH;0;0;100;0;446.97;49886;45528;27;0;0;0;0;3034
Temmuz 2026;Yerli;Türkçe;Bilinirlik / İzlenme / Trafik;Doktor Kampanyası;Doruk Hastaneleri - SİNA ÖZEL Sağlık Hizmetleri A.ş;TRY;Doktor - Bilinirlik Kampanyası - Çekirge;​120255763855030399;ACTIVE;çekirge - Sirem Aydınlar;​120255765394270399;ACTIVE;REACH;0;0;100;0;557.1;56604;50583;71;0;0;0;0;3597
Ağustos 2026;Yerli;Türkçe;Bilinirlik / İzlenme / Trafik;Doktor Kampanyası;Doruk Hastaneleri - SİNA ÖZEL Sağlık Hizmetleri A.ş;TRY;Doktor - Bilinirlik Kampanyası - Çekirge;​120255763855030399;ACTIVE;çekirge - Sirem Aydınlar;​120255765394270399;ACTIVE;REACH;0;0;100;0;458.2;51313;48368;67;0;0;0;0;3282
Temmuz 2026;Yerli;Türkçe;Bilinirlik / İzlenme / Trafik;Doktor Kampanyası;Doruk Hastaneleri - SİNA ÖZEL Sağlık Hizmetleri A.ş;TRY;Doktor - Bilinirlik Kampanyası - Çekirge;​120255763855030399;ACTIVE;çekirge - Suat Paker;​120255765395140399;ACTIVE;REACH;0;0;100;0;557.84;55951;50510;48;0;0;0;0;3071
Ağustos 2026;Yerli;Türkçe;Bilinirlik / İzlenme / Trafik;Doktor Kampanyası;Doruk Hastaneleri - SİNA ÖZEL Sağlık Hizmetleri A.ş;TRY;Doktor - Bilinirlik Kampanyası - Çekirge;​120255763855030399;ACTIVE;çekirge - Suat Paker;​120255765395140399;ACTIVE;REACH;0;0;100;0;454.73;50912;48806;48;0;0;0;0;2703
Temmuz 2026;Yerli;Türkçe;Bilinirlik / İzlenme / Trafik;Doktor Kampanyası;Doruk Hastaneleri - SİNA ÖZEL Sağlık Hizmetleri A.ş;TRY;Doktor - Bilinirlik Kampanyası - Çekirge;​120255763855030399;ACTIVE;çekirge - Sühendan Benderli;​120255765396550399;ACTIVE;REACH;0;0;100;0;564.65;55928;50568;25;0;0;0;0;3346
Ağustos 2026;Yerli;Türkçe;Bilinirlik / İzlenme / Trafik;Doktor Kampanyası;Doruk Hastaneleri - SİNA ÖZEL Sağlık Hizmetleri A.ş;TRY;Doktor - Bilinirlik Kampanyası - Çekirge;​120255763855030399;ACTIVE;çekirge - Sühendan Benderli;​120255765396550399;ACTIVE;REACH;0;0;100;0;448.33;50057;46971;37;0;0;0;0;3221
Temmuz 2026;Yerli;Türkçe;Bilinirlik / İzlenme / Trafik;Doktor Kampanyası;Doruk Hastaneleri - SİNA ÖZEL Sağlık Hizmetleri A.ş;TRY;Doktor - Bilinirlik Kampanyası - Çekirge;​120255763855030399;ACTIVE;çekirge - Tuncay Özgünay;​120255765397250399;ACTIVE;REACH;0;0;100;0;557.04;55884;48043;31;0;0;0;0;2256
Ağustos 2026;Yerli;Türkçe;Bilinirlik / İzlenme / Trafik;Doktor Kampanyası;Doruk Hastaneleri - SİNA ÖZEL Sağlık Hizmetleri A.ş;TRY;Doktor - Bilinirlik Kampanyası - Çekirge;​120255763855030399;ACTIVE;çekirge - Tuncay Özgünay;​120255765397250399;ACTIVE;REACH;0;0;100;0;460.22;50921;48662;23;0;0;0;0;2306
Temmuz 2026;Yerli;Türkçe;Bilinirlik / İzlenme / Trafik;Doktor Kampanyası;Doruk Hastaneleri - SİNA ÖZEL Sağlık Hizmetleri A.ş;TRY;Doktor - Bilinirlik Kampanyası - Nilüfer;​120249061996540399;ACTIVE;nilüfer - Abdullah Şimşek;​120250028825440399;ACTIVE;REACH;0;0;100;0;2326.46;258752;248405;101;0;0;0;0;9468
Ağustos 2026;Yerli;Türkçe;Bilinirlik / İzlenme / Trafik;Doktor Kampanyası;Doruk Hastaneleri - SİNA ÖZEL Sağlık Hizmetleri A.ş;TRY;Doktor - Bilinirlik Kampanyası - Nilüfer;​120249061996540399;ACTIVE;nilüfer - Abdullah Şimşek;​120250028825440399;ACTIVE;REACH;0;0;100;0;472.95;56053;52553;35;0;0;0;0;1895
Temmuz 2026;Yerli;Türkçe;Bilinirlik / İzlenme / Trafik;Doktor Kampanyası;Doruk Hastaneleri - SİNA ÖZEL Sağlık Hizmetleri A.ş;TRY;Doktor - Bilinirlik Kampanyası - Nilüfer;​120249061996540399;ACTIVE;nilüfer - Abdülkadir GÖĞREMİŞ;​120249678072310399;ACTIVE;REACH;0;0;100;0;2342.16;260089;222426;185;0;0;0;0;10565
Ağustos 2026;Yerli;Türkçe;Bilinirlik / İzlenme / Trafik;Doktor Kampanyası;Doruk Hastaneleri - SİNA ÖZEL Sağlık Hizmetleri A.ş;TRY;Doktor - Bilinirlik Kampanyası - Nilüfer;​120249061996540399;ACTIVE;nilüfer - Abdülkadir GÖĞREMİŞ;​120249678072310399;ACTIVE;REACH;0;0;100;0;452.1;54919;52811;53;0;0;0;0;2994
Temmuz 2026;Yerli;Türkçe;Bilinirlik / İzlenme / Trafik;Doktor Kampanyası;Doruk Hastaneleri - SİNA ÖZEL Sağlık Hizmetleri A.ş;TRY;Doktor - Bilinirlik Kampanyası - Nilüfer;​120249061996540399;ACTIVE;nilüfer - Ahmet Seçkin Çetinkaya;​120252512452820399;ACTIVE;REACH;0;0;100;0;2234.99;255047;199396;341;0;0;0;0;16301
Ağustos 2026;Yerli;Türkçe;Bilinirlik / İzlenme / Trafik;Doktor Kampanyası;Doruk Hastaneleri - SİNA ÖZEL Sağlık Hizmetleri A.ş;TRY;Doktor - Bilinirlik Kampanyası - Nilüfer;​120249061996540399;ACTIVE;nilüfer - Ahmet Seçkin Çetinkaya;​120252512452820399;ACTIVE;REACH;0;0;100;0;451.99;55525;51261;89;0;0;0;1;4250
Temmuz 2026;Yerli;Türkçe;Bilinirlik / İzlenme / Trafik;Doktor Kampanyası;Doruk Hastaneleri - SİNA ÖZEL Sağlık Hizmetleri A.ş;TRY;Doktor - Bilinirlik Kampanyası - Nilüfer;​120249061996540399;ACTIVE;nilüfer - Ahmet TURGUT;​120249678142970399;ACTIVE;REACH;0;0;100;0;2374.44;261758;242498;100;0;0;0;0;8688
Ağustos 2026;Yerli;Türkçe;Bilinirlik / İzlenme / Trafik;Doktor Kampanyası;Doruk Hastaneleri - SİNA ÖZEL Sağlık Hizmetleri A.ş;TRY;Doktor - Bilinirlik Kampanyası - Nilüfer;​120249061996540399;ACTIVE;nilüfer - Ahmet TURGUT;​120249678142970399;ACTIVE;REACH;0;0;100;0;458.43;54355;53661;47;0;0;0;0;2453
Temmuz 2026;Yerli;Türkçe;Bilinirlik / İzlenme / Trafik;Doktor Kampanyası;Doruk Hastaneleri - SİNA ÖZEL Sağlık Hizmetleri A.ş;TRY;Doktor - Bilinirlik Kampanyası - Nilüfer;​120249061996540399;ACTIVE;nilüfer - Atıf Mutlu;​120249675908280399;ACTIVE;REACH;0;0;100;0;2241.39;245132;146933;244;0;0;0;0;10862
Ağustos 2026;Yerli;Türkçe;Bilinirlik / İzlenme / Trafik;Doktor Kampanyası;Doruk Hastaneleri - SİNA ÖZEL Sağlık Hizmetleri A.ş;TRY;Doktor - Bilinirlik Kampanyası - Nilüfer;​120249061996540399;ACTIVE;nilüfer - Atıf Mutlu;​120249675908280399;ACTIVE;REACH;0;0;100;0;458.31;51773;46910;64;0;0;0;0;2144
Temmuz 2026;Yerli;Türkçe;Bilinirlik / İzlenme / Trafik;Doktor Kampanyası;Doruk Hastaneleri - SİNA ÖZEL Sağlık Hizmetleri A.ş;TRY;Doktor - Bilinirlik Kampanyası - Nilüfer;​120249061996540399;ACTIVE;nilüfer - Atilla Güray;​120249678237640399;ACTIVE;REACH;0;0;100;0;2335.57;258546;238055;95;0;0;0;0;7729
Ağustos 2026;Yerli;Türkçe;Bilinirlik / İzlenme / Trafik;Doktor Kampanyası;Doruk Hastaneleri - SİNA ÖZEL Sağlık Hizmetleri A.ş;TRY;Doktor - Bilinirlik Kampanyası - Nilüfer;​120249061996540399;ACTIVE;nilüfer - Atilla Güray;​120249678237640399;ACTIVE;REACH;0;0;100;0;477.23;56287;54548;12;0;0;0;0;1705
Temmuz 2026;Yerli;Türkçe;Bilinirlik / İzlenme / Trafik;Doktor Kampanyası;Doruk Hastaneleri - SİNA ÖZEL Sağlık Hizmetleri A.ş;TRY;Doktor - Bilinirlik Kampanyası - Nilüfer;​120249061996540399;ACTIVE;nilüfer - Ayşenur Kaya;​120250370320610399;ACTIVE;REACH;0;0;100;0;2366.23;261537;236108;123;0;0;0;0;8890
Ağustos 2026;Yerli;Türkçe;Bilinirlik / İzlenme / Trafik;Doktor Kampanyası;Doruk Hastaneleri - SİNA ÖZEL Sağlık Hizmetleri A.ş;TRY;Doktor - Bilinirlik Kampanyası - Nilüfer;​120249061996540399;ACTIVE;nilüfer - Ayşenur Kaya;​120250370320610399;ACTIVE;REACH;0;0;100;0;469.22;55434;53233;23;0;0;0;0;2009
Temmuz 2026;Yerli;Türkçe;Bilinirlik / İzlenme / Trafik;Doktor Kampanyası;Doruk Hastaneleri - SİNA ÖZEL Sağlık Hizmetleri A.ş;TRY;Doktor - Bilinirlik Kampanyası - Nilüfer;​120249061996540399;ACTIVE;nilüfer - Bayram Çalışkan;​120250139784860399;ACTIVE;REACH;0;0;100;0;2345.56;260835;217806;253;0;0;0;0;11573
Ağustos 2026;Yerli;Türkçe;Bilinirlik / İzlenme / Trafik;Doktor Kampanyası;Doruk Hastaneleri - SİNA ÖZEL Sağlık Hizmetleri A.ş;TRY;Doktor - Bilinirlik Kampanyası - Nilüfer;​120249061996540399;ACTIVE;nilüfer - Bayram Çalışkan;​120250139784860399;ACTIVE;REACH;0;0;100;0;461.7;55889;53720;95;0;0;0;0;2982
Temmuz 2026;Yerli;Türkçe;Bilinirlik / İzlenme / Trafik;Doktor Kampanyası;Doruk Hastaneleri - SİNA ÖZEL Sağlık Hizmetleri A.ş;TRY;Doktor - Bilinirlik Kampanyası - Nilüfer;​120249061996540399;ACTIVE;nilüfer - Berkan Aktürk;​120249678776590399;ACTIVE;REACH;0;0;100;0;2323.69;258644;235534;71;0;0;0;0;9303
Ağustos 2026;Yerli;Türkçe;Bilinirlik / İzlenme / Trafik;Doktor Kampanyası;Doruk Hastaneleri - SİNA ÖZEL Sağlık Hizmetleri A.ş;TRY;Doktor - Bilinirlik Kampanyası - Nilüfer;​120249061996540399;ACTIVE;nilüfer - Berkan Aktürk;​120249678776590399;ACTIVE;REACH;0;0;100;0;463.76;54889;52118;14;0;0;0;0;2260
Temmuz 2026;Yerli;Türkçe;Bilinirlik / İzlenme / Trafik;Doktor Kampanyası;Doruk Hastaneleri - SİNA ÖZEL Sağlık Hizmetleri A.ş;TRY;Doktor - Bilinirlik Kampanyası - Nilüfer;​120249061996540399;ACTIVE;nilüfer - Burak Danacıoğlu;​120249678860320399;ACTIVE;REACH;0;0;100;0;2350.04;257687;232503;113;0;0;0;0;8054
Ağustos 2026;Yerli;Türkçe;Bilinirlik / İzlenme / Trafik;Doktor Kampanyası;Doruk Hastaneleri - SİNA ÖZEL Sağlık Hizmetleri A.ş;TRY;Doktor - Bilinirlik Kampanyası - Nilüfer;​120249061996540399;ACTIVE;nilüfer - Burak Danacıoğlu;​120249678860320399;ACTIVE;REACH;0;0;100;0;467.94;54923;53251;24;0;0;0;0;1978
Temmuz 2026;Yerli;Türkçe;Bilinirlik / İzlenme / Trafik;Doktor Kampanyası;Doruk Hastaneleri - SİNA ÖZEL Sağlık Hizmetleri A.ş;TRY;Doktor - Bilinirlik Kampanyası - Nilüfer;​120249061996540399;ACTIVE;nilüfer - Çiğdem Şen;​120252512785320399;ACTIVE;REACH;0;0;100;0;2314.8;255248;233823;105;0;0;0;0;8605
Ağustos 2026;Yerli;Türkçe;Bilinirlik / İzlenme / Trafik;Doktor Kampanyası;Doruk Hastaneleri - SİNA ÖZEL Sağlık Hizmetleri A.ş;TRY;Doktor - Bilinirlik Kampanyası - Nilüfer;​120249061996540399;ACTIVE;nilüfer - Çiğdem Şen;​120252512785320399;ACTIVE;REACH;0;0;100;0;454.73;54090;54090;38;0;0;0;0;2646
Temmuz 2026;Yerli;Türkçe;Bilinirlik / İzlenme / Trafik;Doktor Kampanyası;Doruk Hastaneleri - SİNA ÖZEL Sağlık Hizmetleri A.ş;TRY;Doktor - Bilinirlik Kampanyası - Nilüfer;​120249061996540399;ACTIVE;nilüfer - Çoşkun Özer;​120250014911760399;ACTIVE;REACH;0;0;100;0;2303.89;252931;227067;166;0;0;0;0;10670
Ağustos 2026;Yerli;Türkçe;Bilinirlik / İzlenme / Trafik;Doktor Kampanyası;Doruk Hastaneleri - SİNA ÖZEL Sağlık Hizmetleri A.ş;TRY;Doktor - Bilinirlik Kampanyası - Nilüfer;​120249061996540399;ACTIVE;nilüfer - Çoşkun Özer;​120250014911760399;ACTIVE;REACH;0;0;100;0;451.68;53194;50514;52;0;0;0;0;2456
Temmuz 2026;Yerli;Türkçe;Bilinirlik / İzlenme / Trafik;Doktor Kampanyası;Doruk Hastaneleri - SİNA ÖZEL Sağlık Hizmetleri A.ş;TRY;Doktor - Bilinirlik Kampanyası - Nilüfer;​120249061996540399;ACTIVE;nilüfer - Ebru Süer;​120250370406560399;ACTIVE;REACH;0;0;100;0;2326.1;259388;205694;280;0;0;0;0;11114
Ağustos 2026;Yerli;Türkçe;Bilinirlik / İzlenme / Trafik;Doktor Kampanyası;Doruk Hastaneleri - SİNA ÖZEL Sağlık Hizmetleri A.ş;TRY;Doktor - Bilinirlik Kampanyası - Nilüfer;​120249061996540399;ACTIVE;nilüfer - Ebru Süer;​120250370406560399;ACTIVE;REACH;0;0;100;0;462.83;55951;52058;56;0;0;0;0;2916
Temmuz 2026;Yerli;Türkçe;Bilinirlik / İzlenme / Trafik;Doktor Kampanyası;Doruk Hastaneleri - SİNA ÖZEL Sağlık Hizmetleri A.ş;TRY;Doktor - Bilinirlik Kampanyası - Nilüfer;​120249061996540399;ACTIVE;nilüfer - Elif Nur Sevinç;​120250370486100399;ACTIVE;REACH;0;0;100;0;2286.41;253796;211120;231;0;0;0;0;10953
Ağustos 2026;Yerli;Türkçe;Bilinirlik / İzlenme / Trafik;Doktor Kampanyası;Doruk Hastaneleri - SİNA ÖZEL Sağlık Hizmetleri A.ş;TRY;Doktor - Bilinirlik Kampanyası - Nilüfer;​120249061996540399;ACTIVE;nilüfer - Elif Nur Sevinç;​120250370486100399;ACTIVE;REACH;0;0;100;0;450.73;53571;50789;75;0;0;0;0;2591
Temmuz 2026;Yerli;Türkçe;Bilinirlik / İzlenme / Trafik;Doktor Kampanyası;Doruk Hastaneleri - SİNA ÖZEL Sağlık Hizmetleri A.ş;TRY;Doktor - Bilinirlik Kampanyası - Nilüfer;​120249061996540399;ACTIVE;nilüfer - Elif Şahin;​120250370531110399;ACTIVE;REACH;0;0;100;0;2255.38;257091;199833;377;0;0;0;0;13340
Ağustos 2026;Yerli;Türkçe;Bilinirlik / İzlenme / Trafik;Doktor Kampanyası;Doruk Hastaneleri - SİNA ÖZEL Sağlık Hizmetleri A.ş;TRY;Doktor - Bilinirlik Kampanyası - Nilüfer;​120249061996540399;ACTIVE;nilüfer - Elif Şahin;​120250370531110399;ACTIVE;REACH;0;0;100;0;453.21;55246;54555;74;0;0;0;0;3589
Temmuz 2026;Yerli;Türkçe;Bilinirlik / İzlenme / Trafik;Doktor Kampanyası;Doruk Hastaneleri - SİNA ÖZEL Sağlık Hizmetleri A.ş;TRY;Doktor - Bilinirlik Kampanyası - Nilüfer;​120249061996540399;ACTIVE;nilüfer - Emin Öztürk;​120252512600520399;ACTIVE;REACH;0;0;100;0;2301.01;254812;224841;92;0;0;0;0;10666
Ağustos 2026;Yerli;Türkçe;Bilinirlik / İzlenme / Trafik;Doktor Kampanyası;Doruk Hastaneleri - SİNA ÖZEL Sağlık Hizmetleri A.ş;TRY;Doktor - Bilinirlik Kampanyası - Nilüfer;​120249061996540399;ACTIVE;nilüfer - Emin Öztürk;​120252512600520399;ACTIVE;REACH;0;0;100;0;464.8;54799;51900;18;0;0;0;0;2337
Temmuz 2026;Yerli;Türkçe;Bilinirlik / İzlenme / Trafik;Doktor Kampanyası;Doruk Hastaneleri - SİNA ÖZEL Sağlık Hizmetleri A.ş;TRY;Doktor - Bilinirlik Kampanyası - Nilüfer;​120249061996540399;ACTIVE;nilüfer - Eren Kaya;​120250370606890399;ACTIVE;REACH;0;0;100;0;2380.97;259897;240105;140;0;0;0;0;9072
Ağustos 2026;Yerli;Türkçe;Bilinirlik / İzlenme / Trafik;Doktor Kampanyası;Doruk Hastaneleri - SİNA ÖZEL Sağlık Hizmetleri A.ş;TRY;Doktor - Bilinirlik Kampanyası - Nilüfer;​120249061996540399;ACTIVE;nilüfer - Eren Kaya;​120250370606890399;ACTIVE;REACH;0;0;100;0;471.1;55056;53934;37;0;0;0;0;2524
Temmuz 2026;Yerli;Türkçe;Bilinirlik / İzlenme / Trafik;Doktor Kampanyası;Doruk Hastaneleri - SİNA ÖZEL Sağlık Hizmetleri A.ş;TRY;Doktor - Bilinirlik Kampanyası - Nilüfer;​120249061996540399;ACTIVE;nilüfer - Erkan Avcı;​120252512526450399;ACTIVE;REACH;0;0;100;0;2342.66;258239;244492;72;0;0;0;0;9964
Ağustos 2026;Yerli;Türkçe;Bilinirlik / İzlenme / Trafik;Doktor Kampanyası;Doruk Hastaneleri - SİNA ÖZEL Sağlık Hizmetleri A.ş;TRY;Doktor - Bilinirlik Kampanyası - Nilüfer;​120249061996540399;ACTIVE;nilüfer - Erkan Avcı;​120252512526450399;ACTIVE;REACH;0;0;100;0;475.44;56033;55470;12;0;0;0;0;2201
Temmuz 2026;Yerli;Türkçe;Bilinirlik / İzlenme / Trafik;Doktor Kampanyası;Doruk Hastaneleri - SİNA ÖZEL Sağlık Hizmetleri A.ş;TRY;Doktor - Bilinirlik Kampanyası - Nilüfer;​120249061996540399;ACTIVE;nilüfer - Ersun Topal;​120250015917140399;ACTIVE;REACH;0;0;100;0;2350.8;259928;245967;75;0;0;0;0;7256
Ağustos 2026;Yerli;Türkçe;Bilinirlik / İzlenme / Trafik;Doktor Kampanyası;Doruk Hastaneleri - SİNA ÖZEL Sağlık Hizmetleri A.ş;TRY;Doktor - Bilinirlik Kampanyası - Nilüfer;​120249061996540399;ACTIVE;nilüfer - Ersun Topal;​120250015917140399;ACTIVE;REACH;0;0;100;0;458.85;54202;54049;23;0;0;0;0;1474
Temmuz 2026;Yerli;Türkçe;Bilinirlik / İzlenme / Trafik;Doktor Kampanyası;Doruk Hastaneleri - SİNA ÖZEL Sağlık Hizmetleri A.ş;TRY;Doktor - Bilinirlik Kampanyası - Nilüfer;​120249061996540399;ACTIVE;nilüfer - Fatih Aydemir;​120249677032050399;ACTIVE;REACH;0;0;100;0;2365.88;259900;237932;62;0;0;0;0;7000
Ağustos 2026;Yerli;Türkçe;Bilinirlik / İzlenme / Trafik;Doktor Kampanyası;Doruk Hastaneleri - SİNA ÖZEL Sağlık Hizmetleri A.ş;TRY;Doktor - Bilinirlik Kampanyası - Nilüfer;​120249061996540399;ACTIVE;nilüfer - Fatih Aydemir;​120249677032050399;ACTIVE;REACH;0;0;100;0;469;55187;53872;15;0;0;0;0;1522
Temmuz 2026;Yerli;Türkçe;Bilinirlik / İzlenme / Trafik;Doktor Kampanyası;Doruk Hastaneleri - SİNA ÖZEL Sağlık Hizmetleri A.ş;TRY;Doktor - Bilinirlik Kampanyası - Nilüfer;​120249061996540399;ACTIVE;nilüfer - Fatih Gök;​120249678889860399;ACTIVE;REACH;0;0;100;0;2343.68;258137;227976;231;0;0;0;0;10124
Ağustos 2026;Yerli;Türkçe;Bilinirlik / İzlenme / Trafik;Doktor Kampanyası;Doruk Hastaneleri - SİNA ÖZEL Sağlık Hizmetleri A.ş;TRY;Doktor - Bilinirlik Kampanyası - Nilüfer;​120249061996540399;ACTIVE;nilüfer - Fatih Gök;​120249678889860399;ACTIVE;REACH;0;0;100;0;463.62;54966;54032;58;0;0;0;0;2406
Temmuz 2026;Yerli;Türkçe;Bilinirlik / İzlenme / Trafik;Doktor Kampanyası;Doruk Hastaneleri - SİNA ÖZEL Sağlık Hizmetleri A.ş;TRY;Doktor - Bilinirlik Kampanyası - Nilüfer;​120249061996540399;ACTIVE;nilüfer - Fatma Güray;​120250370636130399;ACTIVE;REACH;0;0;100;0;2363.91;258972;247122;150;0;0;0;0;12477
Ağustos 2026;Yerli;Türkçe;Bilinirlik / İzlenme / Trafik;Doktor Kampanyası;Doruk Hastaneleri - SİNA ÖZEL Sağlık Hizmetleri A.ş;TRY;Doktor - Bilinirlik Kampanyası - Nilüfer;​120249061996540399;ACTIVE;nilüfer - Fatma Güray;​120250370636130399;ACTIVE;REACH;0;0;100;0;458.95;53923;49434;47;0;0;0;0;3419
Temmuz 2026;Yerli;Türkçe;Bilinirlik / İzlenme / Trafik;Doktor Kampanyası;Doruk Hastaneleri - SİNA ÖZEL Sağlık Hizmetleri A.ş;TRY;Doktor - Bilinirlik Kampanyası - Nilüfer;​120249061996540399;ACTIVE;nilüfer - Feray Alkan;​120250139840910399;ACTIVE;REACH;0;0;100;0;2338.82;259573;247950;138;0;0;0;0;10745
Ağustos 2026;Yerli;Türkçe;Bilinirlik / İzlenme / Trafik;Doktor Kampanyası;Doruk Hastaneleri - SİNA ÖZEL Sağlık Hizmetleri A.ş;TRY;Doktor - Bilinirlik Kampanyası - Nilüfer;​120249061996540399;ACTIVE;nilüfer - Feray Alkan;​120250139840910399;ACTIVE;REACH;0;0;100;0;461.55;55439;54091;46;0;0;0;0;3122
Temmuz 2026;Yerli;Türkçe;Bilinirlik / İzlenme / Trafik;Doktor Kampanyası;Doruk Hastaneleri - SİNA ÖZEL Sağlık Hizmetleri A.ş;TRY;Doktor - Bilinirlik Kampanyası - Nilüfer;​120249061996540399;ACTIVE;nilüfer - Feyza Bayram;​120250370672630399;ACTIVE;REACH;0;0;100;0;2287.84;256958;214284;293;0;0;0;0;11939
Ağustos 2026;Yerli;Türkçe;Bilinirlik / İzlenme / Trafik;Doktor Kampanyası;Doruk Hastaneleri - SİNA ÖZEL Sağlık Hizmetleri A.ş;TRY;Doktor - Bilinirlik Kampanyası - Nilüfer;​120249061996540399;ACTIVE;nilüfer - Feyza Bayram;​120250370672630399;ACTIVE;REACH;0;0;100;0;468.49;56572;55269;65;0;0;0;0;3024
Temmuz 2026;Yerli;Türkçe;Bilinirlik / İzlenme / Trafik;Doktor Kampanyası;Doruk Hastaneleri - SİNA ÖZEL Sağlık Hizmetleri A.ş;TRY;Doktor - Bilinirlik Kampanyası - Nilüfer;​120249061996540399;ACTIVE;nilüfer - Filiz Gözeten Yetiker;​120252512881130399;ACTIVE;REACH;0;0;100;0;2292.44;254788;237956;92;0;0;0;0;9224
Ağustos 2026;Yerli;Türkçe;Bilinirlik / İzlenme / Trafik;Doktor Kampanyası;Doruk Hastaneleri - SİNA ÖZEL Sağlık Hizmetleri A.ş;TRY;Doktor - Bilinirlik Kampanyası - Nilüfer;​120249061996540399;ACTIVE;nilüfer - Filiz Gözeten Yetiker;​120252512881130399;ACTIVE;REACH;0;0;100;0;463.16;54914;53831;20;0;0;0;0;2080
Temmuz 2026;Yerli;Türkçe;Bilinirlik / İzlenme / Trafik;Doktor Kampanyası;Doruk Hastaneleri - SİNA ÖZEL Sağlık Hizmetleri A.ş;TRY;Doktor - Bilinirlik Kampanyası - Nilüfer;​120249061996540399;ACTIVE;nilüfer - Hanife Zerrin Yazıcı;​120250012439320399;ACTIVE;REACH;0;0;100;0;2314.65;257630;229567;207;0;0;0;0;10053
Ağustos 2026;Yerli;Türkçe;Bilinirlik / İzlenme / Trafik;Doktor Kampanyası;Doruk Hastaneleri - SİNA ÖZEL Sağlık Hizmetleri A.ş;TRY;Doktor - Bilinirlik Kampanyası - Nilüfer;​120249061996540399;ACTIVE;nilüfer - Hanife Zerrin Yazıcı;​120250012439320399;ACTIVE;REACH;0;0;100;0;461.44;54757;54566;37;0;0;0;0;2331
Temmuz 2026;Yerli;Türkçe;Bilinirlik / İzlenme / Trafik;Doktor Kampanyası;Doruk Hastaneleri - SİNA ÖZEL Sağlık Hizmetleri A.ş;TRY;Doktor - Bilinirlik Kampanyası - Nilüfer;​120249061996540399;ACTIVE;nilüfer - Hasan Vatansever;​120250139863230399;ACTIVE;REACH;0;0;100;0;2354.36;260837;231963;184;0;0;0;0;11299
Ağustos 2026;Yerli;Türkçe;Bilinirlik / İzlenme / Trafik;Doktor Kampanyası;Doruk Hastaneleri - SİNA ÖZEL Sağlık Hizmetleri A.ş;TRY;Doktor - Bilinirlik Kampanyası - Nilüfer;​120249061996540399;ACTIVE;nilüfer - Hasan Vatansever;​120250139863230399;ACTIVE;REACH;0;0;100;0;459.37;54274;53289;45;0;0;0;0;2720
Temmuz 2026;Yerli;Türkçe;Bilinirlik / İzlenme / Trafik;Doktor Kampanyası;Doruk Hastaneleri - SİNA ÖZEL Sağlık Hizmetleri A.ş;TRY;Doktor - Bilinirlik Kampanyası - Nilüfer;​120249061996540399;ACTIVE;nilüfer - İrfan Atasoy;​120250028838690399;ACTIVE;REACH;0;0;100;0;2356.41;259706;238621;142;0;0;0;0;11986
Ağustos 2026;Yerli;Türkçe;Bilinirlik / İzlenme / Trafik;Doktor Kampanyası;Doruk Hastaneleri - SİNA ÖZEL Sağlık Hizmetleri A.ş;TRY;Doktor - Bilinirlik Kampanyası - Nilüfer;​120249061996540399;ACTIVE;nilüfer - İrfan Atasoy;​120250028838690399;ACTIVE;REACH;0;0;100;0;476;56227;55831;22;0;0;0;0;2641
Temmuz 2026;Yerli;Türkçe;Bilinirlik / İzlenme / Trafik;Doktor Kampanyası;Doruk Hastaneleri - SİNA ÖZEL Sağlık Hizmetleri A.ş;TRY;Doktor - Bilinirlik Kampanyası - Nilüfer;​120249061996540399;ACTIVE;nilüfer - Kamil Dilek;​120250369890950399;ACTIVE;REACH;0;0;100;0;2295.65;254277;227742;224;0;0;0;0;12965
Ağustos 2026;Yerli;Türkçe;Bilinirlik / İzlenme / Trafik;Doktor Kampanyası;Doruk Hastaneleri - SİNA ÖZEL Sağlık Hizmetleri A.ş;TRY;Doktor - Bilinirlik Kampanyası - Nilüfer;​120249061996540399;ACTIVE;nilüfer - Kamil Dilek;​120250369890950399;ACTIVE;REACH;0;0;100;0;463.7;55740;53132;89;0;0;0;0;3851
Temmuz 2026;Yerli;Türkçe;Bilinirlik / İzlenme / Trafik;Doktor Kampanyası;Doruk Hastaneleri - SİNA ÖZEL Sağlık Hizmetleri A.ş;TRY;Doktor - Bilinirlik Kampanyası - Nilüfer;​120249061996540399;ACTIVE;nilüfer - Kemal Köroğlu;​120250370742110399;ACTIVE;REACH;0;0;100;0;2325.69;256793;225549;194;0;0;0;0;9429
Ağustos 2026;Yerli;Türkçe;Bilinirlik / İzlenme / Trafik;Doktor Kampanyası;Doruk Hastaneleri - SİNA ÖZEL Sağlık Hizmetleri A.ş;TRY;Doktor - Bilinirlik Kampanyası - Nilüfer;​120249061996540399;ACTIVE;nilüfer - Kemal Köroğlu;​120250370742110399;ACTIVE;REACH;0;0;100;0;472.84;55813;53481;37;0;0;0;0;2209
Temmuz 2026;Yerli;Türkçe;Bilinirlik / İzlenme / Trafik;Doktor Kampanyası;Doruk Hastaneleri - SİNA ÖZEL Sağlık Hizmetleri A.ş;TRY;Doktor - Bilinirlik Kampanyası - Nilüfer;​120249061996540399;ACTIVE;nilüfer - Mehmet Bayrak;​120250370795600399;ACTIVE;REACH;0;0;100;0;2264.72;256682;211455;238;0;0;0;0;10766
Ağustos 2026;Yerli;Türkçe;Bilinirlik / İzlenme / Trafik;Doktor Kampanyası;Doruk Hastaneleri - SİNA ÖZEL Sağlık Hizmetleri A.ş;TRY;Doktor - Bilinirlik Kampanyası - Nilüfer;​120249061996540399;ACTIVE;nilüfer - Mehmet Bayrak;​120250370795600399;ACTIVE;REACH;0;0;100;0;452.33;54826;51537;78;0;0;0;0;2735
Temmuz 2026;Yerli;Türkçe;Bilinirlik / İzlenme / Trafik;Doktor Kampanyası;Doruk Hastaneleri - SİNA ÖZEL Sağlık Hizmetleri A.ş;TRY;Doktor - Bilinirlik Kampanyası - Nilüfer;​120249061996540399;ACTIVE;nilüfer - Mehmet Renan Özakgün;​120250370209780399;ACTIVE;REACH;0;0;100;0;2362.03;259337;233762;95;0;0;0;0;9625
Ağustos 2026;Yerli;Türkçe;Bilinirlik / İzlenme / Trafik;Doktor Kampanyası;Doruk Hastaneleri - SİNA ÖZEL Sağlık Hizmetleri A.ş;TRY;Doktor - Bilinirlik Kampanyası - Nilüfer;​120249061996540399;ACTIVE;nilüfer - Mehmet Renan Özakgün;​120250370209780399;ACTIVE;REACH;0;0;100;0;445.94;52327;51301;19;0;0;0;0;2227
Temmuz 2026;Yerli;Türkçe;Bilinirlik / İzlenme / Trafik;Doktor Kampanyası;Doruk Hastaneleri - SİNA ÖZEL Sağlık Hizmetleri A.ş;TRY;Doktor - Bilinirlik Kampanyası - Nilüfer;​120249061996540399;ACTIVE;nilüfer - Melike Yıldırım;​120250373494480399;ACTIVE;REACH;0;0;100;0;2336.44;259792;243130;149;0;0;0;0;10271
Ağustos 2026;Yerli;Türkçe;Bilinirlik / İzlenme / Trafik;Doktor Kampanyası;Doruk Hastaneleri - SİNA ÖZEL Sağlık Hizmetleri A.ş;TRY;Doktor - Bilinirlik Kampanyası - Nilüfer;​120249061996540399;ACTIVE;nilüfer - Melike Yıldırım;​120250373494480399;ACTIVE;REACH;0;0;100;0;458.92;55988;55988;71;0;0;0;0;2919
Temmuz 2026;Yerli;Türkçe;Bilinirlik / İzlenme / Trafik;Doktor Kampanyası;Doruk Hastaneleri - SİNA ÖZEL Sağlık Hizmetleri A.ş;TRY;Doktor - Bilinirlik Kampanyası - Nilüfer;​120249061996540399;ACTIVE;nilüfer - Meltem Öner;​120250013535020399;ACTIVE;REACH;0;0;100;0;2378.55;260977;241940;189;0;0;0;0;8108
Ağustos 2026;Yerli;Türkçe;Bilinirlik / İzlenme / Trafik;Doktor Kampanyası;Doruk Hastaneleri - SİNA ÖZEL Sağlık Hizmetleri A.ş;TRY;Doktor - Bilinirlik Kampanyası - Nilüfer;​120249061996540399;ACTIVE;nilüfer - Meltem Öner;​120250013535020399;ACTIVE;REACH;0;0;100;0;465.46;54558;54426;39;0;0;0;0;1819
Temmuz 2026;Yerli;Türkçe;Bilinirlik / İzlenme / Trafik;Doktor Kampanyası;Doruk Hastaneleri - SİNA ÖZEL Sağlık Hizmetleri A.ş;TRY;Doktor - Bilinirlik Kampanyası - Nilüfer;​120249061996540399;ACTIVE;nilüfer - Merve Kahraman;​120250373606480399;ACTIVE;REACH;0;0;100;0;2295.33;257979;214419;238;0;0;0;0;15300
Ağustos 2026;Yerli;Türkçe;Bilinirlik / İzlenme / Trafik;Doktor Kampanyası;Doruk Hastaneleri - SİNA ÖZEL Sağlık Hizmetleri A.ş;TRY;Doktor - Bilinirlik Kampanyası - Nilüfer;​120249061996540399;ACTIVE;nilüfer - Merve Kahraman;​120250373606480399;ACTIVE;REACH;0;0;100;0;461.18;56020;52111;48;0;0;0;0;3735
Temmuz 2026;Yerli;Türkçe;Bilinirlik / İzlenme / Trafik;Doktor Kampanyası;Doruk Hastaneleri - SİNA ÖZEL Sağlık Hizmetleri A.ş;TRY;Doktor - Bilinirlik Kampanyası - Nilüfer;​120249061996540399;ACTIVE;nilüfer - Mete Şişman;​120250016550420399;ACTIVE;REACH;0;0;100;0;2342.22;255776;229850;132;0;0;0;0;8456
Ağustos 2026;Yerli;Türkçe;Bilinirlik / İzlenme / Trafik;Doktor Kampanyası;Doruk Hastaneleri - SİNA ÖZEL Sağlık Hizmetleri A.ş;TRY;Doktor - Bilinirlik Kampanyası - Nilüfer;​120249061996540399;ACTIVE;nilüfer - Mete Şişman;​120250016550420399;ACTIVE;REACH;0;0;100;0;466.98;54476;52865;24;0;0;0;0;2159
Temmuz 2026;Yerli;Türkçe;Bilinirlik / İzlenme / Trafik;Doktor Kampanyası;Doruk Hastaneleri - SİNA ÖZEL Sağlık Hizmetleri A.ş;TRY;Doktor - Bilinirlik Kampanyası - Nilüfer;​120249061996540399;ACTIVE;nilüfer - Murat Pekgöz;​120250014089650399;ACTIVE;REACH;0;0;100;0;2336.96;256805;245714;61;0;0;0;0;8378
Ağustos 2026;Yerli;Türkçe;Bilinirlik / İzlenme / Trafik;Doktor Kampanyası;Doruk Hastaneleri - SİNA ÖZEL Sağlık Hizmetleri A.ş;TRY;Doktor - Bilinirlik Kampanyası - Nilüfer;​120249061996540399;ACTIVE;nilüfer - Murat Pekgöz;​120250014089650399;ACTIVE;REACH;0;0;100;0;476.39;55784;55784;14;0;0;0;0;1988
Temmuz 2026;Yerli;Türkçe;Bilinirlik / İzlenme / Trafik;Doktor Kampanyası;Doruk Hastaneleri - SİNA ÖZEL Sağlık Hizmetleri A.ş;TRY;Doktor - Bilinirlik Kampanyası - Nilüfer;​120249061996540399;ACTIVE;nilüfer - Nejat Bıyıklı;​120250013155480399;ACTIVE;REACH;0;0;100;0;2282.98;254717;214595;350;0;0;0;0;13985
Ağustos 2026;Yerli;Türkçe;Bilinirlik / İzlenme / Trafik;Doktor Kampanyası;Doruk Hastaneleri - SİNA ÖZEL Sağlık Hizmetleri A.ş;TRY;Doktor - Bilinirlik Kampanyası - Nilüfer;​120249061996540399;ACTIVE;nilüfer - Nejat Bıyıklı;​120250013155480399;ACTIVE;REACH;0;0;100;0;471.21;55757;54243;78;0;0;0;0;3292
Temmuz 2026;Yerli;Türkçe;Bilinirlik / İzlenme / Trafik;Doktor Kampanyası;Doruk Hastaneleri - SİNA ÖZEL Sağlık Hizmetleri A.ş;TRY;Doktor - Bilinirlik Kampanyası - Nilüfer;​120249061996540399;ACTIVE;nilüfer - Nesibe Gül Yüksel Aslıer;​120252512656600399;ACTIVE;REACH;0;0;100;0;2313.18;257061;245041;114;0;0;0;0;11446
Ağustos 2026;Yerli;Türkçe;Bilinirlik / İzlenme / Trafik;Doktor Kampanyası;Doruk Hastaneleri - SİNA ÖZEL Sağlık Hizmetleri A.ş;TRY;Doktor - Bilinirlik Kampanyası - Nilüfer;​120249061996540399;ACTIVE;nilüfer - Nesibe Gül Yüksel Aslıer;​120252512656600399;ACTIVE;REACH;0;0;100;0;466.93;55291;55291;25;0;0;0;0;2755
Temmuz 2026;Yerli;Türkçe;Bilinirlik / İzlenme / Trafik;Doktor Kampanyası;Doruk Hastaneleri - SİNA ÖZEL Sağlık Hizmetleri A.ş;TRY;Doktor - Bilinirlik Kampanyası - Nilüfer;​120249061996540399;ACTIVE;nilüfer - Osman Tiryakioğlu;​120252512242560399;ACTIVE;REACH;0;0;100;0;2326.99;258185;233558;98;0;0;0;0;9975
Ağustos 2026;Yerli;Türkçe;Bilinirlik / İzlenme / Trafik;Doktor Kampanyası;Doruk Hastaneleri - SİNA ÖZEL Sağlık Hizmetleri A.ş;TRY;Doktor - Bilinirlik Kampanyası - Nilüfer;​120249061996540399;ACTIVE;nilüfer - Osman Tiryakioğlu;​120252512242560399;ACTIVE;REACH;0;0;100;0;457.64;54279;52073;16;0;0;0;0;2663
Temmuz 2026;Yerli;Türkçe;Bilinirlik / İzlenme / Trafik;Doktor Kampanyası;Doruk Hastaneleri - SİNA ÖZEL Sağlık Hizmetleri A.ş;TRY;Doktor - Bilinirlik Kampanyası - Nilüfer;​120249061996540399;ACTIVE;nilüfer - Ömer Yalkın;​120250017034220399;ACTIVE;REACH;0;0;100;0;2368.68;258895;235253;205;0;0;0;0;9954
Ağustos 2026;Yerli;Türkçe;Bilinirlik / İzlenme / Trafik;Doktor Kampanyası;Doruk Hastaneleri - SİNA ÖZEL Sağlık Hizmetleri A.ş;TRY;Doktor - Bilinirlik Kampanyası - Nilüfer;​120249061996540399;ACTIVE;nilüfer - Ömer Yalkın;​120250017034220399;ACTIVE;REACH;0;0;100;0;467.89;55358;53524;61;0;0;0;0;2774
Temmuz 2026;Yerli;Türkçe;Bilinirlik / İzlenme / Trafik;Doktor Kampanyası;Doruk Hastaneleri - SİNA ÖZEL Sağlık Hizmetleri A.ş;TRY;Doktor - Bilinirlik Kampanyası - Nilüfer;​120249061996540399;ACTIVE;nilüfer - Önder Akkaya;​120250370266480399;ACTIVE;REACH;0;0;100;0;2273.04;253038;212066;200;0;0;0;0;9955
Ağustos 2026;Yerli;Türkçe;Bilinirlik / İzlenme / Trafik;Doktor Kampanyası;Doruk Hastaneleri - SİNA ÖZEL Sağlık Hizmetleri A.ş;TRY;Doktor - Bilinirlik Kampanyası - Nilüfer;​120249061996540399;ACTIVE;nilüfer - Önder Akkaya;​120250370266480399;ACTIVE;REACH;0;0;100;0;471.77;56095;52699;48;0;0;0;0;2627
Temmuz 2026;Yerli;Türkçe;Bilinirlik / İzlenme / Trafik;Doktor Kampanyası;Doruk Hastaneleri - SİNA ÖZEL Sağlık Hizmetleri A.ş;TRY;Doktor - Bilinirlik Kampanyası - Nilüfer;​120249061996540399;ACTIVE;nilüfer - Özgecen Demirbaş;​120249678013370399;ACTIVE;REACH;0;0;100;0;2357.59;260765;246909;70;0;0;0;0;8856
Ağustos 2026;Yerli;Türkçe;Bilinirlik / İzlenme / Trafik;Doktor Kampanyası;Doruk Hastaneleri - SİNA ÖZEL Sağlık Hizmetleri A.ş;TRY;Doktor - Bilinirlik Kampanyası - Nilüfer;​120249061996540399;ACTIVE;nilüfer - Özgecen Demirbaş;​120249678013370399;ACTIVE;REACH;0;0;100;0;475.07;55687;54545;19;0;0;0;0;2010
Temmuz 2026;Yerli;Türkçe;Bilinirlik / İzlenme / Trafik;Doktor Kampanyası;Doruk Hastaneleri - SİNA ÖZEL Sağlık Hizmetleri A.ş;TRY;Doktor - Bilinirlik Kampanyası - Nilüfer;​120249061996540399;ACTIVE;nilüfer - Rıdvan Ali;​120250139943010399;ACTIVE;REACH;0;0;100;0;2315.48;253361;238938;76;0;0;0;0;8337
Ağustos 2026;Yerli;Türkçe;Bilinirlik / İzlenme / Trafik;Doktor Kampanyası;Doruk Hastaneleri - SİNA ÖZEL Sağlık Hizmetleri A.ş;TRY;Doktor - Bilinirlik Kampanyası - Nilüfer;​120249061996540399;ACTIVE;nilüfer - Rıdvan Ali;​120250139943010399;ACTIVE;REACH;0;0;100;0;462.3;54348;52247;20;0;0;0;0;2228
Temmuz 2026;Yerli;Türkçe;Bilinirlik / İzlenme / Trafik;Doktor Kampanyası;Doruk Hastaneleri - SİNA ÖZEL Sağlık Hizmetleri A.ş;TRY;Doktor - Bilinirlik Kampanyası - Nilüfer;​120249061996540399;ACTIVE;nilüfer - Sabahattin Karakaya;​120249678913370399;ACTIVE;REACH;0;0;100;0;2339.32;260750;236724;148;0;0;0;0;9533
Ağustos 2026;Yerli;Türkçe;Bilinirlik / İzlenme / Trafik;Doktor Kampanyası;Doruk Hastaneleri - SİNA ÖZEL Sağlık Hizmetleri A.ş;TRY;Doktor - Bilinirlik Kampanyası - Nilüfer;​120249061996540399;ACTIVE;nilüfer - Sabahattin Karakaya;​120249678913370399;ACTIVE;REACH;0;0;100;0;460.2;54788;52714;28;0;0;0;0;2162
Temmuz 2026;Yerli;Türkçe;Bilinirlik / İzlenme / Trafik;Doktor Kampanyası;Doruk Hastaneleri - SİNA ÖZEL Sağlık Hizmetleri A.ş;TRY;Doktor - Bilinirlik Kampanyası - Nilüfer;​120249061996540399;ACTIVE;nilüfer - Salih Kılıç;​120250014497470399;ACTIVE;REACH;0;0;100;0;2299.6;257260;232219;96;0;0;0;0;10845
Ağustos 2026;Yerli;Türkçe;Bilinirlik / İzlenme / Trafik;Doktor Kampanyası;Doruk Hastaneleri - SİNA ÖZEL Sağlık Hizmetleri A.ş;TRY;Doktor - Bilinirlik Kampanyası - Nilüfer;​120249061996540399;ACTIVE;nilüfer - Salih Kılıç;​120250014497470399;ACTIVE;REACH;0;0;100;0;455.87;54568;52890;27;0;0;0;0;2398
Temmuz 2026;Yerli;Türkçe;Bilinirlik / İzlenme / Trafik;Doktor Kampanyası;Doruk Hastaneleri - SİNA ÖZEL Sağlık Hizmetleri A.ş;TRY;Doktor - Bilinirlik Kampanyası - Nilüfer;​120249061996540399;ACTIVE;nilüfer - Seren Şeviker;​120250370297860399;ACTIVE;REACH;0;0;100;0;2335.41;254745;230619;119;0;0;0;0;8226
Ağustos 2026;Yerli;Türkçe;Bilinirlik / İzlenme / Trafik;Doktor Kampanyası;Doruk Hastaneleri - SİNA ÖZEL Sağlık Hizmetleri A.ş;TRY;Doktor - Bilinirlik Kampanyası - Nilüfer;​120249061996540399;ACTIVE;nilüfer - Seren Şeviker;​120250370297860399;ACTIVE;REACH;0;0;100;0;462.05;54001;50913;24;0;0;0;0;2310
Temmuz 2026;Yerli;Türkçe;Bilinirlik / İzlenme / Trafik;Doktor Kampanyası;Doruk Hastaneleri - SİNA ÖZEL Sağlık Hizmetleri A.ş;TRY;Doktor - Bilinirlik Kampanyası - Nilüfer;​120249061996540399;ACTIVE;nilüfer - Serkan Fatih Yeğen;​120250017424400399;ACTIVE;REACH;0;0;100;0;2287.43;257829;208442;396;0;0;0;0;13776
Ağustos 2026;Yerli;Türkçe;Bilinirlik / İzlenme / Trafik;Doktor Kampanyası;Doruk Hastaneleri - SİNA ÖZEL Sağlık Hizmetleri A.ş;TRY;Doktor - Bilinirlik Kampanyası - Nilüfer;​120249061996540399;ACTIVE;nilüfer - Serkan Fatih Yeğen;​120250017424400399;ACTIVE;REACH;0;0;100;0;461.15;55527;53716;65;0;0;0;0;3220
Temmuz 2026;Yerli;Türkçe;Bilinirlik / İzlenme / Trafik;Doktor Kampanyası;Doruk Hastaneleri - SİNA ÖZEL Sağlık Hizmetleri A.ş;TRY;Doktor - Bilinirlik Kampanyası - Nilüfer;​120249061996540399;ACTIVE;nilüfer - Sinan Demirtaş;​120252512377460399;ACTIVE;REACH;0;0;100;0;2315.49;258872;239602;71;0;0;0;0;11097
Ağustos 2026;Yerli;Türkçe;Bilinirlik / İzlenme / Trafik;Doktor Kampanyası;Doruk Hastaneleri - SİNA ÖZEL Sağlık Hizmetleri A.ş;TRY;Doktor - Bilinirlik Kampanyası - Nilüfer;​120249061996540399;ACTIVE;nilüfer - Sinan Demirtaş;​120252512377460399;ACTIVE;REACH;0;0;100;0;454.19;54176;53274;19;0;0;0;0;2251
Temmuz 2026;Yerli;Türkçe;Bilinirlik / İzlenme / Trafik;Doktor Kampanyası;Doruk Hastaneleri - SİNA ÖZEL Sağlık Hizmetleri A.ş;TRY;Doktor - Bilinirlik Kampanyası - Nilüfer;​120249061996540399;ACTIVE;nilüfer - Sözer Sarıoğlu;​120249678934630399;ACTIVE;REACH;0;0;100;0;2332.28;255857;246234;86;0;0;0;0;7887
Ağustos 2026;Yerli;Türkçe;Bilinirlik / İzlenme / Trafik;Doktor Kampanyası;Doruk Hastaneleri - SİNA ÖZEL Sağlık Hizmetleri A.ş;TRY;Doktor - Bilinirlik Kampanyası - Nilüfer;​120249061996540399;ACTIVE;nilüfer - Sözer Sarıoğlu;​120249678934630399;ACTIVE;REACH;0;0;100;0;458.25;53926;52748;16;0;0;0;0;1882
Temmuz 2026;Yerli;Türkçe;Bilinirlik / İzlenme / Trafik;Doktor Kampanyası;Doruk Hastaneleri - SİNA ÖZEL Sağlık Hizmetleri A.ş;TRY;Doktor - Bilinirlik Kampanyası - Nilüfer;​120249061996540399;ACTIVE;nilüfer - Şenol Acar;​120252512712000399;ACTIVE;REACH;0;0;100;0;2311.92;255287;217030;169;0;0;0;0;10147
Ağustos 2026;Yerli;Türkçe;Bilinirlik / İzlenme / Trafik;Doktor Kampanyası;Doruk Hastaneleri - SİNA ÖZEL Sağlık Hizmetleri A.ş;TRY;Doktor - Bilinirlik Kampanyası - Nilüfer;​120249061996540399;ACTIVE;nilüfer - Şenol Acar;​120252512712000399;ACTIVE;REACH;0;0;100;0;459.87;54074;50359;49;0;0;0;0;2229
Temmuz 2026;Yerli;Türkçe;Bilinirlik / İzlenme / Trafik;Doktor Kampanyası;Doruk Hastaneleri - SİNA ÖZEL Sağlık Hizmetleri A.ş;TRY;Doktor - Bilinirlik Kampanyası - Nilüfer;​120249061996540399;ACTIVE;nilüfer - Volkan Tümay;​120250017569770399;ACTIVE;REACH;0;0;100;0;2307.66;254526;224543;140;0;0;0;0;10180
Ağustos 2026;Yerli;Türkçe;Bilinirlik / İzlenme / Trafik;Doktor Kampanyası;Doruk Hastaneleri - SİNA ÖZEL Sağlık Hizmetleri A.ş;TRY;Doktor - Bilinirlik Kampanyası - Nilüfer;​120249061996540399;ACTIVE;nilüfer - Volkan Tümay;​120250017569770399;ACTIVE;REACH;0;0;100;0;474.82;55676;53140;39;0;0;0;0;2223
Temmuz 2026;Yerli;Türkçe;Bilinirlik / İzlenme / Trafik;Doktor Kampanyası;Doruk Hastaneleri - SİNA ÖZEL Sağlık Hizmetleri A.ş;TRY;Doktor - Bilinirlik Kampanyası - Nilüfer;​120249061996540399;ACTIVE;nilüfer - Zafer Serenli Yeğen;​120250140012690399;ACTIVE;REACH;0;0;100;0;2321.82;254990;245919;99;0;0;0;0;8458
Ağustos 2026;Yerli;Türkçe;Bilinirlik / İzlenme / Trafik;Doktor Kampanyası;Doruk Hastaneleri - SİNA ÖZEL Sağlık Hizmetleri A.ş;TRY;Doktor - Bilinirlik Kampanyası - Nilüfer;​120249061996540399;ACTIVE;nilüfer - Zafer Serenli Yeğen;​120250140012690399;ACTIVE;REACH;0;0;100;0;475.4;55944;55363;16;0;0;0;0;2042
Temmuz 2026;Yerli;Türkçe;Bilinirlik / İzlenme / Trafik;Doktor Kampanyası;Doruk Hastaneleri - SİNA ÖZEL Sağlık Hizmetleri A.ş;TRY;Doktor - Bilinirlik Kampanyası - Yıldırım;​120255158812950399;ACTIVE;yıldırım -  Şener Özbölük;​120255507182090399;ACTIVE;REACH;0;0;100;0;1328.73;143998;138150;74;0;0;0;0;6712
Ağustos 2026;Yerli;Türkçe;Bilinirlik / İzlenme / Trafik;Doktor Kampanyası;Doruk Hastaneleri - SİNA ÖZEL Sağlık Hizmetleri A.ş;TRY;Doktor - Bilinirlik Kampanyası - Yıldırım;​120255158812950399;ACTIVE;yıldırım -  Şener Özbölük;​120255507182090399;ACTIVE;REACH;0;0;100;0;473.83;55966;54486;27;0;0;0;0;2328
Temmuz 2026;Yerli;Türkçe;Bilinirlik / İzlenme / Trafik;Doktor Kampanyası;Doruk Hastaneleri - SİNA ÖZEL Sağlık Hizmetleri A.ş;TRY;Doktor - Bilinirlik Kampanyası - Yıldırım;​120255158812950399;ACTIVE;yıldırım - Abdullah Ertaş;​120255158812050399;ACTIVE;REACH;0;0;100;0;2099.79;234055;221811;63;0;0;0;0;11137
Ağustos 2026;Yerli;Türkçe;Bilinirlik / İzlenme / Trafik;Doktor Kampanyası;Doruk Hastaneleri - SİNA ÖZEL Sağlık Hizmetleri A.ş;TRY;Doktor - Bilinirlik Kampanyası - Yıldırım;​120255158812950399;ACTIVE;yıldırım - Abdullah Ertaş;​120255158812050399;ACTIVE;REACH;0;0;100;0;476.56;56440;53583;17;0;0;0;0;3110
Temmuz 2026;Yerli;Türkçe;Bilinirlik / İzlenme / Trafik;Doktor Kampanyası;Doruk Hastaneleri - SİNA ÖZEL Sağlık Hizmetleri A.ş;TRY;Doktor - Bilinirlik Kampanyası - Yıldırım;​120255158812950399;ACTIVE;yıldırım - Berat Eralp;​120255506674520399;ACTIVE;REACH;0;0;100;0;1311.58;142774;137417;58;0;0;0;0;7043
Ağustos 2026;Yerli;Türkçe;Bilinirlik / İzlenme / Trafik;Doktor Kampanyası;Doruk Hastaneleri - SİNA ÖZEL Sağlık Hizmetleri A.ş;TRY;Doktor - Bilinirlik Kampanyası - Yıldırım;​120255158812950399;ACTIVE;yıldırım - Berat Eralp;​120255506674520399;ACTIVE;REACH;0;0;100;0;460.39;54667;53907;20;0;0;0;0;2885
Temmuz 2026;Yerli;Türkçe;Bilinirlik / İzlenme / Trafik;Doktor Kampanyası;Doruk Hastaneleri - SİNA ÖZEL Sağlık Hizmetleri A.ş;TRY;Doktor - Bilinirlik Kampanyası - Yıldırım;​120255158812950399;ACTIVE;yıldırım - Büşra Türk;​120255420920950399;ACTIVE;REACH;0;0;100;0;1515.21;167100;159449;101;0;0;0;0;9661
Ağustos 2026;Yerli;Türkçe;Bilinirlik / İzlenme / Trafik;Doktor Kampanyası;Doruk Hastaneleri - SİNA ÖZEL Sağlık Hizmetleri A.ş;TRY;Doktor - Bilinirlik Kampanyası - Yıldırım;​120255158812950399;ACTIVE;yıldırım - Büşra Türk;​120255420920950399;ACTIVE;REACH;0;0;100;0;460.97;53842;52237;20;0;0;0;0;2896
Temmuz 2026;Yerli;Türkçe;Bilinirlik / İzlenme / Trafik;Doktor Kampanyası;Doruk Hastaneleri - SİNA ÖZEL Sağlık Hizmetleri A.ş;TRY;Doktor - Bilinirlik Kampanyası - Yıldırım;​120255158812950399;ACTIVE;yıldırım - Doğukan Durak;​120255421113630399;ACTIVE;REACH;0;0;100;0;1511.19;166861;155358;45;0;0;0;0;7847
Ağustos 2026;Yerli;Türkçe;Bilinirlik / İzlenme / Trafik;Doktor Kampanyası;Doruk Hastaneleri - SİNA ÖZEL Sağlık Hizmetleri A.ş;TRY;Doktor - Bilinirlik Kampanyası - Yıldırım;​120255158812950399;ACTIVE;yıldırım - Doğukan Durak;​120255421113630399;ACTIVE;REACH;0;0;100;0;462.44;55292;53934;17;0;0;0;0;3609
Temmuz 2026;Yerli;Türkçe;Bilinirlik / İzlenme / Trafik;Doktor Kampanyası;Doruk Hastaneleri - SİNA ÖZEL Sağlık Hizmetleri A.ş;TRY;Doktor - Bilinirlik Kampanyası - Yıldırım;​120255158812950399;ACTIVE;yıldırım - Ediz Tevfik Özgan;​120255421144210399;ACTIVE;REACH;0;0;100;0;1262.82;138794;127553;81;0;0;0;0;6971
Ağustos 2026;Yerli;Türkçe;Bilinirlik / İzlenme / Trafik;Doktor Kampanyası;Doruk Hastaneleri - SİNA ÖZEL Sağlık Hizmetleri A.ş;TRY;Doktor - Bilinirlik Kampanyası - Yıldırım;​120255158812950399;ACTIVE;yıldırım - Ediz Tevfik Özgan;​120255421144210399;ACTIVE;REACH;0;0;100;0;454.38;54568;52344;21;0;0;0;0;3537
Temmuz 2026;Yerli;Türkçe;Bilinirlik / İzlenme / Trafik;Doktor Kampanyası;Doruk Hastaneleri - SİNA ÖZEL Sağlık Hizmetleri A.ş;TRY;Doktor - Bilinirlik Kampanyası - Yıldırım;​120255158812950399;ACTIVE;yıldırım - Elif Hizal;​120255506696910399;ACTIVE;REACH;0;0;100;0;1286.76;140850;138099;34;0;0;0;0;6987
Ağustos 2026;Yerli;Türkçe;Bilinirlik / İzlenme / Trafik;Doktor Kampanyası;Doruk Hastaneleri - SİNA ÖZEL Sağlık Hizmetleri A.ş;TRY;Doktor - Bilinirlik Kampanyası - Yıldırım;​120255158812950399;ACTIVE;yıldırım - Elif Hizal;​120255506696910399;ACTIVE;REACH;0;0;100;0;451.12;54624;54601;18;0;0;0;0;4071
Temmuz 2026;Yerli;Türkçe;Bilinirlik / İzlenme / Trafik;Doktor Kampanyası;Doruk Hastaneleri - SİNA ÖZEL Sağlık Hizmetleri A.ş;TRY;Doktor - Bilinirlik Kampanyası - Yıldırım;​120255158812950399;ACTIVE;yıldırım - Ersin Özgören;​120255421156330399;ACTIVE;REACH;0;0;100;0;1434.41;162145;135133;267;0;0;0;0;11038
Ağustos 2026;Yerli;Türkçe;Bilinirlik / İzlenme / Trafik;Doktor Kampanyası;Doruk Hastaneleri - SİNA ÖZEL Sağlık Hizmetleri A.ş;TRY;Doktor - Bilinirlik Kampanyası - Yıldırım;​120255158812950399;ACTIVE;yıldırım - Ersin Özgören;​120255421156330399;ACTIVE;REACH;0;0;100;0;456.62;55282;52083;100;0;0;0;0;3608
Temmuz 2026;Yerli;Türkçe;Bilinirlik / İzlenme / Trafik;Doktor Kampanyası;Doruk Hastaneleri - SİNA ÖZEL Sağlık Hizmetleri A.ş;TRY;Doktor - Bilinirlik Kampanyası - Yıldırım;​120255158812950399;ACTIVE;yıldırım - Gökhan Aktürk;​120255507067120399;ACTIVE;REACH;0;0;100;0;1325.79;143420;134151;47;0;0;0;0;4970
Ağustos 2026;Yerli;Türkçe;Bilinirlik / İzlenme / Trafik;Doktor Kampanyası;Doruk Hastaneleri - SİNA ÖZEL Sağlık Hizmetleri A.ş;TRY;Doktor - Bilinirlik Kampanyası - Yıldırım;​120255158812950399;ACTIVE;yıldırım - Gökhan Aktürk;​120255507067120399;ACTIVE;REACH;0;0;100;0;462.16;54388;52054;16;0;0;0;0;1996
Temmuz 2026;Yerli;Türkçe;Bilinirlik / İzlenme / Trafik;Doktor Kampanyası;Doruk Hastaneleri - SİNA ÖZEL Sağlık Hizmetleri A.ş;TRY;Doktor - Bilinirlik Kampanyası - Yıldırım;​120255158812950399;ACTIVE;yıldırım - Handan İlkdoğan;​120255420947760399;ACTIVE;REACH;0;0;100;0;1500.7;164471;152818;68;0;0;0;0;6637
Ağustos 2026;Yerli;Türkçe;Bilinirlik / İzlenme / Trafik;Doktor Kampanyası;Doruk Hastaneleri - SİNA ÖZEL Sağlık Hizmetleri A.ş;TRY;Doktor - Bilinirlik Kampanyası - Yıldırım;​120255158812950399;ACTIVE;yıldırım - Handan İlkdoğan;​120255420947760399;ACTIVE;REACH;0;0;100;0;467.08;55092;52715;13;0;0;0;0;1933
Temmuz 2026;Yerli;Türkçe;Bilinirlik / İzlenme / Trafik;Doktor Kampanyası;Doruk Hastaneleri - SİNA ÖZEL Sağlık Hizmetleri A.ş;TRY;Doktor - Bilinirlik Kampanyası - Yıldırım;​120255158812950399;ACTIVE;yıldırım - İbrahim Özdemir;​120255506272360399;ACTIVE;REACH;0;0;100;0;1274.06;142886;123120;227;0;0;0;0;8847
Ağustos 2026;Yerli;Türkçe;Bilinirlik / İzlenme / Trafik;Doktor Kampanyası;Doruk Hastaneleri - SİNA ÖZEL Sağlık Hizmetleri A.ş;TRY;Doktor - Bilinirlik Kampanyası - Yıldırım;​120255158812950399;ACTIVE;yıldırım - İbrahim Özdemir;​120255506272360399;ACTIVE;REACH;0;0;100;0;448.08;54957;50758;100;0;0;0;0;3691
Temmuz 2026;Yerli;Türkçe;Bilinirlik / İzlenme / Trafik;Doktor Kampanyası;Doruk Hastaneleri - SİNA ÖZEL Sağlık Hizmetleri A.ş;TRY;Doktor - Bilinirlik Kampanyası - Yıldırım;​120255158812950399;ACTIVE;yıldırım - İlknur Saide Kıngır;​120255506768920399;ACTIVE;REACH;0;0;100;0;1290.96;141122;138399;101;0;0;0;1;9629
Ağustos 2026;Yerli;Türkçe;Bilinirlik / İzlenme / Trafik;Doktor Kampanyası;Doruk Hastaneleri - SİNA ÖZEL Sağlık Hizmetleri A.ş;TRY;Doktor - Bilinirlik Kampanyası - Yıldırım;​120255158812950399;ACTIVE;yıldırım - İlknur Saide Kıngır;​120255506768920399;ACTIVE;REACH;0;0;100;0;470.9;55856;55024;23;0;0;0;0;3717
Temmuz 2026;Yerli;Türkçe;Bilinirlik / İzlenme / Trafik;Doktor Kampanyası;Doruk Hastaneleri - SİNA ÖZEL Sağlık Hizmetleri A.ş;TRY;Doktor - Bilinirlik Kampanyası - Yıldırım;​120255158812950399;ACTIVE;yıldırım - İrem Deniz Karakaya;​120255507103940399;ACTIVE;REACH;0;0;100;0;1300.61;141751;132317;66;0;0;0;0;7033
Ağustos 2026;Yerli;Türkçe;Bilinirlik / İzlenme / Trafik;Doktor Kampanyası;Doruk Hastaneleri - SİNA ÖZEL Sağlık Hizmetleri A.ş;TRY;Doktor - Bilinirlik Kampanyası - Yıldırım;​120255158812950399;ACTIVE;yıldırım - İrem Deniz Karakaya;​120255507103940399;ACTIVE;REACH;0;0;100;0;457.63;54662;53877;29;0;0;0;0;3196
Temmuz 2026;Yerli;Türkçe;Bilinirlik / İzlenme / Trafik;Doktor Kampanyası;Doruk Hastaneleri - SİNA ÖZEL Sağlık Hizmetleri A.ş;TRY;Doktor - Bilinirlik Kampanyası - Yıldırım;​120255158812950399;ACTIVE;yıldırım - Mehmet Şerif Özkan;​120255507121880399;ACTIVE;REACH;0;0;100;0;1266.85;139676;134926;30;0;0;0;0;7843
Ağustos 2026;Yerli;Türkçe;Bilinirlik / İzlenme / Trafik;Doktor Kampanyası;Doruk Hastaneleri - SİNA ÖZEL Sağlık Hizmetleri A.ş;TRY;Doktor - Bilinirlik Kampanyası - Yıldırım;​120255158812950399;ACTIVE;yıldırım - Mehmet Şerif Özkan;​120255507121880399;ACTIVE;REACH;0;0;100;0;451.83;54544;54544;13;0;0;0;0;4063
Temmuz 2026;Yerli;Türkçe;Bilinirlik / İzlenme / Trafik;Doktor Kampanyası;Doruk Hastaneleri - SİNA ÖZEL Sağlık Hizmetleri A.ş;TRY;Doktor - Bilinirlik Kampanyası - Yıldırım;​120255158812950399;ACTIVE;yıldırım - Mehmet Şimşek;​120255421074860399;ACTIVE;REACH;0;0;100;0;1491.53;164741;153103;77;0;0;0;0;10773
Ağustos 2026;Yerli;Türkçe;Bilinirlik / İzlenme / Trafik;Doktor Kampanyası;Doruk Hastaneleri - SİNA ÖZEL Sağlık Hizmetleri A.ş;TRY;Doktor - Bilinirlik Kampanyası - Yıldırım;​120255158812950399;ACTIVE;yıldırım - Mehmet Şimşek;​120255421074860399;ACTIVE;REACH;0;0;100;0;461.1;54427;51724;20;0;0;0;0;3424
Temmuz 2026;Yerli;Türkçe;Bilinirlik / İzlenme / Trafik;Doktor Kampanyası;Doruk Hastaneleri - SİNA ÖZEL Sağlık Hizmetleri A.ş;TRY;Doktor - Bilinirlik Kampanyası - Yıldırım;​120255158812950399;ACTIVE;yıldırım - Muhammet İkbal Güngör;​120255746618960399;ACTIVE;REACH;0;0;100;0;559.21;55408;50147;20;0;0;0;0;2278
Ağustos 2026;Yerli;Türkçe;Bilinirlik / İzlenme / Trafik;Doktor Kampanyası;Doruk Hastaneleri - SİNA ÖZEL Sağlık Hizmetleri A.ş;TRY;Doktor - Bilinirlik Kampanyası - Yıldırım;​120255158812950399;ACTIVE;yıldırım - Muhammet İkbal Güngör;​120255746618960399;ACTIVE;REACH;0;0;100;0;463.12;50885;48336;20;0;0;0;0;1828
Temmuz 2026;Yerli;Türkçe;Bilinirlik / İzlenme / Trafik;Doktor Kampanyası;Doruk Hastaneleri - SİNA ÖZEL Sağlık Hizmetleri A.ş;TRY;Doktor - Bilinirlik Kampanyası - Yıldırım;​120255158812950399;ACTIVE;yıldırım - Mutlu Kılciler;​120255506783390399;ACTIVE;REACH;0;0;100;0;1287.68;141233;132757;65;0;0;0;0;8795
Ağustos 2026;Yerli;Türkçe;Bilinirlik / İzlenme / Trafik;Doktor Kampanyası;Doruk Hastaneleri - SİNA ÖZEL Sağlık Hizmetleri A.ş;TRY;Doktor - Bilinirlik Kampanyası - Yıldırım;​120255158812950399;ACTIVE;yıldırım - Mutlu Kılciler;​120255506783390399;ACTIVE;REACH;0;0;100;0;447.87;53360;52316;22;0;0;0;0;3534
Temmuz 2026;Yerli;Türkçe;Bilinirlik / İzlenme / Trafik;Doktor Kampanyası;Doruk Hastaneleri - SİNA ÖZEL Sağlık Hizmetleri A.ş;TRY;Doktor - Bilinirlik Kampanyası - Yıldırım;​120255158812950399;ACTIVE;yıldırım - Nuran Celiloğlu;​120255506920550399;ACTIVE;REACH;0;0;100;0;1252.54;141927;122057;282;0;0;0;1;12541
Ağustos 2026;Yerli;Türkçe;Bilinirlik / İzlenme / Trafik;Doktor Kampanyası;Doruk Hastaneleri - SİNA ÖZEL Sağlık Hizmetleri A.ş;TRY;Doktor - Bilinirlik Kampanyası - Yıldırım;​120255158812950399;ACTIVE;yıldırım - Nuran Celiloğlu;​120255506920550399;ACTIVE;REACH;0;0;100;0;442.41;54805;53118;89;0;0;0;0;5533
Temmuz 2026;Yerli;Türkçe;Bilinirlik / İzlenme / Trafik;Doktor Kampanyası;Doruk Hastaneleri - SİNA ÖZEL Sağlık Hizmetleri A.ş;TRY;Doktor - Bilinirlik Kampanyası - Yıldırım;​120255158812950399;ACTIVE;yıldırım - Nurlana İbrahimova;​120255506254670399;ACTIVE;REACH;0;0;100;0;1284.44;140144;132138;57;0;0;0;0;8604
Ağustos 2026;Yerli;Türkçe;Bilinirlik / İzlenme / Trafik;Doktor Kampanyası;Doruk Hastaneleri - SİNA ÖZEL Sağlık Hizmetleri A.ş;TRY;Doktor - Bilinirlik Kampanyası - Yıldırım;​120255158812950399;ACTIVE;yıldırım - Nurlana İbrahimova;​120255506254670399;ACTIVE;REACH;0;0;100;0;461.7;54537;54537;15;0;0;0;0;3729
Temmuz 2026;Yerli;Türkçe;Bilinirlik / İzlenme / Trafik;Doktor Kampanyası;Doruk Hastaneleri - SİNA ÖZEL Sağlık Hizmetleri A.ş;TRY;Doktor - Bilinirlik Kampanyası - Yıldırım;​120255158812950399;ACTIVE;yıldırım - Ömer Aydın;​120255746600700399;ACTIVE;REACH;0;0;100;0;568.05;56408;50682;29;0;0;0;0;2549
Ağustos 2026;Yerli;Türkçe;Bilinirlik / İzlenme / Trafik;Doktor Kampanyası;Doruk Hastaneleri - SİNA ÖZEL Sağlık Hizmetleri A.ş;TRY;Doktor - Bilinirlik Kampanyası - Yıldırım;​120255158812950399;ACTIVE;yıldırım - Ömer Aydın;​120255746600700399;ACTIVE;REACH;0;0;100;0;461.78;50928;48859;26;0;0;0;0;2465
Temmuz 2026;Yerli;Türkçe;Bilinirlik / İzlenme / Trafik;Doktor Kampanyası;Doruk Hastaneleri - SİNA ÖZEL Sağlık Hizmetleri A.ş;TRY;Doktor - Bilinirlik Kampanyası - Yıldırım;​120255158812950399;ACTIVE;yıldırım - Ömer Duyuran;​120255420974610399;ACTIVE;REACH;0;0;100;0;1536.47;167883;156023;60;0;0;0;0;6721
Ağustos 2026;Yerli;Türkçe;Bilinirlik / İzlenme / Trafik;Doktor Kampanyası;Doruk Hastaneleri - SİNA ÖZEL Sağlık Hizmetleri A.ş;TRY;Doktor - Bilinirlik Kampanyası - Yıldırım;​120255158812950399;ACTIVE;yıldırım - Ömer Duyuran;​120255420974610399;ACTIVE;REACH;0;0;100;0;458.52;54008;51661;19;0;0;0;0;2544
Temmuz 2026;Yerli;Türkçe;Bilinirlik / İzlenme / Trafik;Doktor Kampanyası;Doruk Hastaneleri - SİNA ÖZEL Sağlık Hizmetleri A.ş;TRY;Doktor - Bilinirlik Kampanyası - Yıldırım;​120255158812950399;ACTIVE;yıldırım - Özge Gürbüz;​120255506866590399;ACTIVE;REACH;0;0;100;0;1280.1;139894;133066;72;0;0;0;0;6872
Ağustos 2026;Yerli;Türkçe;Bilinirlik / İzlenme / Trafik;Doktor Kampanyası;Doruk Hastaneleri - SİNA ÖZEL Sağlık Hizmetleri A.ş;TRY;Doktor - Bilinirlik Kampanyası - Yıldırım;​120255158812950399;ACTIVE;yıldırım - Özge Gürbüz;​120255506866590399;ACTIVE;REACH;0;0;100;0;456.59;54491;51537;24;0;0;0;0;2781
Temmuz 2026;Yerli;Türkçe;Bilinirlik / İzlenme / Trafik;Doktor Kampanyası;Doruk Hastaneleri - SİNA ÖZEL Sağlık Hizmetleri A.ş;TRY;Doktor - Bilinirlik Kampanyası - Yıldırım;​120255158812950399;ACTIVE;yıldırım - Özgür Ulaş Özdoğan;​120255506982060399;ACTIVE;REACH;0;0;100;0;1288.38;141351;132875;54;0;0;0;0;6754
Ağustos 2026;Yerli;Türkçe;Bilinirlik / İzlenme / Trafik;Doktor Kampanyası;Doruk Hastaneleri - SİNA ÖZEL Sağlık Hizmetleri A.ş;TRY;Doktor - Bilinirlik Kampanyası - Yıldırım;​120255158812950399;ACTIVE;yıldırım - Özgür Ulaş Özdoğan;​120255506982060399;ACTIVE;REACH;0;0;100;0;447.59;53403;51648;46;0;0;0;0;2981
Temmuz 2026;Yerli;Türkçe;Bilinirlik / İzlenme / Trafik;Doktor Kampanyası;Doruk Hastaneleri - SİNA ÖZEL Sağlık Hizmetleri A.ş;TRY;Doktor - Bilinirlik Kampanyası - Yıldırım;​120255158812950399;ACTIVE;yıldırım - Sezer Gül;​120255506884240399;ACTIVE;REACH;0;0;100;0;0;0;0;0;0;0;0;0;0
Ağustos 2026;Yerli;Türkçe;Bilinirlik / İzlenme / Trafik;Doktor Kampanyası;Doruk Hastaneleri - SİNA ÖZEL Sağlık Hizmetleri A.ş;TRY;Doktor - Bilinirlik Kampanyası - Yıldırım;​120255158812950399;ACTIVE;yıldırım - Sezer Gül;​120255506884240399;ACTIVE;REACH;0;0;100;0;0;0;0;0;0;0;0;0;0
Temmuz 2026;Yerli;Türkçe;Bilinirlik / İzlenme / Trafik;Doktor Kampanyası;Doruk Hastaneleri - SİNA ÖZEL Sağlık Hizmetleri A.ş;TRY;Doktor - Bilinirlik Kampanyası - Yıldırım;​120255158812950399;ACTIVE;yıldırım - Tunç Polat Edizsoy;​120255507135650399;ACTIVE;REACH;0;0;100;0;1295.82;141427;136056;69;0;0;0;0;7051
Ağustos 2026;Yerli;Türkçe;Bilinirlik / İzlenme / Trafik;Doktor Kampanyası;Doruk Hastaneleri - SİNA ÖZEL Sağlık Hizmetleri A.ş;TRY;Doktor - Bilinirlik Kampanyası - Yıldırım;​120255158812950399;ACTIVE;yıldırım - Tunç Polat Edizsoy;​120255507135650399;ACTIVE;REACH;0;0;100;0;457.68;54036;52496;28;0;0;0;0;2637
Temmuz 2026;Yerli;Türkçe;Bilinirlik / İzlenme / Trafik;Doktor Kampanyası;Doruk Hastaneleri - SİNA ÖZEL Sağlık Hizmetleri A.ş;TRY;Doktor - Bilinirlik Kampanyası - Yıldırım;​120255158812950399;ACTIVE;yıldırım - Ünal Uluca;​120255421046410399;ACTIVE;REACH;0;0;100;0;1504.34;165981;160522;55;0;0;0;0;6986
Ağustos 2026;Yerli;Türkçe;Bilinirlik / İzlenme / Trafik;Doktor Kampanyası;Doruk Hastaneleri - SİNA ÖZEL Sağlık Hizmetleri A.ş;TRY;Doktor - Bilinirlik Kampanyası - Yıldırım;​120255158812950399;ACTIVE;yıldırım - Ünal Uluca;​120255421046410399;ACTIVE;REACH;0;0;100;0;484.27;57377;56370;14;0;0;0;0;2458
Temmuz 2026;Yerli;Türkçe;Bilinirlik / İzlenme / Trafik;Doktor Kampanyası;Doruk Hastaneleri - SİNA ÖZEL Sağlık Hizmetleri A.ş;TRY;Doktor - Bilinirlik Kampanyası - Yıldırım;​120255158812950399;ACTIVE;yıldırım - Yusuf Karabulut;​120255746465770399;ACTIVE;REACH;0;0;100;0;556.37;55612;49062;38;0;0;0;0;2058
Ağustos 2026;Yerli;Türkçe;Bilinirlik / İzlenme / Trafik;Doktor Kampanyası;Doruk Hastaneleri - SİNA ÖZEL Sağlık Hizmetleri A.ş;TRY;Doktor - Bilinirlik Kampanyası - Yıldırım;​120255158812950399;ACTIVE;yıldırım - Yusuf Karabulut;​120255746465770399;ACTIVE;REACH;0;0;100;0;466.06;51628;46783;35;0;0;0;0;1755
Temmuz 2026;Yerli;Türkçe;Bilinirlik / İzlenme / Trafik;Doktor Kampanyası;Doruk Hastaneleri - SİNA ÖZEL Sağlık Hizmetleri A.ş;TRY;Doktor - Bilinirlik Kampanyası - Yıldırım;​120255158812950399;ACTIVE;yıldırım - Zeynep Sayar;​120255507076930399;ACTIVE;REACH;0;0;100;0;1265.95;138457;130304;45;0;0;0;0;6793
Ağustos 2026;Yerli;Türkçe;Bilinirlik / İzlenme / Trafik;Doktor Kampanyası;Doruk Hastaneleri - SİNA ÖZEL Sağlık Hizmetleri A.ş;TRY;Doktor - Bilinirlik Kampanyası - Yıldırım;​120255158812950399;ACTIVE;yıldırım - Zeynep Sayar;​120255507076930399;ACTIVE;REACH;0;0;100;0;458.29;53897;52165;20;0;0;0;0;2890
Temmuz 2026;Yerli;Türkçe;Bilinirlik / İzlenme / Trafik;Marka / Kurumsal;Doruk Hastaneleri - SİNA ÖZEL Sağlık Hizmetleri A.ş;TRY;ÖSS-TSS - marka bilinirliği;​120246924981440399;ACTIVE;ÖSS-TSS - genel kitle - bilinirlik - Kopya;​120247116824090399;ACTIVE;REACH;0;0;1000;0;22697.97;2468958;959075;2453;0;0;0;5;117441
Ağustos 2026;Yerli;Türkçe;Bilinirlik / İzlenme / Trafik;Marka / Kurumsal;Doruk Hastaneleri - SİNA ÖZEL Sağlık Hizmetleri A.ş;TRY;ÖSS-TSS - marka bilinirliği;​120246924981440399;ACTIVE;ÖSS-TSS - genel kitle - bilinirlik - Kopya;​120247116824090399;ACTIVE;REACH;0;0;1000;0;4955.29;505339;408731;511;0;0;0;0;24699
Temmuz 2026;Yerli;Türkçe;Bilinirlik / İzlenme / Trafik;Marka / Kurumsal;Doruk Hastaneleri - SİNA ÖZEL Sağlık Hizmetleri A.ş;TRY;ÖSS-TSS - marka bilinirliği;​120246924981440399;ACTIVE;ÖSS-TSS - özel kitle - bilinirlik - tss hedef kitle - Kopya;​120247116843900399;ACTIVE;REACH;0;0;1000;0;20527.75;857380;81514;949;0;0;0;7;40978
Ağustos 2026;Yerli;Türkçe;Bilinirlik / İzlenme / Trafik;Marka / Kurumsal;Doruk Hastaneleri - SİNA ÖZEL Sağlık Hizmetleri A.ş;TRY;ÖSS-TSS - marka bilinirliği;​120246924981440399;ACTIVE;ÖSS-TSS - özel kitle - bilinirlik - tss hedef kitle - Kopya;​120247116843900399;ACTIVE;REACH;0;0;1000;0;4735.19;149355;65770;159;0;0;0;1;7756
Temmuz 2026;Yerli;Türkçe;Bilinirlik / İzlenme / Trafik;Marka / Kurumsal;Doruk Hastaneleri - SİNA ÖZEL Sağlık Hizmetleri A.ş;TRY;ÖSS-TSS - trafik;​120246633999360399;PAUSED;ÖSS-TSS - genel kitle - trafik;​120246635422100399;CAMPAIGN_PAUSED;LANDING_PAGE_VIEWS;0;0;4000;0;0;0;0;0;0;0;0;0;0
Ağustos 2026;Yerli;Türkçe;Bilinirlik / İzlenme / Trafik;Marka / Kurumsal;Doruk Hastaneleri - SİNA ÖZEL Sağlık Hizmetleri A.ş;TRY;ÖSS-TSS - trafik;​120246633999360399;PAUSED;ÖSS-TSS - genel kitle - trafik;​120246635422100399;CAMPAIGN_PAUSED;LANDING_PAGE_VIEWS;0;0;4000;0;0;0;0;0;0;0;0;0;0
Temmuz 2026;Yerli;Türkçe;Bilinirlik / İzlenme / Trafik;Marka / Kurumsal;Doruk Hastaneleri - SİNA ÖZEL Sağlık Hizmetleri A.ş;TRY;ÖSS-TSS - trafik;​120246633999360399;PAUSED;ÖSS-TSS - özel kitle - trafik;​120246633999350399;PAUSED;LANDING_PAGE_VIEWS;0;0;1000;0;0;0;0;0;0;0;0;0;0
Ağustos 2026;Yerli;Türkçe;Bilinirlik / İzlenme / Trafik;Marka / Kurumsal;Doruk Hastaneleri - SİNA ÖZEL Sağlık Hizmetleri A.ş;TRY;ÖSS-TSS - trafik;​120246633999360399;PAUSED;ÖSS-TSS - özel kitle - trafik;​120246633999350399;PAUSED;LANDING_PAGE_VIEWS;0;0;1000;0;0;0;0;0;0;0;0;0;0
Temmuz 2026;Yerli;Türkçe;Bilinirlik / İzlenme / Trafik;Robotik Cerrahi / Da Vinci;Doruk Hastaneleri - SİNA ÖZEL Sağlık Hizmetleri A.ş;TRY;Da Vinci - Etkişelim Kampanyası;​120241272322200399;PAUSED;Da Vinci Genel;​120241274723130399;PAUSED;POST_ENGAGEMENT;0;0;1000;0;0;0;0;0;0;0;0;0;0
Ağustos 2026;Yerli;Türkçe;Bilinirlik / İzlenme / Trafik;Robotik Cerrahi / Da Vinci;Doruk Hastaneleri - SİNA ÖZEL Sağlık Hizmetleri A.ş;TRY;Da Vinci - Etkişelim Kampanyası;​120241272322200399;PAUSED;Da Vinci Genel;​120241274723130399;PAUSED;POST_ENGAGEMENT;0;0;1000;0;0;0;0;0;0;0;0;0;0
Temmuz 2026;Yerli;Türkçe;Bilinirlik / İzlenme / Trafik;Robotik Cerrahi / Da Vinci;Doruk Hastaneleri - SİNA ÖZEL Sağlık Hizmetleri A.ş;TRY;Da Vinci - Etkişelim Kampanyası;​120241272322200399;PAUSED;Da Vinci retargeting;​120241274728060399;PAUSED;POST_ENGAGEMENT;0;0;1000;0;0;0;0;0;0;0;0;0;0
Ağustos 2026;Yerli;Türkçe;Bilinirlik / İzlenme / Trafik;Robotik Cerrahi / Da Vinci;Doruk Hastaneleri - SİNA ÖZEL Sağlık Hizmetleri A.ş;TRY;Da Vinci - Etkişelim Kampanyası;​120241272322200399;PAUSED;Da Vinci retargeting;​120241274728060399;PAUSED;POST_ENGAGEMENT;0;0;1000;0;0;0;0;0;0;0;0;0;0
Temmuz 2026;Yerli;Türkçe;Bilinirlik / İzlenme / Trafik;Robotik Cerrahi / Da Vinci;Doruk Hastaneleri - SİNA ÖZEL Sağlık Hizmetleri A.ş;TRY;Da Vinci - Etkişelim Kampanyası;​120241272322200399;PAUSED;Genel cerrahi;​120241274599000399;PAUSED;POST_ENGAGEMENT;0;0;1000;0;0;0;0;0;0;0;0;0;0
Ağustos 2026;Yerli;Türkçe;Bilinirlik / İzlenme / Trafik;Robotik Cerrahi / Da Vinci;Doruk Hastaneleri - SİNA ÖZEL Sağlık Hizmetleri A.ş;TRY;Da Vinci - Etkişelim Kampanyası;​120241272322200399;PAUSED;Genel cerrahi;​120241274599000399;PAUSED;POST_ENGAGEMENT;0;0;1000;0;0;0;0;0;0;0;0;0;0
Temmuz 2026;Yerli;Türkçe;Bilinirlik / İzlenme / Trafik;Robotik Cerrahi / Da Vinci;Doruk Hastaneleri - SİNA ÖZEL Sağlık Hizmetleri A.ş;TRY;Da Vinci - Etkişelim Kampanyası;​120241272322200399;PAUSED;Genel Cerrahi Fatih Serkan Yeğen;​120243474687200399;CAMPAIGN_PAUSED;POST_ENGAGEMENT;0;0;1000;0;0;0;0;0;0;0;0;0;0
Ağustos 2026;Yerli;Türkçe;Bilinirlik / İzlenme / Trafik;Robotik Cerrahi / Da Vinci;Doruk Hastaneleri - SİNA ÖZEL Sağlık Hizmetleri A.ş;TRY;Da Vinci - Etkişelim Kampanyası;​120241272322200399;PAUSED;Genel Cerrahi Fatih Serkan Yeğen;​120243474687200399;CAMPAIGN_PAUSED;POST_ENGAGEMENT;0;0;1000;0;0;0;0;0;0;0;0;0;0
Temmuz 2026;Yerli;Türkçe;Bilinirlik / İzlenme / Trafik;Robotik Cerrahi / Da Vinci;Doruk Hastaneleri - SİNA ÖZEL Sağlık Hizmetleri A.ş;TRY;Da Vinci - Etkişelim Kampanyası;​120241272322200399;PAUSED;Genel cerrahi retargeting;​120241274595120399;PAUSED;POST_ENGAGEMENT;0;0;1000;0;0;0;0;0;0;0;0;0;0
Ağustos 2026;Yerli;Türkçe;Bilinirlik / İzlenme / Trafik;Robotik Cerrahi / Da Vinci;Doruk Hastaneleri - SİNA ÖZEL Sağlık Hizmetleri A.ş;TRY;Da Vinci - Etkişelim Kampanyası;​120241272322200399;PAUSED;Genel cerrahi retargeting;​120241274595120399;PAUSED;POST_ENGAGEMENT;0;0;1000;0;0;0;0;0;0;0;0;0;0
Temmuz 2026;Yerli;Türkçe;Bilinirlik / İzlenme / Trafik;Robotik Cerrahi / Da Vinci;Doruk Hastaneleri - SİNA ÖZEL Sağlık Hizmetleri A.ş;TRY;Da Vinci - Etkişelim Kampanyası;​120241272322200399;PAUSED;Jinekolojik onkoloji;​120241274618440399;PAUSED;POST_ENGAGEMENT;0;0;1000;0;0;0;0;0;0;0;0;0;0
Ağustos 2026;Yerli;Türkçe;Bilinirlik / İzlenme / Trafik;Robotik Cerrahi / Da Vinci;Doruk Hastaneleri - SİNA ÖZEL Sağlık Hizmetleri A.ş;TRY;Da Vinci - Etkişelim Kampanyası;​120241272322200399;PAUSED;Jinekolojik onkoloji;​120241274618440399;PAUSED;POST_ENGAGEMENT;0;0;1000;0;0;0;0;0;0;0;0;0;0
Temmuz 2026;Yerli;Türkçe;Bilinirlik / İzlenme / Trafik;Robotik Cerrahi / Da Vinci;Doruk Hastaneleri - SİNA ÖZEL Sağlık Hizmetleri A.ş;TRY;Da Vinci - Etkişelim Kampanyası;​120241272322200399;PAUSED;Jinekolojik onkoloji retargeting;​120241274659510399;PAUSED;POST_ENGAGEMENT;0;0;1000;0;0;0;0;0;0;0;0;0;0
Ağustos 2026;Yerli;Türkçe;Bilinirlik / İzlenme / Trafik;Robotik Cerrahi / Da Vinci;Doruk Hastaneleri - SİNA ÖZEL Sağlık Hizmetleri A.ş;TRY;Da Vinci - Etkişelim Kampanyası;​120241272322200399;PAUSED;Jinekolojik onkoloji retargeting;​120241274659510399;PAUSED;POST_ENGAGEMENT;0;0;1000;0;0;0;0;0;0;0;0;0;0
Temmuz 2026;Yerli;Türkçe;Bilinirlik / İzlenme / Trafik;Robotik Cerrahi / Da Vinci;Doruk Hastaneleri - SİNA ÖZEL Sağlık Hizmetleri A.ş;TRY;Da Vinci - Etkişelim Kampanyası;​120241272322200399;PAUSED;Üroloji Arif Demirbaş;​120243473733720399;CAMPAIGN_PAUSED;POST_ENGAGEMENT;0;0;1000;0;0;0;0;0;0;0;0;0;0
Ağustos 2026;Yerli;Türkçe;Bilinirlik / İzlenme / Trafik;Robotik Cerrahi / Da Vinci;Doruk Hastaneleri - SİNA ÖZEL Sağlık Hizmetleri A.ş;TRY;Da Vinci - Etkişelim Kampanyası;​120241272322200399;PAUSED;Üroloji Arif Demirbaş;​120243473733720399;CAMPAIGN_PAUSED;POST_ENGAGEMENT;0;0;1000;0;0;0;0;0;0;0;0;0;0
Temmuz 2026;Yerli;Türkçe;Bilinirlik / İzlenme / Trafik;Robotik Cerrahi / Da Vinci;Doruk Hastaneleri - SİNA ÖZEL Sağlık Hizmetleri A.ş;TRY;Da Vinci - Etkişelim Kampanyası;​120241272322200399;PAUSED;Üroloji Genel;​120241272322130399;PAUSED;POST_ENGAGEMENT;0;0;1000;0;0;0;0;0;0;0;0;0;0
Ağustos 2026;Yerli;Türkçe;Bilinirlik / İzlenme / Trafik;Robotik Cerrahi / Da Vinci;Doruk Hastaneleri - SİNA ÖZEL Sağlık Hizmetleri A.ş;TRY;Da Vinci - Etkişelim Kampanyası;​120241272322200399;PAUSED;Üroloji Genel;​120241272322130399;PAUSED;POST_ENGAGEMENT;0;0;1000;0;0;0;0;0;0;0;0;0;0
Temmuz 2026;Yerli;Türkçe;Bilinirlik / İzlenme / Trafik;Robotik Cerrahi / Da Vinci;Doruk Hastaneleri - SİNA ÖZEL Sağlık Hizmetleri A.ş;TRY;Da Vinci - Etkişelim Kampanyası;​120241272322200399;PAUSED;Üroloji Genel v2;​120243461930040399;PAUSED;POST_ENGAGEMENT;0;0;1000;0;0;0;0;0;0;0;0;0;0
Ağustos 2026;Yerli;Türkçe;Bilinirlik / İzlenme / Trafik;Robotik Cerrahi / Da Vinci;Doruk Hastaneleri - SİNA ÖZEL Sağlık Hizmetleri A.ş;TRY;Da Vinci - Etkişelim Kampanyası;​120241272322200399;PAUSED;Üroloji Genel v2;​120243461930040399;PAUSED;POST_ENGAGEMENT;0;0;1000;0;0;0;0;0;0;0;0;0;0
Temmuz 2026;Yerli;Türkçe;Bilinirlik / İzlenme / Trafik;Robotik Cerrahi / Da Vinci;Doruk Hastaneleri - SİNA ÖZEL Sağlık Hizmetleri A.ş;TRY;Da Vinci - Etkişelim Kampanyası;​120241272322200399;PAUSED;Üroloji retargeting;​120241274389920399;PAUSED;POST_ENGAGEMENT;0;0;1000;0;0;0;0;0;0;0;0;0;0
Ağustos 2026;Yerli;Türkçe;Bilinirlik / İzlenme / Trafik;Robotik Cerrahi / Da Vinci;Doruk Hastaneleri - SİNA ÖZEL Sağlık Hizmetleri A.ş;TRY;Da Vinci - Etkişelim Kampanyası;​120241272322200399;PAUSED;Üroloji retargeting;​120241274389920399;PAUSED;POST_ENGAGEMENT;0;0;1000;0;0;0;0;0;0;0;0;0;0
Temmuz 2026;Yerli;Türkçe;Bilinirlik / İzlenme / Trafik;Robotik Cerrahi / Da Vinci;Doruk Hastaneleri - SİNA ÖZEL Sağlık Hizmetleri A.ş;TRY;Da Vinci - Etkişelim Kampanyası;​120241272322200399;PAUSED;Üroloji Tuğrul Türker;​120243473884360399;CAMPAIGN_PAUSED;POST_ENGAGEMENT;0;0;1000;0;0;0;0;0;0;0;0;0;0
Ağustos 2026;Yerli;Türkçe;Bilinirlik / İzlenme / Trafik;Robotik Cerrahi / Da Vinci;Doruk Hastaneleri - SİNA ÖZEL Sağlık Hizmetleri A.ş;TRY;Da Vinci - Etkişelim Kampanyası;​120241272322200399;PAUSED;Üroloji Tuğrul Türker;​120243473884360399;CAMPAIGN_PAUSED;POST_ENGAGEMENT;0;0;1000;0;0;0;0;0;0;0;0;0;0
Temmuz 2026;Yerli;Türkçe;Bilinirlik / İzlenme / Trafik;Robotik Cerrahi / Da Vinci;Doruk Hastaneleri - SİNA ÖZEL Sağlık Hizmetleri A.ş;TRY;Da Vinci Bilinirlik Kampanyası - Bursa Çevresi;​120245277486220399;PAUSED;Genel - Hatırlanırlık;​120245277487380399;CAMPAIGN_PAUSED;AD_RECALL_LIFT;0;0;1500;0;0;0;0;0;0;0;0;0;0
Ağustos 2026;Yerli;Türkçe;Bilinirlik / İzlenme / Trafik;Robotik Cerrahi / Da Vinci;Doruk Hastaneleri - SİNA ÖZEL Sağlık Hizmetleri A.ş;TRY;Da Vinci Bilinirlik Kampanyası - Bursa Çevresi;​120245277486220399;PAUSED;Genel - Hatırlanırlık;​120245277487380399;CAMPAIGN_PAUSED;AD_RECALL_LIFT;0;0;1500;0;0;0;0;0;0;0;0;0;0
Temmuz 2026;Yerli;Türkçe;Bilinirlik / İzlenme / Trafik;Robotik Cerrahi / Da Vinci;Doruk Hastaneleri - SİNA ÖZEL Sağlık Hizmetleri A.ş;TRY;Da Vinci Bilinirlik Kampanyası - Bursa Çevresi;​120245277486220399;PAUSED;Genel Cerrahi  Ömer Yalkın - Hatırlanırlık;​120245277487430399;CAMPAIGN_PAUSED;AD_RECALL_LIFT;0;0;1500;0;0;0;0;0;0;0;0;0;0
Ağustos 2026;Yerli;Türkçe;Bilinirlik / İzlenme / Trafik;Robotik Cerrahi / Da Vinci;Doruk Hastaneleri - SİNA ÖZEL Sağlık Hizmetleri A.ş;TRY;Da Vinci Bilinirlik Kampanyası - Bursa Çevresi;​120245277486220399;PAUSED;Genel Cerrahi  Ömer Yalkın - Hatırlanırlık;​120245277487430399;CAMPAIGN_PAUSED;AD_RECALL_LIFT;0;0;1500;0;0;0;0;0;0;0;0;0;0
Temmuz 2026;Yerli;Türkçe;Bilinirlik / İzlenme / Trafik;Robotik Cerrahi / Da Vinci;Doruk Hastaneleri - SİNA ÖZEL Sağlık Hizmetleri A.ş;TRY;Da Vinci Bilinirlik Kampanyası - Bursa Çevresi;​120245277486220399;PAUSED;Genel Cerrahi  Serkan Fatih Yeğen - Hatırlanırlık;​120245277487400399;CAMPAIGN_PAUSED;AD_RECALL_LIFT;0;0;1500;0;0;0;0;0;0;0;0;0;0
Ağustos 2026;Yerli;Türkçe;Bilinirlik / İzlenme / Trafik;Robotik Cerrahi / Da Vinci;Doruk Hastaneleri - SİNA ÖZEL Sağlık Hizmetleri A.ş;TRY;Da Vinci Bilinirlik Kampanyası - Bursa Çevresi;​120245277486220399;PAUSED;Genel Cerrahi  Serkan Fatih Yeğen - Hatırlanırlık;​120245277487400399;CAMPAIGN_PAUSED;AD_RECALL_LIFT;0;0;1500;0;0;0;0;0;0;0;0;0;0
Temmuz 2026;Yerli;Türkçe;Bilinirlik / İzlenme / Trafik;Robotik Cerrahi / Da Vinci;Doruk Hastaneleri - SİNA ÖZEL Sağlık Hizmetleri A.ş;TRY;Da Vinci Bilinirlik Kampanyası - Bursa Çevresi;​120245277486220399;PAUSED;Genel Doktorlu - Hatırlanırlık;​120245277487410399;CAMPAIGN_PAUSED;AD_RECALL_LIFT;0;0;1500;0;0;0;0;0;0;0;0;0;0
Ağustos 2026;Yerli;Türkçe;Bilinirlik / İzlenme / Trafik;Robotik Cerrahi / Da Vinci;Doruk Hastaneleri - SİNA ÖZEL Sağlık Hizmetleri A.ş;TRY;Da Vinci Bilinirlik Kampanyası - Bursa Çevresi;​120245277486220399;PAUSED;Genel Doktorlu - Hatırlanırlık;​120245277487410399;CAMPAIGN_PAUSED;AD_RECALL_LIFT;0;0;1500;0;0;0;0;0;0;0;0;0;0
Temmuz 2026;Yerli;Türkçe;Bilinirlik / İzlenme / Trafik;Robotik Cerrahi / Da Vinci;Doruk Hastaneleri - SİNA ÖZEL Sağlık Hizmetleri A.ş;TRY;Da Vinci Bilinirlik Kampanyası - Bursa Çevresi;​120245277486220399;PAUSED;Jinekolojik Onkoloji Mehmet Bayrak - Hatırlanırlık;​120245277487440399;CAMPAIGN_PAUSED;AD_RECALL_LIFT;0;0;1500;0;0;0;0;0;0;0;0;0;0
Ağustos 2026;Yerli;Türkçe;Bilinirlik / İzlenme / Trafik;Robotik Cerrahi / Da Vinci;Doruk Hastaneleri - SİNA ÖZEL Sağlık Hizmetleri A.ş;TRY;Da Vinci Bilinirlik Kampanyası - Bursa Çevresi;​120245277486220399;PAUSED;Jinekolojik Onkoloji Mehmet Bayrak - Hatırlanırlık;​120245277487440399;CAMPAIGN_PAUSED;AD_RECALL_LIFT;0;0;1500;0;0;0;0;0;0;0;0;0;0
Temmuz 2026;Yerli;Türkçe;Bilinirlik / İzlenme / Trafik;Robotik Cerrahi / Da Vinci;Doruk Hastaneleri - SİNA ÖZEL Sağlık Hizmetleri A.ş;TRY;Da Vinci Bilinirlik Kampanyası - Bursa Çevresi;​120245277486220399;PAUSED;Üroloji Arif Demirbaş - Hatırlanırlık;​120245277487420399;CAMPAIGN_PAUSED;AD_RECALL_LIFT;0;0;1500;0;0;0;0;0;0;0;0;0;0
Ağustos 2026;Yerli;Türkçe;Bilinirlik / İzlenme / Trafik;Robotik Cerrahi / Da Vinci;Doruk Hastaneleri - SİNA ÖZEL Sağlık Hizmetleri A.ş;TRY;Da Vinci Bilinirlik Kampanyası - Bursa Çevresi;​120245277486220399;PAUSED;Üroloji Arif Demirbaş - Hatırlanırlık;​120245277487420399;CAMPAIGN_PAUSED;AD_RECALL_LIFT;0;0;1500;0;0;0;0;0;0;0;0;0;0
Temmuz 2026;Yerli;Türkçe;Bilinirlik / İzlenme / Trafik;Robotik Cerrahi / Da Vinci;Doruk Hastaneleri - SİNA ÖZEL Sağlık Hizmetleri A.ş;TRY;Da Vinci Bilinirlik Kampanyası - Bursa Çevresi;​120245277486220399;PAUSED;Üroloji Kadir Ömür Günseren - Hatırlanırlık;​120245277487370399;CAMPAIGN_PAUSED;AD_RECALL_LIFT;0;0;1500;0;0;0;0;0;0;0;0;0;0
Ağustos 2026;Yerli;Türkçe;Bilinirlik / İzlenme / Trafik;Robotik Cerrahi / Da Vinci;Doruk Hastaneleri - SİNA ÖZEL Sağlık Hizmetleri A.ş;TRY;Da Vinci Bilinirlik Kampanyası - Bursa Çevresi;​120245277486220399;PAUSED;Üroloji Kadir Ömür Günseren - Hatırlanırlık;​120245277487370399;CAMPAIGN_PAUSED;AD_RECALL_LIFT;0;0;1500;0;0;0;0;0;0;0;0;0;0
Temmuz 2026;Yerli;Türkçe;Bilinirlik / İzlenme / Trafik;Robotik Cerrahi / Da Vinci;Doruk Hastaneleri - SİNA ÖZEL Sağlık Hizmetleri A.ş;TRY;Da Vinci Bilinirlik Kampanyası - Bursa Çevresi;​120245277486220399;PAUSED;Üroloji Tuğrul Türker - Hatırlanırlık;​120245277487390399;CAMPAIGN_PAUSED;AD_RECALL_LIFT;0;0;1500;0;0;0;0;0;0;0;0;0;0
Ağustos 2026;Yerli;Türkçe;Bilinirlik / İzlenme / Trafik;Robotik Cerrahi / Da Vinci;Doruk Hastaneleri - SİNA ÖZEL Sağlık Hizmetleri A.ş;TRY;Da Vinci Bilinirlik Kampanyası - Bursa Çevresi;​120245277486220399;PAUSED;Üroloji Tuğrul Türker - Hatırlanırlık;​120245277487390399;CAMPAIGN_PAUSED;AD_RECALL_LIFT;0;0;1500;0;0;0;0;0;0;0;0;0;0
Temmuz 2026;Yerli;Türkçe;Bilinirlik / İzlenme / Trafik;Robotik Cerrahi / Da Vinci;Doruk Hastaneleri - SİNA ÖZEL Sağlık Hizmetleri A.ş;TRY;Da Vinci Bilinirlik Kampanyası;​120244664957740399;PAUSED;Genel - Hatırlanırlık;​120244801261820399;CAMPAIGN_PAUSED;AD_RECALL_LIFT;0;0;500;0;0;0;0;0;0;0;0;0;0
Ağustos 2026;Yerli;Türkçe;Bilinirlik / İzlenme / Trafik;Robotik Cerrahi / Da Vinci;Doruk Hastaneleri - SİNA ÖZEL Sağlık Hizmetleri A.ş;TRY;Da Vinci Bilinirlik Kampanyası;​120244664957740399;PAUSED;Genel - Hatırlanırlık;​120244801261820399;CAMPAIGN_PAUSED;AD_RECALL_LIFT;0;0;500;0;0;0;0;0;0;0;0;0;0
Temmuz 2026;Yerli;Türkçe;Bilinirlik / İzlenme / Trafik;Robotik Cerrahi / Da Vinci;Doruk Hastaneleri - SİNA ÖZEL Sağlık Hizmetleri A.ş;TRY;Da Vinci Bilinirlik Kampanyası;​120244664957740399;PAUSED;Genel Cerrahi  Ömer Yalkın - Hatırlanırlık;​120244669500410399;CAMPAIGN_PAUSED;AD_RECALL_LIFT;0;0;500;0;0;0;0;0;0;0;0;0;0
Ağustos 2026;Yerli;Türkçe;Bilinirlik / İzlenme / Trafik;Robotik Cerrahi / Da Vinci;Doruk Hastaneleri - SİNA ÖZEL Sağlık Hizmetleri A.ş;TRY;Da Vinci Bilinirlik Kampanyası;​120244664957740399;PAUSED;Genel Cerrahi  Ömer Yalkın - Hatırlanırlık;​120244669500410399;CAMPAIGN_PAUSED;AD_RECALL_LIFT;0;0;500;0;0;0;0;0;0;0;0;0;0
Temmuz 2026;Yerli;Türkçe;Bilinirlik / İzlenme / Trafik;Robotik Cerrahi / Da Vinci;Doruk Hastaneleri - SİNA ÖZEL Sağlık Hizmetleri A.ş;TRY;Da Vinci Bilinirlik Kampanyası;​120244664957740399;PAUSED;Genel Cerrahi  Serkan Fatih Yeğen - Hatırlanırlık;​120244668784470399;CAMPAIGN_PAUSED;AD_RECALL_LIFT;0;0;500;0;0;0;0;0;0;0;0;0;0
Ağustos 2026;Yerli;Türkçe;Bilinirlik / İzlenme / Trafik;Robotik Cerrahi / Da Vinci;Doruk Hastaneleri - SİNA ÖZEL Sağlık Hizmetleri A.ş;TRY;Da Vinci Bilinirlik Kampanyası;​120244664957740399;PAUSED;Genel Cerrahi  Serkan Fatih Yeğen - Hatırlanırlık;​120244668784470399;CAMPAIGN_PAUSED;AD_RECALL_LIFT;0;0;500;0;0;0;0;0;0;0;0;0;0
Temmuz 2026;Yerli;Türkçe;Bilinirlik / İzlenme / Trafik;Robotik Cerrahi / Da Vinci;Doruk Hastaneleri - SİNA ÖZEL Sağlık Hizmetleri A.ş;TRY;Da Vinci Bilinirlik Kampanyası;​120244664957740399;PAUSED;Genel Doktorlu - Hatırlanırlık;​120244801917360399;CAMPAIGN_PAUSED;AD_RECALL_LIFT;0;0;500;0;0;0;0;0;0;0;0;0;0
Ağustos 2026;Yerli;Türkçe;Bilinirlik / İzlenme / Trafik;Robotik Cerrahi / Da Vinci;Doruk Hastaneleri - SİNA ÖZEL Sağlık Hizmetleri A.ş;TRY;Da Vinci Bilinirlik Kampanyası;​120244664957740399;PAUSED;Genel Doktorlu - Hatırlanırlık;​120244801917360399;CAMPAIGN_PAUSED;AD_RECALL_LIFT;0;0;500;0;0;0;0;0;0;0;0;0;0
Temmuz 2026;Yerli;Türkçe;Bilinirlik / İzlenme / Trafik;Robotik Cerrahi / Da Vinci;Doruk Hastaneleri - SİNA ÖZEL Sağlık Hizmetleri A.ş;TRY;Da Vinci Bilinirlik Kampanyası;​120244664957740399;PAUSED;Jinekolojik Onkoloji Mehmet Bayrak - Hatırlanırlık;​120244672032480399;CAMPAIGN_PAUSED;AD_RECALL_LIFT;0;0;500;0;0;0;0;0;0;0;0;0;0
Ağustos 2026;Yerli;Türkçe;Bilinirlik / İzlenme / Trafik;Robotik Cerrahi / Da Vinci;Doruk Hastaneleri - SİNA ÖZEL Sağlık Hizmetleri A.ş;TRY;Da Vinci Bilinirlik Kampanyası;​120244664957740399;PAUSED;Jinekolojik Onkoloji Mehmet Bayrak - Hatırlanırlık;​120244672032480399;CAMPAIGN_PAUSED;AD_RECALL_LIFT;0;0;500;0;0;0;0;0;0;0;0;0;0
Temmuz 2026;Yerli;Türkçe;Bilinirlik / İzlenme / Trafik;Robotik Cerrahi / Da Vinci;Doruk Hastaneleri - SİNA ÖZEL Sağlık Hizmetleri A.ş;TRY;Da Vinci Bilinirlik Kampanyası;​120244664957740399;PAUSED;Üroloji Arif Demirbaş - Hatırlanırlık;​120244668026570399;CAMPAIGN_PAUSED;AD_RECALL_LIFT;0;0;500;0;0;0;0;0;0;0;0;0;0
Ağustos 2026;Yerli;Türkçe;Bilinirlik / İzlenme / Trafik;Robotik Cerrahi / Da Vinci;Doruk Hastaneleri - SİNA ÖZEL Sağlık Hizmetleri A.ş;TRY;Da Vinci Bilinirlik Kampanyası;​120244664957740399;PAUSED;Üroloji Arif Demirbaş - Hatırlanırlık;​120244668026570399;CAMPAIGN_PAUSED;AD_RECALL_LIFT;0;0;500;0;0;0;0;0;0;0;0;0;0
Temmuz 2026;Yerli;Türkçe;Bilinirlik / İzlenme / Trafik;Robotik Cerrahi / Da Vinci;Doruk Hastaneleri - SİNA ÖZEL Sağlık Hizmetleri A.ş;TRY;Da Vinci Bilinirlik Kampanyası;​120244664957740399;PAUSED;Üroloji Kadir Ömür Günseren - Hatırlanırlık;​120244671313130399;CAMPAIGN_PAUSED;AD_RECALL_LIFT;0;0;500;0;0;0;0;0;0;0;0;0;0
Ağustos 2026;Yerli;Türkçe;Bilinirlik / İzlenme / Trafik;Robotik Cerrahi / Da Vinci;Doruk Hastaneleri - SİNA ÖZEL Sağlık Hizmetleri A.ş;TRY;Da Vinci Bilinirlik Kampanyası;​120244664957740399;PAUSED;Üroloji Kadir Ömür Günseren - Hatırlanırlık;​120244671313130399;CAMPAIGN_PAUSED;AD_RECALL_LIFT;0;0;500;0;0;0;0;0;0;0;0;0;0
Temmuz 2026;Yerli;Türkçe;Bilinirlik / İzlenme / Trafik;Robotik Cerrahi / Da Vinci;Doruk Hastaneleri - SİNA ÖZEL Sağlık Hizmetleri A.ş;TRY;Da Vinci Bilinirlik Kampanyası;​120244664957740399;PAUSED;Üroloji Tuğrul Türker - Hatırlanırlık;​120244664957760399;CAMPAIGN_PAUSED;AD_RECALL_LIFT;0;0;500;0;0;0;0;0;0;0;0;0;0
Ağustos 2026;Yerli;Türkçe;Bilinirlik / İzlenme / Trafik;Robotik Cerrahi / Da Vinci;Doruk Hastaneleri - SİNA ÖZEL Sağlık Hizmetleri A.ş;TRY;Da Vinci Bilinirlik Kampanyası;​120244664957740399;PAUSED;Üroloji Tuğrul Türker - Hatırlanırlık;​120244664957760399;CAMPAIGN_PAUSED;AD_RECALL_LIFT;0;0;500;0;0;0;0;0;0;0;0;0;0
Temmuz 2026;Yerli;Türkçe;Bilinirlik / İzlenme / Trafik;Robotik Cerrahi / Da Vinci;Doruk Hastaneleri - SİNA ÖZEL Sağlık Hizmetleri A.ş;TRY;Da Vinci Etkileşim + WP - Çevre iller;​120240599102260399;PAUSED;Arif Demirbaş;​120240599102300399;CAMPAIGN_PAUSED;POST_ENGAGEMENT;0;0;500;0;0;0;0;0;0;0;0;0;0
Ağustos 2026;Yerli;Türkçe;Bilinirlik / İzlenme / Trafik;Robotik Cerrahi / Da Vinci;Doruk Hastaneleri - SİNA ÖZEL Sağlık Hizmetleri A.ş;TRY;Da Vinci Etkileşim + WP - Çevre iller;​120240599102260399;PAUSED;Arif Demirbaş;​120240599102300399;CAMPAIGN_PAUSED;POST_ENGAGEMENT;0;0;500;0;0;0;0;0;0;0;0;0;0
Temmuz 2026;Yerli;Türkçe;Bilinirlik / İzlenme / Trafik;Robotik Cerrahi / Da Vinci;Doruk Hastaneleri - SİNA ÖZEL Sağlık Hizmetleri A.ş;TRY;Da Vinci Etkileşim + WP - Çevre iller;​120240599102260399;PAUSED;Genel Da Vinci;​120240599102280399;CAMPAIGN_PAUSED;POST_ENGAGEMENT;0;0;500;0;0;0;0;0;0;0;0;0;0
Ağustos 2026;Yerli;Türkçe;Bilinirlik / İzlenme / Trafik;Robotik Cerrahi / Da Vinci;Doruk Hastaneleri - SİNA ÖZEL Sağlık Hizmetleri A.ş;TRY;Da Vinci Etkileşim + WP - Çevre iller;​120240599102260399;PAUSED;Genel Da Vinci;​120240599102280399;CAMPAIGN_PAUSED;POST_ENGAGEMENT;0;0;500;0;0;0;0;0;0;0;0;0;0
Temmuz 2026;Yerli;Türkçe;Bilinirlik / İzlenme / Trafik;Robotik Cerrahi / Da Vinci;Doruk Hastaneleri - SİNA ÖZEL Sağlık Hizmetleri A.ş;TRY;Da Vinci Etkileşim + WP - Çevre iller;​120240599102260399;PAUSED;Kadir Ömür Günseren;​120240599102290399;CAMPAIGN_PAUSED;POST_ENGAGEMENT;0;0;500;0;0;0;0;0;0;0;0;0;0
Ağustos 2026;Yerli;Türkçe;Bilinirlik / İzlenme / Trafik;Robotik Cerrahi / Da Vinci;Doruk Hastaneleri - SİNA ÖZEL Sağlık Hizmetleri A.ş;TRY;Da Vinci Etkileşim + WP - Çevre iller;​120240599102260399;PAUSED;Kadir Ömür Günseren;​120240599102290399;CAMPAIGN_PAUSED;POST_ENGAGEMENT;0;0;500;0;0;0;0;0;0;0;0;0;0
Temmuz 2026;Yerli;Türkçe;Bilinirlik / İzlenme / Trafik;Robotik Cerrahi / Da Vinci;Doruk Hastaneleri - SİNA ÖZEL Sağlık Hizmetleri A.ş;TRY;Da Vinci Etkileşim + WP - Çevre iller;​120240599102260399;PAUSED;Mehmet Bayrak;​120240599102320399;CAMPAIGN_PAUSED;POST_ENGAGEMENT;0;0;500;0;0;0;0;0;0;0;0;0;0
Ağustos 2026;Yerli;Türkçe;Bilinirlik / İzlenme / Trafik;Robotik Cerrahi / Da Vinci;Doruk Hastaneleri - SİNA ÖZEL Sağlık Hizmetleri A.ş;TRY;Da Vinci Etkileşim + WP - Çevre iller;​120240599102260399;PAUSED;Mehmet Bayrak;​120240599102320399;CAMPAIGN_PAUSED;POST_ENGAGEMENT;0;0;500;0;0;0;0;0;0;0;0;0;0
Temmuz 2026;Yerli;Türkçe;Bilinirlik / İzlenme / Trafik;Robotik Cerrahi / Da Vinci;Doruk Hastaneleri - SİNA ÖZEL Sağlık Hizmetleri A.ş;TRY;Da Vinci Etkileşim + WP - Çevre iller;​120240599102260399;PAUSED;Ömer Yalkın;​120240599102330399;CAMPAIGN_PAUSED;POST_ENGAGEMENT;0;0;500;0;0;0;0;0;0;0;0;0;0
Ağustos 2026;Yerli;Türkçe;Bilinirlik / İzlenme / Trafik;Robotik Cerrahi / Da Vinci;Doruk Hastaneleri - SİNA ÖZEL Sağlık Hizmetleri A.ş;TRY;Da Vinci Etkileşim + WP - Çevre iller;​120240599102260399;PAUSED;Ömer Yalkın;​120240599102330399;CAMPAIGN_PAUSED;POST_ENGAGEMENT;0;0;500;0;0;0;0;0;0;0;0;0;0
Temmuz 2026;Yerli;Türkçe;Bilinirlik / İzlenme / Trafik;Robotik Cerrahi / Da Vinci;Doruk Hastaneleri - SİNA ÖZEL Sağlık Hizmetleri A.ş;TRY;Da Vinci Etkileşim + WP - Çevre iller;​120240599102260399;PAUSED;Tuğrul Türker;​120240599102310399;CAMPAIGN_PAUSED;POST_ENGAGEMENT;0;0;500;0;0;0;0;0;0;0;0;0;0
Ağustos 2026;Yerli;Türkçe;Bilinirlik / İzlenme / Trafik;Robotik Cerrahi / Da Vinci;Doruk Hastaneleri - SİNA ÖZEL Sağlık Hizmetleri A.ş;TRY;Da Vinci Etkileşim + WP - Çevre iller;​120240599102260399;PAUSED;Tuğrul Türker;​120240599102310399;CAMPAIGN_PAUSED;POST_ENGAGEMENT;0;0;500;0;0;0;0;0;0;0;0;0;0
Temmuz 2026;Yerli;Türkçe;Bilinirlik / İzlenme / Trafik;Robotik Cerrahi / Da Vinci;Doruk Hastaneleri - SİNA ÖZEL Sağlık Hizmetleri A.ş;TRY;Da Vinci Etkileşim + WP Bursa;​120240459106790399;PAUSED;Arif Demirbaş;​120240459402160399;CAMPAIGN_PAUSED;POST_ENGAGEMENT;0;0;1000;0;0;0;0;0;0;0;0;0;0
Ağustos 2026;Yerli;Türkçe;Bilinirlik / İzlenme / Trafik;Robotik Cerrahi / Da Vinci;Doruk Hastaneleri - SİNA ÖZEL Sağlık Hizmetleri A.ş;TRY;Da Vinci Etkileşim + WP Bursa;​120240459106790399;PAUSED;Arif Demirbaş;​120240459402160399;CAMPAIGN_PAUSED;POST_ENGAGEMENT;0;0;1000;0;0;0;0;0;0;0;0;0;0
Temmuz 2026;Yerli;Türkçe;Bilinirlik / İzlenme / Trafik;Robotik Cerrahi / Da Vinci;Doruk Hastaneleri - SİNA ÖZEL Sağlık Hizmetleri A.ş;TRY;Da Vinci Etkileşim + WP Bursa;​120240459106790399;PAUSED;Genel Da Vinci;​120240460027730399;CAMPAIGN_PAUSED;POST_ENGAGEMENT;0;0;3000;0;0;0;0;0;0;0;0;0;0
Ağustos 2026;Yerli;Türkçe;Bilinirlik / İzlenme / Trafik;Robotik Cerrahi / Da Vinci;Doruk Hastaneleri - SİNA ÖZEL Sağlık Hizmetleri A.ş;TRY;Da Vinci Etkileşim + WP Bursa;​120240459106790399;PAUSED;Genel Da Vinci;​120240460027730399;CAMPAIGN_PAUSED;POST_ENGAGEMENT;0;0;3000;0;0;0;0;0;0;0;0;0;0
Temmuz 2026;Yerli;Türkçe;Bilinirlik / İzlenme / Trafik;Robotik Cerrahi / Da Vinci;Doruk Hastaneleri - SİNA ÖZEL Sağlık Hizmetleri A.ş;TRY;Da Vinci Etkileşim + WP Bursa;​120240459106790399;PAUSED;Kadir Ömür Günseren;​120240459488560399;CAMPAIGN_PAUSED;POST_ENGAGEMENT;0;0;1000;0;0;0;0;0;0;0;0;0;0
Ağustos 2026;Yerli;Türkçe;Bilinirlik / İzlenme / Trafik;Robotik Cerrahi / Da Vinci;Doruk Hastaneleri - SİNA ÖZEL Sağlık Hizmetleri A.ş;TRY;Da Vinci Etkileşim + WP Bursa;​120240459106790399;PAUSED;Kadir Ömür Günseren;​120240459488560399;CAMPAIGN_PAUSED;POST_ENGAGEMENT;0;0;1000;0;0;0;0;0;0;0;0;0;0
Temmuz 2026;Yerli;Türkçe;Bilinirlik / İzlenme / Trafik;Robotik Cerrahi / Da Vinci;Doruk Hastaneleri - SİNA ÖZEL Sağlık Hizmetleri A.ş;TRY;Da Vinci Etkileşim + WP Bursa;​120240459106790399;PAUSED;Mehmet Bayrak;​120240459554760399;CAMPAIGN_PAUSED;POST_ENGAGEMENT;0;0;1000;0;0;0;0;0;0;0;0;0;0
Ağustos 2026;Yerli;Türkçe;Bilinirlik / İzlenme / Trafik;Robotik Cerrahi / Da Vinci;Doruk Hastaneleri - SİNA ÖZEL Sağlık Hizmetleri A.ş;TRY;Da Vinci Etkileşim + WP Bursa;​120240459106790399;PAUSED;Mehmet Bayrak;​120240459554760399;CAMPAIGN_PAUSED;POST_ENGAGEMENT;0;0;1000;0;0;0;0;0;0;0;0;0;0
Temmuz 2026;Yerli;Türkçe;Bilinirlik / İzlenme / Trafik;Robotik Cerrahi / Da Vinci;Doruk Hastaneleri - SİNA ÖZEL Sağlık Hizmetleri A.ş;TRY;Da Vinci Etkileşim + WP Bursa;​120240459106790399;PAUSED;Ömer Yalkın;​120240459106800399;CAMPAIGN_PAUSED;POST_ENGAGEMENT;0;0;3000;0;0;0;0;0;0;0;0;0;0
Ağustos 2026;Yerli;Türkçe;Bilinirlik / İzlenme / Trafik;Robotik Cerrahi / Da Vinci;Doruk Hastaneleri - SİNA ÖZEL Sağlık Hizmetleri A.ş;TRY;Da Vinci Etkileşim + WP Bursa;​120240459106790399;PAUSED;Ömer Yalkın;​120240459106800399;CAMPAIGN_PAUSED;POST_ENGAGEMENT;0;0;3000;0;0;0;0;0;0;0;0;0;0
Temmuz 2026;Yerli;Türkçe;Bilinirlik / İzlenme / Trafik;Robotik Cerrahi / Da Vinci;Doruk Hastaneleri - SİNA ÖZEL Sağlık Hizmetleri A.ş;TRY;Da Vinci Etkileşim + WP Bursa;​120240459106790399;PAUSED;Tuğrul Türker;​120240459280410399;CAMPAIGN_PAUSED;POST_ENGAGEMENT;0;0;1000;0;0;0;0;0;0;0;0;0;0
Ağustos 2026;Yerli;Türkçe;Bilinirlik / İzlenme / Trafik;Robotik Cerrahi / Da Vinci;Doruk Hastaneleri - SİNA ÖZEL Sağlık Hizmetleri A.ş;TRY;Da Vinci Etkileşim + WP Bursa;​120240459106790399;PAUSED;Tuğrul Türker;​120240459280410399;CAMPAIGN_PAUSED;POST_ENGAGEMENT;0;0;1000;0;0;0;0;0;0;0;0;0;0
Temmuz 2026;Yerli;Türkçe;Görüntülenme / Mesaj;Diğer / Sınıflandırılacak;Doruk Tibbi Bilgiler;TRY;"Instagram gönderisi: ""Every time I looked in the...";​52540608012224;PAUSED;"Instagram gönderisi: ""Every time I looked in the...";​52540608020624;CAMPAIGN_PAUSED;VISIT_INSTAGRAM_PROFILE;600;0;0;0;0;0;0;0;0;0;0;0;0
Ağustos 2026;Yerli;Türkçe;Görüntülenme / Mesaj;Diğer / Sınıflandırılacak;Doruk Tibbi Bilgiler;TRY;"Instagram gönderisi: ""Every time I looked in the...";​52540608012224;PAUSED;"Instagram gönderisi: ""Every time I looked in the...";​52540608020624;CAMPAIGN_PAUSED;VISIT_INSTAGRAM_PROFILE;600;0;0;0;0;0;0;0;0;0;0;0;0
Temmuz 2026;Yerli;Türkçe;Görüntülenme / Mesaj;Diğer / Sınıflandırılacak;Doruk Tibbi Bilgiler;TRY;"Instagram gönderisi: ""Every time I looked in the...";​52540607776024;PAUSED;"Instagram gönderisi: ""Every time I looked in the...";​52540607783024;CAMPAIGN_PAUSED;VISIT_INSTAGRAM_PROFILE;200;0;0;0;0;0;0;0;0;0;0;0;0
Ağustos 2026;Yerli;Türkçe;Görüntülenme / Mesaj;Diğer / Sınıflandırılacak;Doruk Tibbi Bilgiler;TRY;"Instagram gönderisi: ""Every time I looked in the...";​52540607776024;PAUSED;"Instagram gönderisi: ""Every time I looked in the...";​52540607783024;CAMPAIGN_PAUSED;VISIT_INSTAGRAM_PROFILE;200;0;0;0;0;0;0;0;0;0;0;0;0
Temmuz 2026;Yerli;Türkçe;Görüntülenme / Mesaj;Diğer / Sınıflandırılacak;Doruk Tibbi Bilgiler;TRY;"Instagram gönderisi: ""Every time I looked in the...";​52540607669224;PAUSED;"Instagram gönderisi: ""Every time I looked in the...";​52540607674824;CAMPAIGN_PAUSED;VISIT_INSTAGRAM_PROFILE;400;0;0;0;0;0;0;0;0;0;0;0;0
Ağustos 2026;Yerli;Türkçe;Görüntülenme / Mesaj;Diğer / Sınıflandırılacak;Doruk Tibbi Bilgiler;TRY;"Instagram gönderisi: ""Every time I looked in the...";​52540607669224;PAUSED;"Instagram gönderisi: ""Every time I looked in the...";​52540607674824;CAMPAIGN_PAUSED;VISIT_INSTAGRAM_PROFILE;400;0;0;0;0;0;0;0;0;0;0;0;0
Temmuz 2026;Yerli;Türkçe;Görüntülenme / Mesaj;Diğer / Sınıflandırılacak;Doruk Tibbi Bilgiler;TRY;"Instagram gönderisi: ""Every time I looked in the...";​52540607579224;PAUSED;"Instagram gönderisi: ""Every time I looked in the...";​52540607597224;CAMPAIGN_PAUSED;VISIT_INSTAGRAM_PROFILE;600;0;0;0;0;0;0;0;0;0;0;0;0
Ağustos 2026;Yerli;Türkçe;Görüntülenme / Mesaj;Diğer / Sınıflandırılacak;Doruk Tibbi Bilgiler;TRY;"Instagram gönderisi: ""Every time I looked in the...";​52540607579224;PAUSED;"Instagram gönderisi: ""Every time I looked in the...";​52540607597224;CAMPAIGN_PAUSED;VISIT_INSTAGRAM_PROFILE;600;0;0;0;0;0;0;0;0;0;0;0;0
Temmuz 2026;Yerli;Türkçe;Görüntülenme / Mesaj;Diğer / Sınıflandırılacak;Doruk Tibbi Bilgiler;TRY;"Instagram gönderisi: ""Every time I looked in the...";​52540607478224;PAUSED;"Instagram gönderisi: ""Every time I looked in the...";​52540607504624;CAMPAIGN_PAUSED;VISIT_INSTAGRAM_PROFILE;600;0;0;0;0;0;0;0;0;0;0;0;0
Ağustos 2026;Yerli;Türkçe;Görüntülenme / Mesaj;Diğer / Sınıflandırılacak;Doruk Tibbi Bilgiler;TRY;"Instagram gönderisi: ""Every time I looked in the...";​52540607478224;PAUSED;"Instagram gönderisi: ""Every time I looked in the...";​52540607504624;CAMPAIGN_PAUSED;VISIT_INSTAGRAM_PROFILE;600;0;0;0;0;0;0;0;0;0;0;0;0
Temmuz 2026;Yerli;Türkçe;Görüntülenme / Mesaj;Diğer / Sınıflandırılacak;Doruk Tibbi Bilgiler;TRY;"Instagram gönderisi: ""Every time I looked in the...";​52540607448224;PAUSED;"Instagram gönderisi: ""Every time I looked in the...";​52540607458224;CAMPAIGN_PAUSED;VISIT_INSTAGRAM_PROFILE;600;0;0;0;0;0;0;0;0;0;0;0;0
Ağustos 2026;Yerli;Türkçe;Görüntülenme / Mesaj;Diğer / Sınıflandırılacak;Doruk Tibbi Bilgiler;TRY;"Instagram gönderisi: ""Every time I looked in the...";​52540607448224;PAUSED;"Instagram gönderisi: ""Every time I looked in the...";​52540607458224;CAMPAIGN_PAUSED;VISIT_INSTAGRAM_PROFILE;600;0;0;0;0;0;0;0;0;0;0;0;0
Temmuz 2026;Yerli;Türkçe;Görüntülenme / Mesaj;Diğer / Sınıflandırılacak;Doruk Tibbi Bilgiler;TRY;"Instagram gönderisi: ""Every time I looked in the...";​52540603506624;PAUSED;"Instagram gönderisi: ""Every time I looked in the...";​52540603518824;CAMPAIGN_PAUSED;VISIT_INSTAGRAM_PROFILE;500;0;0;0;0;0;0;0;0;0;0;0;0
Ağustos 2026;Yerli;Türkçe;Görüntülenme / Mesaj;Diğer / Sınıflandırılacak;Doruk Tibbi Bilgiler;TRY;"Instagram gönderisi: ""Every time I looked in the...";​52540603506624;PAUSED;"Instagram gönderisi: ""Every time I looked in the...";​52540603518824;CAMPAIGN_PAUSED;VISIT_INSTAGRAM_PROFILE;500;0;0;0;0;0;0;0;0;0;0;0;0
Temmuz 2026;Yerli;Türkçe;Görüntülenme / Mesaj;Diğer / Sınıflandırılacak;Doruk Tibbi Bilgiler;TRY;"Instagram gönderisi: ""Every time I looked in the...";​52540603032224;PAUSED;"Instagram gönderisi: ""Every time I looked in the...";​52540603057024;CAMPAIGN_PAUSED;VISIT_INSTAGRAM_PROFILE;750;0;0;0;0;0;0;0;0;0;0;0;0
Ağustos 2026;Yerli;Türkçe;Görüntülenme / Mesaj;Diğer / Sınıflandırılacak;Doruk Tibbi Bilgiler;TRY;"Instagram gönderisi: ""Every time I looked in the...";​52540603032224;PAUSED;"Instagram gönderisi: ""Every time I looked in the...";​52540603057024;CAMPAIGN_PAUSED;VISIT_INSTAGRAM_PROFILE;750;0;0;0;0;0;0;0;0;0;0;0;0
Temmuz 2026;Yerli;Türkçe;Görüntülenme / Mesaj;Diğer / Sınıflandırılacak;Doruk Tibbi Bilgiler;TRY;"Instagram gönderisi: ""Every time I looked in the...";​52540602655424;PAUSED;"Instagram gönderisi: ""Every time I looked in the...";​52540602660624;CAMPAIGN_PAUSED;VISIT_INSTAGRAM_PROFILE;500;0;0;0;0;0;0;0;0;0;0;0;0
Ağustos 2026;Yerli;Türkçe;Görüntülenme / Mesaj;Diğer / Sınıflandırılacak;Doruk Tibbi Bilgiler;TRY;"Instagram gönderisi: ""Every time I looked in the...";​52540602655424;PAUSED;"Instagram gönderisi: ""Every time I looked in the...";​52540602660624;CAMPAIGN_PAUSED;VISIT_INSTAGRAM_PROFILE;500;0;0;0;0;0;0;0;0;0;0;0;0
Temmuz 2026;Yerli;Türkçe;Görüntülenme / Mesaj;Diğer / Sınıflandırılacak;Doruk Tibbi Bilgiler;TRY;"Instagram gönderisi: ""Every time I looked in the...";​52540602116824;PAUSED;"Instagram gönderisi: ""Every time I looked in the...";​52540602127424;CAMPAIGN_PAUSED;VISIT_INSTAGRAM_PROFILE;250;0;0;0;0;0;0;0;0;0;0;0;0
Ağustos 2026;Yerli;Türkçe;Görüntülenme / Mesaj;Diğer / Sınıflandırılacak;Doruk Tibbi Bilgiler;TRY;"Instagram gönderisi: ""Every time I looked in the...";​52540602116824;PAUSED;"Instagram gönderisi: ""Every time I looked in the...";​52540602127424;CAMPAIGN_PAUSED;VISIT_INSTAGRAM_PROFILE;250;0;0;0;0;0;0;0;0;0;0;0;0
Temmuz 2026;Yerli;Türkçe;Görüntülenme / Mesaj;Diğer / Sınıflandırılacak;Doruk Tibbi Bilgiler;TRY;"Instagram gönderisi: ""Every time I looked in the...";​52540600696624;PAUSED;"Instagram gönderisi: ""Every time I looked in the...";​52540600709224;CAMPAIGN_PAUSED;VISIT_INSTAGRAM_PROFILE;500;0;0;0;0;0;0;0;0;0;0;0;0
Ağustos 2026;Yerli;Türkçe;Görüntülenme / Mesaj;Diğer / Sınıflandırılacak;Doruk Tibbi Bilgiler;TRY;"Instagram gönderisi: ""Every time I looked in the...";​52540600696624;PAUSED;"Instagram gönderisi: ""Every time I looked in the...";​52540600709224;CAMPAIGN_PAUSED;VISIT_INSTAGRAM_PROFILE;500;0;0;0;0;0;0;0;0;0;0;0;0
Temmuz 2026;Yerli;Türkçe;Görüntülenme / Mesaj;Diğer / Sınıflandırılacak;Doruk Tibbi Bilgiler;TRY;"Instagram gönderisi: ""Every time I looked in the...";​52540600490824;PAUSED;"Instagram gönderisi: ""Every time I looked in the...";​52540600493424;CAMPAIGN_PAUSED;VISIT_INSTAGRAM_PROFILE;250;0;0;0;0;0;0;0;0;0;0;0;0
Ağustos 2026;Yerli;Türkçe;Görüntülenme / Mesaj;Diğer / Sınıflandırılacak;Doruk Tibbi Bilgiler;TRY;"Instagram gönderisi: ""Every time I looked in the...";​52540600490824;PAUSED;"Instagram gönderisi: ""Every time I looked in the...";​52540600493424;CAMPAIGN_PAUSED;VISIT_INSTAGRAM_PROFILE;250;0;0;0;0;0;0;0;0;0;0;0;0
Temmuz 2026;Yerli;Türkçe;Görüntülenme / Mesaj;Diğer / Sınıflandırılacak;Doruk Tibbi Bilgiler;TRY;"Instagram gönderisi: ""Every time I looked in the...";​52540600336824;PAUSED;"Instagram gönderisi: ""Every time I looked in the...";​52540600340824;CAMPAIGN_PAUSED;VISIT_INSTAGRAM_PROFILE;500;0;0;0;0;0;0;0;0;0;0;0;0
Ağustos 2026;Yerli;Türkçe;Görüntülenme / Mesaj;Diğer / Sınıflandırılacak;Doruk Tibbi Bilgiler;TRY;"Instagram gönderisi: ""Every time I looked in the...";​52540600336824;PAUSED;"Instagram gönderisi: ""Every time I looked in the...";​52540600340824;CAMPAIGN_PAUSED;VISIT_INSTAGRAM_PROFILE;500;0;0;0;0;0;0;0;0;0;0;0;0
Temmuz 2026;Yerli;Türkçe;Görüntülenme / Mesaj;Diğer / Sınıflandırılacak;Doruk Tibbi Bilgiler;TRY;"Instagram gönderisi: ""Every time I looked in the...";​52540600146224;PAUSED;"Instagram gönderisi: ""Every time I looked in the...";​52540600150824;CAMPAIGN_PAUSED;VISIT_INSTAGRAM_PROFILE;1000;0;0;0;0;0;0;0;0;0;0;0;0
Ağustos 2026;Yerli;Türkçe;Görüntülenme / Mesaj;Diğer / Sınıflandırılacak;Doruk Tibbi Bilgiler;TRY;"Instagram gönderisi: ""Every time I looked in the...";​52540600146224;PAUSED;"Instagram gönderisi: ""Every time I looked in the...";​52540600150824;CAMPAIGN_PAUSED;VISIT_INSTAGRAM_PROFILE;1000;0;0;0;0;0;0;0;0;0;0;0;0
Temmuz 2026;Yerli;Türkçe;Görüntülenme / Mesaj;Diğer / Sınıflandırılacak;Doruk Tibbi Bilgiler;TRY;"Instagram gönderisi: ""My nose didn’t feel like it...";​52540610324024;PAUSED;"Instagram gönderisi: ""My nose didn’t feel like it...";​52540610326624;CAMPAIGN_PAUSED;VISIT_INSTAGRAM_PROFILE;600;0;0;0;0;0;0;0;0;0;0;0;0
Ağustos 2026;Yerli;Türkçe;Görüntülenme / Mesaj;Diğer / Sınıflandırılacak;Doruk Tibbi Bilgiler;TRY;"Instagram gönderisi: ""My nose didn’t feel like it...";​52540610324024;PAUSED;"Instagram gönderisi: ""My nose didn’t feel like it...";​52540610326624;CAMPAIGN_PAUSED;VISIT_INSTAGRAM_PROFILE;600;0;0;0;0;0;0;0;0;0;0;0;0
Temmuz 2026;Yerli;Türkçe;Görüntülenme / Mesaj;Diğer / Sınıflandırılacak;Doruk Tibbi Bilgiler;TRY;"Instagram gönderisi: ""My nose didn’t feel like it...";​52540610300224;PAUSED;"Instagram gönderisi: ""My nose didn’t feel like it...";​52540610306824;CAMPAIGN_PAUSED;VISIT_INSTAGRAM_PROFILE;200;0;0;0;0;0;0;0;0;0;0;0;0
Ağustos 2026;Yerli;Türkçe;Görüntülenme / Mesaj;Diğer / Sınıflandırılacak;Doruk Tibbi Bilgiler;TRY;"Instagram gönderisi: ""My nose didn’t feel like it...";​52540610300224;PAUSED;"Instagram gönderisi: ""My nose didn’t feel like it...";​52540610306824;CAMPAIGN_PAUSED;VISIT_INSTAGRAM_PROFILE;200;0;0;0;0;0;0;0;0;0;0;0;0
Temmuz 2026;Yerli;Türkçe;Görüntülenme / Mesaj;Diğer / Sınıflandırılacak;Doruk Tibbi Bilgiler;TRY;"Instagram gönderisi: ""My nose didn’t feel like it...";​52540610238224;PAUSED;"Instagram gönderisi: ""My nose didn’t feel like it...";​52540610244224;CAMPAIGN_PAUSED;VISIT_INSTAGRAM_PROFILE;400;0;0;0;0;0;0;0;0;0;0;0;0
Ağustos 2026;Yerli;Türkçe;Görüntülenme / Mesaj;Diğer / Sınıflandırılacak;Doruk Tibbi Bilgiler;TRY;"Instagram gönderisi: ""My nose didn’t feel like it...";​52540610238224;PAUSED;"Instagram gönderisi: ""My nose didn’t feel like it...";​52540610244224;CAMPAIGN_PAUSED;VISIT_INSTAGRAM_PROFILE;400;0;0;0;0;0;0;0;0;0;0;0;0
Temmuz 2026;Yerli;Türkçe;Görüntülenme / Mesaj;Diğer / Sınıflandırılacak;Doruk Tibbi Bilgiler;TRY;"Instagram gönderisi: ""My nose didn’t feel like it...";​52540610085824;PAUSED;"Instagram gönderisi: ""My nose didn’t feel like it...";​52540610089424;CAMPAIGN_PAUSED;VISIT_INSTAGRAM_PROFILE;600;0;0;0;0;0;0;0;0;0;0;0;0
Ağustos 2026;Yerli;Türkçe;Görüntülenme / Mesaj;Diğer / Sınıflandırılacak;Doruk Tibbi Bilgiler;TRY;"Instagram gönderisi: ""My nose didn’t feel like it...";​52540610085824;PAUSED;"Instagram gönderisi: ""My nose didn’t feel like it...";​52540610089424;CAMPAIGN_PAUSED;VISIT_INSTAGRAM_PROFILE;600;0;0;0;0;0;0;0;0;0;0;0;0
Temmuz 2026;Yerli;Türkçe;Görüntülenme / Mesaj;Diğer / Sınıflandırılacak;Doruk Tibbi Bilgiler;TRY;"Instagram gönderisi: ""My nose didn’t feel like it...";​52540610051824;PAUSED;"Instagram gönderisi: ""My nose didn’t feel like it...";​52540610055824;CAMPAIGN_PAUSED;VISIT_INSTAGRAM_PROFILE;600;0;0;0;0;0;0;0;0;0;0;0;0
Ağustos 2026;Yerli;Türkçe;Görüntülenme / Mesaj;Diğer / Sınıflandırılacak;Doruk Tibbi Bilgiler;TRY;"Instagram gönderisi: ""My nose didn’t feel like it...";​52540610051824;PAUSED;"Instagram gönderisi: ""My nose didn’t feel like it...";​52540610055824;CAMPAIGN_PAUSED;VISIT_INSTAGRAM_PROFILE;600;0;0;0;0;0;0;0;0;0;0;0;0
Temmuz 2026;Yerli;Türkçe;Görüntülenme / Mesaj;Diğer / Sınıflandırılacak;Doruk Tibbi Bilgiler;TRY;"Instagram gönderisi: ""My nose didn’t feel like it...";​52540610013624;PAUSED;"Instagram gönderisi: ""My nose didn’t feel like it...";​52540610016424;CAMPAIGN_PAUSED;VISIT_INSTAGRAM_PROFILE;600;0;0;0;0;0;0;0;0;0;0;0;0
Ağustos 2026;Yerli;Türkçe;Görüntülenme / Mesaj;Diğer / Sınıflandırılacak;Doruk Tibbi Bilgiler;TRY;"Instagram gönderisi: ""My nose didn’t feel like it...";​52540610013624;PAUSED;"Instagram gönderisi: ""My nose didn’t feel like it...";​52540610016424;CAMPAIGN_PAUSED;VISIT_INSTAGRAM_PROFILE;600;0;0;0;0;0;0;0;0;0;0;0;0
Temmuz 2026;Yerli;Türkçe;Görüntülenme / Mesaj;Diğer / Sınıflandırılacak;Doruk Tibbi Bilgiler;TRY;"Instagram gönderisi: ""My nose didn’t feel like it...";​52540609773024;PAUSED;"Instagram gönderisi: ""My nose didn’t feel like it...";​52540609775824;CAMPAIGN_PAUSED;VISIT_INSTAGRAM_PROFILE;500;0;0;0;0;0;0;0;0;0;0;0;0
Ağustos 2026;Yerli;Türkçe;Görüntülenme / Mesaj;Diğer / Sınıflandırılacak;Doruk Tibbi Bilgiler;TRY;"Instagram gönderisi: ""My nose didn’t feel like it...";​52540609773024;PAUSED;"Instagram gönderisi: ""My nose didn’t feel like it...";​52540609775824;CAMPAIGN_PAUSED;VISIT_INSTAGRAM_PROFILE;500;0;0;0;0;0;0;0;0;0;0;0;0
Temmuz 2026;Yerli;Türkçe;Görüntülenme / Mesaj;Diğer / Sınıflandırılacak;Doruk Tibbi Bilgiler;TRY;"Instagram gönderisi: ""My nose didn’t feel like it...";​52540609747424;PAUSED;"Instagram gönderisi: ""My nose didn’t feel like it...";​52540609750624;CAMPAIGN_PAUSED;VISIT_INSTAGRAM_PROFILE;750;0;0;0;0;0;0;0;0;0;0;0;0
Ağustos 2026;Yerli;Türkçe;Görüntülenme / Mesaj;Diğer / Sınıflandırılacak;Doruk Tibbi Bilgiler;TRY;"Instagram gönderisi: ""My nose didn’t feel like it...";​52540609747424;PAUSED;"Instagram gönderisi: ""My nose didn’t feel like it...";​52540609750624;CAMPAIGN_PAUSED;VISIT_INSTAGRAM_PROFILE;750;0;0;0;0;0;0;0;0;0;0;0;0
Temmuz 2026;Yerli;Türkçe;Görüntülenme / Mesaj;Diğer / Sınıflandırılacak;Doruk Tibbi Bilgiler;TRY;"Instagram gönderisi: ""My nose didn’t feel like it...";​52540609719424;PAUSED;"Instagram gönderisi: ""My nose didn’t feel like it...";​52540609721824;CAMPAIGN_PAUSED;VISIT_INSTAGRAM_PROFILE;500;0;0;0;0;0;0;0;0;0;0;0;0
Ağustos 2026;Yerli;Türkçe;Görüntülenme / Mesaj;Diğer / Sınıflandırılacak;Doruk Tibbi Bilgiler;TRY;"Instagram gönderisi: ""My nose didn’t feel like it...";​52540609719424;PAUSED;"Instagram gönderisi: ""My nose didn’t feel like it...";​52540609721824;CAMPAIGN_PAUSED;VISIT_INSTAGRAM_PROFILE;500;0;0;0;0;0;0;0;0;0;0;0;0
Temmuz 2026;Yerli;Türkçe;Görüntülenme / Mesaj;Diğer / Sınıflandırılacak;Doruk Tibbi Bilgiler;TRY;"Instagram gönderisi: ""My nose didn’t feel like it...";​52540609691024;PAUSED;"Instagram gönderisi: ""My nose didn’t feel like it...";​52540609693824;CAMPAIGN_PAUSED;VISIT_INSTAGRAM_PROFILE;250;0;0;0;0;0;0;0;0;0;0;0;0
Ağustos 2026;Yerli;Türkçe;Görüntülenme / Mesaj;Diğer / Sınıflandırılacak;Doruk Tibbi Bilgiler;TRY;"Instagram gönderisi: ""My nose didn’t feel like it...";​52540609691024;PAUSED;"Instagram gönderisi: ""My nose didn’t feel like it...";​52540609693824;CAMPAIGN_PAUSED;VISIT_INSTAGRAM_PROFILE;250;0;0;0;0;0;0;0;0;0;0;0;0
Temmuz 2026;Yerli;Türkçe;Görüntülenme / Mesaj;Diğer / Sınıflandırılacak;Doruk Tibbi Bilgiler;TRY;"Instagram gönderisi: ""My nose didn’t feel like it...";​52540609658824;PAUSED;"Instagram gönderisi: ""My nose didn’t feel like it...";​52540609661224;CAMPAIGN_PAUSED;VISIT_INSTAGRAM_PROFILE;500;0;0;0;0;0;0;0;0;0;0;0;0
Ağustos 2026;Yerli;Türkçe;Görüntülenme / Mesaj;Diğer / Sınıflandırılacak;Doruk Tibbi Bilgiler;TRY;"Instagram gönderisi: ""My nose didn’t feel like it...";​52540609658824;PAUSED;"Instagram gönderisi: ""My nose didn’t feel like it...";​52540609661224;CAMPAIGN_PAUSED;VISIT_INSTAGRAM_PROFILE;500;0;0;0;0;0;0;0;0;0;0;0;0
Temmuz 2026;Yerli;Türkçe;Görüntülenme / Mesaj;Diğer / Sınıflandırılacak;Doruk Tibbi Bilgiler;TRY;"Instagram gönderisi: ""My nose didn’t feel like it...";​52540609578024;PAUSED;"Instagram gönderisi: ""My nose didn’t feel like it...";​52540609580824;CAMPAIGN_PAUSED;VISIT_INSTAGRAM_PROFILE;250;0;0;0;0;0;0;0;0;0;0;0;0
Ağustos 2026;Yerli;Türkçe;Görüntülenme / Mesaj;Diğer / Sınıflandırılacak;Doruk Tibbi Bilgiler;TRY;"Instagram gönderisi: ""My nose didn’t feel like it...";​52540609578024;PAUSED;"Instagram gönderisi: ""My nose didn’t feel like it...";​52540609580824;CAMPAIGN_PAUSED;VISIT_INSTAGRAM_PROFILE;250;0;0;0;0;0;0;0;0;0;0;0;0
Temmuz 2026;Yerli;Türkçe;Görüntülenme / Mesaj;Diğer / Sınıflandırılacak;Doruk Tibbi Bilgiler;TRY;"Instagram gönderisi: ""My nose didn’t feel like it...";​52540609545824;PAUSED;"Instagram gönderisi: ""My nose didn’t feel like it...";​52540609549024;CAMPAIGN_PAUSED;VISIT_INSTAGRAM_PROFILE;500;0;0;0;0;0;0;0;0;0;0;0;0
Ağustos 2026;Yerli;Türkçe;Görüntülenme / Mesaj;Diğer / Sınıflandırılacak;Doruk Tibbi Bilgiler;TRY;"Instagram gönderisi: ""My nose didn’t feel like it...";​52540609545824;PAUSED;"Instagram gönderisi: ""My nose didn’t feel like it...";​52540609549024;CAMPAIGN_PAUSED;VISIT_INSTAGRAM_PROFILE;500;0;0;0;0;0;0;0;0;0;0;0;0
Temmuz 2026;Yerli;Türkçe;Görüntülenme / Mesaj;Diğer / Sınıflandırılacak;Doruk Tibbi Bilgiler;TRY;"Instagram gönderisi: ""My nose didn’t feel like it...";​52540609496224;PAUSED;"Instagram gönderisi: ""My nose didn’t feel like it...";​52540609510624;CAMPAIGN_PAUSED;VISIT_INSTAGRAM_PROFILE;1000;0;0;0;0;0;0;0;0;0;0;0;0
Ağustos 2026;Yerli;Türkçe;Görüntülenme / Mesaj;Diğer / Sınıflandırılacak;Doruk Tibbi Bilgiler;TRY;"Instagram gönderisi: ""My nose didn’t feel like it...";​52540609496224;PAUSED;"Instagram gönderisi: ""My nose didn’t feel like it...";​52540609510624;CAMPAIGN_PAUSED;VISIT_INSTAGRAM_PROFILE;1000;0;0;0;0;0;0;0;0;0;0;0;0
Temmuz 2026;Yerli;Türkçe;Görüntülenme / Mesaj;Diğer / Sınıflandırılacak;Doruk Hastaneleri - SİNA ÖZEL Sağlık Hizmetleri A.ş;TRY;Instagram gönderisi: 🎗️ Kemoterapi Alan Her...;​120255739290470399;ACTIVE;Instagram gönderisi: 🎗️ Kemoterapi Alan Her...;​120255739290740399;ACTIVE;VISIT_INSTAGRAM_PROFILE;1000;0;0;0;4861.85;65021;51307;1470;0;0;0;7;20669
Ağustos 2026;Yerli;Türkçe;Görüntülenme / Mesaj;Diğer / Sınıflandırılacak;Doruk Hastaneleri - SİNA ÖZEL Sağlık Hizmetleri A.ş;TRY;Instagram gönderisi: 🎗️ Kemoterapi Alan Her...;​120255739290470399;ACTIVE;Instagram gönderisi: 🎗️ Kemoterapi Alan Her...;​120255739290740399;ACTIVE;VISIT_INSTAGRAM_PROFILE;1000;0;0;0;0;0;0;0;0;0;0;0;0
Temmuz 2026;Yerli;Türkçe;Görüntülenme / Mesaj;Diğer / Sınıflandırılacak;Doruk Hastaneleri - SİNA ÖZEL Sağlık Hizmetleri A.ş;TRY;"Instagram gönderisi: 🏅 BURSA'DA BİR İLK

Özel...";​120255738303970399;ACTIVE;"Instagram gönderisi: 🏅 BURSA'DA BİR İLK

Özel...";​120255738304110399;ACTIVE;VISIT_INSTAGRAM_PROFILE;1000;0;0;0;5950.62;74827;57785;1859;0;0;0;1;34374
Ağustos 2026;Yerli;Türkçe;Görüntülenme / Mesaj;Diğer / Sınıflandırılacak;Doruk Hastaneleri - SİNA ÖZEL Sağlık Hizmetleri A.ş;TRY;"Instagram gönderisi: 🏅 BURSA'DA BİR İLK

Özel...";​120255738303970399;ACTIVE;"Instagram gönderisi: 🏅 BURSA'DA BİR İLK

Özel...";​120255738304110399;ACTIVE;VISIT_INSTAGRAM_PROFILE;1000;0;0;0;4410.15;76550;63299;1337;0;0;0;0;30612
Temmuz 2026;Yerli;Türkçe;Görüntülenme / Mesaj;Diğer / Sınıflandırılacak;Doruk Hastaneleri - SİNA ÖZEL Sağlık Hizmetleri A.ş;TRY;Instagram gönderisi: 🖐️ Parmak Ucu Defekti Nasıl...;​120255739194330399;ACTIVE;Instagram gönderisi: 🖐️ Parmak Ucu Defekti Nasıl...;​120255739195110399;ACTIVE;VISIT_INSTAGRAM_PROFILE;1000;0;0;0;5857.14;70669;53590;1981;0;0;0;0;24294
Ağustos 2026;Yerli;Türkçe;Görüntülenme / Mesaj;Diğer / Sınıflandırılacak;Doruk Hastaneleri - SİNA ÖZEL Sağlık Hizmetleri A.ş;TRY;Instagram gönderisi: 🖐️ Parmak Ucu Defekti Nasıl...;​120255739194330399;ACTIVE;Instagram gönderisi: 🖐️ Parmak Ucu Defekti Nasıl...;​120255739195110399;ACTIVE;VISIT_INSTAGRAM_PROFILE;1000;0;0;0;3895.68;57492;49035;1241;0;0;0;1;20919
Temmuz 2026;Yerli;Türkçe;Görüntülenme / Mesaj;Diğer / Sınıflandırılacak;Doruk Hastaneleri - SİNA ÖZEL Sağlık Hizmetleri A.ş;TRY;Instagram gönderisi: 🦴 Bel Fıtığında Doğru Zaman...;​120255739485660399;ACTIVE;Instagram gönderisi: 🦴 Bel Fıtığında Doğru Zaman...;​120255739486480399;ACTIVE;VISIT_INSTAGRAM_PROFILE;1000;0;0;0;4602.73;82304;62131;1429;0;0;0;4;21243
Ağustos 2026;Yerli;Türkçe;Görüntülenme / Mesaj;Diğer / Sınıflandırılacak;Doruk Hastaneleri - SİNA ÖZEL Sağlık Hizmetleri A.ş;TRY;Instagram gönderisi: 🦴 Bel Fıtığında Doğru Zaman...;​120255739485660399;ACTIVE;Instagram gönderisi: 🦴 Bel Fıtığında Doğru Zaman...;​120255739486480399;ACTIVE;VISIT_INSTAGRAM_PROFILE;1000;0;0;0;0;0;0;0;0;0;0;0;0
Temmuz 2026;Yerli;Türkçe;Görüntülenme / Mesaj;Diğer / Sınıflandırılacak;Doruk Hastaneleri - SİNA ÖZEL Sağlık Hizmetleri A.ş;TRY;Instagram gönderisi: 🦴 Omurga Kırıklarında Asıl...;​120255739460510399;ACTIVE;Instagram gönderisi: 🦴 Omurga Kırıklarında Asıl...;​120255739460790399;ACTIVE;VISIT_INSTAGRAM_PROFILE;1000;0;0;0;4690.69;73544;59754;975;0;0;0;6;20700
Ağustos 2026;Yerli;Türkçe;Görüntülenme / Mesaj;Diğer / Sınıflandırılacak;Doruk Hastaneleri - SİNA ÖZEL Sağlık Hizmetleri A.ş;TRY;Instagram gönderisi: 🦴 Omurga Kırıklarında Asıl...;​120255739460510399;ACTIVE;Instagram gönderisi: 🦴 Omurga Kırıklarında Asıl...;​120255739460790399;ACTIVE;VISIT_INSTAGRAM_PROFILE;1000;0;0;0;0;0;0;0;0;0;0;0;0
Temmuz 2026;Yerli;Türkçe;Görüntülenme / Mesaj;Diğer / Sınıflandırılacak;Doruk Hastaneleri - SİNA ÖZEL Sağlık Hizmetleri A.ş;TRY;Instagram gönderisi: Ablasyon tedavisi, vücutta...;​120255738376560399;ACTIVE;Instagram gönderisi: Ablasyon tedavisi, vücutta...;​120255738376950399;ACTIVE;VISIT_INSTAGRAM_PROFILE;1000;0;0;0;4881.75;39529;31076;666;0;0;0;0;11781
Ağustos 2026;Yerli;Türkçe;Görüntülenme / Mesaj;Diğer / Sınıflandırılacak;Doruk Hastaneleri - SİNA ÖZEL Sağlık Hizmetleri A.ş;TRY;Instagram gönderisi: Ablasyon tedavisi, vücutta...;​120255738376560399;ACTIVE;Instagram gönderisi: Ablasyon tedavisi, vücutta...;​120255738376950399;ACTIVE;VISIT_INSTAGRAM_PROFILE;1000;0;0;0;0;0;0;0;0;0;0;0;0
Temmuz 2026;Yerli;Türkçe;Görüntülenme / Mesaj;Diğer / Sınıflandırılacak;Doruk Hastaneleri - SİNA ÖZEL Sağlık Hizmetleri A.ş;TRY;Instagram gönderisi: Bir sezon boyunca ortaya...;​120249614228610399;ACTIVE;Instagram gönderisi: Bir sezon boyunca ortaya...;​120249614229100399;ACTIVE;VISIT_INSTAGRAM_PROFILE;0;0;4000;0;89061.13;1548600;590493;19030;0;0;0;2;338000
Ağustos 2026;Yerli;Türkçe;Görüntülenme / Mesaj;Diğer / Sınıflandırılacak;Doruk Hastaneleri - SİNA ÖZEL Sağlık Hizmetleri A.ş;TRY;Instagram gönderisi: Bir sezon boyunca ortaya...;​120249614228610399;ACTIVE;Instagram gönderisi: Bir sezon boyunca ortaya...;​120249614229100399;ACTIVE;VISIT_INSTAGRAM_PROFILE;0;0;4000;0;19306.66;354564;255858;4315;0;0;0;1;74332
Temmuz 2026;Yerli;Türkçe;Görüntülenme / Mesaj;Diğer / Sınıflandırılacak;Doruk Hastaneleri - SİNA ÖZEL Sağlık Hizmetleri A.ş;TRY;Instagram gönderisi: Doruk Sağlık Grubu olarak,...;​120255099624540399;ACTIVE;Instagram gönderisi: Doruk Sağlık Grubu olarak,...;​120255099624880399;ACTIVE;VISIT_INSTAGRAM_PROFILE;3000;0;0;0;66937.6;1006398;596895;15513;0;0;0;0;261431
Ağustos 2026;Yerli;Türkçe;Görüntülenme / Mesaj;Diğer / Sınıflandırılacak;Doruk Hastaneleri - SİNA ÖZEL Sağlık Hizmetleri A.ş;TRY;Instagram gönderisi: Doruk Sağlık Grubu olarak,...;​120255099624540399;ACTIVE;Instagram gönderisi: Doruk Sağlık Grubu olarak,...;​120255099624880399;ACTIVE;VISIT_INSTAGRAM_PROFILE;3000;0;0;0;0;0;0;0;0;0;0;0;0
Temmuz 2026;Yerli;Türkçe;Görüntülenme / Mesaj;Diğer / Sınıflandırılacak;Doruk Tibbi Bilgiler;TRY;Instagram gönderisi: Enhance Your Beauty and...;​52540117099024;PAUSED;Instagram gönderisi: Enhance Your Beauty and...;​52540117116024;CAMPAIGN_PAUSED;VISIT_INSTAGRAM_PROFILE;500;0;0;0;0;0;0;0;0;0;0;0;0
Ağustos 2026;Yerli;Türkçe;Görüntülenme / Mesaj;Diğer / Sınıflandırılacak;Doruk Tibbi Bilgiler;TRY;Instagram gönderisi: Enhance Your Beauty and...;​52540117099024;PAUSED;Instagram gönderisi: Enhance Your Beauty and...;​52540117116024;CAMPAIGN_PAUSED;VISIT_INSTAGRAM_PROFILE;500;0;0;0;0;0;0;0;0;0;0;0;0
Temmuz 2026;Yerli;Türkçe;Görüntülenme / Mesaj;Diğer / Sınıflandırılacak;Doruk Tibbi Bilgiler;TRY;Instagram gönderisi: Enhance Your Beauty and...;​52539154952224;PAUSED;Instagram gönderisi: Enhance Your Beauty and...;​52539154958024;CAMPAIGN_PAUSED;VISIT_INSTAGRAM_PROFILE;500;0;0;0;0;0;0;0;0;0;0;0;0
Ağustos 2026;Yerli;Türkçe;Görüntülenme / Mesaj;Diğer / Sınıflandırılacak;Doruk Tibbi Bilgiler;TRY;Instagram gönderisi: Enhance Your Beauty and...;​52539154952224;PAUSED;Instagram gönderisi: Enhance Your Beauty and...;​52539154958024;CAMPAIGN_PAUSED;VISIT_INSTAGRAM_PROFILE;500;0;0;0;0;0;0;0;0;0;0;0;0
Temmuz 2026;Yerli;Türkçe;Görüntülenme / Mesaj;Diğer / Sınıflandırılacak;Doruk Hastaneleri - SİNA ÖZEL Sağlık Hizmetleri A.ş;TRY;Instagram gönderisi: İlişki sonrasında idrar...;​120255738351260399;ACTIVE;Instagram gönderisi: İlişki sonrasında idrar...;​120255738351550399;ACTIVE;VISIT_INSTAGRAM_PROFILE;1000;0;0;0;4710.19;48385;38385;906;0;0;0;1;16097
Ağustos 2026;Yerli;Türkçe;Görüntülenme / Mesaj;Diğer / Sınıflandırılacak;Doruk Hastaneleri - SİNA ÖZEL Sağlık Hizmetleri A.ş;TRY;Instagram gönderisi: İlişki sonrasında idrar...;​120255738351260399;ACTIVE;Instagram gönderisi: İlişki sonrasında idrar...;​120255738351550399;ACTIVE;VISIT_INSTAGRAM_PROFILE;1000;0;0;0;0;0;0;0;0;0;0;0;0
Temmuz 2026;Yerli;Türkçe;Görüntülenme / Mesaj;Diğer / Sınıflandırılacak;Doruk Tibbi Bilgiler;TRY;Instagram gönderisi: Medical precision....;​52539164640024;PAUSED;Instagram gönderisi: Medical precision....;​52539164647424;CAMPAIGN_PAUSED;VISIT_INSTAGRAM_PROFILE;500;0;0;0;0;0;0;0;0;0;0;0;0
Ağustos 2026;Yerli;Türkçe;Görüntülenme / Mesaj;Diğer / Sınıflandırılacak;Doruk Tibbi Bilgiler;TRY;Instagram gönderisi: Medical precision....;​52539164640024;PAUSED;Instagram gönderisi: Medical precision....;​52539164647424;CAMPAIGN_PAUSED;VISIT_INSTAGRAM_PROFILE;500;0;0;0;0;0;0;0;0;0;0;0;0
Temmuz 2026;Yerli;Türkçe;Görüntülenme / Mesaj;Diğer / Sınıflandırılacak;Doruk Tibbi Bilgiler;TRY;Instagram gönderisi: Rhinoplasty aims to achieve...;​52542847377024;PAUSED;Instagram gönderisi: Rhinoplasty aims to achieve...;​52542847384224;CAMPAIGN_PAUSED;VISIT_INSTAGRAM_PROFILE;2500;0;0;0;0;0;0;0;0;0;0;0;0
Ağustos 2026;Yerli;Türkçe;Görüntülenme / Mesaj;Diğer / Sınıflandırılacak;Doruk Tibbi Bilgiler;TRY;Instagram gönderisi: Rhinoplasty aims to achieve...;​52542847377024;PAUSED;Instagram gönderisi: Rhinoplasty aims to achieve...;​52542847384224;CAMPAIGN_PAUSED;VISIT_INSTAGRAM_PROFILE;2500;0;0;0;0;0;0;0;0;0;0;0;0
Temmuz 2026;Yerli;Türkçe;Görüntülenme / Mesaj;Diğer / Sınıflandırılacak;Doruk Tibbi Bilgiler;TRY;Instagram gönderisi: Rhinoplasty in Türkiye...;​52539164441624;PAUSED;Instagram gönderisi: Rhinoplasty in Türkiye...;​52539164454224;CAMPAIGN_PAUSED;VISIT_INSTAGRAM_PROFILE;500;0;0;0;0;0;0;0;0;0;0;0;0
Ağustos 2026;Yerli;Türkçe;Görüntülenme / Mesaj;Diğer / Sınıflandırılacak;Doruk Tibbi Bilgiler;TRY;Instagram gönderisi: Rhinoplasty in Türkiye...;​52539164441624;PAUSED;Instagram gönderisi: Rhinoplasty in Türkiye...;​52539164454224;CAMPAIGN_PAUSED;VISIT_INSTAGRAM_PROFILE;500;0;0;0;0;0;0;0;0;0;0;0;0
Temmuz 2026;Yerli;Türkçe;Görüntülenme / Mesaj;Diğer / Sınıflandırılacak;Doruk Tibbi Bilgiler;TRY;Instagram gönderisi: Rhinoplasty Q&A with Dr....;​52539162833824;PAUSED;Instagram gönderisi: Rhinoplasty Q&A with Dr....;​52539162836624;CAMPAIGN_PAUSED;VISIT_INSTAGRAM_PROFILE;1000;0;0;0;0;0;0;0;0;0;0;0;0
Ağustos 2026;Yerli;Türkçe;Görüntülenme / Mesaj;Diğer / Sınıflandırılacak;Doruk Tibbi Bilgiler;TRY;Instagram gönderisi: Rhinoplasty Q&A with Dr....;​52539162833824;PAUSED;Instagram gönderisi: Rhinoplasty Q&A with Dr....;​52539162836624;CAMPAIGN_PAUSED;VISIT_INSTAGRAM_PROFILE;1000;0;0;0;0;0;0;0;0;0;0;0;0
Temmuz 2026;Yerli;Türkçe;Görüntülenme / Mesaj;Diğer / Sınıflandırılacak;Doruk Tibbi Bilgiler;TRY;Instagram gönderisi: Thousands choose Türkiye for...;​52539164522824;PAUSED;Instagram gönderisi: Thousands choose Türkiye for...;​52539164526024;CAMPAIGN_PAUSED;VISIT_INSTAGRAM_PROFILE;500;0;0;0;0;0;0;0;0;0;0;0;0
Ağustos 2026;Yerli;Türkçe;Görüntülenme / Mesaj;Diğer / Sınıflandırılacak;Doruk Tibbi Bilgiler;TRY;Instagram gönderisi: Thousands choose Türkiye for...;​52539164522824;PAUSED;Instagram gönderisi: Thousands choose Türkiye for...;​52539164526024;CAMPAIGN_PAUSED;VISIT_INSTAGRAM_PROFILE;500;0;0;0;0;0;0;0;0;0;0;0;0
Temmuz 2026;Yerli;Türkçe;Görüntülenme / Mesaj;Diğer / Sınıflandırılacak;Doruk Tibbi Bilgiler;TRY;Instagram gönderisi: True rhinoplasty balances...;​52542428196224;PAUSED;Instagram gönderisi: True rhinoplasty balances...;​52542428203224;CAMPAIGN_PAUSED;VISIT_INSTAGRAM_PROFILE;1000;0;0;0;0;0;0;0;0;0;0;0;0
Ağustos 2026;Yerli;Türkçe;Görüntülenme / Mesaj;Diğer / Sınıflandırılacak;Doruk Tibbi Bilgiler;TRY;Instagram gönderisi: True rhinoplasty balances...;​52542428196224;PAUSED;Instagram gönderisi: True rhinoplasty balances...;​52542428203224;CAMPAIGN_PAUSED;VISIT_INSTAGRAM_PROFILE;1000;0;0;0;0;0;0;0;0;0;0;0;0
Temmuz 2026;Yerli;Türkçe;Görüntülenme / Mesaj;Diğer / Sınıflandırılacak;Doruk Tibbi Bilgiler;TRY;Instagram gönderisi: True rhinoplasty balances...;​52542427892224;PAUSED;Instagram gönderisi: True rhinoplasty balances...;​52542427906424;CAMPAIGN_PAUSED;VISIT_INSTAGRAM_PROFILE;1000;0;0;0;0;0;0;0;0;0;0;0;0
Ağustos 2026;Yerli;Türkçe;Görüntülenme / Mesaj;Diğer / Sınıflandırılacak;Doruk Tibbi Bilgiler;TRY;Instagram gönderisi: True rhinoplasty balances...;​52542427892224;PAUSED;Instagram gönderisi: True rhinoplasty balances...;​52542427906424;CAMPAIGN_PAUSED;VISIT_INSTAGRAM_PROFILE;1000;0;0;0;0;0;0;0;0;0;0;0;0
Temmuz 2026;Yerli;Türkçe;Görüntülenme / Mesaj;Diğer / Sınıflandırılacak;Doruk Tibbi Bilgiler;TRY;Instagram gönderisi: True rhinoplasty balances...;​52542424976624;PAUSED;Instagram gönderisi: True rhinoplasty balances...;​52542424979224;CAMPAIGN_PAUSED;VISIT_INSTAGRAM_PROFILE;500;0;0;0;0;0;0;0;0;0;0;0;0
Ağustos 2026;Yerli;Türkçe;Görüntülenme / Mesaj;Diğer / Sınıflandırılacak;Doruk Tibbi Bilgiler;TRY;Instagram gönderisi: True rhinoplasty balances...;​52542424976624;PAUSED;Instagram gönderisi: True rhinoplasty balances...;​52542424979224;CAMPAIGN_PAUSED;VISIT_INSTAGRAM_PROFILE;500;0;0;0;0;0;0;0;0;0;0;0;0
Temmuz 2026;Yerli;Türkçe;Görüntülenme / Mesaj;Diğer / Sınıflandırılacak;Doruk Tibbi Bilgiler;TRY;Instagram gönderisi: True rhinoplasty balances...;​52542424143424;PAUSED;Instagram gönderisi: True rhinoplasty balances...;​52542424148424;CAMPAIGN_PAUSED;VISIT_INSTAGRAM_PROFILE;500;0;0;0;0;0;0;0;0;0;0;0;0
Ağustos 2026;Yerli;Türkçe;Görüntülenme / Mesaj;Diğer / Sınıflandırılacak;Doruk Tibbi Bilgiler;TRY;Instagram gönderisi: True rhinoplasty balances...;​52542424143424;PAUSED;Instagram gönderisi: True rhinoplasty balances...;​52542424148424;CAMPAIGN_PAUSED;VISIT_INSTAGRAM_PROFILE;500;0;0;0;0;0;0;0;0;0;0;0;0
Temmuz 2026;Yerli;Türkçe;Görüntülenme / Mesaj;Diğer / Sınıflandırılacak;Doruk Tibbi Bilgiler;TRY;Instagram gönderisi: True rhinoplasty balances...;​52542423175824;PAUSED;Instagram gönderisi: True rhinoplasty balances...;​52542423185424;CAMPAIGN_PAUSED;VISIT_INSTAGRAM_PROFILE;800;0;0;0;0;0;0;0;0;0;0;0;0
Ağustos 2026;Yerli;Türkçe;Görüntülenme / Mesaj;Diğer / Sınıflandırılacak;Doruk Tibbi Bilgiler;TRY;Instagram gönderisi: True rhinoplasty balances...;​52542423175824;PAUSED;Instagram gönderisi: True rhinoplasty balances...;​52542423185424;CAMPAIGN_PAUSED;VISIT_INSTAGRAM_PROFILE;800;0;0;0;0;0;0;0;0;0;0;0;0
Temmuz 2026;Yerli;Türkçe;Görüntülenme / Mesaj;Diğer / Sınıflandırılacak;Doruk Tibbi Bilgiler;TRY;Instagram gönderisi: Your nose. Your face. Your...;​52539164744224;PAUSED;Instagram gönderisi: Your nose. Your face. Your...;​52539164746424;CAMPAIGN_PAUSED;VISIT_INSTAGRAM_PROFILE;500;0;0;0;0;0;0;0;0;0;0;0;0
Ağustos 2026;Yerli;Türkçe;Görüntülenme / Mesaj;Diğer / Sınıflandırılacak;Doruk Tibbi Bilgiler;TRY;Instagram gönderisi: Your nose. Your face. Your...;​52539164744224;PAUSED;Instagram gönderisi: Your nose. Your face. Your...;​52539164746424;CAMPAIGN_PAUSED;VISIT_INSTAGRAM_PROFILE;500;0;0;0;0;0;0;0;0;0;0;0;0
Temmuz 2026;Yerli;Türkçe;Görüntülenme / Mesaj;Doğum Kampanyası;Doruk Hastaneleri - SİNA ÖZEL Sağlık Hizmetleri A.ş;TRY;Instagram gönderisi: •Gebelikte Tarama Testleri |...;​120255739368940399;PAUSED;Instagram gönderisi: •Gebelikte Tarama Testleri |...;​120255739369440399;CAMPAIGN_PAUSED;VISIT_INSTAGRAM_PROFILE;1000;0;0;0;2378.12;33696;23431;1056;0;0;0;1;8109
Ağustos 2026;Yerli;Türkçe;Görüntülenme / Mesaj;Doğum Kampanyası;Doruk Hastaneleri - SİNA ÖZEL Sağlık Hizmetleri A.ş;TRY;Instagram gönderisi: •Gebelikte Tarama Testleri |...;​120255739368940399;PAUSED;Instagram gönderisi: •Gebelikte Tarama Testleri |...;​120255739369440399;CAMPAIGN_PAUSED;VISIT_INSTAGRAM_PROFILE;1000;0;0;0;0;0;0;0;0;0;0;0;0
Temmuz 2026;Yerli;Türkçe;Görüntülenme / Mesaj;Doğum Kampanyası;Doruk Hastaneleri - SİNA ÖZEL Sağlık Hizmetleri A.ş;TRY;Instagram gönderisi: ✅Gebelikte uyku pozisyonu...;​120255739424180399;PAUSED;Instagram gönderisi: ✅Gebelikte uyku pozisyonu...;​120255739424480399;CAMPAIGN_PAUSED;VISIT_INSTAGRAM_PROFILE;1000;0;0;0;2585.86;56445;42453;1964;0;0;0;2;16283
Ağustos 2026;Yerli;Türkçe;Görüntülenme / Mesaj;Doğum Kampanyası;Doruk Hastaneleri - SİNA ÖZEL Sağlık Hizmetleri A.ş;TRY;Instagram gönderisi: ✅Gebelikte uyku pozisyonu...;​120255739424180399;PAUSED;Instagram gönderisi: ✅Gebelikte uyku pozisyonu...;​120255739424480399;CAMPAIGN_PAUSED;VISIT_INSTAGRAM_PROFILE;1000;0;0;0;0;0;0;0;0;0;0;0;0
Temmuz 2026;Yerli;Türkçe;Görüntülenme / Mesaj;Doğum Kampanyası;Doruk Hastaneleri - SİNA ÖZEL Sağlık Hizmetleri A.ş;TRY;Instagram gönderisi: Aşılama tedavisi, gebelik...;​120255738261970399;ACTIVE;Instagram gönderisi: Aşılama tedavisi, gebelik...;​120255738262580399;ACTIVE;VISIT_INSTAGRAM_PROFILE;1000;0;0;0;4999.35;71100;60572;773;0;0;0;0;8545
Ağustos 2026;Yerli;Türkçe;Görüntülenme / Mesaj;Doğum Kampanyası;Doruk Hastaneleri - SİNA ÖZEL Sağlık Hizmetleri A.ş;TRY;Instagram gönderisi: Aşılama tedavisi, gebelik...;​120255738261970399;ACTIVE;Instagram gönderisi: Aşılama tedavisi, gebelik...;​120255738262580399;ACTIVE;VISIT_INSTAGRAM_PROFILE;1000;0;0;0;0;0;0;0;0;0;0;0;0
Temmuz 2026;Yerli;Türkçe;Görüntülenme / Mesaj;Doğum Kampanyası;Doruk Hastaneleri - SİNA ÖZEL Sağlık Hizmetleri A.ş;TRY;Instagram gönderisi: Gebelikte bel ağrısı sık...;​120255738326270399;ACTIVE;Instagram gönderisi: Gebelikte bel ağrısı sık...;​120255738326470399;ACTIVE;VISIT_INSTAGRAM_PROFILE;1000;0;0;0;4578.52;73042;58929;930;0;0;0;1;11669
Ağustos 2026;Yerli;Türkçe;Görüntülenme / Mesaj;Doğum Kampanyası;Doruk Hastaneleri - SİNA ÖZEL Sağlık Hizmetleri A.ş;TRY;Instagram gönderisi: Gebelikte bel ağrısı sık...;​120255738326270399;ACTIVE;Instagram gönderisi: Gebelikte bel ağrısı sık...;​120255738326470399;ACTIVE;VISIT_INSTAGRAM_PROFILE;1000;0;0;0;0;0;0;0;0;0;0;0;0
Temmuz 2026;Yerli;Türkçe;Görüntülenme / Mesaj;Medikal Estetik / Plastik Cerrahi;Doruk Tibbi Bilgiler;TRY;Estetik - Rinoplasti - Genel - EN - trafik;​52537544498424;PAUSED;Estetik - Rinoplasti - Amerika - EN - trafik;​52538183601024;CAMPAIGN_PAUSED;PROFILE_VISIT;0;0;1600;0;0;0;0;0;0;0;0;0;0
Ağustos 2026;Yerli;Türkçe;Görüntülenme / Mesaj;Medikal Estetik / Plastik Cerrahi;Doruk Tibbi Bilgiler;TRY;Estetik - Rinoplasti - Genel - EN - trafik;​52537544498424;PAUSED;Estetik - Rinoplasti - Amerika - EN - trafik;​52538183601024;CAMPAIGN_PAUSED;PROFILE_VISIT;0;0;1600;0;0;0;0;0;0;0;0;0;0
Temmuz 2026;Yerli;Türkçe;Görüntülenme / Mesaj;Medikal Estetik / Plastik Cerrahi;Doruk Tibbi Bilgiler;TRY;Estetik - Rinoplasti - Genel - EN - trafik;​52537544498424;PAUSED;Estetik - Rinoplasti - Avustralya - EN - trafik;​52538189186024;CAMPAIGN_PAUSED;PROFILE_VISIT;0;0;1400;0;0;0;0;0;0;0;0;0;0
Ağustos 2026;Yerli;Türkçe;Görüntülenme / Mesaj;Medikal Estetik / Plastik Cerrahi;Doruk Tibbi Bilgiler;TRY;Estetik - Rinoplasti - Genel - EN - trafik;​52537544498424;PAUSED;Estetik - Rinoplasti - Avustralya - EN - trafik;​52538189186024;CAMPAIGN_PAUSED;PROFILE_VISIT;0;0;1400;0;0;0;0;0;0;0;0;0;0
Temmuz 2026;Yerli;Türkçe;Görüntülenme / Mesaj;Medikal Estetik / Plastik Cerrahi;Doruk Tibbi Bilgiler;TRY;Estetik - Rinoplasti - Genel - EN - trafik;​52537544498424;PAUSED;Estetik - Rinoplasti - Birleşik Krallık - EN - trafik;​52538189185824;CAMPAIGN_PAUSED;PROFILE_VISIT;0;0;1600;0;0;0;0;0;0;0;0;0;0
Ağustos 2026;Yerli;Türkçe;Görüntülenme / Mesaj;Medikal Estetik / Plastik Cerrahi;Doruk Tibbi Bilgiler;TRY;Estetik - Rinoplasti - Genel - EN - trafik;​52537544498424;PAUSED;Estetik - Rinoplasti - Birleşik Krallık - EN - trafik;​52538189185824;CAMPAIGN_PAUSED;PROFILE_VISIT;0;0;1600;0;0;0;0;0;0;0;0;0;0
Temmuz 2026;Yerli;Türkçe;Görüntülenme / Mesaj;Medikal Estetik / Plastik Cerrahi;Doruk Tibbi Bilgiler;TRY;Estetik - Rinoplasti - Genel - EN - trafik;​52537544498424;PAUSED;Estetik - Rinoplasti - Kanada - EN - trafik;​52538189185624;CAMPAIGN_PAUSED;PROFILE_VISIT;0;0;1600;0;0;0;0;0;0;0;0;0;0
Ağustos 2026;Yerli;Türkçe;Görüntülenme / Mesaj;Medikal Estetik / Plastik Cerrahi;Doruk Tibbi Bilgiler;TRY;Estetik - Rinoplasti - Genel - EN - trafik;​52537544498424;PAUSED;Estetik - Rinoplasti - Kanada - EN - trafik;​52538189185624;CAMPAIGN_PAUSED;PROFILE_VISIT;0;0;1600;0;0;0;0;0;0;0;0;0;0
Temmuz 2026;Yerli;Türkçe;Görüntülenme / Mesaj;Medikal Estetik / Plastik Cerrahi;Doruk Tibbi Bilgiler;TRY;Estetik - Rinoplasti - Genel - EN - trafik;​52537544498424;PAUSED;Estetik - Rinoplasti - Yeni Zelanda - EN - trafik;​52538189194824;CAMPAIGN_PAUSED;PROFILE_VISIT;0;0;1100;0;0;0;0;0;0;0;0;0;0
Ağustos 2026;Yerli;Türkçe;Görüntülenme / Mesaj;Medikal Estetik / Plastik Cerrahi;Doruk Tibbi Bilgiler;TRY;Estetik - Rinoplasti - Genel - EN - trafik;​52537544498424;PAUSED;Estetik - Rinoplasti - Yeni Zelanda - EN - trafik;​52538189194824;CAMPAIGN_PAUSED;PROFILE_VISIT;0;0;1100;0;0;0;0;0;0;0;0;0;0
Temmuz 2026;Yerli;Türkçe;Görüntülenme / Mesaj;Medikal Estetik / Plastik Cerrahi;Doruk Hastaneleri - SİNA ÖZEL Sağlık Hizmetleri A.ş;TRY;"Gönderi: ""👃 Rinoplasti Ameliyatı Nedir? Yumuşak Doku Neden...""";​120255739080510399;ACTIVE;"Gönderi: ""👃 Rinoplasti Ameliyatı Nedir? Yumuşak Doku Neden...""";​120255739081510399;ACTIVE;PROFILE_AND_PAGE_ENGAGEMENT;1000;0;0;0;5763.11;84104;49005;4008;0;0;0;3;24367
Ağustos 2026;Yerli;Türkçe;Görüntülenme / Mesaj;Medikal Estetik / Plastik Cerrahi;Doruk Hastaneleri - SİNA ÖZEL Sağlık Hizmetleri A.ş;TRY;"Gönderi: ""👃 Rinoplasti Ameliyatı Nedir? Yumuşak Doku Neden...""";​120255739080510399;ACTIVE;"Gönderi: ""👃 Rinoplasti Ameliyatı Nedir? Yumuşak Doku Neden...""";​120255739081510399;ACTIVE;PROFILE_AND_PAGE_ENGAGEMENT;1000;0;0;0;4871.13;83041;60995;2766;0;0;0;2;23505
Temmuz 2026;Yerli;Türkçe;Görüntülenme / Mesaj;Medikal Estetik / Plastik Cerrahi;Doruk Hastaneleri - SİNA ÖZEL Sağlık Hizmetleri A.ş;TRY;Instagram gönderisi: 👃 Rinoplasti Ameliyatı...;​120255739163090399;ACTIVE;Instagram gönderisi: 👃 Rinoplasti Ameliyatı...;​120255739163830399;ACTIVE;VISIT_INSTAGRAM_PROFILE;1000;0;0;0;5953.86;100275;69479;3556;0;0;0;3;34567
Ağustos 2026;Yerli;Türkçe;Görüntülenme / Mesaj;Medikal Estetik / Plastik Cerrahi;Doruk Hastaneleri - SİNA ÖZEL Sağlık Hizmetleri A.ş;TRY;Instagram gönderisi: 👃 Rinoplasti Ameliyatı...;​120255739163090399;ACTIVE;Instagram gönderisi: 👃 Rinoplasti Ameliyatı...;​120255739163830399;ACTIVE;VISIT_INSTAGRAM_PROFILE;1000;0;0;0;3977.04;69994;56830;2022;0;0;0;1;24255
Temmuz 2026;Yerli;Türkçe;Görüntülenme / Mesaj;Medikal Estetik / Plastik Cerrahi;Doruk Hastaneleri - SİNA ÖZEL Sağlık Hizmetleri A.ş;TRY;Instagram gönderisi: Medikal estetik alanındaki...;​120252323141170399;ACTIVE;Instagram gönderisi: Medikal estetik alanındaki...;​120252323142470399;ACTIVE;VISIT_INSTAGRAM_PROFILE;500;0;0;0;10694.54;177959;94209;2661;0;0;0;3;49042
Ağustos 2026;Yerli;Türkçe;Görüntülenme / Mesaj;Medikal Estetik / Plastik Cerrahi;Doruk Hastaneleri - SİNA ÖZEL Sağlık Hizmetleri A.ş;TRY;Instagram gönderisi: Medikal estetik alanındaki...;​120252323141170399;ACTIVE;Instagram gönderisi: Medikal estetik alanındaki...;​120252323142470399;ACTIVE;VISIT_INSTAGRAM_PROFILE;500;0;0;0;2253.4;37754;30185;549;0;0;0;1;10073
Temmuz 2026;Yerli;Türkçe;Görüntülenme / Mesaj;Medikal Estetik / Plastik Cerrahi;Doruk Tibbi Bilgiler;TRY;Rino Etkileşim AR;​52541921139224;PAUSED;Rino Etkileşim BAE;​52541921140624;CAMPAIGN_PAUSED;PROFILE_AND_PAGE_ENGAGEMENT;0;0;500;0;0;0;0;0;0;0;0;0;0
Ağustos 2026;Yerli;Türkçe;Görüntülenme / Mesaj;Medikal Estetik / Plastik Cerrahi;Doruk Tibbi Bilgiler;TRY;Rino Etkileşim AR;​52541921139224;PAUSED;Rino Etkileşim BAE;​52541921140624;CAMPAIGN_PAUSED;PROFILE_AND_PAGE_ENGAGEMENT;0;0;500;0;0;0;0;0;0;0;0;0;0
Temmuz 2026;Yerli;Türkçe;Görüntülenme / Mesaj;Medikal Estetik / Plastik Cerrahi;Doruk Tibbi Bilgiler;TRY;Rino Etkileşim AR;​52541921139224;PAUSED;Rino Etkileşim Bahreyn;​52541921140424;CAMPAIGN_PAUSED;PROFILE_AND_PAGE_ENGAGEMENT;0;0;500;0;0;0;0;0;0;0;0;0;0
Ağustos 2026;Yerli;Türkçe;Görüntülenme / Mesaj;Medikal Estetik / Plastik Cerrahi;Doruk Tibbi Bilgiler;TRY;Rino Etkileşim AR;​52541921139224;PAUSED;Rino Etkileşim Bahreyn;​52541921140424;CAMPAIGN_PAUSED;PROFILE_AND_PAGE_ENGAGEMENT;0;0;500;0;0;0;0;0;0;0;0;0;0
Temmuz 2026;Yerli;Türkçe;Görüntülenme / Mesaj;Medikal Estetik / Plastik Cerrahi;Doruk Tibbi Bilgiler;TRY;Rino Etkileşim AR;​52541921139224;PAUSED;Rino Etkileşim Katar;​52541921140024;CAMPAIGN_PAUSED;PROFILE_AND_PAGE_ENGAGEMENT;0;0;500;0;0;0;0;0;0;0;0;0;0
Ağustos 2026;Yerli;Türkçe;Görüntülenme / Mesaj;Medikal Estetik / Plastik Cerrahi;Doruk Tibbi Bilgiler;TRY;Rino Etkileşim AR;​52541921139224;PAUSED;Rino Etkileşim Katar;​52541921140024;CAMPAIGN_PAUSED;PROFILE_AND_PAGE_ENGAGEMENT;0;0;500;0;0;0;0;0;0;0;0;0;0
Temmuz 2026;Yerli;Türkçe;Görüntülenme / Mesaj;Medikal Estetik / Plastik Cerrahi;Doruk Tibbi Bilgiler;TRY;Rino Etkileşim AR;​52541921139224;PAUSED;Rino Etkileşim Kuveyt;​52541921139624;PAUSED;PROFILE_AND_PAGE_ENGAGEMENT;0;0;500;0;0;0;0;0;0;0;0;0;0
Ağustos 2026;Yerli;Türkçe;Görüntülenme / Mesaj;Medikal Estetik / Plastik Cerrahi;Doruk Tibbi Bilgiler;TRY;Rino Etkileşim AR;​52541921139224;PAUSED;Rino Etkileşim Kuveyt;​52541921139624;PAUSED;PROFILE_AND_PAGE_ENGAGEMENT;0;0;500;0;0;0;0;0;0;0;0;0;0
Temmuz 2026;Yerli;Türkçe;Görüntülenme / Mesaj;Medikal Estetik / Plastik Cerrahi;Doruk Tibbi Bilgiler;TRY;Rino Etkileşim AR;​52541921139224;PAUSED;Rino Etkileşim Umman;​52541921140224;PAUSED;PROFILE_AND_PAGE_ENGAGEMENT;0;0;500;0;0;0;0;0;0;0;0;0;0
Ağustos 2026;Yerli;Türkçe;Görüntülenme / Mesaj;Medikal Estetik / Plastik Cerrahi;Doruk Tibbi Bilgiler;TRY;Rino Etkileşim AR;​52541921139224;PAUSED;Rino Etkileşim Umman;​52541921140224;PAUSED;PROFILE_AND_PAGE_ENGAGEMENT;0;0;500;0;0;0;0;0;0;0;0;0;0
Temmuz 2026;Yerli;Türkçe;Görüntülenme / Mesaj;Medikal Estetik / Plastik Cerrahi;Doruk Tibbi Bilgiler;TRY;Rino Etkileşim EN;​52541905505424;PAUSED;Rino Etkileşim Amerika;​52541920635424;PAUSED;PROFILE_AND_PAGE_ENGAGEMENT;0;0;1000;0;0;0;0;0;0;0;0;0;0
Ağustos 2026;Yerli;Türkçe;Görüntülenme / Mesaj;Medikal Estetik / Plastik Cerrahi;Doruk Tibbi Bilgiler;TRY;Rino Etkileşim EN;​52541905505424;PAUSED;Rino Etkileşim Amerika;​52541920635424;PAUSED;PROFILE_AND_PAGE_ENGAGEMENT;0;0;1000;0;0;0;0;0;0;0;0;0;0
Temmuz 2026;Yerli;Türkçe;Görüntülenme / Mesaj;Medikal Estetik / Plastik Cerrahi;Doruk Tibbi Bilgiler;TRY;Rino Etkileşim EN;​52541905505424;PAUSED;Rino Etkileşim Avusturalya;​52541920633824;CAMPAIGN_PAUSED;PROFILE_AND_PAGE_ENGAGEMENT;0;0;1000;0;0;0;0;0;0;0;0;0;0
Ağustos 2026;Yerli;Türkçe;Görüntülenme / Mesaj;Medikal Estetik / Plastik Cerrahi;Doruk Tibbi Bilgiler;TRY;Rino Etkileşim EN;​52541905505424;PAUSED;Rino Etkileşim Avusturalya;​52541920633824;CAMPAIGN_PAUSED;PROFILE_AND_PAGE_ENGAGEMENT;0;0;1000;0;0;0;0;0;0;0;0;0;0
Temmuz 2026;Yerli;Türkçe;Görüntülenme / Mesaj;Medikal Estetik / Plastik Cerrahi;Doruk Tibbi Bilgiler;TRY;Rino Etkileşim EN;​52541905505424;PAUSED;Rino Etkileşim Birleşik Krallık;​52541907369024;PAUSED;PROFILE_AND_PAGE_ENGAGEMENT;0;0;1000;0;0;0;0;0;0;0;0;0;0
Ağustos 2026;Yerli;Türkçe;Görüntülenme / Mesaj;Medikal Estetik / Plastik Cerrahi;Doruk Tibbi Bilgiler;TRY;Rino Etkileşim EN;​52541905505424;PAUSED;Rino Etkileşim Birleşik Krallık;​52541907369024;PAUSED;PROFILE_AND_PAGE_ENGAGEMENT;0;0;1000;0;0;0;0;0;0;0;0;0;0
Temmuz 2026;Yerli;Türkçe;Görüntülenme / Mesaj;Medikal Estetik / Plastik Cerrahi;Doruk Tibbi Bilgiler;TRY;Rino Etkileşim EN;​52541905505424;PAUSED;Rino Etkileşim Kanada;​52541920633624;CAMPAIGN_PAUSED;PROFILE_AND_PAGE_ENGAGEMENT;0;0;1000;0;0;0;0;0;0;0;0;0;0
Ağustos 2026;Yerli;Türkçe;Görüntülenme / Mesaj;Medikal Estetik / Plastik Cerrahi;Doruk Tibbi Bilgiler;TRY;Rino Etkileşim EN;​52541905505424;PAUSED;Rino Etkileşim Kanada;​52541920633624;CAMPAIGN_PAUSED;PROFILE_AND_PAGE_ENGAGEMENT;0;0;1000;0;0;0;0;0;0;0;0;0;0
Temmuz 2026;Yerli;Türkçe;Görüntülenme / Mesaj;Medikal Estetik / Plastik Cerrahi;Doruk Tibbi Bilgiler;TRY;Rino Etkileşim EN;​52541905505424;PAUSED;Rino Etkileşim Yeni Zelanda;​52541907367024;PAUSED;PROFILE_AND_PAGE_ENGAGEMENT;0;0;1000;0;0;0;0;0;0;0;0;0;0
Ağustos 2026;Yerli;Türkçe;Görüntülenme / Mesaj;Medikal Estetik / Plastik Cerrahi;Doruk Tibbi Bilgiler;TRY;Rino Etkileşim EN;​52541905505424;PAUSED;Rino Etkileşim Yeni Zelanda;​52541907367024;PAUSED;PROFILE_AND_PAGE_ENGAGEMENT;0;0;1000;0;0;0;0;0;0;0;0;0;0
Temmuz 2026;Yerli;Türkçe;Görüntülenme / Mesaj;Medikal Estetik / Plastik Cerrahi;Doruk Tibbi Bilgiler;TRY;Whatsapp - Estetik - Rinoplasti - Birleşik Krallık - Genel - EN - Etkileşim;​52545936477224;PAUSED;Rinoplasti Birleşik Krallık Whatsapp Yönlendirmeli Etkileşim Seti;​52545936476824;CAMPAIGN_PAUSED;LINK_CLICKS;0;0;3000;0;0;0;0;0;0;0;0;0;0
Ağustos 2026;Yerli;Türkçe;Görüntülenme / Mesaj;Medikal Estetik / Plastik Cerrahi;Doruk Tibbi Bilgiler;TRY;Whatsapp - Estetik - Rinoplasti - Birleşik Krallık - Genel - EN - Etkileşim;​52545936477224;PAUSED;Rinoplasti Birleşik Krallık Whatsapp Yönlendirmeli Etkileşim Seti;​52545936476824;CAMPAIGN_PAUSED;LINK_CLICKS;0;0;3000;0;0;0;0;0;0;0;0;0;0
Temmuz 2026;Yerli;Türkçe;Görüntülenme / Mesaj;Onkoloji;Doruk Hastaneleri - SİNA ÖZEL Sağlık Hizmetleri A.ş;TRY;Instagram gönderisi: 🎗️ Kanser Tanısı Fizik...;​120255739336980399;ACTIVE;Instagram gönderisi: 🎗️ Kanser Tanısı Fizik...;​120255739337190399;ACTIVE;VISIT_INSTAGRAM_PROFILE;1000;0;0;0;4298.33;39128;29951;662;0;0;0;5;12029
Ağustos 2026;Yerli;Türkçe;Görüntülenme / Mesaj;Onkoloji;Doruk Hastaneleri - SİNA ÖZEL Sağlık Hizmetleri A.ş;TRY;Instagram gönderisi: 🎗️ Kanser Tanısı Fizik...;​120255739336980399;ACTIVE;Instagram gönderisi: 🎗️ Kanser Tanısı Fizik...;​120255739337190399;ACTIVE;VISIT_INSTAGRAM_PROFILE;1000;0;0;0;0;0;0;0;0;0;0;0;0
Temmuz 2026;Yerli;Türkçe;Lead;Acente / Uluslararası;Doruk Hastaneleri - SİNA ÖZEL Sağlık Hizmetleri A.ş;TRY;Sağlık Turizmi Acente Türkiye;​120246281431420399;PAUSED;Acente form Türkçe - hastane hedefli;​120246338951080399;PAUSED;LEAD_GENERATION;0;0;1000;0;0;0;0;0;0;0;0;0;0
Ağustos 2026;Yerli;Türkçe;Lead;Acente / Uluslararası;Doruk Hastaneleri - SİNA ÖZEL Sağlık Hizmetleri A.ş;TRY;Sağlık Turizmi Acente Türkiye;​120246281431420399;PAUSED;Acente form Türkçe - hastane hedefli;​120246338951080399;PAUSED;LEAD_GENERATION;0;0;1000;0;0;0;0;0;0;0;0;0;0
Temmuz 2026;Yerli;Türkçe;Lead;Acente / Uluslararası;Doruk Hastaneleri - SİNA ÖZEL Sağlık Hizmetleri A.ş;TRY;Sağlık Turizmi Acente Türkiye;​120246281431420399;PAUSED;Acente form Türkçe - İSTANBUL;​120246369818170399;CAMPAIGN_PAUSED;LEAD_GENERATION;0;0;1500;0;0;0;0;0;0;0;0;0;0
Ağustos 2026;Yerli;Türkçe;Lead;Acente / Uluslararası;Doruk Hastaneleri - SİNA ÖZEL Sağlık Hizmetleri A.ş;TRY;Sağlık Turizmi Acente Türkiye;​120246281431420399;PAUSED;Acente form Türkçe - İSTANBUL;​120246369818170399;CAMPAIGN_PAUSED;LEAD_GENERATION;0;0;1500;0;0;0;0;0;0;0;0;0;0
Temmuz 2026;Yerli;Türkçe;Lead;Acente / Uluslararası;Doruk Hastaneleri - SİNA ÖZEL Sağlık Hizmetleri A.ş;TRY;Sağlık Turizmi Acente Türkiye;​120246281431420399;PAUSED;Acente form Türkçe istanbul hariç;​120246281431430399;PAUSED;LEAD_GENERATION;0;0;1000;0;0;0;0;0;0;0;0;0;0
Ağustos 2026;Yerli;Türkçe;Lead;Acente / Uluslararası;Doruk Hastaneleri - SİNA ÖZEL Sağlık Hizmetleri A.ş;TRY;Sağlık Turizmi Acente Türkiye;​120246281431420399;PAUSED;Acente form Türkçe istanbul hariç;​120246281431430399;PAUSED;LEAD_GENERATION;0;0;1000;0;0;0;0;0;0;0;0;0;0
Temmuz 2026;Yerli;Türkçe;Lead;Check-up;Doruk Hastaneleri - SİNA ÖZEL Sağlık Hizmetleri A.ş;TRY;Checkup - genel - lead;​120220089108220399;ACTIVE;endeskopi-kolonoskopi set;​120220404732820399;PAUSED;QUALITY_LEAD;0;0;1000;0;0;0;0;0;0;0;0;0;0
Ağustos 2026;Yerli;Türkçe;Lead;Check-up;Doruk Hastaneleri - SİNA ÖZEL Sağlık Hizmetleri A.ş;TRY;Checkup - genel - lead;​120220089108220399;ACTIVE;endeskopi-kolonoskopi set;​120220404732820399;PAUSED;QUALITY_LEAD;0;0;1000;0;0;0;0;0;0;0;0;0;0
Temmuz 2026;Yerli;Türkçe;Lead;Check-up;Doruk Hastaneleri - SİNA ÖZEL Sağlık Hizmetleri A.ş;TRY;Checkup - genel - lead;​120220089108220399;ACTIVE;erkek set;​120220089282340399;PAUSED;QUALITY_LEAD;0;0;750;0;0;0;0;0;0;0;0;0;0
Ağustos 2026;Yerli;Türkçe;Lead;Check-up;Doruk Hastaneleri - SİNA ÖZEL Sağlık Hizmetleri A.ş;TRY;Checkup - genel - lead;​120220089108220399;ACTIVE;erkek set;​120220089282340399;PAUSED;QUALITY_LEAD;0;0;750;0;0;0;0;0;0;0;0;0;0
Temmuz 2026;Yerli;Türkçe;Lead;Check-up;Doruk Hastaneleri - SİNA ÖZEL Sağlık Hizmetleri A.ş;TRY;Checkup - genel - lead;​120220089108220399;ACTIVE;erkek-checkup-dinamik;​120236672077380399;ACTIVE;QUALITY_LEAD;0;0;500;0;10954.37;106368;41306;912;38;0;38;38;12928
Ağustos 2026;Yerli;Türkçe;Lead;Check-up;Doruk Hastaneleri - SİNA ÖZEL Sağlık Hizmetleri A.ş;TRY;Checkup - genel - lead;​120220089108220399;ACTIVE;erkek-checkup-dinamik;​120236672077380399;ACTIVE;QUALITY_LEAD;0;0;500;0;2319.52;18509;11864;171;7;0;7;6;2839
Temmuz 2026;Yerli;Türkçe;Lead;Check-up;Doruk Hastaneleri - SİNA ÖZEL Sağlık Hizmetleri A.ş;TRY;Checkup - genel - lead;​120220089108220399;ACTIVE;kadın set;​120220089145720399;PAUSED;QUALITY_LEAD;0;0;750;0;0;0;0;0;0;0;0;0;0
Ağustos 2026;Yerli;Türkçe;Lead;Check-up;Doruk Hastaneleri - SİNA ÖZEL Sağlık Hizmetleri A.ş;TRY;Checkup - genel - lead;​120220089108220399;ACTIVE;kadın set;​120220089145720399;PAUSED;QUALITY_LEAD;0;0;750;0;0;0;0;0;0;0;0;0;0
Temmuz 2026;Yerli;Türkçe;Lead;Check-up;Doruk Hastaneleri - SİNA ÖZEL Sağlık Hizmetleri A.ş;TRY;Checkup - genel - lead;​120220089108220399;ACTIVE;kadın-checkup-dinamik;​120236678758120399;ACTIVE;QUALITY_LEAD;0;0;500;0;10578.22;75590;32454;680;23;0;23;22;9834
Ağustos 2026;Yerli;Türkçe;Lead;Check-up;Doruk Hastaneleri - SİNA ÖZEL Sağlık Hizmetleri A.ş;TRY;Checkup - genel - lead;​120220089108220399;ACTIVE;kadın-checkup-dinamik;​120236678758120399;ACTIVE;QUALITY_LEAD;0;0;500;0;2310.76;17655;11220;112;6;0;6;3;1992
Temmuz 2026;Yerli;Türkçe;Lead;Check-up;Doruk Hastaneleri - SİNA ÖZEL Sağlık Hizmetleri A.ş;TRY;Checkup - genel - lead;​120220089108220399;ACTIVE;kalp sağlığı set;​120220404757850399;PAUSED;QUALITY_LEAD;0;0;750;0;0;0;0;0;0;0;0;0;0
Ağustos 2026;Yerli;Türkçe;Lead;Check-up;Doruk Hastaneleri - SİNA ÖZEL Sağlık Hizmetleri A.ş;TRY;Checkup - genel - lead;​120220089108220399;ACTIVE;kalp sağlığı set;​120220404757850399;PAUSED;QUALITY_LEAD;0;0;750;0;0;0;0;0;0;0;0;0;0
Temmuz 2026;Yerli;Türkçe;Lead;Check-up;Doruk Hastaneleri - SİNA ÖZEL Sağlık Hizmetleri A.ş;TRY;Checkup - genel - lead;​120220089108220399;ACTIVE;kompakt-checkup-dinamik;​120236679126460399;PAUSED;LEAD_GENERATION;0;0;500;0;0;0;0;0;0;0;0;0;0
Ağustos 2026;Yerli;Türkçe;Lead;Check-up;Doruk Hastaneleri - SİNA ÖZEL Sağlık Hizmetleri A.ş;TRY;Checkup - genel - lead;​120220089108220399;ACTIVE;kompakt-checkup-dinamik;​120236679126460399;PAUSED;LEAD_GENERATION;0;0;500;0;0;0;0;0;0;0;0;0;0
Temmuz 2026;Yerli;Türkçe;Lead;Check-up;Doruk Hastaneleri - SİNA ÖZEL Sağlık Hizmetleri A.ş;TRY;Checkup - genel - lead;​120220089108220399;ACTIVE;prostat-checkup;​120249402183010399;PAUSED;LEAD_GENERATION;0;0;500;0;0;0;0;0;0;0;0;0;0
Ağustos 2026;Yerli;Türkçe;Lead;Check-up;Doruk Hastaneleri - SİNA ÖZEL Sağlık Hizmetleri A.ş;TRY;Checkup - genel - lead;​120220089108220399;ACTIVE;prostat-checkup;​120249402183010399;PAUSED;LEAD_GENERATION;0;0;500;0;0;0;0;0;0;0;0;0;0
Temmuz 2026;Yerli;Türkçe;Lead;Check-up;Doruk Hastaneleri - SİNA ÖZEL Sağlık Hizmetleri A.ş;TRY;Checkup - genel - lead;​120220089108220399;ACTIVE;tüm vücut mr set;​120220179540640399;PAUSED;QUALITY_LEAD;0;0;3000;0;0;0;0;0;0;0;0;0;0
Ağustos 2026;Yerli;Türkçe;Lead;Check-up;Doruk Hastaneleri - SİNA ÖZEL Sağlık Hizmetleri A.ş;TRY;Checkup - genel - lead;​120220089108220399;ACTIVE;tüm vücut mr set;​120220179540640399;PAUSED;QUALITY_LEAD;0;0;3000;0;0;0;0;0;0;0;0;0;0
Temmuz 2026;Yerli;Türkçe;Lead;Check-up;Doruk Hastaneleri - SİNA ÖZEL Sağlık Hizmetleri A.ş;TRY;Prostat Checkup - lead;​120251414264130399;ACTIVE;genel set;​120251414264220399;ACTIVE;LEAD_GENERATION;0;0;500;0;11901.29;185864;54308;4380;81;0;81;79;7776
Ağustos 2026;Yerli;Türkçe;Lead;Check-up;Doruk Hastaneleri - SİNA ÖZEL Sağlık Hizmetleri A.ş;TRY;Prostat Checkup - lead;​120251414264130399;ACTIVE;genel set;​120251414264220399;ACTIVE;LEAD_GENERATION;0;0;500;0;2634.22;33754;22739;889;24;0;24;24;1250
Temmuz 2026;Yerli;Türkçe;Lead;Diğer / Sınıflandırılacak;Doruk Hastaneleri - SİNA ÖZEL Sağlık Hizmetleri A.ş;TRY;Baş Dönmesi ve Denge Ünitesi / lead;​120214167265870399;ACTIVE;broad;​120214167266120399;ACTIVE;QUALITY_LEAD;0;0;350;0;8115.76;159572;64491;2083;68;0;68;62;13932
Ağustos 2026;Yerli;Türkçe;Lead;Diğer / Sınıflandırılacak;Doruk Hastaneleri - SİNA ÖZEL Sağlık Hizmetleri A.ş;TRY;Baş Dönmesi ve Denge Ünitesi / lead;​120214167265870399;ACTIVE;broad;​120214167266120399;ACTIVE;QUALITY_LEAD;0;0;350;0;1664.84;30168;20715;403;11;0;11;11;2941
Temmuz 2026;Yerli;Türkçe;Lead;Diğer / Sınıflandırılacak;Doruk Hastaneleri - SİNA ÖZEL Sağlık Hizmetleri A.ş;TRY;İkinci Görüş - lead;​120238726810780399;PAUSED;bursa sıcak  kitle - Kopya;​120239983454080399;CAMPAIGN_PAUSED;LEAD_GENERATION;0;0;8000;0;0;0;0;0;0;0;0;0;0
Ağustos 2026;Yerli;Türkçe;Lead;Diğer / Sınıflandırılacak;Doruk Hastaneleri - SİNA ÖZEL Sağlık Hizmetleri A.ş;TRY;İkinci Görüş - lead;​120238726810780399;PAUSED;bursa sıcak  kitle - Kopya;​120239983454080399;CAMPAIGN_PAUSED;LEAD_GENERATION;0;0;8000;0;0;0;0;0;0;0;0;0;0
Temmuz 2026;Yerli;Türkçe;Lead;Diğer / Sınıflandırılacak;Doruk Hastaneleri - SİNA ÖZEL Sağlık Hizmetleri A.ş;TRY;İkinci Görüş - lead;​120238726810780399;PAUSED;bursa soğuk  kitle;​120238726810750399;CAMPAIGN_PAUSED;LEAD_GENERATION;0;0;4500;0;0;0;0;0;0;0;0;0;0
Ağustos 2026;Yerli;Türkçe;Lead;Diğer / Sınıflandırılacak;Doruk Hastaneleri - SİNA ÖZEL Sağlık Hizmetleri A.ş;TRY;İkinci Görüş - lead;​120238726810780399;PAUSED;bursa soğuk  kitle;​120238726810750399;CAMPAIGN_PAUSED;LEAD_GENERATION;0;0;4500;0;0;0;0;0;0;0;0;0;0
Temmuz 2026;Yerli;Türkçe;Lead;Diğer / Sınıflandırılacak;Doruk Tibbi Bilgiler;TRY;xxx;​52539651584024;PAUSED;Rinoplasti - Emin Öztürk - Kuveyt - AR;​52539651597224;CAMPAIGN_PAUSED;LEAD_GENERATION;6700;0;0;0;0;0;0;0;0;0;0;0;0
Ağustos 2026;Yerli;Türkçe;Lead;Diğer / Sınıflandırılacak;Doruk Tibbi Bilgiler;TRY;xxx;​52539651584024;PAUSED;Rinoplasti - Emin Öztürk - Kuveyt - AR;​52539651597224;CAMPAIGN_PAUSED;LEAD_GENERATION;6700;0;0;0;0;0;0;0;0;0;0;0;0
Temmuz 2026;Yerli;Türkçe;Lead;Doğum Kampanyası;Doruk Hastaneleri - SİNA ÖZEL Sağlık Hizmetleri A.ş;TRY;Gebe-Doğum Form Kampanyası;​120242415465180399;ACTIVE;Doğum Kreatifleri;​120242460508720399;ACTIVE;LEAD_GENERATION;0;0;3000;0;69158.28;831819;147310;4129;181;0;181;15;0
Ağustos 2026;Yerli;Türkçe;Lead;Doğum Kampanyası;Doruk Hastaneleri - SİNA ÖZEL Sağlık Hizmetleri A.ş;TRY;Gebe-Doğum Form Kampanyası;​120242415465180399;ACTIVE;Doğum Kreatifleri;​120242460508720399;ACTIVE;LEAD_GENERATION;0;0;3000;0;17077.27;127311;77878;1018;70;0;70;1;0
Temmuz 2026;Yerli;Türkçe;Lead;Doğum Kampanyası;Doruk Hastaneleri - SİNA ÖZEL Sağlık Hizmetleri A.ş;TRY;Gebe-Doğum Form Kampanyası;​120242415465180399;ACTIVE;Gebe Okulu;​120242415465170399;ACTIVE;LEAD_GENERATION;0;0;1500;0;35465.82;408373;52576;1990;116;0;116;22;21097
Ağustos 2026;Yerli;Türkçe;Lead;Doğum Kampanyası;Doruk Hastaneleri - SİNA ÖZEL Sağlık Hizmetleri A.ş;TRY;Gebe-Doğum Form Kampanyası;​120242415465180399;ACTIVE;Gebe Okulu;​120242415465170399;ACTIVE;LEAD_GENERATION;0;0;1500;0;7777.25;88722;33642;446;32;0;32;1;5001
Temmuz 2026;Yerli;Türkçe;Lead;Doğum Kampanyası;Doruk Hastaneleri - SİNA ÖZEL Sağlık Hizmetleri A.ş;TRY;Gebe-Doğum Form Kampanyası;​120242415465180399;ACTIVE;Oda Süsleme;​120242460981670399;ACTIVE;LEAD_GENERATION;0;0;2500;0;55506.46;1039237;325731;4284;172;0;172;29;54089
Ağustos 2026;Yerli;Türkçe;Lead;Doğum Kampanyası;Doruk Hastaneleri - SİNA ÖZEL Sağlık Hizmetleri A.ş;TRY;Gebe-Doğum Form Kampanyası;​120242415465180399;ACTIVE;Oda Süsleme;​120242460981670399;ACTIVE;LEAD_GENERATION;0;0;2500;0;11382.51;211526;111787;876;42;0;42;6;11347
Temmuz 2026;Yerli;Türkçe;Lead;Fizik Tedavi / Rehabilitasyon;Doruk Hastaneleri - SİNA ÖZEL Sağlık Hizmetleri A.ş;TRY;FTR Yatılı - lead;​120246476228800399;ACTIVE;FTR Yatılı - lead;​120246476228790399;PAUSED;LEAD_GENERATION;0;0;1000;0;0;0;0;0;0;0;0;0;0
Ağustos 2026;Yerli;Türkçe;Lead;Fizik Tedavi / Rehabilitasyon;Doruk Hastaneleri - SİNA ÖZEL Sağlık Hizmetleri A.ş;TRY;FTR Yatılı - lead;​120246476228800399;ACTIVE;FTR Yatılı - lead;​120246476228790399;PAUSED;LEAD_GENERATION;0;0;1000;0;0;0;0;0;0;0;0;0;0
Temmuz 2026;Yerli;Türkçe;Lead;Fizik Tedavi / Rehabilitasyon;Doruk Hastaneleri - SİNA ÖZEL Sağlık Hizmetleri A.ş;TRY;FTR Yatılı - lead;​120246476228800399;ACTIVE;FTR Yatılı - lead - android;​120246527191810399;ACTIVE;LEAD_GENERATION;0;0;1000;0;21946.67;293609;152859;2142;24;0;24;4;49264
Ağustos 2026;Yerli;Türkçe;Lead;Fizik Tedavi / Rehabilitasyon;Doruk Hastaneleri - SİNA ÖZEL Sağlık Hizmetleri A.ş;TRY;FTR Yatılı - lead;​120246476228800399;ACTIVE;FTR Yatılı - lead - android;​120246527191810399;ACTIVE;LEAD_GENERATION;0;0;1000;0;5253.35;71385;53941;473;6;0;6;1;9916
Temmuz 2026;Yerli;Türkçe;Lead;Fizik Tedavi / Rehabilitasyon;Doruk Hastaneleri - SİNA ÖZEL Sağlık Hizmetleri A.ş;TRY;FTR Yatılı - lead;​120246476228800399;ACTIVE;FTR Yatılı - lead - ios;​120246527115490399;ACTIVE;LEAD_GENERATION;0;0;3000;0;68722.53;940449;523780;6113;115;0;115;25;158961
Ağustos 2026;Yerli;Türkçe;Lead;Fizik Tedavi / Rehabilitasyon;Doruk Hastaneleri - SİNA ÖZEL Sağlık Hizmetleri A.ş;TRY;FTR Yatılı - lead;​120246476228800399;ACTIVE;FTR Yatılı - lead - ios;​120246527115490399;ACTIVE;LEAD_GENERATION;0;0;3000;0;15371.81;194655;161374;1191;18;0;18;3;27309
Temmuz 2026;Yerli;Türkçe;Lead;İnsan Kaynakları;Doruk Hastaneleri - SİNA ÖZEL Sağlık Hizmetleri A.ş;TRY;Hemşire İş Başvuru - lead;​120246691590090399;ACTIVE;Hemşire İş Başvuru - lead;​120246691590100399;ACTIVE;LEAD_GENERATION;0;0;1000;0;22618.18;393471;103597;2646;64;0;64;60;0
Ağustos 2026;Yerli;Türkçe;Lead;İnsan Kaynakları;Doruk Hastaneleri - SİNA ÖZEL Sağlık Hizmetleri A.ş;TRY;Hemşire İş Başvuru - lead;​120246691590090399;ACTIVE;Hemşire İş Başvuru - lead;​120246691590100399;ACTIVE;LEAD_GENERATION;0;0;1000;0;4948.45;88236;44851;505;13;0;13;13;0
Temmuz 2026;Yerli;Türkçe;Lead;İnsan Kaynakları;Doruk Hastaneleri - SİNA ÖZEL Sağlık Hizmetleri A.ş;TRY;Uzman Hekim Başvuru;​120244050701710399;ACTIVE;Genel;​120244050701720399;ACTIVE;LEAD_GENERATION;1000;0;0;0;22472.44;185189;63908;2157;112;0;112;3;0
Ağustos 2026;Yerli;Türkçe;Lead;İnsan Kaynakları;Doruk Hastaneleri - SİNA ÖZEL Sağlık Hizmetleri A.ş;TRY;Uzman Hekim Başvuru;​120244050701710399;ACTIVE;Genel;​120244050701720399;ACTIVE;LEAD_GENERATION;1000;0;0;0;4623.19;37982;23300;445;28;0;28;0;0
Temmuz 2026;Yerli;Türkçe;Lead;Medikal Estetik / Plastik Cerrahi;Doruk Hastaneleri - SİNA ÖZEL Sağlık Hizmetleri A.ş;TRY;ABO / Göz Kapağı Estetiği / plastik cerrahi / lead;​120211731920800399;ACTIVE;Yeni Potansiyel Müşteriler Reklam Seti;​120211731920850399;ACTIVE;QUALITY_LEAD;0;0;300;0;6070.59;58883;27659;339;20;0;20;4;0
Ağustos 2026;Yerli;Türkçe;Lead;Medikal Estetik / Plastik Cerrahi;Doruk Hastaneleri - SİNA ÖZEL Sağlık Hizmetleri A.ş;TRY;ABO / Göz Kapağı Estetiği / plastik cerrahi / lead;​120211731920800399;ACTIVE;Yeni Potansiyel Müşteriler Reklam Seti;​120211731920850399;ACTIVE;QUALITY_LEAD;0;0;300;0;1101.94;11191;7916;67;4;0;4;1;0
Temmuz 2026;Yerli;Türkçe;Lead;Medikal Estetik / Plastik Cerrahi;Doruk Hastaneleri - SİNA ÖZEL Sağlık Hizmetleri A.ş;TRY;ABO / Medikal Estetik lead / 16.04.2026;​120248812698040399;ACTIVE;botox  /  18 - 50  K;​120249236798060399;ACTIVE;LEAD_GENERATION;0;0;300;0;7177;62176;34433;813;102;0;102;102;6755
Ağustos 2026;Yerli;Türkçe;Lead;Medikal Estetik / Plastik Cerrahi;Doruk Hastaneleri - SİNA ÖZEL Sağlık Hizmetleri A.ş;TRY;ABO / Medikal Estetik lead / 16.04.2026;​120248812698040399;ACTIVE;botox  /  18 - 50  K;​120249236798060399;ACTIVE;LEAD_GENERATION;0;0;300;0;1557.39;13506;10276;154;21;0;21;21;1473
Temmuz 2026;Yerli;Türkçe;Lead;Medikal Estetik / Plastik Cerrahi;Doruk Hastaneleri - SİNA ÖZEL Sağlık Hizmetleri A.ş;TRY;ABO / Medikal Estetik lead / 16.04.2026;​120248812698040399;ACTIVE;cilt bakımı  /  18 - 50  K;​120249237096680399;ACTIVE;LEAD_GENERATION;0;0;300;0;6902.93;58482;29871;607;51;0;51;57;7961
Ağustos 2026;Yerli;Türkçe;Lead;Medikal Estetik / Plastik Cerrahi;Doruk Hastaneleri - SİNA ÖZEL Sağlık Hizmetleri A.ş;TRY;ABO / Medikal Estetik lead / 16.04.2026;​120248812698040399;ACTIVE;cilt bakımı  /  18 - 50  K;​120249237096680399;ACTIVE;LEAD_GENERATION;0;0;300;0;1440.82;10838;8232;120;8;0;8;7;1430
Temmuz 2026;Yerli;Türkçe;Lead;Medikal Estetik / Plastik Cerrahi;Doruk Hastaneleri - SİNA ÖZEL Sağlık Hizmetleri A.ş;TRY;ABO / Medikal Estetik lead / 16.04.2026;​120248812698040399;ACTIVE;dolgu /  18 - 50  K;​120248812698110399;ACTIVE;LEAD_GENERATION;0;0;300;0;6957.44;72311;36749;567;39;0;39;40;7406
Ağustos 2026;Yerli;Türkçe;Lead;Medikal Estetik / Plastik Cerrahi;Doruk Hastaneleri - SİNA ÖZEL Sağlık Hizmetleri A.ş;TRY;ABO / Medikal Estetik lead / 16.04.2026;​120248812698040399;ACTIVE;dolgu /  18 - 50  K;​120248812698110399;ACTIVE;LEAD_GENERATION;0;0;300;0;1693.41;17223;13603;122;12;0;12;13;1817
Temmuz 2026;Yerli;Türkçe;Lead;Medikal Estetik / Plastik Cerrahi;Doruk Hastaneleri - SİNA ÖZEL Sağlık Hizmetleri A.ş;TRY;ABO / Medikal Estetik lead / 16.04.2026;​120248812698040399;ACTIVE;genel /  18 - 50  K;​120249237617200399;ACTIVE;LEAD_GENERATION;0;0;300;0;7142.26;39125;20470;609;46;0;46;58;6030
Ağustos 2026;Yerli;Türkçe;Lead;Medikal Estetik / Plastik Cerrahi;Doruk Hastaneleri - SİNA ÖZEL Sağlık Hizmetleri A.ş;TRY;ABO / Medikal Estetik lead / 16.04.2026;​120248812698040399;ACTIVE;genel /  18 - 50  K;​120249237617200399;ACTIVE;LEAD_GENERATION;0;0;300;0;1528.19;9335;6855;127;4;0;4;6;1321
Temmuz 2026;Yerli;Türkçe;Lead;Medikal Estetik / Plastik Cerrahi;Doruk Hastaneleri - SİNA ÖZEL Sağlık Hizmetleri A.ş;TRY;ABO / Medikal Estetik lead / 16.04.2026;​120248812698040399;ACTIVE;massater botoxu  /  18 - 50  K;​120249237347420399;ACTIVE;LEAD_GENERATION;0;0;300;0;7012.81;89528;50655;627;41;0;41;43;10712
Ağustos 2026;Yerli;Türkçe;Lead;Medikal Estetik / Plastik Cerrahi;Doruk Hastaneleri - SİNA ÖZEL Sağlık Hizmetleri A.ş;TRY;ABO / Medikal Estetik lead / 16.04.2026;​120248812698040399;ACTIVE;massater botoxu  /  18 - 50  K;​120249237347420399;ACTIVE;LEAD_GENERATION;0;0;300;0;1481.64;21002;16226;140;10;0;10;10;2442
Temmuz 2026;Yerli;Türkçe;Lead;Medikal Estetik / Plastik Cerrahi;Doruk Hastaneleri - SİNA ÖZEL Sağlık Hizmetleri A.ş;TRY;ABO / Medikal Estetik lead / 16.04.2026;​120248812698040399;ACTIVE;medikal estetik uygulamaları /  18 - 50;​120249764590750399;ACTIVE;LEAD_GENERATION;0;0;300;0;6990.81;57638;32812;501;45;0;45;39;6330
Ağustos 2026;Yerli;Türkçe;Lead;Medikal Estetik / Plastik Cerrahi;Doruk Hastaneleri - SİNA ÖZEL Sağlık Hizmetleri A.ş;TRY;ABO / Medikal Estetik lead / 16.04.2026;​120248812698040399;ACTIVE;medikal estetik uygulamaları /  18 - 50;​120249764590750399;ACTIVE;LEAD_GENERATION;0;0;300;0;1497.09;13857;10197;103;7;0;7;7;1607
Temmuz 2026;Yerli;Türkçe;Lead;Medikal Estetik / Plastik Cerrahi;Doruk Hastaneleri - SİNA ÖZEL Sağlık Hizmetleri A.ş;TRY;ABO / Medikal Estetik lead / 16.04.2026;​120248812698040399;ACTIVE;Saç tedavileri  /  18 - 50  K - E;​120250026634190399;ACTIVE;LEAD_GENERATION;0;0;300;0;7313.3;97999;40216;1159;141;0;141;146;8405
Ağustos 2026;Yerli;Türkçe;Lead;Medikal Estetik / Plastik Cerrahi;Doruk Hastaneleri - SİNA ÖZEL Sağlık Hizmetleri A.ş;TRY;ABO / Medikal Estetik lead / 16.04.2026;​120248812698040399;ACTIVE;Saç tedavileri  /  18 - 50  K - E;​120250026634190399;ACTIVE;LEAD_GENERATION;0;0;300;0;1657.22;26273;18031;252;35;0;35;40;1926
Temmuz 2026;Yerli;Türkçe;Lead;Medikal Estetik / Plastik Cerrahi;Doruk Hastaneleri - SİNA ÖZEL Sağlık Hizmetleri A.ş;TRY;ABO / Medikal Estetik lead / 16.04.2026;​120248812698040399;ACTIVE;vücut şekillendirme  /  18 - 50  K;​120248850800470399;ACTIVE;LEAD_GENERATION;0;0;300;0;6912.34;24505;12541;390;42;0;42;39;4269
Ağustos 2026;Yerli;Türkçe;Lead;Medikal Estetik / Plastik Cerrahi;Doruk Hastaneleri - SİNA ÖZEL Sağlık Hizmetleri A.ş;TRY;ABO / Medikal Estetik lead / 16.04.2026;​120248812698040399;ACTIVE;vücut şekillendirme  /  18 - 50  K;​120248850800470399;ACTIVE;LEAD_GENERATION;0;0;300;0;1497.85;4952;3401;76;9;0;9;9;833
Temmuz 2026;Yerli;Türkçe;Lead;Medikal Estetik / Plastik Cerrahi;Doruk Hastaneleri - SİNA ÖZEL Sağlık Hizmetleri A.ş;TRY;ABO / Medikal Estetik lead / 28.11.2023;​120202625130740399;PAUSED;altın iğne /  18 - 50  K;​120202626969980399;CAMPAIGN_PAUSED;LEAD_GENERATION;0;0;200;0;0;0;0;0;0;0;0;0;0
Ağustos 2026;Yerli;Türkçe;Lead;Medikal Estetik / Plastik Cerrahi;Doruk Hastaneleri - SİNA ÖZEL Sağlık Hizmetleri A.ş;TRY;ABO / Medikal Estetik lead / 28.11.2023;​120202625130740399;PAUSED;altın iğne /  18 - 50  K;​120202626969980399;CAMPAIGN_PAUSED;LEAD_GENERATION;0;0;200;0;0;0;0;0;0;0;0;0;0
Temmuz 2026;Yerli;Türkçe;Lead;Medikal Estetik / Plastik Cerrahi;Doruk Hastaneleri - SİNA ÖZEL Sağlık Hizmetleri A.ş;TRY;ABO / Medikal Estetik lead / 28.11.2023;​120202625130740399;PAUSED;ameliyatsız gıdı germe  /  18 - 50  K;​120202626447410399;PAUSED;LEAD_GENERATION;0;0;150;0;0;0;0;0;0;0;0;0;0
Ağustos 2026;Yerli;Türkçe;Lead;Medikal Estetik / Plastik Cerrahi;Doruk Hastaneleri - SİNA ÖZEL Sağlık Hizmetleri A.ş;TRY;ABO / Medikal Estetik lead / 28.11.2023;​120202625130740399;PAUSED;ameliyatsız gıdı germe  /  18 - 50  K;​120202626447410399;PAUSED;LEAD_GENERATION;0;0;150;0;0;0;0;0;0;0;0;0;0
Temmuz 2026;Yerli;Türkçe;Lead;Medikal Estetik / Plastik Cerrahi;Doruk Hastaneleri - SİNA ÖZEL Sağlık Hizmetleri A.ş;TRY;ABO / Medikal Estetik lead / 28.11.2023;​120202625130740399;PAUSED;ben alımı  /  18 - 50  K-E;​120205398323790399;PAUSED;LEAD_GENERATION;0;0;150;0;0;0;0;0;0;0;0;0;0
Ağustos 2026;Yerli;Türkçe;Lead;Medikal Estetik / Plastik Cerrahi;Doruk Hastaneleri - SİNA ÖZEL Sağlık Hizmetleri A.ş;TRY;ABO / Medikal Estetik lead / 28.11.2023;​120202625130740399;PAUSED;ben alımı  /  18 - 50  K-E;​120205398323790399;PAUSED;LEAD_GENERATION;0;0;150;0;0;0;0;0;0;0;0;0;0
Temmuz 2026;Yerli;Türkçe;Lead;Medikal Estetik / Plastik Cerrahi;Doruk Hastaneleri - SİNA ÖZEL Sağlık Hizmetleri A.ş;TRY;ABO / Medikal Estetik lead / 28.11.2023;​120202625130740399;PAUSED;botox  /  18 - 50  K;​120202626833520399;PAUSED;LEAD_GENERATION;0;0;200;0;0;0;0;0;0;0;0;0;0
Ağustos 2026;Yerli;Türkçe;Lead;Medikal Estetik / Plastik Cerrahi;Doruk Hastaneleri - SİNA ÖZEL Sağlık Hizmetleri A.ş;TRY;ABO / Medikal Estetik lead / 28.11.2023;​120202625130740399;PAUSED;botox  /  18 - 50  K;​120202626833520399;PAUSED;LEAD_GENERATION;0;0;200;0;0;0;0;0;0;0;0;0;0
Temmuz 2026;Yerli;Türkçe;Lead;Medikal Estetik / Plastik Cerrahi;Doruk Hastaneleri - SİNA ÖZEL Sağlık Hizmetleri A.ş;TRY;ABO / Medikal Estetik lead / 28.11.2023;​120202625130740399;PAUSED;bölgesel zayıflama  /  18 - 50  K;​120202625472180399;PAUSED;LEAD_GENERATION;0;0;200;0;0;0;0;0;0;0;0;0;0
Ağustos 2026;Yerli;Türkçe;Lead;Medikal Estetik / Plastik Cerrahi;Doruk Hastaneleri - SİNA ÖZEL Sağlık Hizmetleri A.ş;TRY;ABO / Medikal Estetik lead / 28.11.2023;​120202625130740399;PAUSED;bölgesel zayıflama  /  18 - 50  K;​120202625472180399;PAUSED;LEAD_GENERATION;0;0;200;0;0;0;0;0;0;0;0;0;0
Temmuz 2026;Yerli;Türkçe;Lead;Medikal Estetik / Plastik Cerrahi;Doruk Hastaneleri - SİNA ÖZEL Sağlık Hizmetleri A.ş;TRY;ABO / Medikal Estetik lead / 28.11.2023;​120202625130740399;PAUSED;cilt bakımı /  18 - 50  K-E;​120202626646600399;PAUSED;LEAD_GENERATION;0;0;200;0;0;0;0;0;0;0;0;0;0
Ağustos 2026;Yerli;Türkçe;Lead;Medikal Estetik / Plastik Cerrahi;Doruk Hastaneleri - SİNA ÖZEL Sağlık Hizmetleri A.ş;TRY;ABO / Medikal Estetik lead / 28.11.2023;​120202625130740399;PAUSED;cilt bakımı /  18 - 50  K-E;​120202626646600399;PAUSED;LEAD_GENERATION;0;0;200;0;0;0;0;0;0;0;0;0;0
Temmuz 2026;Yerli;Türkçe;Lead;Medikal Estetik / Plastik Cerrahi;Doruk Hastaneleri - SİNA ÖZEL Sağlık Hizmetleri A.ş;TRY;ABO / Medikal Estetik lead / 28.11.2023;​120202625130740399;PAUSED;dolgu /  18 - 50  K;​120205398658530399;PAUSED;LEAD_GENERATION;0;0;200;0;0;0;0;0;0;0;0;0;0
Ağustos 2026;Yerli;Türkçe;Lead;Medikal Estetik / Plastik Cerrahi;Doruk Hastaneleri - SİNA ÖZEL Sağlık Hizmetleri A.ş;TRY;ABO / Medikal Estetik lead / 28.11.2023;​120202625130740399;PAUSED;dolgu /  18 - 50  K;​120205398658530399;PAUSED;LEAD_GENERATION;0;0;200;0;0;0;0;0;0;0;0;0;0
Temmuz 2026;Yerli;Türkçe;Lead;Medikal Estetik / Plastik Cerrahi;Doruk Hastaneleri - SİNA ÖZEL Sağlık Hizmetleri A.ş;TRY;ABO / Medikal Estetik lead / 28.11.2023;​120202625130740399;PAUSED;dövme silme  /  not broad /  18 - 50  K-E;​120202625647600399;CAMPAIGN_PAUSED;LEAD_GENERATION;0;0;200;0;0;0;0;0;0;0;0;0;0
Ağustos 2026;Yerli;Türkçe;Lead;Medikal Estetik / Plastik Cerrahi;Doruk Hastaneleri - SİNA ÖZEL Sağlık Hizmetleri A.ş;TRY;ABO / Medikal Estetik lead / 28.11.2023;​120202625130740399;PAUSED;dövme silme  /  not broad /  18 - 50  K-E;​120202625647600399;CAMPAIGN_PAUSED;LEAD_GENERATION;0;0;200;0;0;0;0;0;0;0;0;0;0
Temmuz 2026;Yerli;Türkçe;Lead;Medikal Estetik / Plastik Cerrahi;Doruk Hastaneleri - SİNA ÖZEL Sağlık Hizmetleri A.ş;TRY;ABO / Medikal Estetik lead / 28.11.2023;​120202625130740399;PAUSED;karbon peeling  /  18 - 50  K-E;​120202626318840399;PAUSED;LEAD_GENERATION;0;0;200;0;0;0;0;0;0;0;0;0;0
Ağustos 2026;Yerli;Türkçe;Lead;Medikal Estetik / Plastik Cerrahi;Doruk Hastaneleri - SİNA ÖZEL Sağlık Hizmetleri A.ş;TRY;ABO / Medikal Estetik lead / 28.11.2023;​120202625130740399;PAUSED;karbon peeling  /  18 - 50  K-E;​120202626318840399;PAUSED;LEAD_GENERATION;0;0;200;0;0;0;0;0;0;0;0;0;0
Temmuz 2026;Yerli;Türkçe;Lead;Medikal Estetik / Plastik Cerrahi;Doruk Hastaneleri - SİNA ÖZEL Sağlık Hizmetleri A.ş;TRY;ABO / Medikal Estetik lead / 28.11.2023;​120202625130740399;PAUSED;koltuk altı renk açma  /  18 - 50  K;​120205882272460399;CAMPAIGN_PAUSED;LEAD_GENERATION;0;0;200;0;0;0;0;0;0;0;0;0;0
Ağustos 2026;Yerli;Türkçe;Lead;Medikal Estetik / Plastik Cerrahi;Doruk Hastaneleri - SİNA ÖZEL Sağlık Hizmetleri A.ş;TRY;ABO / Medikal Estetik lead / 28.11.2023;​120202625130740399;PAUSED;koltuk altı renk açma  /  18 - 50  K;​120205882272460399;CAMPAIGN_PAUSED;LEAD_GENERATION;0;0;200;0;0;0;0;0;0;0;0;0;0
Temmuz 2026;Yerli;Türkçe;Lead;Medikal Estetik / Plastik Cerrahi;Doruk Hastaneleri - SİNA ÖZEL Sağlık Hizmetleri A.ş;TRY;ABO / Medikal Estetik lead / 28.11.2023;​120202625130740399;PAUSED;kök hücre uygulaması  /  18 - 50  K;​120205885465240399;PAUSED;LEAD_GENERATION;0;0;200;0;0;0;0;0;0;0;0;0;0
Ağustos 2026;Yerli;Türkçe;Lead;Medikal Estetik / Plastik Cerrahi;Doruk Hastaneleri - SİNA ÖZEL Sağlık Hizmetleri A.ş;TRY;ABO / Medikal Estetik lead / 28.11.2023;​120202625130740399;PAUSED;kök hücre uygulaması  /  18 - 50  K;​120205885465240399;PAUSED;LEAD_GENERATION;0;0;200;0;0;0;0;0;0;0;0;0;0
Temmuz 2026;Yerli;Türkçe;Lead;Medikal Estetik / Plastik Cerrahi;Doruk Hastaneleri - SİNA ÖZEL Sağlık Hizmetleri A.ş;TRY;ABO / Medikal Estetik lead / 28.11.2023;​120202625130740399;PAUSED;lazer epilasyon  /  18 - 50  K;​120202625130780399;CAMPAIGN_PAUSED;LEAD_GENERATION;0;0;200;0;0;0;0;0;0;0;0;0;0
Ağustos 2026;Yerli;Türkçe;Lead;Medikal Estetik / Plastik Cerrahi;Doruk Hastaneleri - SİNA ÖZEL Sağlık Hizmetleri A.ş;TRY;ABO / Medikal Estetik lead / 28.11.2023;​120202625130740399;PAUSED;lazer epilasyon  /  18 - 50  K;​120202625130780399;CAMPAIGN_PAUSED;LEAD_GENERATION;0;0;200;0;0;0;0;0;0;0;0;0;0
Temmuz 2026;Yerli;Türkçe;Lead;Medikal Estetik / Plastik Cerrahi;Doruk Hastaneleri - SİNA ÖZEL Sağlık Hizmetleri A.ş;TRY;ABO / Medikal Estetik lead / 28.11.2023;​120202625130740399;PAUSED;leke tedavisi  /  18 - 50  K;​120202626900000399;CAMPAIGN_PAUSED;LEAD_GENERATION;0;0;200;0;0;0;0;0;0;0;0;0;0
Ağustos 2026;Yerli;Türkçe;Lead;Medikal Estetik / Plastik Cerrahi;Doruk Hastaneleri - SİNA ÖZEL Sağlık Hizmetleri A.ş;TRY;ABO / Medikal Estetik lead / 28.11.2023;​120202625130740399;PAUSED;leke tedavisi  /  18 - 50  K;​120202626900000399;CAMPAIGN_PAUSED;LEAD_GENERATION;0;0;200;0;0;0;0;0;0;0;0;0;0
Temmuz 2026;Yerli;Türkçe;Lead;Medikal Estetik / Plastik Cerrahi;Doruk Hastaneleri - SİNA ÖZEL Sağlık Hizmetleri A.ş;TRY;ABO / Medikal Estetik lead / 28.11.2023;​120202625130740399;PAUSED;tırnak mantarı  /  15 - 50  K-E;​120202626738250399;CAMPAIGN_PAUSED;LEAD_GENERATION;0;0;200;0;0;0;0;0;0;0;0;0;0
Ağustos 2026;Yerli;Türkçe;Lead;Medikal Estetik / Plastik Cerrahi;Doruk Hastaneleri - SİNA ÖZEL Sağlık Hizmetleri A.ş;TRY;ABO / Medikal Estetik lead / 28.11.2023;​120202625130740399;PAUSED;tırnak mantarı  /  15 - 50  K-E;​120202626738250399;CAMPAIGN_PAUSED;LEAD_GENERATION;0;0;200;0;0;0;0;0;0;0;0;0;0
Temmuz 2026;Yerli;Türkçe;Lead;Medikal Estetik / Plastik Cerrahi;Doruk Hastaneleri - SİNA ÖZEL Sağlık Hizmetleri A.ş;TRY;ABO / Medikal Estetik lead / 28.11.2023;​120202625130740399;PAUSED;tüy sarartma  /  25 - 50  K;​120202626715640399;PAUSED;LEAD_GENERATION;0;0;150;0;0;0;0;0;0;0;0;0;0
Ağustos 2026;Yerli;Türkçe;Lead;Medikal Estetik / Plastik Cerrahi;Doruk Hastaneleri - SİNA ÖZEL Sağlık Hizmetleri A.ş;TRY;ABO / Medikal Estetik lead / 28.11.2023;​120202625130740399;PAUSED;tüy sarartma  /  25 - 50  K;​120202626715640399;PAUSED;LEAD_GENERATION;0;0;150;0;0;0;0;0;0;0;0;0;0
Temmuz 2026;Yerli;Türkçe;Lead;Medikal Estetik / Plastik Cerrahi;Doruk Hastaneleri - SİNA ÖZEL Sağlık Hizmetleri A.ş;TRY;ABO / Meme Estetiği / plastik cerrahi / lead;​120211732311210399;ACTIVE;Yeni Potansiyel Müşteriler Reklam Seti;​120211732311200399;ACTIVE;LEAD_GENERATION;0;0;1000;0;19798.39;173058;73565;1010;58;0;58;7;0
Ağustos 2026;Yerli;Türkçe;Lead;Medikal Estetik / Plastik Cerrahi;Doruk Hastaneleri - SİNA ÖZEL Sağlık Hizmetleri A.ş;TRY;ABO / Meme Estetiği / plastik cerrahi / lead;​120211732311210399;ACTIVE;Yeni Potansiyel Müşteriler Reklam Seti;​120211732311200399;ACTIVE;LEAD_GENERATION;0;0;1000;0;3667.96;31058;19028;150;6;0;6;0;0
Temmuz 2026;Yerli;Türkçe;Lead;Medikal Estetik / Plastik Cerrahi;Doruk Hastaneleri - SİNA ÖZEL Sağlık Hizmetleri A.ş;TRY;ABO / Rinoplasti / plastik cerrahi / lead;​120211732654260399;ACTIVE;broad 23-45 K/E;​120211732654280399;ACTIVE;LEAD_GENERATION;0;0;800;0;16042.89;100574;38504;672;21;0;21;3;0
Ağustos 2026;Yerli;Türkçe;Lead;Medikal Estetik / Plastik Cerrahi;Doruk Hastaneleri - SİNA ÖZEL Sağlık Hizmetleri A.ş;TRY;ABO / Rinoplasti / plastik cerrahi / lead;​120211732654260399;ACTIVE;broad 23-45 K/E;​120211732654280399;ACTIVE;LEAD_GENERATION;0;0;800;0;3131.81;22967;14296;129;6;0;6;1;0
Temmuz 2026;Yerli;Türkçe;Lead;Medikal Estetik / Plastik Cerrahi;Doruk Hastaneleri - SİNA ÖZEL Sağlık Hizmetleri A.ş;TRY;ABO / Vücut Şekillendirme / plastik cerrahi / lead;​120211732712890399;ACTIVE;broad 23 - 50 K;​120211732712910399;ACTIVE;LEAD_GENERATION;0;0;300;0;6204.61;24076;9234;284;29;0;29;5;0
Ağustos 2026;Yerli;Türkçe;Lead;Medikal Estetik / Plastik Cerrahi;Doruk Hastaneleri - SİNA ÖZEL Sağlık Hizmetleri A.ş;TRY;ABO / Vücut Şekillendirme / plastik cerrahi / lead;​120211732712890399;ACTIVE;broad 23 - 50 K;​120211732712910399;ACTIVE;LEAD_GENERATION;0;0;300;0;1227.74;4990;3099;57;6;0;6;0;0
Temmuz 2026;Yerli;Türkçe;Lead;Medikal Estetik / Plastik Cerrahi;Doruk Hastaneleri - SİNA ÖZEL Sağlık Hizmetleri A.ş;TRY;ABO / Yüz Germe (Facelift) / plastik cerrahi / lead;​120211732754080399;ACTIVE;broad 25-45 K;​120211732754070399;ACTIVE;LEAD_GENERATION;0;0;300;0;6137.23;19094;7044;264;12;0;12;3;0
Ağustos 2026;Yerli;Türkçe;Lead;Medikal Estetik / Plastik Cerrahi;Doruk Hastaneleri - SİNA ÖZEL Sağlık Hizmetleri A.ş;TRY;ABO / Yüz Germe (Facelift) / plastik cerrahi / lead;​120211732754080399;ACTIVE;broad 25-45 K;​120211732754070399;ACTIVE;LEAD_GENERATION;0;0;300;0;1215.68;3780;2394;51;1;0;1;0;0
Temmuz 2026;Yerli;Türkçe;Lead;Medikal Estetik / Plastik Cerrahi;Doruk Hastaneleri - SİNA ÖZEL Sağlık Hizmetleri A.ş;TRY;ABO /Jinekomasti / plastik cerrahi / lead;​120211732618490399;ACTIVE;broad 25-50 E;​120211732618480399;ACTIVE;LEAD_GENERATION;0;0;300;0;6006.43;64023;27590;329;19;0;19;1;0
Ağustos 2026;Yerli;Türkçe;Lead;Medikal Estetik / Plastik Cerrahi;Doruk Hastaneleri - SİNA ÖZEL Sağlık Hizmetleri A.ş;TRY;ABO /Jinekomasti / plastik cerrahi / lead;​120211732618490399;ACTIVE;broad 25-50 E;​120211732618480399;ACTIVE;LEAD_GENERATION;0;0;300;0;1147.2;12775;8933;70;2;0;2;0;0
Temmuz 2026;Yerli;Türkçe;Lead;Medikal Estetik / Plastik Cerrahi;Doruk Hastaneleri - SİNA ÖZEL Sağlık Hizmetleri A.ş;TRY;ABO /Kepçe Kulak / plastik cerrahi / lead;​120211732243050399;ACTIVE;Yeni Potansiyel Müşteriler Reklam Seti;​120211732243040399;ACTIVE;LEAD_GENERATION;0;0;300;0;5981.94;148420;92061;582;25;0;25;3;0
Ağustos 2026;Yerli;Türkçe;Lead;Medikal Estetik / Plastik Cerrahi;Doruk Hastaneleri - SİNA ÖZEL Sağlık Hizmetleri A.ş;TRY;ABO /Kepçe Kulak / plastik cerrahi / lead;​120211732243050399;ACTIVE;Yeni Potansiyel Müşteriler Reklam Seti;​120211732243040399;ACTIVE;LEAD_GENERATION;0;0;300;0;1112.14;21070;17180;85;4;0;4;0;0
Temmuz 2026;Yerli;Türkçe;Lead;Medikal Estetik / Plastik Cerrahi;Doruk Tibbi Bilgiler;TRY;Estetik - Jinekomasti - Anglosfer - Genel - EN - lead;​52668153439824;PAUSED;Jinekomasti - Erkek - Amerika - EN;​52668153437024;PAUSED;LEAD_GENERATION;0;0;2500;0;0;0;0;0;0;0;0;0;0
Ağustos 2026;Yerli;Türkçe;Lead;Medikal Estetik / Plastik Cerrahi;Doruk Tibbi Bilgiler;TRY;Estetik - Jinekomasti - Anglosfer - Genel - EN - lead;​52668153439824;PAUSED;Jinekomasti - Erkek - Amerika - EN;​52668153437024;PAUSED;LEAD_GENERATION;0;0;2500;0;0;0;0;0;0;0;0;0;0
Temmuz 2026;Yerli;Türkçe;Lead;Medikal Estetik / Plastik Cerrahi;Doruk Tibbi Bilgiler;TRY;Estetik - Jinekomasti - Anglosfer - Genel - EN - lead;​52668153439824;PAUSED;Jinekomasti - Erkek - Amerika - EN - iOS;​52668195120224;PAUSED;LEAD_GENERATION;0;0;2500;0;0;0;0;0;0;0;0;0;0
Ağustos 2026;Yerli;Türkçe;Lead;Medikal Estetik / Plastik Cerrahi;Doruk Tibbi Bilgiler;TRY;Estetik - Jinekomasti - Anglosfer - Genel - EN - lead;​52668153439824;PAUSED;Jinekomasti - Erkek - Amerika - EN - iOS;​52668195120224;PAUSED;LEAD_GENERATION;0;0;2500;0;0;0;0;0;0;0;0;0;0
Temmuz 2026;Yerli;Türkçe;Lead;Medikal Estetik / Plastik Cerrahi;Doruk Tibbi Bilgiler;TRY;Estetik - Jinekomasti - Anglosfer - Genel - EN - lead;​52668153439824;PAUSED;Jinekomasti - Erkek - Avusturalya - EN;​52668192053424;PAUSED;LEAD_GENERATION;0;0;2500;0;0;0;0;0;0;0;0;0;0
Ağustos 2026;Yerli;Türkçe;Lead;Medikal Estetik / Plastik Cerrahi;Doruk Tibbi Bilgiler;TRY;Estetik - Jinekomasti - Anglosfer - Genel - EN - lead;​52668153439824;PAUSED;Jinekomasti - Erkek - Avusturalya - EN;​52668192053424;PAUSED;LEAD_GENERATION;0;0;2500;0;0;0;0;0;0;0;0;0;0
Temmuz 2026;Yerli;Türkçe;Lead;Medikal Estetik / Plastik Cerrahi;Doruk Tibbi Bilgiler;TRY;Estetik - Jinekomasti - Anglosfer - Genel - EN - lead;​52668153439824;PAUSED;Jinekomasti - Erkek - Avusturalya - EN - iOS;​52668194299624;PAUSED;LEAD_GENERATION;0;0;2500;0;0;0;0;0;0;0;0;0;0
Ağustos 2026;Yerli;Türkçe;Lead;Medikal Estetik / Plastik Cerrahi;Doruk Tibbi Bilgiler;TRY;Estetik - Jinekomasti - Anglosfer - Genel - EN - lead;​52668153439824;PAUSED;Jinekomasti - Erkek - Avusturalya - EN - iOS;​52668194299624;PAUSED;LEAD_GENERATION;0;0;2500;0;0;0;0;0;0;0;0;0;0
Temmuz 2026;Yerli;Türkçe;Lead;Medikal Estetik / Plastik Cerrahi;Doruk Tibbi Bilgiler;TRY;Estetik - Jinekomasti - Anglosfer - Genel - EN - lead;​52668153439824;PAUSED;Jinekomasti - Erkek - Birleşik Krallık - EN;​52668191685824;PAUSED;LEAD_GENERATION;0;0;2500;0;0;0;0;0;0;0;0;0;0
Ağustos 2026;Yerli;Türkçe;Lead;Medikal Estetik / Plastik Cerrahi;Doruk Tibbi Bilgiler;TRY;Estetik - Jinekomasti - Anglosfer - Genel - EN - lead;​52668153439824;PAUSED;Jinekomasti - Erkek - Birleşik Krallık - EN;​52668191685824;PAUSED;LEAD_GENERATION;0;0;2500;0;0;0;0;0;0;0;0;0;0
Temmuz 2026;Yerli;Türkçe;Lead;Medikal Estetik / Plastik Cerrahi;Doruk Tibbi Bilgiler;TRY;Estetik - Jinekomasti - Anglosfer - Genel - EN - lead;​52668153439824;PAUSED;Jinekomasti - Erkek - Birleşik Krallık - EN - iOS;​52668194669024;PAUSED;LEAD_GENERATION;0;0;2500;0;0;0;0;0;0;0;0;0;0
Ağustos 2026;Yerli;Türkçe;Lead;Medikal Estetik / Plastik Cerrahi;Doruk Tibbi Bilgiler;TRY;Estetik - Jinekomasti - Anglosfer - Genel - EN - lead;​52668153439824;PAUSED;Jinekomasti - Erkek - Birleşik Krallık - EN - iOS;​52668194669024;PAUSED;LEAD_GENERATION;0;0;2500;0;0;0;0;0;0;0;0;0;0
Temmuz 2026;Yerli;Türkçe;Lead;Medikal Estetik / Plastik Cerrahi;Doruk Tibbi Bilgiler;TRY;Estetik - Jinekomasti - Anglosfer - Genel - EN - lead;​52668153439824;PAUSED;Jinekomasti - Erkek - Kanada - EN;​52668192582224;PAUSED;LEAD_GENERATION;0;0;2500;0;0;0;0;0;0;0;0;0;0
Ağustos 2026;Yerli;Türkçe;Lead;Medikal Estetik / Plastik Cerrahi;Doruk Tibbi Bilgiler;TRY;Estetik - Jinekomasti - Anglosfer - Genel - EN - lead;​52668153439824;PAUSED;Jinekomasti - Erkek - Kanada - EN;​52668192582224;PAUSED;LEAD_GENERATION;0;0;2500;0;0;0;0;0;0;0;0;0;0
Temmuz 2026;Yerli;Türkçe;Lead;Medikal Estetik / Plastik Cerrahi;Doruk Tibbi Bilgiler;TRY;Estetik - Jinekomasti - Anglosfer - Genel - EN - lead;​52668153439824;PAUSED;Jinekomasti - Erkek - Kanada - EN - iOS;​52668193170624;PAUSED;LEAD_GENERATION;0;0;2500;0;0;0;0;0;0;0;0;0;0
Ağustos 2026;Yerli;Türkçe;Lead;Medikal Estetik / Plastik Cerrahi;Doruk Tibbi Bilgiler;TRY;Estetik - Jinekomasti - Anglosfer - Genel - EN - lead;​52668153439824;PAUSED;Jinekomasti - Erkek - Kanada - EN - iOS;​52668193170624;PAUSED;LEAD_GENERATION;0;0;2500;0;0;0;0;0;0;0;0;0;0
Temmuz 2026;Yerli;Türkçe;Lead;Medikal Estetik / Plastik Cerrahi;Doruk Tibbi Bilgiler;TRY;Estetik - Jinekomasti - Anglosfer - Genel - EN - lead;​52668153439824;PAUSED;Jinekomasti - Erkek - Yeni Zellanda - EN;​52668190717024;PAUSED;LEAD_GENERATION;0;0;2500;0;0;0;0;0;0;0;0;0;0
Ağustos 2026;Yerli;Türkçe;Lead;Medikal Estetik / Plastik Cerrahi;Doruk Tibbi Bilgiler;TRY;Estetik - Jinekomasti - Anglosfer - Genel - EN - lead;​52668153439824;PAUSED;Jinekomasti - Erkek - Yeni Zellanda - EN;​52668190717024;PAUSED;LEAD_GENERATION;0;0;2500;0;0;0;0;0;0;0;0;0;0
Temmuz 2026;Yerli;Türkçe;Lead;Medikal Estetik / Plastik Cerrahi;Doruk Tibbi Bilgiler;TRY;Estetik - Jinekomasti - Anglosfer - Genel - EN - lead;​52668153439824;PAUSED;Jinekomasti - Erkek - Yeni Zellanda - EN - iOS;​52668194801224;PAUSED;LEAD_GENERATION;0;0;2500;0;0;0;0;0;0;0;0;0;0
Ağustos 2026;Yerli;Türkçe;Lead;Medikal Estetik / Plastik Cerrahi;Doruk Tibbi Bilgiler;TRY;Estetik - Jinekomasti - Anglosfer - Genel - EN - lead;​52668153439824;PAUSED;Jinekomasti - Erkek - Yeni Zellanda - EN - iOS;​52668194801224;PAUSED;LEAD_GENERATION;0;0;2500;0;0;0;0;0;0;0;0;0;0
Temmuz 2026;Yerli;Türkçe;Lead;Medikal Estetik / Plastik Cerrahi;Doruk Tibbi Bilgiler;TRY;Estetik - Rinoplasti - Anglosfer - Genel - EN - lead;​52537561870224;PAUSED;Rinoplasti - Genel - Birleşik Krallık - EN;​52544269192224;CAMPAIGN_PAUSED;LEAD_GENERATION;0;0;3000;0;0;0;0;0;0;0;0;0;0
Ağustos 2026;Yerli;Türkçe;Lead;Medikal Estetik / Plastik Cerrahi;Doruk Tibbi Bilgiler;TRY;Estetik - Rinoplasti - Anglosfer - Genel - EN - lead;​52537561870224;PAUSED;Rinoplasti - Genel - Birleşik Krallık - EN;​52544269192224;CAMPAIGN_PAUSED;LEAD_GENERATION;0;0;3000;0;0;0;0;0;0;0;0;0;0
Temmuz 2026;Yerli;Türkçe;Lead;Medikal Estetik / Plastik Cerrahi;Doruk Tibbi Bilgiler;TRY;Estetik - Rinoplasti - Anglosfer - Genel - EN - lead;​52537561870224;PAUSED;Rinoplasti - Kadın - Amerika - EN;​52540324007624;PAUSED;LEAD_GENERATION;0;0;2500;0;0;0;0;0;0;0;0;0;0
Ağustos 2026;Yerli;Türkçe;Lead;Medikal Estetik / Plastik Cerrahi;Doruk Tibbi Bilgiler;TRY;Estetik - Rinoplasti - Anglosfer - Genel - EN - lead;​52537561870224;PAUSED;Rinoplasti - Kadın - Amerika - EN;​52540324007624;PAUSED;LEAD_GENERATION;0;0;2500;0;0;0;0;0;0;0;0;0;0
Temmuz 2026;Yerli;Türkçe;Lead;Medikal Estetik / Plastik Cerrahi;Doruk Tibbi Bilgiler;TRY;Estetik - Rinoplasti - Anglosfer - Genel - EN - lead;​52537561870224;PAUSED;Rinoplasti - Kadın - Avusturalya - EN;​52540316023424;PAUSED;LEAD_GENERATION;0;0;2500;0;0;0;0;0;0;0;0;0;0
Ağustos 2026;Yerli;Türkçe;Lead;Medikal Estetik / Plastik Cerrahi;Doruk Tibbi Bilgiler;TRY;Estetik - Rinoplasti - Anglosfer - Genel - EN - lead;​52537561870224;PAUSED;Rinoplasti - Kadın - Avusturalya - EN;​52540316023424;PAUSED;LEAD_GENERATION;0;0;2500;0;0;0;0;0;0;0;0;0;0
Temmuz 2026;Yerli;Türkçe;Lead;Medikal Estetik / Plastik Cerrahi;Doruk Tibbi Bilgiler;TRY;Estetik - Rinoplasti - Anglosfer - Genel - EN - lead;​52537561870224;PAUSED;Rinoplasti - Kadın - Avusturalya,Yeni Zelanda - EN;​52551836606424;CAMPAIGN_PAUSED;LEAD_GENERATION;0;0;2500;0;0;0;0;0;0;0;0;0;0
Ağustos 2026;Yerli;Türkçe;Lead;Medikal Estetik / Plastik Cerrahi;Doruk Tibbi Bilgiler;TRY;Estetik - Rinoplasti - Anglosfer - Genel - EN - lead;​52537561870224;PAUSED;Rinoplasti - Kadın - Avusturalya,Yeni Zelanda - EN;​52551836606424;CAMPAIGN_PAUSED;LEAD_GENERATION;0;0;2500;0;0;0;0;0;0;0;0;0;0
Temmuz 2026;Yerli;Türkçe;Lead;Medikal Estetik / Plastik Cerrahi;Doruk Tibbi Bilgiler;TRY;Estetik - Rinoplasti - Anglosfer - Genel - EN - lead;​52537561870224;PAUSED;Rinoplasti - Kadın - Kanada - EN;​52540324679424;PAUSED;LEAD_GENERATION;0;0;2500;0;0;0;0;0;0;0;0;0;0
Ağustos 2026;Yerli;Türkçe;Lead;Medikal Estetik / Plastik Cerrahi;Doruk Tibbi Bilgiler;TRY;Estetik - Rinoplasti - Anglosfer - Genel - EN - lead;​52537561870224;PAUSED;Rinoplasti - Kadın - Kanada - EN;​52540324679424;PAUSED;LEAD_GENERATION;0;0;2500;0;0;0;0;0;0;0;0;0;0
Temmuz 2026;Yerli;Türkçe;Lead;Medikal Estetik / Plastik Cerrahi;Doruk Tibbi Bilgiler;TRY;Estetik - Rinoplasti - Anglosfer - Genel - EN - lead;​52537561870224;PAUSED;Rinoplasti - Kadın - Kuzey Amerika - EN - Kopya;​52551824359624;CAMPAIGN_PAUSED;LEAD_GENERATION;0;0;5000;0;0;0;0;0;0;0;0;0;0
Ağustos 2026;Yerli;Türkçe;Lead;Medikal Estetik / Plastik Cerrahi;Doruk Tibbi Bilgiler;TRY;Estetik - Rinoplasti - Anglosfer - Genel - EN - lead;​52537561870224;PAUSED;Rinoplasti - Kadın - Kuzey Amerika - EN - Kopya;​52551824359624;CAMPAIGN_PAUSED;LEAD_GENERATION;0;0;5000;0;0;0;0;0;0;0;0;0;0
Temmuz 2026;Yerli;Türkçe;Lead;Medikal Estetik / Plastik Cerrahi;Doruk Tibbi Bilgiler;TRY;Estetik - Rinoplasti - Anglosfer - Genel - EN - lead;​52537561870224;PAUSED;Rinoplasti - Kadın - Yeni Zelanda - EN;​52540322858624;PAUSED;LEAD_GENERATION;0;0;2500;0;0;0;0;0;0;0;0;0;0
Ağustos 2026;Yerli;Türkçe;Lead;Medikal Estetik / Plastik Cerrahi;Doruk Tibbi Bilgiler;TRY;Estetik - Rinoplasti - Anglosfer - Genel - EN - lead;​52537561870224;PAUSED;Rinoplasti - Kadın - Yeni Zelanda - EN;​52540322858624;PAUSED;LEAD_GENERATION;0;0;2500;0;0;0;0;0;0;0;0;0;0
Temmuz 2026;Yerli;Türkçe;Lead;Medikal Estetik / Plastik Cerrahi;Doruk Tibbi Bilgiler;TRY;Estetik - Rinoplasti - Arap Bölgesi - Genel - AR - lead;​52539722393824;PAUSED;Rinoplasti - Kadın - BAE - AR;​52540976152224;PAUSED;LEAD_GENERATION;0;0;3000;0;0;0;0;0;0;0;0;0;0
Ağustos 2026;Yerli;Türkçe;Lead;Medikal Estetik / Plastik Cerrahi;Doruk Tibbi Bilgiler;TRY;Estetik - Rinoplasti - Arap Bölgesi - Genel - AR - lead;​52539722393824;PAUSED;Rinoplasti - Kadın - BAE - AR;​52540976152224;PAUSED;LEAD_GENERATION;0;0;3000;0;0;0;0;0;0;0;0;0;0
Temmuz 2026;Yerli;Türkçe;Lead;Medikal Estetik / Plastik Cerrahi;Doruk Tibbi Bilgiler;TRY;Estetik - Rinoplasti - Arap Bölgesi - Genel - AR - lead;​52539722393824;PAUSED;Rinoplasti - Kadın - BAE - iOS - AR;​52547801084024;CAMPAIGN_PAUSED;LEAD_GENERATION;0;0;2000;0;0;0;0;0;0;0;0;0;0
Ağustos 2026;Yerli;Türkçe;Lead;Medikal Estetik / Plastik Cerrahi;Doruk Tibbi Bilgiler;TRY;Estetik - Rinoplasti - Arap Bölgesi - Genel - AR - lead;​52539722393824;PAUSED;Rinoplasti - Kadın - BAE - iOS - AR;​52547801084024;CAMPAIGN_PAUSED;LEAD_GENERATION;0;0;2000;0;0;0;0;0;0;0;0;0;0
Temmuz 2026;Yerli;Türkçe;Lead;Medikal Estetik / Plastik Cerrahi;Doruk Tibbi Bilgiler;TRY;Estetik - Rinoplasti - Arap Bölgesi - Genel - AR - lead;​52539722393824;PAUSED;Rinoplasti - Kadın - Bahreyn - AR;​52540978535024;PAUSED;LEAD_GENERATION;0;0;2000;0;0;0;0;0;0;0;0;0;0
Ağustos 2026;Yerli;Türkçe;Lead;Medikal Estetik / Plastik Cerrahi;Doruk Tibbi Bilgiler;TRY;Estetik - Rinoplasti - Arap Bölgesi - Genel - AR - lead;​52539722393824;PAUSED;Rinoplasti - Kadın - Bahreyn - AR;​52540978535024;PAUSED;LEAD_GENERATION;0;0;2000;0;0;0;0;0;0;0;0;0;0
Temmuz 2026;Yerli;Türkçe;Lead;Medikal Estetik / Plastik Cerrahi;Doruk Tibbi Bilgiler;TRY;Estetik - Rinoplasti - Arap Bölgesi - Genel - AR - lead;​52539722393824;PAUSED;Rinoplasti - Kadın - Bahreyn/Umman - iOS - AR - Kopya;​52547802719224;CAMPAIGN_PAUSED;LEAD_GENERATION;0;0;1000;0;0;0;0;0;0;0;0;0;0
Ağustos 2026;Yerli;Türkçe;Lead;Medikal Estetik / Plastik Cerrahi;Doruk Tibbi Bilgiler;TRY;Estetik - Rinoplasti - Arap Bölgesi - Genel - AR - lead;​52539722393824;PAUSED;Rinoplasti - Kadın - Bahreyn/Umman - iOS - AR - Kopya;​52547802719224;CAMPAIGN_PAUSED;LEAD_GENERATION;0;0;1000;0;0;0;0;0;0;0;0;0;0
Temmuz 2026;Yerli;Türkçe;Lead;Medikal Estetik / Plastik Cerrahi;Doruk Tibbi Bilgiler;TRY;Estetik - Rinoplasti - Arap Bölgesi - Genel - AR - lead;​52539722393824;PAUSED;Rinoplasti - Kadın - Katar - AR;​52540591157424;PAUSED;LEAD_GENERATION;0;0;3000;0;0;0;0;0;0;0;0;0;0
Ağustos 2026;Yerli;Türkçe;Lead;Medikal Estetik / Plastik Cerrahi;Doruk Tibbi Bilgiler;TRY;Estetik - Rinoplasti - Arap Bölgesi - Genel - AR - lead;​52539722393824;PAUSED;Rinoplasti - Kadın - Katar - AR;​52540591157424;PAUSED;LEAD_GENERATION;0;0;3000;0;0;0;0;0;0;0;0;0;0
Temmuz 2026;Yerli;Türkçe;Lead;Medikal Estetik / Plastik Cerrahi;Doruk Tibbi Bilgiler;TRY;Estetik - Rinoplasti - Arap Bölgesi - Genel - AR - lead;​52539722393824;PAUSED;Rinoplasti - Kadın - Kuveyt - AR;​52540981644624;PAUSED;LEAD_GENERATION;0;0;4500;0;0;0;0;0;0;0;0;0;0
Ağustos 2026;Yerli;Türkçe;Lead;Medikal Estetik / Plastik Cerrahi;Doruk Tibbi Bilgiler;TRY;Estetik - Rinoplasti - Arap Bölgesi - Genel - AR - lead;​52539722393824;PAUSED;Rinoplasti - Kadın - Kuveyt - AR;​52540981644624;PAUSED;LEAD_GENERATION;0;0;4500;0;0;0;0;0;0;0;0;0;0
Temmuz 2026;Yerli;Türkçe;Lead;Medikal Estetik / Plastik Cerrahi;Doruk Tibbi Bilgiler;TRY;Estetik - Rinoplasti - Arap Bölgesi - Genel - AR - lead;​52539722393824;PAUSED;Rinoplasti - Kadın - Kuveyt-Katar - iOS - AR;​52547794818624;CAMPAIGN_PAUSED;LEAD_GENERATION;0;0;4500;0;0;0;0;0;0;0;0;0;0
Ağustos 2026;Yerli;Türkçe;Lead;Medikal Estetik / Plastik Cerrahi;Doruk Tibbi Bilgiler;TRY;Estetik - Rinoplasti - Arap Bölgesi - Genel - AR - lead;​52539722393824;PAUSED;Rinoplasti - Kadın - Kuveyt-Katar - iOS - AR;​52547794818624;CAMPAIGN_PAUSED;LEAD_GENERATION;0;0;4500;0;0;0;0;0;0;0;0;0;0
Temmuz 2026;Yerli;Türkçe;Lead;Medikal Estetik / Plastik Cerrahi;Doruk Tibbi Bilgiler;TRY;Estetik - Rinoplasti - Arap Bölgesi - Genel - AR - lead;​52539722393824;PAUSED;Rinoplasti - Kadın - Suud- iOS - AR - Kopya;​52547801372824;CAMPAIGN_PAUSED;LEAD_GENERATION;0;0;1000;0;0;0;0;0;0;0;0;0;0
Ağustos 2026;Yerli;Türkçe;Lead;Medikal Estetik / Plastik Cerrahi;Doruk Tibbi Bilgiler;TRY;Estetik - Rinoplasti - Arap Bölgesi - Genel - AR - lead;​52539722393824;PAUSED;Rinoplasti - Kadın - Suud- iOS - AR - Kopya;​52547801372824;CAMPAIGN_PAUSED;LEAD_GENERATION;0;0;1000;0;0;0;0;0;0;0;0;0;0
Temmuz 2026;Yerli;Türkçe;Lead;Medikal Estetik / Plastik Cerrahi;Doruk Tibbi Bilgiler;TRY;Estetik - Rinoplasti - Arap Bölgesi - Genel - AR - lead;​52539722393824;PAUSED;Rinoplasti - Kadın - Umman - AR;​52540981418424;PAUSED;LEAD_GENERATION;0;0;2000;0;0;0;0;0;0;0;0;0;0
Ağustos 2026;Yerli;Türkçe;Lead;Medikal Estetik / Plastik Cerrahi;Doruk Tibbi Bilgiler;TRY;Estetik - Rinoplasti - Arap Bölgesi - Genel - AR - lead;​52539722393824;PAUSED;Rinoplasti - Kadın - Umman - AR;​52540981418424;PAUSED;LEAD_GENERATION;0;0;2000;0;0;0;0;0;0;0;0;0;0
Temmuz 2026;Yerli;Türkçe;Lead;Medikal Estetik / Plastik Cerrahi;Doruk Tibbi Bilgiler;TRY;Estetik - Rinoplasti - Turki Cumhuriyetler - Genel - RU- lead;​52540126816224;PAUSED;Rinoplasti - Emin Öztürk - Kırgızistan - RU;​52540991831024;PAUSED;LEAD_GENERATION;0;0;1000;0;0;0;0;0;0;0;0;0;0
Ağustos 2026;Yerli;Türkçe;Lead;Medikal Estetik / Plastik Cerrahi;Doruk Tibbi Bilgiler;TRY;Estetik - Rinoplasti - Turki Cumhuriyetler - Genel - RU- lead;​52540126816224;PAUSED;Rinoplasti - Emin Öztürk - Kırgızistan - RU;​52540991831024;PAUSED;LEAD_GENERATION;0;0;1000;0;0;0;0;0;0;0;0;0;0
Temmuz 2026;Yerli;Türkçe;Lead;Medikal Estetik / Plastik Cerrahi;Doruk Tibbi Bilgiler;TRY;Estetik - Rinoplasti - Turki Cumhuriyetler - Genel - RU- lead;​52540126816224;PAUSED;Rinoplasti - Emin Öztürk - Özbekistan - RU;​52540126816424;PAUSED;LEAD_GENERATION;0;0;1000;0;0;0;0;0;0;0;0;0;0
Ağustos 2026;Yerli;Türkçe;Lead;Medikal Estetik / Plastik Cerrahi;Doruk Tibbi Bilgiler;TRY;Estetik - Rinoplasti - Turki Cumhuriyetler - Genel - RU- lead;​52540126816224;PAUSED;Rinoplasti - Emin Öztürk - Özbekistan - RU;​52540126816424;PAUSED;LEAD_GENERATION;0;0;1000;0;0;0;0;0;0;0;0;0;0
Temmuz 2026;Yerli;Türkçe;Lead;Medikal Estetik / Plastik Cerrahi;Doruk Tibbi Bilgiler;TRY;Estetik - Rinoplasti - Turki Cumhuriyetler - Genel - RU- lead;​52540126816224;PAUSED;Rinoplasti - Kadın - Kazakistan - RU;​52540992654024;PAUSED;LEAD_GENERATION;0;0;2500;0;0;0;0;0;0;0;0;0;0
Ağustos 2026;Yerli;Türkçe;Lead;Medikal Estetik / Plastik Cerrahi;Doruk Tibbi Bilgiler;TRY;Estetik - Rinoplasti - Turki Cumhuriyetler - Genel - RU- lead;​52540126816224;PAUSED;Rinoplasti - Kadın - Kazakistan - RU;​52540992654024;PAUSED;LEAD_GENERATION;0;0;2500;0;0;0;0;0;0;0;0;0;0
Temmuz 2026;Yerli;Türkçe;Lead;Medikal Estetik / Plastik Cerrahi;Doruk Tibbi Bilgiler;TRY;Whatsapp - Estetik - Rinoplasti - Anglosfer - Genel - EN - lead;​52545923403424;PAUSED;Amerika Kadın iOS + Gelir;​52547158765424;CAMPAIGN_PAUSED;CONVERSATIONS;0;0;3000;0;0;0;0;0;0;0;0;0;0
Ağustos 2026;Yerli;Türkçe;Lead;Medikal Estetik / Plastik Cerrahi;Doruk Tibbi Bilgiler;TRY;Whatsapp - Estetik - Rinoplasti - Anglosfer - Genel - EN - lead;​52545923403424;PAUSED;Amerika Kadın iOS + Gelir;​52547158765424;CAMPAIGN_PAUSED;CONVERSATIONS;0;0;3000;0;0;0;0;0;0;0;0;0;0
Temmuz 2026;Yerli;Türkçe;Lead;Medikal Estetik / Plastik Cerrahi;Doruk Tibbi Bilgiler;TRY;Whatsapp - Estetik - Rinoplasti - Anglosfer - Genel - EN - lead;​52545923403424;PAUSED;Amerika Yeni Potansiyel Müşteriler Reklam Seti;​52545989911224;PAUSED;CONVERSATIONS;0;0;3000;0;0;0;0;0;0;0;0;0;0
Ağustos 2026;Yerli;Türkçe;Lead;Medikal Estetik / Plastik Cerrahi;Doruk Tibbi Bilgiler;TRY;Whatsapp - Estetik - Rinoplasti - Anglosfer - Genel - EN - lead;​52545923403424;PAUSED;Amerika Yeni Potansiyel Müşteriler Reklam Seti;​52545989911224;PAUSED;CONVERSATIONS;0;0;3000;0;0;0;0;0;0;0;0;0;0
Temmuz 2026;Yerli;Türkçe;Lead;Medikal Estetik / Plastik Cerrahi;Doruk Tibbi Bilgiler;TRY;Whatsapp - Estetik - Rinoplasti - Anglosfer - Genel - EN - lead;​52545923403424;PAUSED;Avustralya Yeni Potansiyel Müşteriler Reklam Seti;​52545990193424;PAUSED;CONVERSATIONS;0;0;3000;0;0;0;0;0;0;0;0;0;0
Ağustos 2026;Yerli;Türkçe;Lead;Medikal Estetik / Plastik Cerrahi;Doruk Tibbi Bilgiler;TRY;Whatsapp - Estetik - Rinoplasti - Anglosfer - Genel - EN - lead;​52545923403424;PAUSED;Avustralya Yeni Potansiyel Müşteriler Reklam Seti;​52545990193424;PAUSED;CONVERSATIONS;0;0;3000;0;0;0;0;0;0;0;0;0;0
Temmuz 2026;Yerli;Türkçe;Lead;Medikal Estetik / Plastik Cerrahi;Doruk Tibbi Bilgiler;TRY;Whatsapp - Estetik - Rinoplasti - Anglosfer - Genel - EN - lead;​52545923403424;PAUSED;Avusturalya Kadın iOS;​52547158765624;CAMPAIGN_PAUSED;CONVERSATIONS;0;0;3000;0;0;0;0;0;0;0;0;0;0
Ağustos 2026;Yerli;Türkçe;Lead;Medikal Estetik / Plastik Cerrahi;Doruk Tibbi Bilgiler;TRY;Whatsapp - Estetik - Rinoplasti - Anglosfer - Genel - EN - lead;​52545923403424;PAUSED;Avusturalya Kadın iOS;​52547158765624;CAMPAIGN_PAUSED;CONVERSATIONS;0;0;3000;0;0;0;0;0;0;0;0;0;0
Temmuz 2026;Yerli;Türkçe;Lead;Medikal Estetik / Plastik Cerrahi;Doruk Tibbi Bilgiler;TRY;Whatsapp - Estetik - Rinoplasti - Anglosfer - Genel - EN - lead;​52545923403424;PAUSED;Kanada Kadın iOS;​52545990382624;CAMPAIGN_PAUSED;CONVERSATIONS;0;0;3000;0;0;0;0;0;0;0;0;0;0
Ağustos 2026;Yerli;Türkçe;Lead;Medikal Estetik / Plastik Cerrahi;Doruk Tibbi Bilgiler;TRY;Whatsapp - Estetik - Rinoplasti - Anglosfer - Genel - EN - lead;​52545923403424;PAUSED;Kanada Kadın iOS;​52545990382624;CAMPAIGN_PAUSED;CONVERSATIONS;0;0;3000;0;0;0;0;0;0;0;0;0;0
Temmuz 2026;Yerli;Türkçe;Lead;Medikal Estetik / Plastik Cerrahi;Doruk Tibbi Bilgiler;TRY;Whatsapp - Estetik - Rinoplasti - Anglosfer - Genel - EN - lead;​52545923403424;PAUSED;Yeni Zelanda Kadın iOS;​52547158764424;CAMPAIGN_PAUSED;CONVERSATIONS;0;0;3000;0;0;0;0;0;0;0;0;0;0
Ağustos 2026;Yerli;Türkçe;Lead;Medikal Estetik / Plastik Cerrahi;Doruk Tibbi Bilgiler;TRY;Whatsapp - Estetik - Rinoplasti - Anglosfer - Genel - EN - lead;​52545923403424;PAUSED;Yeni Zelanda Kadın iOS;​52547158764424;CAMPAIGN_PAUSED;CONVERSATIONS;0;0;3000;0;0;0;0;0;0;0;0;0;0
Temmuz 2026;Yerli;Türkçe;Lead;Medikal Estetik / Plastik Cerrahi;Doruk Tibbi Bilgiler;TRY;Whatsapp - Estetik - Rinoplasti - Anglosfer - Genel - EN - lead;​52545923403424;PAUSED;Yeni Zelanda Yeni Potansiyel Müşteriler Reklam Seti;​52545923405624;PAUSED;CONVERSATIONS;0;0;3000;0;0;0;0;0;0;0;0;0;0
Ağustos 2026;Yerli;Türkçe;Lead;Medikal Estetik / Plastik Cerrahi;Doruk Tibbi Bilgiler;TRY;Whatsapp - Estetik - Rinoplasti - Anglosfer - Genel - EN - lead;​52545923403424;PAUSED;Yeni Zelanda Yeni Potansiyel Müşteriler Reklam Seti;​52545923405624;PAUSED;CONVERSATIONS;0;0;3000;0;0;0;0;0;0;0;0;0;0
Temmuz 2026;Yerli;Türkçe;Lead;Medikal Estetik / Plastik Cerrahi;Doruk Tibbi Bilgiler;TRY;Whatsapp Estetik - Rinoplasti - Arap Bölgesi - Genel - AR - lead;​52545823354024;PAUSED;BAE Kadın IOS;​52547155574824;CAMPAIGN_PAUSED;CONVERSATIONS;0;0;2000;0;0;0;0;0;0;0;0;0;0
Ağustos 2026;Yerli;Türkçe;Lead;Medikal Estetik / Plastik Cerrahi;Doruk Tibbi Bilgiler;TRY;Whatsapp Estetik - Rinoplasti - Arap Bölgesi - Genel - AR - lead;​52545823354024;PAUSED;BAE Kadın IOS;​52547155574824;CAMPAIGN_PAUSED;CONVERSATIONS;0;0;2000;0;0;0;0;0;0;0;0;0;0
Temmuz 2026;Yerli;Türkçe;Lead;Medikal Estetik / Plastik Cerrahi;Doruk Tibbi Bilgiler;TRY;Whatsapp Estetik - Rinoplasti - Arap Bölgesi - Genel - AR - lead;​52545823354024;PAUSED;Bahreyn Kadın IOS;​52547155576424;CAMPAIGN_PAUSED;CONVERSATIONS;0;0;2000;0;0;0;0;0;0;0;0;0;0
Ağustos 2026;Yerli;Türkçe;Lead;Medikal Estetik / Plastik Cerrahi;Doruk Tibbi Bilgiler;TRY;Whatsapp Estetik - Rinoplasti - Arap Bölgesi - Genel - AR - lead;​52545823354024;PAUSED;Bahreyn Kadın IOS;​52547155576424;CAMPAIGN_PAUSED;CONVERSATIONS;0;0;2000;0;0;0;0;0;0;0;0;0;0
Temmuz 2026;Yerli;Türkçe;Lead;Medikal Estetik / Plastik Cerrahi;Doruk Tibbi Bilgiler;TRY;Whatsapp Estetik - Rinoplasti - Arap Bölgesi - Genel - AR - lead;​52545823354024;PAUSED;Katar Kadın IOS;​52545968891624;CAMPAIGN_PAUSED;CONVERSATIONS;0;0;1500;0;0;0;0;0;0;0;0;0;0
Ağustos 2026;Yerli;Türkçe;Lead;Medikal Estetik / Plastik Cerrahi;Doruk Tibbi Bilgiler;TRY;Whatsapp Estetik - Rinoplasti - Arap Bölgesi - Genel - AR - lead;​52545823354024;PAUSED;Katar Kadın IOS;​52545968891624;CAMPAIGN_PAUSED;CONVERSATIONS;0;0;1500;0;0;0;0;0;0;0;0;0;0
Temmuz 2026;Yerli;Türkçe;Lead;Medikal Estetik / Plastik Cerrahi;Doruk Tibbi Bilgiler;TRY;Whatsapp Estetik - Rinoplasti - Arap Bölgesi - Genel - AR - lead;​52545823354024;PAUSED;Kuveyt Kadın IOS;​52547155555224;CAMPAIGN_PAUSED;CONVERSATIONS;0;0;2500;0;0;0;0;0;0;0;0;0;0
Ağustos 2026;Yerli;Türkçe;Lead;Medikal Estetik / Plastik Cerrahi;Doruk Tibbi Bilgiler;TRY;Whatsapp Estetik - Rinoplasti - Arap Bölgesi - Genel - AR - lead;​52545823354024;PAUSED;Kuveyt Kadın IOS;​52547155555224;CAMPAIGN_PAUSED;CONVERSATIONS;0;0;2500;0;0;0;0;0;0;0;0;0;0
Temmuz 2026;Yerli;Türkçe;Lead;Medikal Estetik / Plastik Cerrahi;Doruk Tibbi Bilgiler;TRY;Whatsapp Estetik - Rinoplasti - Arap Bölgesi - Genel - AR - lead;​52545823354024;PAUSED;Umman Kadın IOS;​52547155574224;CAMPAIGN_PAUSED;CONVERSATIONS;0;0;1500;0;0;0;0;0;0;0;0;0;0
Ağustos 2026;Yerli;Türkçe;Lead;Medikal Estetik / Plastik Cerrahi;Doruk Tibbi Bilgiler;TRY;Whatsapp Estetik - Rinoplasti - Arap Bölgesi - Genel - AR - lead;​52545823354024;PAUSED;Umman Kadın IOS;​52547155574224;CAMPAIGN_PAUSED;CONVERSATIONS;0;0;1500;0;0;0;0;0;0;0;0;0;0
Temmuz 2026;Yerli;Türkçe;Lead;Robotik Cerrahi / Da Vinci;Doruk Hastaneleri - SİNA ÖZEL Sağlık Hizmetleri A.ş;TRY;Da Vinci - Form Kampanyası;​120240606213960399;PAUSED;Da Vinci Genel retargeting;​120241274002910399;PAUSED;LEAD_GENERATION;0;0;2000;0;0;0;0;0;0;0;0;0;0
Ağustos 2026;Yerli;Türkçe;Lead;Robotik Cerrahi / Da Vinci;Doruk Hastaneleri - SİNA ÖZEL Sağlık Hizmetleri A.ş;TRY;Da Vinci - Form Kampanyası;​120240606213960399;PAUSED;Da Vinci Genel retargeting;​120241274002910399;PAUSED;LEAD_GENERATION;0;0;2000;0;0;0;0;0;0;0;0;0;0
Temmuz 2026;Yerli;Türkçe;Lead;Robotik Cerrahi / Da Vinci;Doruk Hastaneleri - SİNA ÖZEL Sağlık Hizmetleri A.ş;TRY;Da Vinci - Form Kampanyası;​120240606213960399;PAUSED;DaVinci Genel;​120241273986620399;PAUSED;LEAD_GENERATION;0;0;3500;0;0;0;0;0;0;0;0;0;0
Ağustos 2026;Yerli;Türkçe;Lead;Robotik Cerrahi / Da Vinci;Doruk Hastaneleri - SİNA ÖZEL Sağlık Hizmetleri A.ş;TRY;Da Vinci - Form Kampanyası;​120240606213960399;PAUSED;DaVinci Genel;​120241273986620399;PAUSED;LEAD_GENERATION;0;0;3500;0;0;0;0;0;0;0;0;0;0
Temmuz 2026;Yerli;Türkçe;Lead;Robotik Cerrahi / Da Vinci;Doruk Hastaneleri - SİNA ÖZEL Sağlık Hizmetleri A.ş;TRY;Da Vinci - Form Kampanyası;​120240606213960399;PAUSED;Genel Cerrahi Fatih Serkan Yeğen;​120243474271300399;PAUSED;LEAD_GENERATION;0;0;3500;0;0;0;0;0;0;0;0;0;0
Ağustos 2026;Yerli;Türkçe;Lead;Robotik Cerrahi / Da Vinci;Doruk Hastaneleri - SİNA ÖZEL Sağlık Hizmetleri A.ş;TRY;Da Vinci - Form Kampanyası;​120240606213960399;PAUSED;Genel Cerrahi Fatih Serkan Yeğen;​120243474271300399;PAUSED;LEAD_GENERATION;0;0;3500;0;0;0;0;0;0;0;0;0;0
Temmuz 2026;Yerli;Türkçe;Lead;Robotik Cerrahi / Da Vinci;Doruk Hastaneleri - SİNA ÖZEL Sağlık Hizmetleri A.ş;TRY;Da Vinci - Form Kampanyası;​120240606213960399;PAUSED;Genel Cerrahi g.c;​120241273758820399;PAUSED;LEAD_GENERATION;0;0;3500;0;0;0;0;0;0;0;0;0;0
Ağustos 2026;Yerli;Türkçe;Lead;Robotik Cerrahi / Da Vinci;Doruk Hastaneleri - SİNA ÖZEL Sağlık Hizmetleri A.ş;TRY;Da Vinci - Form Kampanyası;​120240606213960399;PAUSED;Genel Cerrahi g.c;​120241273758820399;PAUSED;LEAD_GENERATION;0;0;3500;0;0;0;0;0;0;0;0;0;0
Temmuz 2026;Yerli;Türkçe;Lead;Robotik Cerrahi / Da Vinci;Doruk Hastaneleri - SİNA ÖZEL Sağlık Hizmetleri A.ş;TRY;Da Vinci - Form Kampanyası;​120240606213960399;PAUSED;Genel Cerrahi g.c retargeting;​120240758318780399;PAUSED;LEAD_GENERATION;0;0;2000;0;0;0;0;0;0;0;0;0;0
Ağustos 2026;Yerli;Türkçe;Lead;Robotik Cerrahi / Da Vinci;Doruk Hastaneleri - SİNA ÖZEL Sağlık Hizmetleri A.ş;TRY;Da Vinci - Form Kampanyası;​120240606213960399;PAUSED;Genel Cerrahi g.c retargeting;​120240758318780399;PAUSED;LEAD_GENERATION;0;0;2000;0;0;0;0;0;0;0;0;0;0
Temmuz 2026;Yerli;Türkçe;Lead;Robotik Cerrahi / Da Vinci;Doruk Hastaneleri - SİNA ÖZEL Sağlık Hizmetleri A.ş;TRY;Da Vinci - Form Kampanyası;​120240606213960399;PAUSED;Jinekoloji Onkoloji j.o;​120241273939180399;PAUSED;LEAD_GENERATION;0;0;3500;0;0;0;0;0;0;0;0;0;0
Ağustos 2026;Yerli;Türkçe;Lead;Robotik Cerrahi / Da Vinci;Doruk Hastaneleri - SİNA ÖZEL Sağlık Hizmetleri A.ş;TRY;Da Vinci - Form Kampanyası;​120240606213960399;PAUSED;Jinekoloji Onkoloji j.o;​120241273939180399;PAUSED;LEAD_GENERATION;0;0;3500;0;0;0;0;0;0;0;0;0;0
Temmuz 2026;Yerli;Türkçe;Lead;Robotik Cerrahi / Da Vinci;Doruk Hastaneleri - SİNA ÖZEL Sağlık Hizmetleri A.ş;TRY;Da Vinci - Form Kampanyası;​120240606213960399;PAUSED;Jinekoloji Onkoloji j.o retargeting;​120241273887860399;PAUSED;LEAD_GENERATION;0;0;2000;0;0;0;0;0;0;0;0;0;0
Ağustos 2026;Yerli;Türkçe;Lead;Robotik Cerrahi / Da Vinci;Doruk Hastaneleri - SİNA ÖZEL Sağlık Hizmetleri A.ş;TRY;Da Vinci - Form Kampanyası;​120240606213960399;PAUSED;Jinekoloji Onkoloji j.o retargeting;​120241273887860399;PAUSED;LEAD_GENERATION;0;0;2000;0;0;0;0;0;0;0;0;0;0
Temmuz 2026;Yerli;Türkçe;Lead;Robotik Cerrahi / Da Vinci;Doruk Hastaneleri - SİNA ÖZEL Sağlık Hizmetleri A.ş;TRY;Da Vinci - Form Kampanyası;​120240606213960399;PAUSED;Üroloji  Arif Demirbaş;​120243473365180399;PAUSED;LEAD_GENERATION;0;0;3500;0;0;0;0;0;0;0;0;0;0
Ağustos 2026;Yerli;Türkçe;Lead;Robotik Cerrahi / Da Vinci;Doruk Hastaneleri - SİNA ÖZEL Sağlık Hizmetleri A.ş;TRY;Da Vinci - Form Kampanyası;​120240606213960399;PAUSED;Üroloji  Arif Demirbaş;​120243473365180399;PAUSED;LEAD_GENERATION;0;0;3500;0;0;0;0;0;0;0;0;0;0
Temmuz 2026;Yerli;Türkçe;Lead;Robotik Cerrahi / Da Vinci;Doruk Hastaneleri - SİNA ÖZEL Sağlık Hizmetleri A.ş;TRY;Da Vinci - Form Kampanyası;​120240606213960399;PAUSED;Üroloji  Genel;​120241274064010399;PAUSED;LEAD_GENERATION;0;0;3500;0;0;0;0;0;0;0;0;0;0
Ağustos 2026;Yerli;Türkçe;Lead;Robotik Cerrahi / Da Vinci;Doruk Hastaneleri - SİNA ÖZEL Sağlık Hizmetleri A.ş;TRY;Da Vinci - Form Kampanyası;​120240606213960399;PAUSED;Üroloji  Genel;​120241274064010399;PAUSED;LEAD_GENERATION;0;0;3500;0;0;0;0;0;0;0;0;0;0
Temmuz 2026;Yerli;Türkçe;Lead;Robotik Cerrahi / Da Vinci;Doruk Hastaneleri - SİNA ÖZEL Sağlık Hizmetleri A.ş;TRY;Da Vinci - Form Kampanyası;​120240606213960399;PAUSED;Üroloji  Genel v2;​120243460078910399;PAUSED;LEAD_GENERATION;0;0;3500;0;0;0;0;0;0;0;0;0;0
Ağustos 2026;Yerli;Türkçe;Lead;Robotik Cerrahi / Da Vinci;Doruk Hastaneleri - SİNA ÖZEL Sağlık Hizmetleri A.ş;TRY;Da Vinci - Form Kampanyası;​120240606213960399;PAUSED;Üroloji  Genel v2;​120243460078910399;PAUSED;LEAD_GENERATION;0;0;3500;0;0;0;0;0;0;0;0;0;0
Temmuz 2026;Yerli;Türkçe;Lead;Robotik Cerrahi / Da Vinci;Doruk Hastaneleri - SİNA ÖZEL Sağlık Hizmetleri A.ş;TRY;Da Vinci - Form Kampanyası;​120240606213960399;PAUSED;Üroloji  Tuğrul Türker;​120243473561890399;PAUSED;LEAD_GENERATION;0;0;3500;0;0;0;0;0;0;0;0;0;0
Ağustos 2026;Yerli;Türkçe;Lead;Robotik Cerrahi / Da Vinci;Doruk Hastaneleri - SİNA ÖZEL Sağlık Hizmetleri A.ş;TRY;Da Vinci - Form Kampanyası;​120240606213960399;PAUSED;Üroloji  Tuğrul Türker;​120243473561890399;PAUSED;LEAD_GENERATION;0;0;3500;0;0;0;0;0;0;0;0;0;0
Temmuz 2026;Yerli;Türkçe;Lead;Robotik Cerrahi / Da Vinci;Doruk Hastaneleri - SİNA ÖZEL Sağlık Hizmetleri A.ş;TRY;Da Vinci - Form Kampanyası;​120240606213960399;PAUSED;Üroloji retargeting webi bekliyor;​120241274023920399;PAUSED;LEAD_GENERATION;0;0;2000;0;0;0;0;0;0;0;0;0;0
Ağustos 2026;Yerli;Türkçe;Lead;Robotik Cerrahi / Da Vinci;Doruk Hastaneleri - SİNA ÖZEL Sağlık Hizmetleri A.ş;TRY;Da Vinci - Form Kampanyası;​120240606213960399;PAUSED;Üroloji retargeting webi bekliyor;​120241274023920399;PAUSED;LEAD_GENERATION;0;0;2000;0;0;0;0;0;0;0;0;0;0
Temmuz 2026;Yerli;Türkçe;Lead;Robotik Cerrahi / Da Vinci;Doruk Hastaneleri - SİNA ÖZEL Sağlık Hizmetleri A.ş;TRY;Da vinci Mesajlasma Kampayasi WP;​120240496489610399;PAUSED;Arif Demirbaş;​120240510923660399;CAMPAIGN_PAUSED;CONVERSATIONS;0;0;500;0;0;0;0;0;0;0;0;0;0
Ağustos 2026;Yerli;Türkçe;Lead;Robotik Cerrahi / Da Vinci;Doruk Hastaneleri - SİNA ÖZEL Sağlık Hizmetleri A.ş;TRY;Da vinci Mesajlasma Kampayasi WP;​120240496489610399;PAUSED;Arif Demirbaş;​120240510923660399;CAMPAIGN_PAUSED;CONVERSATIONS;0;0;500;0;0;0;0;0;0;0;0;0;0
Temmuz 2026;Yerli;Türkçe;Lead;Robotik Cerrahi / Da Vinci;Doruk Hastaneleri - SİNA ÖZEL Sağlık Hizmetleri A.ş;TRY;Da vinci Mesajlasma Kampayasi WP;​120240496489610399;PAUSED;Genel Da Vinci;​120240513767260399;CAMPAIGN_PAUSED;CONVERSATIONS;0;0;1500;0;0;0;0;0;0;0;0;0;0
Ağustos 2026;Yerli;Türkçe;Lead;Robotik Cerrahi / Da Vinci;Doruk Hastaneleri - SİNA ÖZEL Sağlık Hizmetleri A.ş;TRY;Da vinci Mesajlasma Kampayasi WP;​120240496489610399;PAUSED;Genel Da Vinci;​120240513767260399;CAMPAIGN_PAUSED;CONVERSATIONS;0;0;1500;0;0;0;0;0;0;0;0;0;0
Temmuz 2026;Yerli;Türkçe;Lead;Robotik Cerrahi / Da Vinci;Doruk Hastaneleri - SİNA ÖZEL Sağlık Hizmetleri A.ş;TRY;Da vinci Mesajlasma Kampayasi WP;​120240496489610399;PAUSED;Kadir Ömür Günseren;​120240509694590399;CAMPAIGN_PAUSED;CONVERSATIONS;0;0;500;0;0;0;0;0;0;0;0;0;0
Ağustos 2026;Yerli;Türkçe;Lead;Robotik Cerrahi / Da Vinci;Doruk Hastaneleri - SİNA ÖZEL Sağlık Hizmetleri A.ş;TRY;Da vinci Mesajlasma Kampayasi WP;​120240496489610399;PAUSED;Kadir Ömür Günseren;​120240509694590399;CAMPAIGN_PAUSED;CONVERSATIONS;0;0;500;0;0;0;0;0;0;0;0;0;0
Temmuz 2026;Yerli;Türkçe;Lead;Robotik Cerrahi / Da Vinci;Doruk Hastaneleri - SİNA ÖZEL Sağlık Hizmetleri A.ş;TRY;Da vinci Mesajlasma Kampayasi WP;​120240496489610399;PAUSED;mehmet bayrak;​120240497576310399;CAMPAIGN_PAUSED;CONVERSATIONS;0;0;500;0;0;0;0;0;0;0;0;0;0
Ağustos 2026;Yerli;Türkçe;Lead;Robotik Cerrahi / Da Vinci;Doruk Hastaneleri - SİNA ÖZEL Sağlık Hizmetleri A.ş;TRY;Da vinci Mesajlasma Kampayasi WP;​120240496489610399;PAUSED;mehmet bayrak;​120240497576310399;CAMPAIGN_PAUSED;CONVERSATIONS;0;0;500;0;0;0;0;0;0;0;0;0;0
Temmuz 2026;Yerli;Türkçe;Lead;Robotik Cerrahi / Da Vinci;Doruk Hastaneleri - SİNA ÖZEL Sağlık Hizmetleri A.ş;TRY;Da vinci Mesajlasma Kampayasi WP;​120240496489610399;PAUSED;Ömer Yalkın;​120240513670680399;CAMPAIGN_PAUSED;CONVERSATIONS;0;0;500;0;0;0;0;0;0;0;0;0;0
Ağustos 2026;Yerli;Türkçe;Lead;Robotik Cerrahi / Da Vinci;Doruk Hastaneleri - SİNA ÖZEL Sağlık Hizmetleri A.ş;TRY;Da vinci Mesajlasma Kampayasi WP;​120240496489610399;PAUSED;Ömer Yalkın;​120240513670680399;CAMPAIGN_PAUSED;CONVERSATIONS;0;0;500;0;0;0;0;0;0;0;0;0;0
Temmuz 2026;Yerli;Türkçe;Lead;Robotik Cerrahi / Da Vinci;Doruk Hastaneleri - SİNA ÖZEL Sağlık Hizmetleri A.ş;TRY;Da vinci Mesajlasma Kampayasi WP;​120240496489610399;PAUSED;Tuğrul Türker;​120240513260400399;CAMPAIGN_PAUSED;CONVERSATIONS;0;0;500;0;0;0;0;0;0;0;0;0;0
Ağustos 2026;Yerli;Türkçe;Lead;Robotik Cerrahi / Da Vinci;Doruk Hastaneleri - SİNA ÖZEL Sağlık Hizmetleri A.ş;TRY;Da vinci Mesajlasma Kampayasi WP;​120240496489610399;PAUSED;Tuğrul Türker;​120240513260400399;CAMPAIGN_PAUSED;CONVERSATIONS;0;0;500;0;0;0;0;0;0;0;0;0;0
Temmuz 2026;Yerli;Türkçe;Lead;Saç Ekimi;Doruk Hastaneleri - SİNA ÖZEL Sağlık Hizmetleri A.ş;TRY;CBO / Saç Ekimi - lead / soğuk;​120202624613730399;ACTIVE;bursa & Çevresi / broad 24 - 55 / görsel kreatif;​120202624613760399;PAUSED;LEAD_GENERATION;0;0;150;0;0;0;0;0;0;0;0;0;0
Ağustos 2026;Yerli;Türkçe;Lead;Saç Ekimi;Doruk Hastaneleri - SİNA ÖZEL Sağlık Hizmetleri A.ş;TRY;CBO / Saç Ekimi - lead / soğuk;​120202624613730399;ACTIVE;bursa & Çevresi / broad 24 - 55 / görsel kreatif;​120202624613760399;PAUSED;LEAD_GENERATION;0;0;150;0;0;0;0;0;0;0;0;0;0
Temmuz 2026;Yerli;Türkçe;Lead;Saç Ekimi;Doruk Hastaneleri - SİNA ÖZEL Sağlık Hizmetleri A.ş;TRY;CBO / Saç Ekimi - lead / soğuk;​120202624613730399;ACTIVE;bursa & Çevresi / broad 24 - 55 / görsel kreatif;​120202624613710399;PAUSED;LEAD_GENERATION;0;0;30.38;0;0;0;0;0;0;0;0;0;0
Ağustos 2026;Yerli;Türkçe;Lead;Saç Ekimi;Doruk Hastaneleri - SİNA ÖZEL Sağlık Hizmetleri A.ş;TRY;CBO / Saç Ekimi - lead / soğuk;​120202624613730399;ACTIVE;bursa & Çevresi / broad 24 - 55 / görsel kreatif;​120202624613710399;PAUSED;LEAD_GENERATION;0;0;30.38;0;0;0;0;0;0;0;0;0;0
Temmuz 2026;Yerli;Türkçe;Lead;Saç Ekimi;Doruk Hastaneleri - SİNA ÖZEL Sağlık Hizmetleri A.ş;TRY;CBO / Saç Ekimi - lead / soğuk;​120202624613730399;ACTIVE;bursa & Çevresi / broad 24 - 55 / görsel test ok;​120207082576030399;ACTIVE;LEAD_GENERATION;0;0;1000;0;20233.76;136188;36695;838;38;0;38;6;0
Ağustos 2026;Yerli;Türkçe;Lead;Saç Ekimi;Doruk Hastaneleri - SİNA ÖZEL Sağlık Hizmetleri A.ş;TRY;CBO / Saç Ekimi - lead / soğuk;​120202624613730399;ACTIVE;bursa & Çevresi / broad 24 - 55 / görsel test ok;​120207082576030399;ACTIVE;LEAD_GENERATION;0;0;1000;0;4352.94;23936;14320;212;10;0;10;1;0
Temmuz 2026;Yerli;Türkçe;Lead;Saç Ekimi;Doruk Hastaneleri - SİNA ÖZEL Sağlık Hizmetleri A.ş;TRY;CBO / Saç Ekimi - lead / soğuk;​120202624613730399;ACTIVE;bursa & Çevresi / broad 24 - 55 / video kreatif;​120202624645580399;PAUSED;LEAD_GENERATION;0;0;150;0;0;0;0;0;0;0;0;0;0
Ağustos 2026;Yerli;Türkçe;Lead;Saç Ekimi;Doruk Hastaneleri - SİNA ÖZEL Sağlık Hizmetleri A.ş;TRY;CBO / Saç Ekimi - lead / soğuk;​120202624613730399;ACTIVE;bursa & Çevresi / broad 24 - 55 / video kreatif;​120202624645580399;PAUSED;LEAD_GENERATION;0;0;150;0;0;0;0;0;0;0;0;0;0