"hesap";"ham_meta_adi";"meta_kampanya_id";"durum";"meta_amaci";"ana_hat_oneri";"alt_hat_oneri";"pazar_oneri";"kampanya_ailesi_oneri";"hizmet_alani_oneri";"hareket_turu_oneri";"dil_oneri";"teknik_yapi_oneri";"cta_seti_canli";"aktif_reklam_sayisi";"kunye_kaniti";"insan_notu";"degisiklik_modu"
"Doruk Tibbi Bilgiler";"Estetik - Jinekomasti - Anglosfer - Genel - EN - lead";"52668153439824";"PAUSED";"OUTCOME_LEADS";"hasta_edinimi";"estetik_hizmet";"yerli";"estetik_hizmet";"medikal_estetik_ve_plastik_cerrahi";"lead_edinimi";"TR";"belirsiz";"bilinmiyor";"51";"isim + canli_meta";"";"yalniz_oneri"
"Doruk Tibbi Bilgiler";"Whatsapp - Estetik - Rinoplasti - Birleşik Krallık - Genel - EN - Etkileşim";"52545936477224";"PAUSED";"OUTCOME_ENGAGEMENT";"gorunurluk_ve_isitma";"estetik_hizmet";"yerli";"estetik_hizmet";"medikal_estetik_ve_plastik_cerrahi";"etkilesim";"TR";"belirsiz";"bilinmiyor";"5";"isim + canli_meta";"";"yalniz_oneri"
"Doruk Tibbi Bilgiler";"Whatsapp - Estetik - Rinoplasti - Anglosfer - Genel - EN - lead";"52545923403424";"PAUSED";"OUTCOME_LEADS";"hasta_edinimi";"estetik_hizmet";"yerli";"estetik_hizmet";"medikal_estetik_ve_plastik_cerrahi";"lead_edinimi";"TR";"belirsiz";"bilinmiyor";"28";"isim + canli_meta";"";"yalniz_oneri"
"Doruk Tibbi Bilgiler";"Whatsapp Estetik - Rinoplasti - Arap Bölgesi - Genel - AR - lead";"52545823354024";"PAUSED";"OUTCOME_LEADS";"hasta_edinimi";"estetik_hizmet";"yabanci";"estetik_hizmet";"medikal_estetik_ve_plastik_cerrahi";"lead_edinimi";"AR";"belirsiz";"bilinmiyor";"25";"isim + canli_meta";"";"yalniz_oneri"
"Doruk Tibbi Bilgiler";"Instagram gönderisi: Rhinoplasty aims to achieve...";"52542847377024";"PAUSED";"LINK_CLICKS";"gorunurluk_ve_isitma";"yerli_hizmet";"yerli";"diger";"belirsiz";"icerik_tiklamasi";"TR";"belirsiz";"bilinmiyor";"1";"isim + canli_meta";"";"yalniz_oneri"
"Doruk Tibbi Bilgiler";"Instagram gönderisi: True rhinoplasty balances...";"52542428196224";"PAUSED";"LINK_CLICKS";"gorunurluk_ve_isitma";"yerli_hizmet";"yerli";"diger";"belirsiz";"icerik_tiklamasi";"TR";"belirsiz";"bilinmiyor";"1";"isim + canli_meta";"";"yalniz_oneri"
"Doruk Tibbi Bilgiler";"Instagram gönderisi: True rhinoplasty balances...";"52542427892224";"PAUSED";"LINK_CLICKS";"gorunurluk_ve_isitma";"yerli_hizmet";"yerli";"diger";"belirsiz";"icerik_tiklamasi";"TR";"belirsiz";"bilinmiyor";"1";"isim + canli_meta";"";"yalniz_oneri"
"Doruk Tibbi Bilgiler";"Instagram gönderisi: True rhinoplasty balances...";"52542424976624";"PAUSED";"LINK_CLICKS";"gorunurluk_ve_isitma";"yerli_hizmet";"yerli";"diger";"belirsiz";"icerik_tiklamasi";"TR";"belirsiz";"bilinmiyor";"1";"isim + canli_meta";"";"yalniz_oneri"
"Doruk Tibbi Bilgiler";"Instagram gönderisi: True rhinoplasty balances...";"52542424143424";"PAUSED";"LINK_CLICKS";"gorunurluk_ve_isitma";"yerli_hizmet";"yerli";"diger";"belirsiz";"icerik_tiklamasi";"TR";"belirsiz";"bilinmiyor";"1";"isim + canli_meta";"";"yalniz_oneri"
"Doruk Tibbi Bilgiler";"Instagram gönderisi: True rhinoplasty balances...";"52542423175824";"PAUSED";"LINK_CLICKS";"gorunurluk_ve_isitma";"yerli_hizmet";"yerli";"diger";"belirsiz";"icerik_tiklamasi";"TR";"belirsiz";"bilinmiyor";"1";"isim + canli_meta";"";"yalniz_oneri"
"Doruk Tibbi Bilgiler";"Rino Etkileşim AR";"52541921139224";"PAUSED";"OUTCOME_ENGAGEMENT";"gorunurluk_ve_isitma";"yerli_hizmet";"yerli";"diger";"belirsiz";"etkilesim";"TR";"belirsiz";"bilinmiyor";"10";"isim + canli_meta";"";"yalniz_oneri"
"Doruk Tibbi Bilgiler";"Rino Etkileşim EN";"52541905505424";"PAUSED";"OUTCOME_ENGAGEMENT";"gorunurluk_ve_isitma";"yerli_hizmet";"yerli";"diger";"belirsiz";"etkilesim";"TR";"belirsiz";"bilinmiyor";"10";"isim + canli_meta";"";"yalniz_oneri"
"Doruk Tibbi Bilgiler";"Instagram gönderisi: ""My nose didn’t feel like it...";"52540610324024";"PAUSED";"LINK_CLICKS";"gorunurluk_ve_isitma";"yerli_hizmet";"yerli";"diger";"belirsiz";"icerik_tiklamasi";"TR";"belirsiz";"bilinmiyor";"1";"isim + canli_meta";"";"yalniz_oneri"
"Doruk Tibbi Bilgiler";"Instagram gönderisi: ""My nose didn’t feel like it...";"52540610300224";"PAUSED";"LINK_CLICKS";"gorunurluk_ve_isitma";"yerli_hizmet";"yerli";"diger";"belirsiz";"icerik_tiklamasi";"TR";"belirsiz";"bilinmiyor";"1";"isim + canli_meta";"";"yalniz_oneri"
"Doruk Tibbi Bilgiler";"Instagram gönderisi: ""My nose didn’t feel like it...";"52540610238224";"PAUSED";"LINK_CLICKS";"gorunurluk_ve_isitma";"yerli_hizmet";"yerli";"diger";"belirsiz";"icerik_tiklamasi";"TR";"belirsiz";"bilinmiyor";"1";"isim + canli_meta";"";"yalniz_oneri"
"Doruk Tibbi Bilgiler";"Instagram gönderisi: ""My nose didn’t feel like it...";"52540610085824";"PAUSED";"LINK_CLICKS";"gorunurluk_ve_isitma";"yerli_hizmet";"yerli";"diger";"belirsiz";"icerik_tiklamasi";"TR";"belirsiz";"bilinmiyor";"1";"isim + canli_meta";"";"yalniz_oneri"
"Doruk Tibbi Bilgiler";"Instagram gönderisi: ""My nose didn’t feel like it...";"52540610051824";"PAUSED";"LINK_CLICKS";"gorunurluk_ve_isitma";"yerli_hizmet";"yerli";"diger";"belirsiz";"icerik_tiklamasi";"TR";"belirsiz";"bilinmiyor";"1";"isim + canli_meta";"";"yalniz_oneri"
"Doruk Tibbi Bilgiler";"Instagram gönderisi: ""My nose didn’t feel like it...";"52540610013624";"PAUSED";"LINK_CLICKS";"gorunurluk_ve_isitma";"yerli_hizmet";"yerli";"diger";"belirsiz";"icerik_tiklamasi";"TR";"belirsiz";"bilinmiyor";"1";"isim + canli_meta";"";"yalniz_oneri"
"Doruk Tibbi Bilgiler";"Instagram gönderisi: ""My nose didn’t feel like it...";"52540609773024";"PAUSED";"LINK_CLICKS";"gorunurluk_ve_isitma";"yerli_hizmet";"yerli";"diger";"belirsiz";"icerik_tiklamasi";"TR";"belirsiz";"bilinmiyor";"1";"isim + canli_meta";"";"yalniz_oneri"
"Doruk Tibbi Bilgiler";"Instagram gönderisi: ""My nose didn’t feel like it...";"52540609747424";"PAUSED";"LINK_CLICKS";"gorunurluk_ve_isitma";"yerli_hizmet";"yerli";"diger";"belirsiz";"icerik_tiklamasi";"TR";"belirsiz";"bilinmiyor";"1";"isim + canli_meta";"";"yalniz_oneri"
"Doruk Tibbi Bilgiler";"Instagram gönderisi: ""My nose didn’t feel like it...";"52540609719424";"PAUSED";"LINK_CLICKS";"gorunurluk_ve_isitma";"yerli_hizmet";"yerli";"diger";"belirsiz";"icerik_tiklamasi";"TR";"belirsiz";"bilinmiyor";"1";"isim + canli_meta";"";"yalniz_oneri"
"Doruk Tibbi Bilgiler";"Instagram gönderisi: ""My nose didn’t feel like it...";"52540609691024";"PAUSED";"LINK_CLICKS";"gorunurluk_ve_isitma";"yerli_hizmet";"yerli";"diger";"belirsiz";"icerik_tiklamasi";"TR";"belirsiz";"bilinmiyor";"1";"isim + canli_meta";"";"yalniz_oneri"
"Doruk Tibbi Bilgiler";"Instagram gönderisi: ""My nose didn’t feel like it...";"52540609658824";"PAUSED";"LINK_CLICKS";"gorunurluk_ve_isitma";"yerli_hizmet";"yerli";"diger";"belirsiz";"icerik_tiklamasi";"TR";"belirsiz";"bilinmiyor";"1";"isim + canli_meta";"";"yalniz_oneri"
"Doruk Tibbi Bilgiler";"Instagram gönderisi: ""My nose didn’t feel like it...";"52540609578024";"PAUSED";"LINK_CLICKS";"gorunurluk_ve_isitma";"yerli_hizmet";"yerli";"diger";"belirsiz";"icerik_tiklamasi";"TR";"belirsiz";"bilinmiyor";"1";"isim + canli_meta";"";"yalniz_oneri"
"Doruk Tibbi Bilgiler";"Instagram gönderisi: ""My nose didn’t feel like it...";"52540609545824";"PAUSED";"LINK_CLICKS";"gorunurluk_ve_isitma";"yerli_hizmet";"yerli";"diger";"belirsiz";"icerik_tiklamasi";"TR";"belirsiz";"bilinmiyor";"1";"isim + canli_meta";"";"yalniz_oneri"
"Doruk Tibbi Bilgiler";"Instagram gönderisi: ""My nose didn’t feel like it...";"52540609496224";"PAUSED";"LINK_CLICKS";"gorunurluk_ve_isitma";"yerli_hizmet";"yerli";"diger";"belirsiz";"icerik_tiklamasi";"TR";"belirsiz";"bilinmiyor";"1";"isim + canli_meta";"";"yalniz_oneri"
"Doruk Tibbi Bilgiler";"Instagram gönderisi: ""Every time I looked in the...";"52540608012224";"PAUSED";"LINK_CLICKS";"gorunurluk_ve_isitma";"yerli_hizmet";"yerli";"diger";"belirsiz";"icerik_tiklamasi";"TR";"belirsiz";"bilinmiyor";"1";"isim + canli_meta";"";"yalniz_oneri"
"Doruk Tibbi Bilgiler";"Instagram gönderisi: ""Every time I looked in the...";"52540607776024";"PAUSED";"LINK_CLICKS";"gorunurluk_ve_isitma";"yerli_hizmet";"yerli";"diger";"belirsiz";"icerik_tiklamasi";"TR";"belirsiz";"bilinmiyor";"1";"isim + canli_meta";"";"yalniz_oneri"
"Doruk Tibbi Bilgiler";"Instagram gönderisi: ""Every time I looked in the...";"52540607669224";"PAUSED";"LINK_CLICKS";"gorunurluk_ve_isitma";"yerli_hizmet";"yerli";"diger";"belirsiz";"icerik_tiklamasi";"TR";"belirsiz";"bilinmiyor";"1";"isim + canli_meta";"";"yalniz_oneri"
"Doruk Tibbi Bilgiler";"Instagram gönderisi: ""Every time I looked in the...";"52540607579224";"PAUSED";"LINK_CLICKS";"gorunurluk_ve_isitma";"yerli_hizmet";"yerli";"diger";"belirsiz";"icerik_tiklamasi";"TR";"belirsiz";"bilinmiyor";"1";"isim + canli_meta";"";"yalniz_oneri"
"Doruk Tibbi Bilgiler";"Instagram gönderisi: ""Every time I looked in the...";"52540607478224";"PAUSED";"LINK_CLICKS";"gorunurluk_ve_isitma";"yerli_hizmet";"yerli";"diger";"belirsiz";"icerik_tiklamasi";"TR";"belirsiz";"bilinmiyor";"1";"isim + canli_meta";"";"yalniz_oneri"
"Doruk Tibbi Bilgiler";"Instagram gönderisi: ""Every time I looked in the...";"52540607448224";"PAUSED";"LINK_CLICKS";"gorunurluk_ve_isitma";"yerli_hizmet";"yerli";"diger";"belirsiz";"icerik_tiklamasi";"TR";"belirsiz";"bilinmiyor";"1";"isim + canli_meta";"";"yalniz_oneri"
"Doruk Tibbi Bilgiler";"Instagram gönderisi: ""Every time I looked in the...";"52540603506624";"PAUSED";"LINK_CLICKS";"gorunurluk_ve_isitma";"yerli_hizmet";"yerli";"diger";"belirsiz";"icerik_tiklamasi";"TR";"belirsiz";"bilinmiyor";"1";"isim + canli_meta";"";"yalniz_oneri"
"Doruk Tibbi Bilgiler";"Instagram gönderisi: ""Every time I looked in the...";"52540603032224";"PAUSED";"LINK_CLICKS";"gorunurluk_ve_isitma";"yerli_hizmet";"yerli";"diger";"belirsiz";"icerik_tiklamasi";"TR";"belirsiz";"bilinmiyor";"1";"isim + canli_meta";"";"yalniz_oneri"
"Doruk Tibbi Bilgiler";"Instagram gönderisi: ""Every time I looked in the...";"52540602655424";"PAUSED";"LINK_CLICKS";"gorunurluk_ve_isitma";"yerli_hizmet";"yerli";"diger";"belirsiz";"icerik_tiklamasi";"TR";"belirsiz";"bilinmiyor";"1";"isim + canli_meta";"";"yalniz_oneri"
"Doruk Tibbi Bilgiler";"Instagram gönderisi: ""Every time I looked in the...";"52540602116824";"PAUSED";"LINK_CLICKS";"gorunurluk_ve_isitma";"yerli_hizmet";"yerli";"diger";"belirsiz";"icerik_tiklamasi";"TR";"belirsiz";"bilinmiyor";"1";"isim + canli_meta";"";"yalniz_oneri"
"Doruk Tibbi Bilgiler";"Instagram gönderisi: ""Every time I looked in the...";"52540600696624";"PAUSED";"LINK_CLICKS";"gorunurluk_ve_isitma";"yerli_hizmet";"yerli";"diger";"belirsiz";"icerik_tiklamasi";"TR";"belirsiz";"bilinmiyor";"1";"isim + canli_meta";"";"yalniz_oneri"
"Doruk Tibbi Bilgiler";"Instagram gönderisi: ""Every time I looked in the...";"52540600490824";"PAUSED";"LINK_CLICKS";"gorunurluk_ve_isitma";"yerli_hizmet";"yerli";"diger";"belirsiz";"icerik_tiklamasi";"TR";"belirsiz";"bilinmiyor";"1";"isim + canli_meta";"";"yalniz_oneri"
"Doruk Tibbi Bilgiler";"Instagram gönderisi: ""Every time I looked in the...";"52540600336824";"PAUSED";"LINK_CLICKS";"gorunurluk_ve_isitma";"yerli_hizmet";"yerli";"diger";"belirsiz";"icerik_tiklamasi";"TR";"belirsiz";"bilinmiyor";"1";"isim + canli_meta";"";"yalniz_oneri"
"Doruk Tibbi Bilgiler";"Instagram gönderisi: ""Every time I looked in the...";"52540600146224";"PAUSED";"LINK_CLICKS";"gorunurluk_ve_isitma";"yerli_hizmet";"yerli";"diger";"belirsiz";"icerik_tiklamasi";"TR";"belirsiz";"bilinmiyor";"1";"isim + canli_meta";"";"yalniz_oneri"
"Doruk Tibbi Bilgiler";"Estetik - Rinoplasti - Turki Cumhuriyetler - Genel - RU- lead";"52540126816224";"PAUSED";"OUTCOME_LEADS";"hasta_edinimi";"estetik_hizmet";"yabanci";"estetik_hizmet";"medikal_estetik_ve_plastik_cerrahi";"lead_edinimi";"RU";"belirsiz";"bilinmiyor";"20";"isim + canli_meta";"";"yalniz_oneri"
"Doruk Tibbi Bilgiler";"Instagram gönderisi: Enhance Your Beauty and...";"52540117099024";"PAUSED";"LINK_CLICKS";"gorunurluk_ve_isitma";"yerli_hizmet";"yerli";"diger";"belirsiz";"icerik_tiklamasi";"TR";"belirsiz";"bilinmiyor";"1";"isim + canli_meta";"";"yalniz_oneri"
"Doruk Tibbi Bilgiler";"Estetik - Rinoplasti - Arap Bölgesi - Genel - AR - lead";"52539722393824";"PAUSED";"OUTCOME_LEADS";"hasta_edinimi";"estetik_hizmet";"yabanci";"estetik_hizmet";"medikal_estetik_ve_plastik_cerrahi";"lead_edinimi";"AR";"belirsiz";"bilinmiyor";"27";"isim + canli_meta";"";"yalniz_oneri"
"Doruk Tibbi Bilgiler";"xxx";"52539651584024";"PAUSED";"OUTCOME_LEADS";"hasta_edinimi";"yerli_hizmet";"yerli";"diger";"belirsiz";"lead_edinimi";"TR";"belirsiz";"bilinmiyor";"12";"isim + canli_meta";"";"yalniz_oneri"
"Doruk Tibbi Bilgiler";"Instagram gönderisi: Your nose. Your face. Your...";"52539164744224";"PAUSED";"LINK_CLICKS";"gorunurluk_ve_isitma";"yerli_hizmet";"yerli";"diger";"belirsiz";"icerik_tiklamasi";"TR";"belirsiz";"bilinmiyor";"1";"isim + canli_meta";"";"yalniz_oneri"
"Doruk Tibbi Bilgiler";"Instagram gönderisi: Medical precision....";"52539164640024";"PAUSED";"LINK_CLICKS";"gorunurluk_ve_isitma";"yerli_hizmet";"yerli";"diger";"belirsiz";"icerik_tiklamasi";"TR";"belirsiz";"bilinmiyor";"1";"isim + canli_meta";"";"yalniz_oneri"
"Doruk Tibbi Bilgiler";"Instagram gönderisi: Thousands choose Türkiye for...";"52539164522824";"PAUSED";"LINK_CLICKS";"gorunurluk_ve_isitma";"yerli_hizmet";"yerli";"diger";"belirsiz";"icerik_tiklamasi";"TR";"belirsiz";"bilinmiyor";"1";"isim + canli_meta";"";"yalniz_oneri"
"Doruk Tibbi Bilgiler";"Instagram gönderisi: Rhinoplasty in Türkiye...";"52539164441624";"PAUSED";"LINK_CLICKS";"gorunurluk_ve_isitma";"yerli_hizmet";"yerli";"diger";"belirsiz";"icerik_tiklamasi";"TR";"belirsiz";"bilinmiyor";"1";"isim + canli_meta";"";"yalniz_oneri"
"Doruk Tibbi Bilgiler";"Instagram gönderisi: Rhinoplasty Q&A with Dr....";"52539162833824";"PAUSED";"LINK_CLICKS";"gorunurluk_ve_isitma";"yerli_hizmet";"yerli";"diger";"belirsiz";"icerik_tiklamasi";"TR";"belirsiz";"bilinmiyor";"1";"isim + canli_meta";"";"yalniz_oneri"
"Doruk Tibbi Bilgiler";"Instagram gönderisi: Enhance Your Beauty and...";"52539154952224";"PAUSED";"LINK_CLICKS";"gorunurluk_ve_isitma";"yerli_hizmet";"yerli";"diger";"belirsiz";"icerik_tiklamasi";"TR";"belirsiz";"bilinmiyor";"1";"isim + canli_meta";"";"yalniz_oneri"
"Doruk Tibbi Bilgiler";"Estetik - Rinoplasti - Anglosfer - Genel - EN - lead";"52537561870224";"PAUSED";"OUTCOME_LEADS";"hasta_edinimi";"estetik_hizmet";"yerli";"estetik_hizmet";"medikal_estetik_ve_plastik_cerrahi";"lead_edinimi";"TR";"belirsiz";"bilinmiyor";"21";"isim + canli_meta";"";"yalniz_oneri"
"Doruk Tibbi Bilgiler";"Estetik - Rinoplasti - Genel - EN - trafik";"52537544498424";"PAUSED";"OUTCOME_TRAFFIC";"siniflandirilmamis";"estetik_hizmet";"yerli";"estetik_hizmet";"medikal_estetik_ve_plastik_cerrahi";"belirsiz";"TR";"belirsiz";"bilinmiyor";"78";"isim + canli_meta";"";"yalniz_oneri"
"Doruk Hastaneleri - SİNA ÖZEL Sağlık Hizmetleri A.ş";"Doktor - Bilinirlik Kampanyası - Çekirge";"120255763855030399";"ACTIVE";"OUTCOME_AWARENESS";"gorunurluk_ve_isitma";"doktor_lokasyon";"yerli";"doktor_bilinirlik";"doktor_ve_kurumsal";"bilinirlik";"TR";"belirsiz";"bilinmiyor";"22";"isim + canli_meta";"";"yalniz_oneri"
"Doruk Hastaneleri - SİNA ÖZEL Sağlık Hizmetleri A.ş";"Instagram gönderisi: 🦴 Bel Fıtığında Doğru Zaman...";"120255739485660399";"ACTIVE";"LINK_CLICKS";"gorunurluk_ve_isitma";"yerli_hizmet";"yerli";"diger";"belirsiz";"icerik_tiklamasi";"TR";"belirsiz";"VIEW_INSTAGRAM_PROFILE";"1";"isim + canli_meta";"";"yalniz_oneri"
"Doruk Hastaneleri - SİNA ÖZEL Sağlık Hizmetleri A.ş";"Instagram gönderisi: 🦴 Omurga Kırıklarında Asıl...";"120255739460510399";"ACTIVE";"LINK_CLICKS";"gorunurluk_ve_isitma";"yerli_hizmet";"yerli";"diger";"belirsiz";"icerik_tiklamasi";"TR";"belirsiz";"VIEW_INSTAGRAM_PROFILE";"1";"isim + canli_meta";"";"yalniz_oneri"
"Doruk Hastaneleri - SİNA ÖZEL Sağlık Hizmetleri A.ş";"Instagram gönderisi: ✅Gebelikte uyku pozisyonu...";"120255739424180399";"PAUSED";"LINK_CLICKS";"gorunurluk_ve_isitma";"yerli_hizmet";"yerli";"gebelik_dogum";"kadin_dogum";"icerik_tiklamasi";"TR";"belirsiz";"bilinmiyor";"1";"isim + canli_meta";"";"yalniz_oneri"
"Doruk Hastaneleri - SİNA ÖZEL Sağlık Hizmetleri A.ş";"Instagram gönderisi: •Gebelikte Tarama Testleri |...";"120255739368940399";"PAUSED";"LINK_CLICKS";"gorunurluk_ve_isitma";"yerli_hizmet";"yerli";"gebelik_dogum";"kadin_dogum";"icerik_tiklamasi";"TR";"belirsiz";"bilinmiyor";"1";"isim + canli_meta";"";"yalniz_oneri"
"Doruk Hastaneleri - SİNA ÖZEL Sağlık Hizmetleri A.ş";"Instagram gönderisi: 🎗️ Kanser Tanısı Fizik...";"120255739336980399";"ACTIVE";"LINK_CLICKS";"gorunurluk_ve_isitma";"yerli_hizmet";"yerli";"onkoloji";"onkoloji";"icerik_tiklamasi";"TR";"belirsiz";"VIEW_INSTAGRAM_PROFILE";"1";"isim + canli_meta";"";"yalniz_oneri"
"Doruk Hastaneleri - SİNA ÖZEL Sağlık Hizmetleri A.ş";"Instagram gönderisi: 🎗️ Kemoterapi Alan Her...";"120255739290470399";"ACTIVE";"LINK_CLICKS";"gorunurluk_ve_isitma";"yerli_hizmet";"yerli";"diger";"belirsiz";"icerik_tiklamasi";"TR";"belirsiz";"VIEW_INSTAGRAM_PROFILE";"1";"isim + canli_meta";"";"yalniz_oneri"
"Doruk Hastaneleri - SİNA ÖZEL Sağlık Hizmetleri A.ş";"Instagram gönderisi: 🖐️ Parmak Ucu Defekti Nasıl...";"120255739194330399";"ACTIVE";"LINK_CLICKS";"gorunurluk_ve_isitma";"yerli_hizmet";"yerli";"diger";"belirsiz";"icerik_tiklamasi";"TR";"belirsiz";"VIEW_INSTAGRAM_PROFILE";"1";"isim + canli_meta";"";"yalniz_oneri"
"Doruk Hastaneleri - SİNA ÖZEL Sağlık Hizmetleri A.ş";"Instagram gönderisi: 👃 Rinoplasti Ameliyatı...";"120255739163090399";"ACTIVE";"LINK_CLICKS";"gorunurluk_ve_isitma";"estetik_hizmet";"yerli";"estetik_hizmet";"medikal_estetik_ve_plastik_cerrahi";"icerik_tiklamasi";"TR";"belirsiz";"VIEW_INSTAGRAM_PROFILE";"1";"isim + canli_meta";"";"yalniz_oneri"
"Doruk Hastaneleri - SİNA ÖZEL Sağlık Hizmetleri A.ş";"Gönderi: ""👃 Rinoplasti Ameliyatı Nedir? Yumuşak Doku Neden...""";"120255739080510399";"ACTIVE";"OUTCOME_ENGAGEMENT";"gorunurluk_ve_isitma";"gonderi_one_cikarma";"yerli";"gonderi_one_cikarma";"medikal_estetik_ve_plastik_cerrahi";"icerik_dagitimi";"TR";"post_veya_boost";"VISIT_PROFILE";"1";"isim + canli_meta";"";"yalniz_oneri"
"Doruk Hastaneleri - SİNA ÖZEL Sağlık Hizmetleri A.ş";"Instagram gönderisi: Ablasyon tedavisi, vücutta...";"120255738376560399";"ACTIVE";"LINK_CLICKS";"gorunurluk_ve_isitma";"yerli_hizmet";"yerli";"diger";"belirsiz";"icerik_tiklamasi";"TR";"belirsiz";"VIEW_INSTAGRAM_PROFILE";"1";"isim + canli_meta";"";"yalniz_oneri"
"Doruk Hastaneleri - SİNA ÖZEL Sağlık Hizmetleri A.ş";"Instagram gönderisi: İlişki sonrasında idrar...";"120255738351260399";"ACTIVE";"LINK_CLICKS";"gorunurluk_ve_isitma";"yerli_hizmet";"yerli";"diger";"belirsiz";"icerik_tiklamasi";"TR";"belirsiz";"VIEW_INSTAGRAM_PROFILE";"1";"isim + canli_meta";"";"yalniz_oneri"
"Doruk Hastaneleri - SİNA ÖZEL Sağlık Hizmetleri A.ş";"Instagram gönderisi: Gebelikte bel ağrısı sık...";"120255738326270399";"ACTIVE";"LINK_CLICKS";"gorunurluk_ve_isitma";"yerli_hizmet";"yerli";"gebelik_dogum";"kadin_dogum";"icerik_tiklamasi";"TR";"belirsiz";"VIEW_INSTAGRAM_PROFILE";"1";"isim + canli_meta";"";"yalniz_oneri"
"Doruk Hastaneleri - SİNA ÖZEL Sağlık Hizmetleri A.ş";"Instagram gönderisi: 🏅 BURSA'DA BİR İLK

Özel...";"120255738303970399";"ACTIVE";"LINK_CLICKS";"gorunurluk_ve_isitma";"yerli_hizmet";"yerli";"diger";"belirsiz";"icerik_tiklamasi";"TR";"belirsiz";"VIEW_INSTAGRAM_PROFILE";"1";"isim + canli_meta";"";"yalniz_oneri"
"Doruk Hastaneleri - SİNA ÖZEL Sağlık Hizmetleri A.ş";"Instagram gönderisi: Aşılama tedavisi, gebelik...";"120255738261970399";"ACTIVE";"LINK_CLICKS";"gorunurluk_ve_isitma";"yerli_hizmet";"yerli";"gebelik_dogum";"kadin_dogum";"icerik_tiklamasi";"TR";"belirsiz";"VIEW_INSTAGRAM_PROFILE";"1";"isim + canli_meta";"";"yalniz_oneri"
"Doruk Hastaneleri - SİNA ÖZEL Sağlık Hizmetleri A.ş";"Doktor - Bilinirlik Kampanyası - Yıldırım";"120255158812950399";"ACTIVE";"OUTCOME_AWARENESS";"gorunurluk_ve_isitma";"doktor_lokasyon";"yerli";"doktor_bilinirlik";"doktor_ve_kurumsal";"bilinirlik";"TR";"belirsiz";"bilinmiyor";"27";"isim + canli_meta";"";"yalniz_oneri"
"Doruk Hastaneleri - SİNA ÖZEL Sağlık Hizmetleri A.ş";"Instagram gönderisi: Doruk Sağlık Grubu olarak,...";"120255099624540399";"ACTIVE";"LINK_CLICKS";"gorunurluk_ve_isitma";"yerli_hizmet";"yerli";"diger";"belirsiz";"icerik_tiklamasi";"TR";"belirsiz";"VIEW_INSTAGRAM_PROFILE";"1";"isim + canli_meta";"";"yalniz_oneri"
"Doruk Hastaneleri - SİNA ÖZEL Sağlık Hizmetleri A.ş";"Instagram gönderisi: Medikal estetik alanındaki...";"120252323141170399";"ACTIVE";"LINK_CLICKS";"gorunurluk_ve_isitma";"estetik_hizmet";"yerli";"estetik_hizmet";"medikal_estetik_ve_plastik_cerrahi";"icerik_tiklamasi";"TR";"belirsiz";"VIEW_INSTAGRAM_PROFILE";"1";"isim + canli_meta";"";"yalniz_oneri"
"Doruk Hastaneleri - SİNA ÖZEL Sağlık Hizmetleri A.ş";"Prostat Checkup - lead";"120251414264130399";"ACTIVE";"OUTCOME_LEADS";"hasta_edinimi";"yerli_hizmet";"yerli";"checkup";"checkup";"lead_edinimi";"TR";"belirsiz";"APPLY_NOW";"2";"isim + canli_meta";"";"yalniz_oneri"
"Doruk Hastaneleri - SİNA ÖZEL Sağlık Hizmetleri A.ş";"Instagram gönderisi: Bir sezon boyunca ortaya...";"120249614228610399";"ACTIVE";"LINK_CLICKS";"gorunurluk_ve_isitma";"yerli_hizmet";"yerli";"diger";"belirsiz";"icerik_tiklamasi";"TR";"belirsiz";"VIEW_INSTAGRAM_PROFILE";"1";"isim + canli_meta";"";"yalniz_oneri"
"Doruk Hastaneleri - SİNA ÖZEL Sağlık Hizmetleri A.ş";"Doktor - Bilinirlik Kampanyası - Nilüfer";"120249061996540399";"ACTIVE";"OUTCOME_AWARENESS";"gorunurluk_ve_isitma";"doktor_lokasyon";"yerli";"doktor_bilinirlik";"doktor_ve_kurumsal";"bilinirlik";"TR";"belirsiz";"bilinmiyor";"53";"isim + canli_meta";"";"yalniz_oneri"
"Doruk Hastaneleri - SİNA ÖZEL Sağlık Hizmetleri A.ş";"ABO / Medikal Estetik lead / 16.04.2026";"120248812698040399";"ACTIVE";"OUTCOME_LEADS";"hasta_edinimi";"estetik_hizmet";"yerli";"estetik_hizmet";"medikal_estetik_ve_plastik_cerrahi";"lead_edinimi";"TR";"ABO";"GET_QUOTE";"9";"isim + canli_meta";"";"yalniz_oneri"
"Doruk Hastaneleri - SİNA ÖZEL Sağlık Hizmetleri A.ş";"Gebe-Doğum Bilinirlik";"120247034876600399";"ACTIVE";"OUTCOME_AWARENESS";"gorunurluk_ve_isitma";"yerli_hizmet";"yerli";"gebelik_dogum";"kadin_dogum";"bilinirlik";"TR";"belirsiz";"bilinmiyor";"3";"isim + canli_meta";"";"yalniz_oneri"
"Doruk Hastaneleri - SİNA ÖZEL Sağlık Hizmetleri A.ş";"ÖSS-TSS - marka bilinirliği";"120246924981440399";"ACTIVE";"OUTCOME_AWARENESS";"gorunurluk_ve_isitma";"yerli_hizmet";"yerli";"diger";"belirsiz";"bilinirlik";"TR";"belirsiz";"WHATSAPP_MESSAGE";"10";"isim + canli_meta";"";"yalniz_oneri"
"Doruk Hastaneleri - SİNA ÖZEL Sağlık Hizmetleri A.ş";"Hemşire İş Başvuru - lead";"120246691590090399";"ACTIVE";"OUTCOME_LEADS";"hasta_edinimi";"yerli_hizmet";"yerli";"diger";"belirsiz";"lead_edinimi";"TR";"belirsiz";"SIGN_UP";"2";"isim + canli_meta";"";"yalniz_oneri"
"Doruk Hastaneleri - SİNA ÖZEL Sağlık Hizmetleri A.ş";"ÖSS-TSS - trafik";"120246633999360399";"PAUSED";"OUTCOME_TRAFFIC";"siniflandirilmamis";"yerli_hizmet";"yerli";"diger";"belirsiz";"belirsiz";"TR";"belirsiz";"bilinmiyor";"10";"isim + canli_meta";"";"yalniz_oneri"
"Doruk Hastaneleri - SİNA ÖZEL Sağlık Hizmetleri A.ş";"FTR Yatılı - lead";"120246476228800399";"ACTIVE";"OUTCOME_LEADS";"hasta_edinimi";"yerli_hizmet";"yerli";"ftr_hizmet";"fizik_tedavi_ve_rehabilitasyon";"lead_edinimi";"TR";"belirsiz";"APPLY_NOW";"30";"isim + canli_meta";"";"yalniz_oneri"
"Doruk Hastaneleri - SİNA ÖZEL Sağlık Hizmetleri A.ş";"Sağlık Turizmi Acente Türkiye";"120246281431420399";"PAUSED";"OUTCOME_LEADS";"hasta_edinimi";"yerli_hizmet";"yerli";"diger";"belirsiz";"lead_edinimi";"TR";"belirsiz";"bilinmiyor";"6";"isim + canli_meta";"";"yalniz_oneri"
"Doruk Hastaneleri - SİNA ÖZEL Sağlık Hizmetleri A.ş";"Da Vinci Bilinirlik Kampanyası - Bursa Çevresi";"120245277486220399";"PAUSED";"OUTCOME_AWARENESS";"gorunurluk_ve_isitma";"yerli_hizmet";"yerli";"diger";"belirsiz";"bilinirlik";"TR";"belirsiz";"bilinmiyor";"41";"isim + canli_meta";"";"yalniz_oneri"
"Doruk Hastaneleri - SİNA ÖZEL Sağlık Hizmetleri A.ş";"Da Vinci Bilinirlik Kampanyası";"120244664957740399";"PAUSED";"OUTCOME_AWARENESS";"gorunurluk_ve_isitma";"yerli_hizmet";"yerli";"diger";"belirsiz";"bilinirlik";"TR";"belirsiz";"bilinmiyor";"135";"isim + canli_meta";"";"yalniz_oneri"
"Doruk Hastaneleri - SİNA ÖZEL Sağlık Hizmetleri A.ş";"Uzman Hekim Başvuru";"120244050701710399";"ACTIVE";"OUTCOME_LEADS";"kurumsal_ve_operasyon";"ise_alim";"yerli";"ise_alim";"ise_alim";"basvuru_toplama";"TR";"belirsiz";"bilinmiyor";"1";"isim + canli_meta";"";"yalniz_oneri"
"Doruk Hastaneleri - SİNA ÖZEL Sağlık Hizmetleri A.ş";"Gebe-Doğum Form Kampanyası";"120242415465180399";"ACTIVE";"OUTCOME_LEADS";"hasta_edinimi";"yerli_hizmet";"yerli";"gebelik_dogum";"kadin_dogum";"lead_edinimi";"TR";"belirsiz";"APPLY_NOW + SIGN_UP";"17";"isim + canli_meta";"";"yalniz_oneri"
"Doruk Hastaneleri - SİNA ÖZEL Sağlık Hizmetleri A.ş";"Da Vinci - Etkişelim Kampanyası";"120241272322200399";"PAUSED";"OUTCOME_ENGAGEMENT";"gorunurluk_ve_isitma";"yerli_hizmet";"yerli";"diger";"belirsiz";"etkilesim";"TR";"belirsiz";"bilinmiyor";"98";"isim + canli_meta";"";"yalniz_oneri"
"Doruk Hastaneleri - SİNA ÖZEL Sağlık Hizmetleri A.ş";"Da Vinci - Form Kampanyası";"120240606213960399";"PAUSED";"OUTCOME_LEADS";"hasta_edinimi";"yerli_hizmet";"yerli";"diger";"belirsiz";"lead_edinimi";"TR";"belirsiz";"bilinmiyor";"106";"isim + canli_meta";"";"yalniz_oneri"
"Doruk Hastaneleri - SİNA ÖZEL Sağlık Hizmetleri A.ş";"Da Vinci Etkileşim + WP - Çevre iller";"120240599102260399";"PAUSED";"OUTCOME_ENGAGEMENT";"gorunurluk_ve_isitma";"yerli_hizmet";"yerli";"diger";"belirsiz";"etkilesim";"TR";"belirsiz";"bilinmiyor";"12";"isim + canli_meta";"";"yalniz_oneri"
"Doruk Hastaneleri - SİNA ÖZEL Sağlık Hizmetleri A.ş";"Da vinci Mesajlasma Kampayasi WP";"120240496489610399";"PAUSED";"OUTCOME_LEADS";"hasta_edinimi";"yerli_hizmet";"yerli";"diger";"belirsiz";"lead_edinimi";"TR";"belirsiz";"bilinmiyor";"12";"isim + canli_meta";"";"yalniz_oneri"
"Doruk Hastaneleri - SİNA ÖZEL Sağlık Hizmetleri A.ş";"Da Vinci Etkileşim + WP Bursa";"120240459106790399";"PAUSED";"OUTCOME_ENGAGEMENT";"gorunurluk_ve_isitma";"yerli_hizmet";"yerli";"diger";"belirsiz";"etkilesim";"TR";"belirsiz";"bilinmiyor";"13";"isim + canli_meta";"";"yalniz_oneri"
"Doruk Hastaneleri - SİNA ÖZEL Sağlık Hizmetleri A.ş";"Da Vinci robotik cerrahi Etkileşim Kampanyası - Bursa";"120240338137730399";"PAUSED";"OUTCOME_ENGAGEMENT";"gorunurluk_ve_isitma";"yerli_hizmet";"yerli";"diger";"belirsiz";"etkilesim";"TR";"belirsiz";"bilinmiyor";"0";"isim + canli_meta";"";"yalniz_oneri"
"Doruk Hastaneleri - SİNA ÖZEL Sağlık Hizmetleri A.ş";"İkinci Görüş - lead";"120238726810780399";"PAUSED";"OUTCOME_LEADS";"hasta_edinimi";"yerli_hizmet";"yerli";"diger";"belirsiz";"lead_edinimi";"TR";"belirsiz";"bilinmiyor";"10";"isim + canli_meta";"";"yalniz_oneri"
"Doruk Hastaneleri - SİNA ÖZEL Sağlık Hizmetleri A.ş";"Checkup - genel - lead";"120220089108220399";"ACTIVE";"OUTCOME_LEADS";"hasta_edinimi";"yerli_hizmet";"yerli";"checkup";"checkup";"lead_edinimi";"TR";"belirsiz";"APPLY_NOW";"13";"isim + canli_meta";"";"yalniz_oneri"
"Doruk Hastaneleri - SİNA ÖZEL Sağlık Hizmetleri A.ş";"Baş Dönmesi ve Denge Ünitesi / lead";"120214167265870399";"ACTIVE";"OUTCOME_LEADS";"hasta_edinimi";"yerli_hizmet";"yerli";"diger";"belirsiz";"lead_edinimi";"TR";"belirsiz";"SEE_DETAILS";"1";"isim + canli_meta";"";"yalniz_oneri"
"Doruk Hastaneleri - SİNA ÖZEL Sağlık Hizmetleri A.ş";"ABO / Yüz Germe (Facelift) / plastik cerrahi / lead";"120211732754080399";"ACTIVE";"OUTCOME_LEADS";"hasta_edinimi";"estetik_hizmet";"yerli";"estetik_hizmet";"medikal_estetik_ve_plastik_cerrahi";"lead_edinimi";"TR";"ABO";"bilinmiyor";"2";"isim + canli_meta";"";"yalniz_oneri"
"Doruk Hastaneleri - SİNA ÖZEL Sağlık Hizmetleri A.ş";"ABO / Vücut Şekillendirme / plastik cerrahi / lead";"120211732712890399";"ACTIVE";"OUTCOME_LEADS";"hasta_edinimi";"yerli_hizmet";"yerli";"diger";"belirsiz";"lead_edinimi";"TR";"ABO";"bilinmiyor";"2";"isim + canli_meta";"";"yalniz_oneri"
"Doruk Hastaneleri - SİNA ÖZEL Sağlık Hizmetleri A.ş";"ABO / Rinoplasti / plastik cerrahi / lead";"120211732654260399";"ACTIVE";"OUTCOME_LEADS";"hasta_edinimi";"estetik_hizmet";"yerli";"estetik_hizmet";"medikal_estetik_ve_plastik_cerrahi";"lead_edinimi";"TR";"ABO";"bilinmiyor";"2";"isim + canli_meta";"";"yalniz_oneri"
"Doruk Hastaneleri - SİNA ÖZEL Sağlık Hizmetleri A.ş";"ABO /Jinekomasti / plastik cerrahi / lead";"120211732618490399";"ACTIVE";"OUTCOME_LEADS";"hasta_edinimi";"estetik_hizmet";"yerli";"estetik_hizmet";"medikal_estetik_ve_plastik_cerrahi";"lead_edinimi";"TR";"ABO";"bilinmiyor";"2";"isim + canli_meta";"";"yalniz_oneri"
"Doruk Hastaneleri - SİNA ÖZEL Sağlık Hizmetleri A.ş";"ABO / Meme Estetiği / plastik cerrahi / lead";"120211732311210399";"ACTIVE";"OUTCOME_LEADS";"hasta_edinimi";"yerli_hizmet";"yerli";"diger";"belirsiz";"lead_edinimi";"TR";"ABO";"bilinmiyor";"2";"isim + canli_meta";"";"yalniz_oneri"
"Doruk Hastaneleri - SİNA ÖZEL Sağlık Hizmetleri A.ş";"ABO /Kepçe Kulak / plastik cerrahi / lead";"120211732243050399";"ACTIVE";"OUTCOME_LEADS";"hasta_edinimi";"estetik_hizmet";"yerli";"estetik_hizmet";"medikal_estetik_ve_plastik_cerrahi";"lead_edinimi";"TR";"ABO";"bilinmiyor";"2";"isim + canli_meta";"";"yalniz_oneri"
"Doruk Hastaneleri - SİNA ÖZEL Sağlık Hizmetleri A.ş";"ABO / Göz Kapağı Estetiği / plastik cerrahi / lead";"120211731920800399";"ACTIVE";"OUTCOME_LEADS";"hasta_edinimi";"yerli_hizmet";"yerli";"diger";"belirsiz";"lead_edinimi";"TR";"ABO";"bilinmiyor";"2";"isim + canli_meta";"";"yalniz_oneri"
"Doruk Hastaneleri - SİNA ÖZEL Sağlık Hizmetleri A.ş";"ABO / Medikal Estetik lead / 28.11.2023";"120202625130740399";"PAUSED";"OUTCOME_LEADS";"hasta_edinimi";"estetik_hizmet";"yerli";"estetik_hizmet";"medikal_estetik_ve_plastik_cerrahi";"lead_edinimi";"TR";"ABO";"bilinmiyor";"20";"isim + canli_meta";"";"yalniz_oneri"
"Doruk Hastaneleri - SİNA ÖZEL Sağlık Hizmetleri A.ş";"CBO / Saç Ekimi - lead / soğuk";"120202624613730399";"ACTIVE";"OUTCOME_LEADS";"hasta_edinimi";"estetik_hizmet";"yerli";"estetik_hizmet";"medikal_estetik_ve_plastik_cerrahi";"lead_edinimi";"TR";"CBO";"bilinmiyor";"7";"isim + canli_meta";"";"yalniz_oneri"
"Doruk Hospital";"Meme Estetiği - Jinekomasti - Arap Bölgesi - Tümü - AR - Doruk Jinekomasti";"120247623884690080";"PAUSED";"OUTCOME_LEADS";"hasta_edinimi";"estetik_hizmet";"yabanci";"estetik_hizmet";"medikal_estetik_ve_plastik_cerrahi";"lead_edinimi";"AR";"belirsiz";"bilinmiyor";"5";"isim + canli_meta";"";"yalniz_oneri"
"Doruk Hospital";"Meme Estetiği - Jinekomasti - Birleşik Krallık - Tümü - EN - Doruk Jinekomasti";"120247571768010080";"PAUSED";"OUTCOME_LEADS";"hasta_edinimi";"estetik_hizmet";"yerli";"estetik_hizmet";"medikal_estetik_ve_plastik_cerrahi";"lead_edinimi";"TR";"belirsiz";"bilinmiyor";"5";"isim + canli_meta";"";"yalniz_oneri"
"Doruk Hospital";"Instagram gönderisi: Современная реабилитация в...";"120242709823390080";"PAUSED";"LINK_CLICKS";"gorunurluk_ve_isitma";"yerli_hizmet";"yerli";"diger";"belirsiz";"icerik_tiklamasi";"TR";"belirsiz";"bilinmiyor";"1";"isim + canli_meta";"";"yalniz_oneri"
"Doruk Hospital";"Instagram gönderisi: Руслана, приехавшая из...";"120242709804850080";"PAUSED";"LINK_CLICKS";"gorunurluk_ve_isitma";"yerli_hizmet";"yerli";"diger";"belirsiz";"icerik_tiklamasi";"TR";"belirsiz";"bilinmiyor";"1";"isim + canli_meta";"";"yalniz_oneri"
"Doruk Hospital";"Instagram gönderisi: Аппарат TrueBeam — одна из...";"120242709752170080";"ACTIVE";"LINK_CLICKS";"gorunurluk_ve_isitma";"yerli_hizmet";"yerli";"diger";"belirsiz";"icerik_tiklamasi";"TR";"belirsiz";"VIEW_INSTAGRAM_PROFILE";"1";"isim + canli_meta";"";"yalniz_oneri"
"Doruk Hospital";"Instagram gönderisi: ‎جهاز TrueBeam هو أحد أحدث...";"120242709199090080";"PAUSED";"LINK_CLICKS";"gorunurluk_ve_isitma";"yerli_hizmet";"yerli";"diger";"belirsiz";"icerik_tiklamasi";"TR";"belirsiz";"bilinmiyor";"1";"isim + canli_meta";"";"yalniz_oneri"
"Doruk Hospital";"Instagram gönderisi: ‎جهاز TrueBeam هو أحد أحدث...";"120242709189560080";"PAUSED";"LINK_CLICKS";"gorunurluk_ve_isitma";"yerli_hizmet";"yerli";"diger";"belirsiz";"icerik_tiklamasi";"TR";"belirsiz";"bilinmiyor";"1";"isim + canli_meta";"";"yalniz_oneri"
"Doruk Hospital";"Whatsapp - Serebral Palsi - Çocuk FTR - Arap Bölgesi - Tümü - AR - Doruk İlaj Turkia";"120241336170010080";"PAUSED";"OUTCOME_LEADS";"hasta_edinimi";"yabanci_hizmet";"yabanci";"ftr_hizmet";"fizik_tedavi_ve_rehabilitasyon";"lead_edinimi";"AR";"belirsiz";"bilinmiyor";"36";"isim + canli_meta";"";"yalniz_oneri"
"Doruk Hospital";"Serebral Palsi - Çocuk FTR - Arap Bölgesi - Tümü - AR - Doruk İlaj Turkia - lead";"120241230268710080";"PAUSED";"OUTCOME_LEADS";"hasta_edinimi";"yabanci_hizmet";"yabanci";"ftr_hizmet";"fizik_tedavi_ve_rehabilitasyon";"lead_edinimi";"AR";"belirsiz";"bilinmiyor";"28";"isim + canli_meta";"";"yalniz_oneri"
"Doruk Hospital";"Instagram gönderisi: ‎في مستشفى دوروك نواصل دعم...";"120241224258650080";"PAUSED";"LINK_CLICKS";"gorunurluk_ve_isitma";"yerli_hizmet";"yerli";"diger";"belirsiz";"icerik_tiklamasi";"TR";"belirsiz";"bilinmiyor";"1";"isim + canli_meta";"";"yalniz_oneri"
"Doruk Hospital";"Instagram gönderisi: Пациентка из Узбекистана...";"120241222775040080";"PAUSED";"LINK_CLICKS";"gorunurluk_ve_isitma";"yerli_hizmet";"yerli";"diger";"belirsiz";"icerik_tiklamasi";"TR";"belirsiz";"bilinmiyor";"1";"isim + canli_meta";"";"yalniz_oneri"
"Doruk Hospital";"Serebral Palsi - Çocuk FTR - Türki Cumhuriyetler - Tümü - RU - Lechenie v Turtsii - lead";"120241213188040080";"PAUSED";"OUTCOME_LEADS";"hasta_edinimi";"yabanci_hizmet";"yabanci";"ftr_hizmet";"fizik_tedavi_ve_rehabilitasyon";"lead_edinimi";"RU";"belirsiz";"bilinmiyor";"20";"isim + canli_meta";"";"yalniz_oneri"
"Doruk Hospital";"Instagram gönderisi: Многие пациенты спрашивают:...";"120240670215390080";"PAUSED";"LINK_CLICKS";"gorunurluk_ve_isitma";"yerli_hizmet";"yerli";"diger";"belirsiz";"icerik_tiklamasi";"TR";"belirsiz";"bilinmiyor";"1";"isim + canli_meta";"";"yalniz_oneri"
"Doruk Hospital";"Instagram gönderisi: Аппарат TrueBeam — одна из...";"120240102503470080";"PAUSED";"LINK_CLICKS";"gorunurluk_ve_isitma";"yerli_hizmet";"yerli";"diger";"belirsiz";"icerik_tiklamasi";"TR";"belirsiz";"bilinmiyor";"0";"isim + canli_meta";"";"yalniz_oneri"
"Doruk Hospital";"Cerrahi Onkoloji - Kanser Cerrahisi - Türki Cumhuriyetler - Tümü - RU - Lechenie v Turtsii - lead";"120239966244330080";"PAUSED";"OUTCOME_LEADS";"hasta_edinimi";"yabanci_hizmet";"yabanci";"onkoloji";"onkoloji";"lead_edinimi";"RU";"belirsiz";"bilinmiyor";"36";"isim + canli_meta";"";"yalniz_oneri"
"Doruk Hospital";"Cerrahi Onkoloji - Kanser Cerrahisi - Arap Bölgesi - Tümü - AR - Doruk İlaj Turkia - lead";"120239966050040080";"PAUSED";"OUTCOME_LEADS";"hasta_edinimi";"yabanci_hizmet";"yabanci";"onkoloji";"onkoloji";"lead_edinimi";"AR";"belirsiz";"bilinmiyor";"41";"isim + canli_meta";"";"yalniz_oneri"
"Doruk Hospital";"Instagram gönderisi: 🎥 Полностью эндоскопическая...";"120239871106690080";"PAUSED";"LINK_CLICKS";"gorunurluk_ve_isitma";"yerli_hizmet";"yerli";"diger";"belirsiz";"icerik_tiklamasi";"TR";"belirsiz";"bilinmiyor";"1";"isim + canli_meta";"";"yalniz_oneri"
"Doruk Hospital";"Instagram gönderisi: ‎🎥 جراحة الديسك القطني...";"120239871068750080";"PAUSED";"LINK_CLICKS";"gorunurluk_ve_isitma";"yerli_hizmet";"yerli";"diger";"belirsiz";"icerik_tiklamasi";"TR";"belirsiz";"bilinmiyor";"1";"isim + canli_meta";"";"yalniz_oneri"
"Doruk Hospital";"Instagram gönderisi: ‎🎥 جراحة الديسك القطني...";"120239871056440080";"PAUSED";"LINK_CLICKS";"gorunurluk_ve_isitma";"yerli_hizmet";"yerli";"diger";"belirsiz";"icerik_tiklamasi";"TR";"belirsiz";"bilinmiyor";"1";"isim + canli_meta";"";"yalniz_oneri"
"Doruk Hospital";"Instagram gönderisi: ‎التكرار الخاطئ أثناء العلاج...";"120239741765610080";"PAUSED";"LINK_CLICKS";"gorunurluk_ve_isitma";"yerli_hizmet";"yerli";"diger";"belirsiz";"icerik_tiklamasi";"TR";"belirsiz";"bilinmiyor";"1";"isim + canli_meta";"";"yalniz_oneri"
"Doruk Hospital";"Instagram gönderisi: ‎التكرار الخاطئ أثناء العلاج...";"120239741547190080";"PAUSED";"LINK_CLICKS";"gorunurluk_ve_isitma";"yerli_hizmet";"yerli";"diger";"belirsiz";"icerik_tiklamasi";"TR";"belirsiz";"bilinmiyor";"1";"isim + canli_meta";"";"yalniz_oneri"
"Doruk Hospital";"Acenta - Acente - İnfluencer - Tümü - RU - Lechenie v Turtsii - lead";"120239596286080080";"PAUSED";"OUTCOME_LEADS";"hasta_edinimi";"yabanci_hizmet";"yabanci";"diger";"belirsiz";"lead_edinimi";"RU";"belirsiz";"bilinmiyor";"10";"isim + canli_meta";"";"yalniz_oneri"
"Doruk Hospital";"Acenta - Acente - İnfluencer - Tümü -  AR - Doruk İlaj Turkia - lead";"120239595260030080";"PAUSED";"OUTCOME_LEADS";"hasta_edinimi";"yerli_hizmet";"yerli";"diger";"belirsiz";"lead_edinimi";"TR";"belirsiz";"bilinmiyor";"14";"isim + canli_meta";"";"yalniz_oneri"
"Doruk Hospital";"Instagram gönderisi: ‎خلّينا نحكي بصراحة: العلاج...";"120239446660160080";"PAUSED";"LINK_CLICKS";"gorunurluk_ve_isitma";"yerli_hizmet";"yerli";"diger";"belirsiz";"icerik_tiklamasi";"TR";"belirsiz";"bilinmiyor";"1";"isim + canli_meta";"";"yalniz_oneri"
"Doruk Hospital";"Instagram gönderisi: ‎خلّينا نحكي بصراحة: العلاج...";"120239446651200080";"PAUSED";"LINK_CLICKS";"gorunurluk_ve_isitma";"yerli_hizmet";"yerli";"diger";"belirsiz";"icerik_tiklamasi";"TR";"belirsiz";"bilinmiyor";"1";"isim + canli_meta";"";"yalniz_oneri"
"Doruk Hospital";"Instagram gönderisi: ‎⁨	أخصائي جراحة الدماغ...";"120239446630200080";"PAUSED";"LINK_CLICKS";"gorunurluk_ve_isitma";"yerli_hizmet";"yerli";"diger";"belirsiz";"icerik_tiklamasi";"TR";"belirsiz";"bilinmiyor";"1";"isim + canli_meta";"";"yalniz_oneri"
"Doruk Hospital";"Instagram gönderisi: Наш специалист по...";"120239445935120080";"PAUSED";"LINK_CLICKS";"gorunurluk_ve_isitma";"yerli_hizmet";"yerli";"diger";"belirsiz";"icerik_tiklamasi";"TR";"belirsiz";"bilinmiyor";"1";"isim + canli_meta";"";"yalniz_oneri"
"Doruk Hospital";"Acente - İnfluencer - AR - lead";"120239212766730080";"PAUSED";"OUTCOME_LEADS";"hasta_edinimi";"yabanci_hizmet";"yabanci";"diger";"belirsiz";"lead_edinimi";"AR";"belirsiz";"bilinmiyor";"0";"isim + canli_meta";"";"yalniz_oneri"
"Doruk Hospital";"Acente - İnfluencer - RU - lead";"120239212288200080";"PAUSED";"OUTCOME_LEADS";"hasta_edinimi";"yabanci_hizmet";"yabanci";"diger";"belirsiz";"lead_edinimi";"RU";"belirsiz";"bilinmiyor";"0";"isim + canli_meta";"";"yalniz_oneri"
"Doruk Hospital";"Acente - İnfluencer - EN - lead";"120239171252160080";"PAUSED";"OUTCOME_LEADS";"hasta_edinimi";"yerli_hizmet";"yerli";"diger";"belirsiz";"lead_edinimi";"TR";"belirsiz";"bilinmiyor";"0";"isim + canli_meta";"";"yalniz_oneri"
"Doruk Hospital";"Cerrahi Onkoloji - Beyin Tm - Arap Bölgesi - Tümü - AR - Doruk İlaj Turkia - lead";"120238963050730080";"PAUSED";"OUTCOME_LEADS";"hasta_edinimi";"yabanci_hizmet";"yabanci";"onkoloji";"onkoloji";"lead_edinimi";"AR";"belirsiz";"bilinmiyor";"36";"isim + canli_meta";"";"yalniz_oneri"
"Doruk Hospital";"Cerrahi Onkoloji - Beyin Tm - Türki Cumhuriyetler - Tümü - RU - Lechenie v Turtsii - lead";"120238957563520080";"PAUSED";"OUTCOME_LEADS";"hasta_edinimi";"yabanci_hizmet";"yabanci";"onkoloji";"onkoloji";"lead_edinimi";"RU";"belirsiz";"bilinmiyor";"24";"isim + canli_meta";"";"yalniz_oneri"
"Doruk Hospital";"Instagram gönderisi: ‎بعد إجراء مقابلة تفصيلية مع...";"120238893241650080";"PAUSED";"LINK_CLICKS";"gorunurluk_ve_isitma";"yerli_hizmet";"yerli";"diger";"belirsiz";"icerik_tiklamasi";"TR";"belirsiz";"bilinmiyor";"0";"isim + canli_meta";"";"yalniz_oneri"
"Doruk Hospital";"Instagram gönderisi: ‎يرجى التواصل معنا لتقييم...";"120238893238250080";"PAUSED";"LINK_CLICKS";"gorunurluk_ve_isitma";"yerli_hizmet";"yerli";"diger";"belirsiz";"icerik_tiklamasi";"TR";"belirsiz";"bilinmiyor";"0";"isim + canli_meta";"";"yalniz_oneri"
"Doruk Hospital";"Beyin Cerrahisi Etkileşim deneme";"120238877946300080";"PAUSED";"OUTCOME_ENGAGEMENT";"gorunurluk_ve_isitma";"yerli_hizmet";"yerli";"diger";"belirsiz";"etkilesim";"TR";"belirsiz";"bilinmiyor";"6";"isim + canli_meta";"";"yalniz_oneri"
"Doruk Hospital";"Fizik Tedavi - Intensive FTR - Arap Bölgesi - Tümü - AR - Doruk İlaj Turkia - Whatsapp";"120238651325780080";"ACTIVE";"OUTCOME_LEADS";"hasta_edinimi";"yabanci_hizmet";"yabanci";"ftr_hizmet";"fizik_tedavi_ve_rehabilitasyon";"lead_edinimi";"AR";"belirsiz";"WHATSAPP_MESSAGE";"119";"isim + canli_meta";"";"yalniz_oneri"
"Doruk Hospital";"Arapça ONKO Trafik Kampanyası";"120236316746540080";"PAUSED";"OUTCOME_TRAFFIC";"siniflandirilmamis";"yabanci_hizmet";"yabanci";"diger";"belirsiz";"belirsiz";"AR";"belirsiz";"bilinmiyor";"47";"isim + canli_meta";"";"yalniz_oneri"
"Doruk Hospital";"Rusça ONKO Trafik Kampanyası";"120236310093510080";"PAUSED";"OUTCOME_TRAFFIC";"siniflandirilmamis";"yerli_hizmet";"yerli";"diger";"belirsiz";"belirsiz";"TR";"belirsiz";"bilinmiyor";"93";"isim + canli_meta";"";"yalniz_oneri"
"Doruk Hospital";"Rusça FTR Trafik Kampanyası";"120236243597620080";"PAUSED";"OUTCOME_TRAFFIC";"siniflandirilmamis";"yerli_hizmet";"yerli";"ftr_hizmet";"fizik_tedavi_ve_rehabilitasyon";"belirsiz";"TR";"belirsiz";"bilinmiyor";"57";"isim + canli_meta";"";"yalniz_oneri"
"Doruk Hospital";"Trafik - Fizik Tedavi - Intensive FTR - Arap Bölgesi - Tümü - AR - Doruk İlaj Turkia";"120236230340950080";"PAUSED";"OUTCOME_TRAFFIC";"siniflandirilmamis";"yabanci_hizmet";"yabanci";"ftr_hizmet";"fizik_tedavi_ve_rehabilitasyon";"belirsiz";"AR";"belirsiz";"bilinmiyor";"146";"isim + canli_meta";"";"yalniz_oneri"
"Doruk Hospital";"OPD - OPD - Kazakistan - Almaty - RU - Lechenie v turtsii - lead";"120234256111940080";"PAUSED";"OUTCOME_LEADS";"hasta_edinimi";"yabanci_hizmet";"yabanci";"diger";"belirsiz";"lead_edinimi";"RU";"belirsiz";"bilinmiyor";"2";"isim + canli_meta";"";"yalniz_oneri"
"Doruk Hospital";"[03.11.2025] Almaty OPD Sayfasının Tanıtımı";"120234224306900080";"PAUSED";"LEAD_GENERATION";"siniflandirilmamis";"yerli_hizmet";"yerli";"diger";"belirsiz";"belirsiz";"TR";"belirsiz";"bilinmiyor";"1";"isim + canli_meta";"";"yalniz_oneri"
"Doruk Hospital";"Rusça FTR Etkileşim Kampanyası - Kopya - Kopya";"120233870938630080";"PAUSED";"OUTCOME_ENGAGEMENT";"gorunurluk_ve_isitma";"yerli_hizmet";"yerli";"ftr_hizmet";"fizik_tedavi_ve_rehabilitasyon";"etkilesim";"TR";"belirsiz";"bilinmiyor";"12";"isim + canli_meta";"";"yalniz_oneri"
"Doruk Hospital";"Rusça Onko Etkileşim Kampanyası - Kopya";"120233870327320080";"PAUSED";"OUTCOME_ENGAGEMENT";"gorunurluk_ve_isitma";"yerli_hizmet";"yerli";"diger";"belirsiz";"etkilesim";"TR";"belirsiz";"bilinmiyor";"12";"isim + canli_meta";"";"yalniz_oneri"
"Doruk Hospital";"Arapça FTR Etkileşim Kampanyası";"120233869003450080";"PAUSED";"OUTCOME_ENGAGEMENT";"gorunurluk_ve_isitma";"yabanci_hizmet";"yabanci";"ftr_hizmet";"fizik_tedavi_ve_rehabilitasyon";"etkilesim";"AR";"belirsiz";"bilinmiyor";"46";"isim + canli_meta";"";"yalniz_oneri"
"Doruk Hospital";"Arapça Onko Etkileşim Kampanyası";"120233867101000080";"PAUSED";"OUTCOME_ENGAGEMENT";"gorunurluk_ve_isitma";"yabanci_hizmet";"yabanci";"diger";"belirsiz";"etkilesim";"AR";"belirsiz";"bilinmiyor";"18";"isim + canli_meta";"";"yalniz_oneri"
"Doruk Hospital";"Instagram gönderisi: В Медицинской группе Дорук...";"120233409488810080";"PAUSED";"LINK_CLICKS";"gorunurluk_ve_isitma";"yerli_hizmet";"yerli";"diger";"belirsiz";"icerik_tiklamasi";"TR";"belirsiz";"bilinmiyor";"1";"isim + canli_meta";"";"yalniz_oneri"
"Doruk Hospital";"Arapça FTR BAE profilden ziyaret";"120233192484110080";"PAUSED";"LINK_CLICKS";"gorunurluk_ve_isitma";"yabanci_hizmet";"yabanci";"ftr_hizmet";"fizik_tedavi_ve_rehabilitasyon";"icerik_tiklamasi";"AR";"belirsiz";"bilinmiyor";"1";"isim + canli_meta";"";"yalniz_oneri"
"Doruk Hospital";"Arapça Onkoloji BAE profilden ziyaret";"120233192380280080";"PAUSED";"LINK_CLICKS";"gorunurluk_ve_isitma";"yabanci_hizmet";"yabanci";"onkoloji";"onkoloji";"icerik_tiklamasi";"AR";"belirsiz";"bilinmiyor";"1";"isim + canli_meta";"";"yalniz_oneri"
"Doruk Hospital";"Arapça Onkoloji BAE profilden ziyaret";"120233192202400080";"PAUSED";"LINK_CLICKS";"gorunurluk_ve_isitma";"yabanci_hizmet";"yabanci";"onkoloji";"onkoloji";"icerik_tiklamasi";"AR";"belirsiz";"bilinmiyor";"1";"isim + canli_meta";"";"yalniz_oneri"
"Doruk Hospital";"Arapça Onkoloji Umman profilden ziyaret";"120233192182710080";"PAUSED";"LINK_CLICKS";"gorunurluk_ve_isitma";"yabanci_hizmet";"yabanci";"onkoloji";"onkoloji";"icerik_tiklamasi";"AR";"belirsiz";"bilinmiyor";"1";"isim + canli_meta";"";"yalniz_oneri"
"Doruk Hospital";"Arapça Onkoloji Bahreyn profilden ziyaret";"120233192152240080";"PAUSED";"LINK_CLICKS";"gorunurluk_ve_isitma";"yabanci_hizmet";"yabanci";"onkoloji";"onkoloji";"icerik_tiklamasi";"AR";"belirsiz";"bilinmiyor";"1";"isim + canli_meta";"";"yalniz_oneri"
"Doruk Hospital";"Arapça Onkoloji Kuveyt profilden ziyaret";"120233192109980080";"PAUSED";"LINK_CLICKS";"gorunurluk_ve_isitma";"yabanci_hizmet";"yabanci";"onkoloji";"onkoloji";"icerik_tiklamasi";"AR";"belirsiz";"bilinmiyor";"1";"isim + canli_meta";"";"yalniz_oneri"
"Doruk Hospital";"Rusça FTR Özbekistan Profilden Ziyaret";"120233191785610080";"PAUSED";"LINK_CLICKS";"gorunurluk_ve_isitma";"yerli_hizmet";"yerli";"ftr_hizmet";"fizik_tedavi_ve_rehabilitasyon";"icerik_tiklamasi";"TR";"belirsiz";"bilinmiyor";"1";"isim + canli_meta";"";"yalniz_oneri"
"Doruk Hospital";"Rusça Onkoloji Kırgızistan Profilden Ziyaret";"120233191183730080";"PAUSED";"LINK_CLICKS";"gorunurluk_ve_isitma";"yerli_hizmet";"yerli";"onkoloji";"onkoloji";"icerik_tiklamasi";"TR";"belirsiz";"bilinmiyor";"1";"isim + canli_meta";"";"yalniz_oneri"
"Doruk Hospital";"Instagram gönderisi: Современная реабилитация в...";"120233189466320080";"PAUSED";"LINK_CLICKS";"gorunurluk_ve_isitma";"yerli_hizmet";"yerli";"diger";"belirsiz";"icerik_tiklamasi";"TR";"belirsiz";"bilinmiyor";"1";"isim + canli_meta";"";"yalniz_oneri"
"Doruk Hospital";"Rusça FTR Kazakistan Profilden Ziyaret";"120233189440810080";"PAUSED";"LINK_CLICKS";"gorunurluk_ve_isitma";"yerli_hizmet";"yerli";"ftr_hizmet";"fizik_tedavi_ve_rehabilitasyon";"icerik_tiklamasi";"TR";"belirsiz";"bilinmiyor";"1";"isim + canli_meta";"";"yalniz_oneri"
"Doruk Hospital";"Rusça FTR Kırgızistan Profilden Ziyaret";"120233189411870080";"PAUSED";"LINK_CLICKS";"gorunurluk_ve_isitma";"yerli_hizmet";"yerli";"ftr_hizmet";"fizik_tedavi_ve_rehabilitasyon";"icerik_tiklamasi";"TR";"belirsiz";"bilinmiyor";"1";"isim + canli_meta";"";"yalniz_oneri"
"Doruk Hospital";"Rusça FTR Özbekistan Profilden Ziyaret";"120233189065110080";"PAUSED";"LINK_CLICKS";"gorunurluk_ve_isitma";"yerli_hizmet";"yerli";"ftr_hizmet";"fizik_tedavi_ve_rehabilitasyon";"icerik_tiklamasi";"TR";"belirsiz";"bilinmiyor";"1";"isim + canli_meta";"";"yalniz_oneri"
"Doruk Hospital";"Rusça FTR Kırgızistan Profilden Ziyaret";"120233189054440080";"PAUSED";"LINK_CLICKS";"gorunurluk_ve_isitma";"yerli_hizmet";"yerli";"ftr_hizmet";"fizik_tedavi_ve_rehabilitasyon";"icerik_tiklamasi";"TR";"belirsiz";"bilinmiyor";"1";"isim + canli_meta";"";"yalniz_oneri"
"Doruk Hospital";"Rusça FTR Kazakistan Profilden Ziyaret";"120233189043570080";"PAUSED";"LINK_CLICKS";"gorunurluk_ve_isitma";"yerli_hizmet";"yerli";"ftr_hizmet";"fizik_tedavi_ve_rehabilitasyon";"icerik_tiklamasi";"TR";"belirsiz";"bilinmiyor";"1";"isim + canli_meta";"";"yalniz_oneri"
"Doruk Hospital";"Rusça Onkoloji Kazakistan Profilden Ziyaret";"120233188344100080";"PAUSED";"LINK_CLICKS";"gorunurluk_ve_isitma";"yerli_hizmet";"yerli";"onkoloji";"onkoloji";"icerik_tiklamasi";"TR";"belirsiz";"bilinmiyor";"0";"isim + canli_meta";"";"yalniz_oneri"
"Doruk Hospital";"Rusça Onkoloji Kırgızistan Profilden Ziyaret";"120233188302630080";"PAUSED";"LINK_CLICKS";"gorunurluk_ve_isitma";"yerli_hizmet";"yerli";"onkoloji";"onkoloji";"icerik_tiklamasi";"TR";"belirsiz";"bilinmiyor";"1";"isim + canli_meta";"";"yalniz_oneri"
"Doruk Hospital";"Rusça Onkoloji Özbekistan Profilden Ziyaret";"120233188289120080";"PAUSED";"LINK_CLICKS";"gorunurluk_ve_isitma";"yerli_hizmet";"yerli";"onkoloji";"onkoloji";"icerik_tiklamasi";"TR";"belirsiz";"bilinmiyor";"1";"isim + canli_meta";"";"yalniz_oneri"
"Doruk Hospital";"Rusça Onkoloji Kırgızistan Profilden Ziyaret";"120233188120190080";"PAUSED";"LINK_CLICKS";"gorunurluk_ve_isitma";"yerli_hizmet";"yerli";"onkoloji";"onkoloji";"icerik_tiklamasi";"TR";"belirsiz";"bilinmiyor";"1";"isim + canli_meta";"";"yalniz_oneri"
"Doruk Hospital";"Rusça Onkoloji Kazakistan Profilden Ziyaret";"120233187707790080";"PAUSED";"LINK_CLICKS";"gorunurluk_ve_isitma";"yerli_hizmet";"yerli";"onkoloji";"onkoloji";"icerik_tiklamasi";"TR";"belirsiz";"bilinmiyor";"1";"isim + canli_meta";"";"yalniz_oneri"
"Doruk Hospital";"Rusça Onkoloji Özbekistan Profilden Ziyaret";"120233187287230080";"PAUSED";"LINK_CLICKS";"gorunurluk_ve_isitma";"yerli_hizmet";"yerli";"onkoloji";"onkoloji";"icerik_tiklamasi";"TR";"belirsiz";"bilinmiyor";"1";"isim + canli_meta";"";"yalniz_oneri"
"Doruk Hospital";"Rusça Onkoloji Kazakistan Profilden Ziyaret";"120232793708420080";"PAUSED";"LINK_CLICKS";"gorunurluk_ve_isitma";"yerli_hizmet";"yerli";"onkoloji";"onkoloji";"icerik_tiklamasi";"TR";"belirsiz";"bilinmiyor";"1";"isim + canli_meta";"";"yalniz_oneri"
"Doruk Hospital";"Rusça Onkoloji Kazakistan Profilden Ziyaret";"120232793613960080";"PAUSED";"LINK_CLICKS";"gorunurluk_ve_isitma";"yerli_hizmet";"yerli";"onkoloji";"onkoloji";"icerik_tiklamasi";"TR";"belirsiz";"bilinmiyor";"1";"isim + canli_meta";"";"yalniz_oneri"
"Doruk Hospital";"Rusça Onkoloji Özbekistan Profilden Ziyaret";"120232793566570080";"PAUSED";"LINK_CLICKS";"gorunurluk_ve_isitma";"yerli_hizmet";"yerli";"onkoloji";"onkoloji";"icerik_tiklamasi";"TR";"belirsiz";"bilinmiyor";"1";"isim + canli_meta";"";"yalniz_oneri"
"Doruk Hospital";"Rusça FTR Kazakistan Profilden Ziyaret";"120232793195460080";"PAUSED";"LINK_CLICKS";"gorunurluk_ve_isitma";"yerli_hizmet";"yerli";"ftr_hizmet";"fizik_tedavi_ve_rehabilitasyon";"icerik_tiklamasi";"TR";"belirsiz";"bilinmiyor";"1";"isim + canli_meta";"";"yalniz_oneri"
"Doruk Hospital";"Rusça FTR Kazakistan Profilden Ziyaret";"120232793080070080";"PAUSED";"LINK_CLICKS";"gorunurluk_ve_isitma";"yerli_hizmet";"yerli";"ftr_hizmet";"fizik_tedavi_ve_rehabilitasyon";"icerik_tiklamasi";"TR";"belirsiz";"bilinmiyor";"1";"isim + canli_meta";"";"yalniz_oneri"
"Doruk Hospital";"Rusça FTR Kırgızistan Profilden Ziyaret";"120232792947200080";"PAUSED";"LINK_CLICKS";"gorunurluk_ve_isitma";"yerli_hizmet";"yerli";"ftr_hizmet";"fizik_tedavi_ve_rehabilitasyon";"icerik_tiklamasi";"TR";"belirsiz";"bilinmiyor";"1";"isim + canli_meta";"";"yalniz_oneri"
"Doruk Hospital";"Rusça FTR Kırgızistan Profilden Ziyaret";"120232792899780080";"PAUSED";"LINK_CLICKS";"gorunurluk_ve_isitma";"yerli_hizmet";"yerli";"ftr_hizmet";"fizik_tedavi_ve_rehabilitasyon";"icerik_tiklamasi";"TR";"belirsiz";"bilinmiyor";"1";"isim + canli_meta";"";"yalniz_oneri"
"Doruk Hospital";"Rusça FTR Özbekistan Profilden Ziyaret";"120232792846800080";"PAUSED";"LINK_CLICKS";"gorunurluk_ve_isitma";"yerli_hizmet";"yerli";"ftr_hizmet";"fizik_tedavi_ve_rehabilitasyon";"icerik_tiklamasi";"TR";"belirsiz";"bilinmiyor";"1";"isim + canli_meta";"";"yalniz_oneri"
"Doruk Hospital";"Onkoloji – Onkoloji Genel - Arap Bölgesi – Tümü – AR – Doruk İlaj Turkia – lead";"120232769281030080";"PAUSED";"OUTCOME_LEADS";"hasta_edinimi";"yerli_hizmet";"yerli";"onkoloji";"onkoloji";"lead_edinimi";"TR";"belirsiz";"bilinmiyor";"67";"isim + canli_meta";"";"yalniz_oneri"
"Doruk Hospital";"Onkoloji - Onkoloji Genel - Türki Cumhuriyetler - Tümü - RU - Lechenie v Turtsii - Lead";"120232719606380080";"PAUSED";"OUTCOME_LEADS";"hasta_edinimi";"yabanci_hizmet";"yabanci";"onkoloji";"onkoloji";"lead_edinimi";"RU";"belirsiz";"bilinmiyor";"32";"isim + canli_meta";"";"yalniz_oneri"
"Doruk Hospital";"Rusça Onkoloji Kırgızistan Profilden Ziyaret";"120232696259960080";"PAUSED";"LINK_CLICKS";"gorunurluk_ve_isitma";"yerli_hizmet";"yerli";"onkoloji";"onkoloji";"icerik_tiklamasi";"TR";"belirsiz";"bilinmiyor";"1";"isim + canli_meta";"";"yalniz_oneri"
"Doruk Hospital";"Rusça Onkoloji Kırgızistan Profilden Ziyaret";"120232695681450080";"PAUSED";"LINK_CLICKS";"gorunurluk_ve_isitma";"yerli_hizmet";"yerli";"onkoloji";"onkoloji";"icerik_tiklamasi";"TR";"belirsiz";"bilinmiyor";"1";"isim + canli_meta";"";"yalniz_oneri"
"Doruk Hospital";"Rusça Onkoloji Özbekistan Profilden Ziyaret";"120232695526430080";"PAUSED";"LINK_CLICKS";"gorunurluk_ve_isitma";"yerli_hizmet";"yerli";"onkoloji";"onkoloji";"icerik_tiklamasi";"TR";"belirsiz";"bilinmiyor";"1";"isim + canli_meta";"";"yalniz_oneri"
"Doruk Hospital";"Rusça FTR Özbekistan Profilden Ziyaret";"120232694676960080";"PAUSED";"LINK_CLICKS";"gorunurluk_ve_isitma";"yerli_hizmet";"yerli";"ftr_hizmet";"fizik_tedavi_ve_rehabilitasyon";"icerik_tiklamasi";"TR";"belirsiz";"bilinmiyor";"1";"isim + canli_meta";"";"yalniz_oneri"
"Doruk Hospital";"Arapça FTR BAE profilden ziyaret";"120232621586440080";"PAUSED";"LINK_CLICKS";"gorunurluk_ve_isitma";"yabanci_hizmet";"yabanci";"ftr_hizmet";"fizik_tedavi_ve_rehabilitasyon";"icerik_tiklamasi";"AR";"belirsiz";"bilinmiyor";"1";"isim + canli_meta";"";"yalniz_oneri"
"Doruk Hospital";"Arapça FTR BAE profilden ziyaret";"120232621577000080";"PAUSED";"LINK_CLICKS";"gorunurluk_ve_isitma";"yabanci_hizmet";"yabanci";"ftr_hizmet";"fizik_tedavi_ve_rehabilitasyon";"icerik_tiklamasi";"AR";"belirsiz";"bilinmiyor";"1";"isim + canli_meta";"";"yalniz_oneri"
"Doruk Hospital";"Arapça Onkoloji BAE Profilden Ziyaret";"120232621561570080";"PAUSED";"LINK_CLICKS";"gorunurluk_ve_isitma";"yabanci_hizmet";"yabanci";"onkoloji";"onkoloji";"icerik_tiklamasi";"AR";"belirsiz";"bilinmiyor";"1";"isim + canli_meta";"";"yalniz_oneri"
"Doruk Hospital";"Arapça Onkoloji BAE Profilden Ziyaret";"120232621529250080";"ACTIVE";"LINK_CLICKS";"gorunurluk_ve_isitma";"yabanci_hizmet";"yabanci";"onkoloji";"onkoloji";"icerik_tiklamasi";"AR";"belirsiz";"VIEW_INSTAGRAM_PROFILE";"1";"isim + canli_meta";"";"yalniz_oneri"
"Doruk Hospital";"Arapça FTR Bahreyn Profil Ziyaret";"120232621317260080";"PAUSED";"LINK_CLICKS";"gorunurluk_ve_isitma";"profil_ziyareti";"yabanci";"profil_ziyareti";"fizik_tedavi_ve_rehabilitasyon";"profil_ziyareti";"AR";"belirsiz";"bilinmiyor";"1";"isim + canli_meta";"";"yalniz_oneri"
"Doruk Hospital";"Arapça FTR Bahreyn Profil Ziyaret";"120232621257490080";"ACTIVE";"LINK_CLICKS";"gorunurluk_ve_isitma";"profil_ziyareti";"yabanci";"profil_ziyareti";"fizik_tedavi_ve_rehabilitasyon";"profil_ziyareti";"AR";"belirsiz";"VIEW_INSTAGRAM_PROFILE";"1";"isim + canli_meta";"";"yalniz_oneri"
"Doruk Hospital";"Arapça Onkoloji Bahreyn Profil Ziyaret";"120232621194630080";"ACTIVE";"LINK_CLICKS";"gorunurluk_ve_isitma";"profil_ziyareti";"yabanci";"profil_ziyareti";"onkoloji";"profil_ziyareti";"AR";"belirsiz";"VIEW_INSTAGRAM_PROFILE";"1";"isim + canli_meta";"";"yalniz_oneri"
"Doruk Hospital";"Arapça Onkoloji Bahreyn Profil Ziyaret";"120232621128380080";"ACTIVE";"LINK_CLICKS";"gorunurluk_ve_isitma";"profil_ziyareti";"yabanci";"profil_ziyareti";"onkoloji";"profil_ziyareti";"AR";"belirsiz";"VIEW_INSTAGRAM_PROFILE";"1";"isim + canli_meta";"";"yalniz_oneri"
"Doruk Hospital";"Arapça FTR Umman Profil Ziyaret";"120232620671760080";"ACTIVE";"LINK_CLICKS";"gorunurluk_ve_isitma";"profil_ziyareti";"yabanci";"profil_ziyareti";"fizik_tedavi_ve_rehabilitasyon";"profil_ziyareti";"AR";"belirsiz";"VIEW_INSTAGRAM_PROFILE";"1";"isim + canli_meta";"";"yalniz_oneri"
"Doruk Hospital";"Arapça FTR Umman Profil Ziyaret";"120232620603370080";"ACTIVE";"LINK_CLICKS";"gorunurluk_ve_isitma";"profil_ziyareti";"yabanci";"profil_ziyareti";"fizik_tedavi_ve_rehabilitasyon";"profil_ziyareti";"AR";"belirsiz";"VIEW_INSTAGRAM_PROFILE";"1";"isim + canli_meta";"";"yalniz_oneri"
"Doruk Hospital";"Arapça Onkoloji Umman Profil Ziyaret";"120232620570630080";"PAUSED";"LINK_CLICKS";"gorunurluk_ve_isitma";"profil_ziyareti";"yabanci";"profil_ziyareti";"onkoloji";"profil_ziyareti";"AR";"belirsiz";"bilinmiyor";"1";"isim + canli_meta";"";"yalniz_oneri"
"Doruk Hospital";"Arapça Onkoloji Umman Profil Ziyaret";"120232620482430080";"ACTIVE";"LINK_CLICKS";"gorunurluk_ve_isitma";"profil_ziyareti";"yabanci";"profil_ziyareti";"onkoloji";"profil_ziyareti";"AR";"belirsiz";"VIEW_INSTAGRAM_PROFILE";"1";"isim + canli_meta";"";"yalniz_oneri"
"Doruk Hospital";"Arapça FTR Katar Profil Ziyaret";"120232620002920080";"ACTIVE";"LINK_CLICKS";"gorunurluk_ve_isitma";"profil_ziyareti";"yabanci";"profil_ziyareti";"fizik_tedavi_ve_rehabilitasyon";"profil_ziyareti";"AR";"belirsiz";"VIEW_INSTAGRAM_PROFILE";"1";"isim + canli_meta";"";"yalniz_oneri"
"Doruk Hospital";"Arapça FTR Katar Profil Ziyaret";"120232619958590080";"PAUSED";"LINK_CLICKS";"gorunurluk_ve_isitma";"profil_ziyareti";"yabanci";"profil_ziyareti";"fizik_tedavi_ve_rehabilitasyon";"profil_ziyareti";"AR";"belirsiz";"bilinmiyor";"1";"isim + canli_meta";"";"yalniz_oneri"
"Doruk Hospital";"Arapça Onkoloji Katar Profil Ziyaret";"120232619861830080";"ACTIVE";"LINK_CLICKS";"gorunurluk_ve_isitma";"profil_ziyareti";"yabanci";"profil_ziyareti";"onkoloji";"profil_ziyareti";"AR";"belirsiz";"VIEW_INSTAGRAM_PROFILE";"1";"isim + canli_meta";"";"yalniz_oneri"
"Doruk Hospital";"Arapça Onkoloji Katar Profil Ziyaret";"120232619814300080";"ACTIVE";"LINK_CLICKS";"gorunurluk_ve_isitma";"profil_ziyareti";"yabanci";"profil_ziyareti";"onkoloji";"profil_ziyareti";"AR";"belirsiz";"VIEW_INSTAGRAM_PROFILE";"1";"isim + canli_meta";"";"yalniz_oneri"
"Doruk Hospital";"Arapça FTR Kuveyt Profilden Ziyaret";"120232619655550080";"PAUSED";"LINK_CLICKS";"gorunurluk_ve_isitma";"yabanci_hizmet";"yabanci";"ftr_hizmet";"fizik_tedavi_ve_rehabilitasyon";"icerik_tiklamasi";"AR";"belirsiz";"bilinmiyor";"1";"isim + canli_meta";"";"yalniz_oneri"
"Doruk Hospital";"Arapça FTR Kuveyt Profilden Ziyaret";"120232619630130080";"ACTIVE";"LINK_CLICKS";"gorunurluk_ve_isitma";"yabanci_hizmet";"yabanci";"ftr_hizmet";"fizik_tedavi_ve_rehabilitasyon";"icerik_tiklamasi";"AR";"belirsiz";"VIEW_INSTAGRAM_PROFILE";"1";"isim + canli_meta";"";"yalniz_oneri"
"Doruk Hospital";"Arapça Onkoloji Kuveyt Profilden ziyaret";"120232619568870080";"PAUSED";"LINK_CLICKS";"gorunurluk_ve_isitma";"yabanci_hizmet";"yabanci";"onkoloji";"onkoloji";"icerik_tiklamasi";"AR";"belirsiz";"bilinmiyor";"1";"isim + canli_meta";"";"yalniz_oneri"
"Doruk Hospital";"Arapça Onkoloji Kuveyt Profilden ziyaret";"120232619533610080";"ACTIVE";"LINK_CLICKS";"gorunurluk_ve_isitma";"yabanci_hizmet";"yabanci";"onkoloji";"onkoloji";"icerik_tiklamasi";"AR";"belirsiz";"VIEW_INSTAGRAM_PROFILE";"1";"isim + canli_meta";"";"yalniz_oneri"
"Doruk Hospital";"Rusça FTR Özbekistan Profilden Ziyaret";"120232615865700080";"PAUSED";"LINK_CLICKS";"gorunurluk_ve_isitma";"yerli_hizmet";"yerli";"ftr_hizmet";"fizik_tedavi_ve_rehabilitasyon";"icerik_tiklamasi";"TR";"belirsiz";"bilinmiyor";"1";"isim + canli_meta";"";"yalniz_oneri"
"Doruk Hospital";"Rusça FTR Kırgızistan Profilden Ziyaret";"120232615848010080";"PAUSED";"LINK_CLICKS";"gorunurluk_ve_isitma";"yerli_hizmet";"yerli";"ftr_hizmet";"fizik_tedavi_ve_rehabilitasyon";"icerik_tiklamasi";"TR";"belirsiz";"bilinmiyor";"1";"isim + canli_meta";"";"yalniz_oneri"
"Doruk Hospital";"Rusça FTR Kırgızistan Profilden Ziyaret";"120232615791480080";"PAUSED";"LINK_CLICKS";"gorunurluk_ve_isitma";"yerli_hizmet";"yerli";"ftr_hizmet";"fizik_tedavi_ve_rehabilitasyon";"icerik_tiklamasi";"TR";"belirsiz";"bilinmiyor";"0";"isim + canli_meta";"";"yalniz_oneri"
"Doruk Hospital";"Rusça FTR Özbekistan Profilden Ziyaret";"120232615782640080";"PAUSED";"LINK_CLICKS";"gorunurluk_ve_isitma";"yerli_hizmet";"yerli";"ftr_hizmet";"fizik_tedavi_ve_rehabilitasyon";"icerik_tiklamasi";"TR";"belirsiz";"bilinmiyor";"0";"isim + canli_meta";"";"yalniz_oneri"
"Doruk Hospital";"Rusça Onkoloji Özbekistan Profilden Ziyaret";"120232615715320080";"PAUSED";"LINK_CLICKS";"gorunurluk_ve_isitma";"yerli_hizmet";"yerli";"onkoloji";"onkoloji";"icerik_tiklamasi";"TR";"belirsiz";"bilinmiyor";"0";"isim + canli_meta";"";"yalniz_oneri"
"Doruk Hospital";"Rusça Onkoloji Özbekistan Profilden Ziyaret";"120232615670770080";"PAUSED";"LINK_CLICKS";"gorunurluk_ve_isitma";"yerli_hizmet";"yerli";"onkoloji";"onkoloji";"icerik_tiklamasi";"TR";"belirsiz";"bilinmiyor";"1";"isim + canli_meta";"";"yalniz_oneri"
"Doruk Hospital";"Rusça Onkoloji Kazakistan Profilden Ziyaret";"120232615504600080";"PAUSED";"LINK_CLICKS";"gorunurluk_ve_isitma";"yerli_hizmet";"yerli";"onkoloji";"onkoloji";"icerik_tiklamasi";"TR";"belirsiz";"bilinmiyor";"0";"isim + canli_meta";"";"yalniz_oneri"
"Doruk Hospital";"Rusça Onkoloji Kazakistan Profilden Ziyaret";"120232615388740080";"PAUSED";"LINK_CLICKS";"gorunurluk_ve_isitma";"yerli_hizmet";"yerli";"onkoloji";"onkoloji";"icerik_tiklamasi";"TR";"belirsiz";"bilinmiyor";"1";"isim + canli_meta";"";"yalniz_oneri"
"Doruk Hospital";"Rusça FTR Kazakistan Profilden Ziyaret";"120232614969360080";"PAUSED";"LINK_CLICKS";"gorunurluk_ve_isitma";"yerli_hizmet";"yerli";"ftr_hizmet";"fizik_tedavi_ve_rehabilitasyon";"icerik_tiklamasi";"TR";"belirsiz";"bilinmiyor";"0";"isim + canli_meta";"";"yalniz_oneri"
"Doruk Hospital";"Rusça FTR Kazakistan Profilden Ziyaret";"120232614741410080";"PAUSED";"LINK_CLICKS";"gorunurluk_ve_isitma";"yerli_hizmet";"yerli";"ftr_hizmet";"fizik_tedavi_ve_rehabilitasyon";"icerik_tiklamasi";"TR";"belirsiz";"bilinmiyor";"1";"isim + canli_meta";"";"yalniz_oneri"
"Doruk Hospital";"Arapça FTR Umman Profilden Ziyaret";"120232533000510080";"PAUSED";"LINK_CLICKS";"gorunurluk_ve_isitma";"yabanci_hizmet";"yabanci";"ftr_hizmet";"fizik_tedavi_ve_rehabilitasyon";"icerik_tiklamasi";"AR";"belirsiz";"bilinmiyor";"1";"isim + canli_meta";"";"yalniz_oneri"
"Doruk Hospital";"Arapça FTR Umman Profilden Ziyaret";"120232532994020080";"PAUSED";"LINK_CLICKS";"gorunurluk_ve_isitma";"yabanci_hizmet";"yabanci";"ftr_hizmet";"fizik_tedavi_ve_rehabilitasyon";"icerik_tiklamasi";"AR";"belirsiz";"bilinmiyor";"1";"isim + canli_meta";"";"yalniz_oneri"
"Doruk Hospital";"Arapça FTR Umman Profilden Ziyaret";"120232532965070080";"PAUSED";"LINK_CLICKS";"gorunurluk_ve_isitma";"yabanci_hizmet";"yabanci";"ftr_hizmet";"fizik_tedavi_ve_rehabilitasyon";"icerik_tiklamasi";"AR";"belirsiz";"bilinmiyor";"1";"isim + canli_meta";"";"yalniz_oneri"
"Doruk Hospital";"Arapça Onkoloji Umman Profilden Ziyaret";"120232532850840080";"PAUSED";"LINK_CLICKS";"gorunurluk_ve_isitma";"yabanci_hizmet";"yabanci";"onkoloji";"onkoloji";"icerik_tiklamasi";"AR";"belirsiz";"bilinmiyor";"1";"isim + canli_meta";"";"yalniz_oneri"
"Doruk Hospital";"Arapça Onkoloji Umman Profilden Ziyaret";"120232532832940080";"PAUSED";"LINK_CLICKS";"gorunurluk_ve_isitma";"yabanci_hizmet";"yabanci";"onkoloji";"onkoloji";"icerik_tiklamasi";"AR";"belirsiz";"bilinmiyor";"1";"isim + canli_meta";"";"yalniz_oneri"
"Doruk Hospital";"Arapça FTR Katar Profilden Ziyaret";"120232532764550080";"PAUSED";"LINK_CLICKS";"gorunurluk_ve_isitma";"yabanci_hizmet";"yabanci";"ftr_hizmet";"fizik_tedavi_ve_rehabilitasyon";"icerik_tiklamasi";"AR";"belirsiz";"bilinmiyor";"1";"isim + canli_meta";"";"yalniz_oneri"
"Doruk Hospital";"Arapça FTR Katar Profilden Ziyaret";"120232532747510080";"PAUSED";"LINK_CLICKS";"gorunurluk_ve_isitma";"yabanci_hizmet";"yabanci";"ftr_hizmet";"fizik_tedavi_ve_rehabilitasyon";"icerik_tiklamasi";"AR";"belirsiz";"bilinmiyor";"1";"isim + canli_meta";"";"yalniz_oneri"
"Doruk Hospital";"Arapça FTR Katar Profilden Ziyaret";"120232532737380080";"PAUSED";"LINK_CLICKS";"gorunurluk_ve_isitma";"yabanci_hizmet";"yabanci";"ftr_hizmet";"fizik_tedavi_ve_rehabilitasyon";"icerik_tiklamasi";"AR";"belirsiz";"bilinmiyor";"1";"isim + canli_meta";"";"yalniz_oneri"
"Doruk Hospital";"Arapça FTR Katar Profilden Ziyaret";"120232532728140080";"PAUSED";"LINK_CLICKS";"gorunurluk_ve_isitma";"yabanci_hizmet";"yabanci";"ftr_hizmet";"fizik_tedavi_ve_rehabilitasyon";"icerik_tiklamasi";"AR";"belirsiz";"bilinmiyor";"1";"isim + canli_meta";"";"yalniz_oneri"
"Doruk Hospital";"Arapça Onkoloji Katar Profilden Ziyaret";"120232532662540080";"PAUSED";"LINK_CLICKS";"gorunurluk_ve_isitma";"yabanci_hizmet";"yabanci";"onkoloji";"onkoloji";"icerik_tiklamasi";"AR";"belirsiz";"bilinmiyor";"1";"isim + canli_meta";"";"yalniz_oneri"
"Doruk Hospital";"Arapça Onkoloji Katar Profilden Ziyaret";"120232532617100080";"PAUSED";"LINK_CLICKS";"gorunurluk_ve_isitma";"yabanci_hizmet";"yabanci";"onkoloji";"onkoloji";"icerik_tiklamasi";"AR";"belirsiz";"bilinmiyor";"1";"isim + canli_meta";"";"yalniz_oneri"
"Doruk Hospital";"Arapça FTR Bahreyn Profilden Ziyaret";"120232532564110080";"PAUSED";"LINK_CLICKS";"gorunurluk_ve_isitma";"yabanci_hizmet";"yabanci";"ftr_hizmet";"fizik_tedavi_ve_rehabilitasyon";"icerik_tiklamasi";"AR";"belirsiz";"bilinmiyor";"1";"isim + canli_meta";"";"yalniz_oneri"
"Doruk Hospital";"Arapça FTR Bahreyn Profilden Ziyaret";"120232532545470080";"PAUSED";"LINK_CLICKS";"gorunurluk_ve_isitma";"yabanci_hizmet";"yabanci";"ftr_hizmet";"fizik_tedavi_ve_rehabilitasyon";"icerik_tiklamasi";"AR";"belirsiz";"bilinmiyor";"1";"isim + canli_meta";"";"yalniz_oneri"
"Doruk Hospital";"Arapça FTR Bahreyn Profilden Ziyaret";"120232532530810080";"PAUSED";"LINK_CLICKS";"gorunurluk_ve_isitma";"yabanci_hizmet";"yabanci";"ftr_hizmet";"fizik_tedavi_ve_rehabilitasyon";"icerik_tiklamasi";"AR";"belirsiz";"bilinmiyor";"1";"isim + canli_meta";"";"yalniz_oneri"
"Doruk Hospital";"Arapça FTR Bahreyn Profilden Ziyaret";"120232532521890080";"PAUSED";"LINK_CLICKS";"gorunurluk_ve_isitma";"yabanci_hizmet";"yabanci";"ftr_hizmet";"fizik_tedavi_ve_rehabilitasyon";"icerik_tiklamasi";"AR";"belirsiz";"bilinmiyor";"1";"isim + canli_meta";"";"yalniz_oneri"
"Doruk Hospital";"Arapça Onkoloji Bahreyn Profilden Ziyaret";"120232532502940080";"PAUSED";"LINK_CLICKS";"gorunurluk_ve_isitma";"yabanci_hizmet";"yabanci";"onkoloji";"onkoloji";"icerik_tiklamasi";"AR";"belirsiz";"bilinmiyor";"1";"isim + canli_meta";"";"yalniz_oneri"
"Doruk Hospital";"Arapça Onkoloji Bahreyn Profilden Ziyaret";"120232532454150080";"PAUSED";"LINK_CLICKS";"gorunurluk_ve_isitma";"yabanci_hizmet";"yabanci";"onkoloji";"onkoloji";"icerik_tiklamasi";"AR";"belirsiz";"bilinmiyor";"1";"isim + canli_meta";"";"yalniz_oneri"
"Doruk Hospital";"Arapça FTR Kuveyt Profilden Ziyaret";"120232532383720080";"PAUSED";"LINK_CLICKS";"gorunurluk_ve_isitma";"yabanci_hizmet";"yabanci";"ftr_hizmet";"fizik_tedavi_ve_rehabilitasyon";"icerik_tiklamasi";"AR";"belirsiz";"bilinmiyor";"1";"isim + canli_meta";"";"yalniz_oneri"
"Doruk Hospital";"Arapça FTR Kuveyt Profilden Ziyaret";"120232532366790080";"PAUSED";"LINK_CLICKS";"gorunurluk_ve_isitma";"yabanci_hizmet";"yabanci";"ftr_hizmet";"fizik_tedavi_ve_rehabilitasyon";"icerik_tiklamasi";"AR";"belirsiz";"bilinmiyor";"1";"isim + canli_meta";"";"yalniz_oneri"
"Doruk Hospital";"Arapça FTR Kuveyt Profilden Ziyaret";"120232532334130080";"PAUSED";"LINK_CLICKS";"gorunurluk_ve_isitma";"yabanci_hizmet";"yabanci";"ftr_hizmet";"fizik_tedavi_ve_rehabilitasyon";"icerik_tiklamasi";"AR";"belirsiz";"bilinmiyor";"1";"isim + canli_meta";"";"yalniz_oneri"
"Doruk Hospital";"Arapça FTR Kuveyt Profilden Ziyaret";"120232532308240080";"PAUSED";"LINK_CLICKS";"gorunurluk_ve_isitma";"yabanci_hizmet";"yabanci";"ftr_hizmet";"fizik_tedavi_ve_rehabilitasyon";"icerik_tiklamasi";"AR";"belirsiz";"bilinmiyor";"0";"isim + canli_meta";"";"yalniz_oneri"
"Doruk Hospital";"Arapça FTR Kuveyt Profilden Ziyaret";"120232532244480080";"PAUSED";"LINK_CLICKS";"gorunurluk_ve_isitma";"yabanci_hizmet";"yabanci";"ftr_hizmet";"fizik_tedavi_ve_rehabilitasyon";"icerik_tiklamasi";"AR";"belirsiz";"bilinmiyor";"1";"isim + canli_meta";"";"yalniz_oneri"
"Doruk Hospital";"Arapça Onkoloji Kuveyt Profilden Ziyaret";"120232532090850080";"PAUSED";"LINK_CLICKS";"gorunurluk_ve_isitma";"yabanci_hizmet";"yabanci";"onkoloji";"onkoloji";"icerik_tiklamasi";"AR";"belirsiz";"bilinmiyor";"1";"isim + canli_meta";"";"yalniz_oneri"
"Doruk Hospital";"Arapça Onkoloji Kuveyt Profilden Ziyaret";"120232532038280080";"PAUSED";"LINK_CLICKS";"gorunurluk_ve_isitma";"yabanci_hizmet";"yabanci";"onkoloji";"onkoloji";"icerik_tiklamasi";"AR";"belirsiz";"bilinmiyor";"1";"isim + canli_meta";"";"yalniz_oneri"
"Doruk Hospital";"Rusça FTR Kırgızistan Profilden Ziyaret";"120232531098990080";"PAUSED";"LINK_CLICKS";"gorunurluk_ve_isitma";"yerli_hizmet";"yerli";"ftr_hizmet";"fizik_tedavi_ve_rehabilitasyon";"icerik_tiklamasi";"TR";"belirsiz";"bilinmiyor";"1";"isim + canli_meta";"";"yalniz_oneri"
"Doruk Hospital";"Rusça FTR Kırgızistan Profilden Ziyaret";"120232531014610080";"PAUSED";"LINK_CLICKS";"gorunurluk_ve_isitma";"yerli_hizmet";"yerli";"ftr_hizmet";"fizik_tedavi_ve_rehabilitasyon";"icerik_tiklamasi";"TR";"belirsiz";"bilinmiyor";"1";"isim + canli_meta";"";"yalniz_oneri"
"Doruk Hospital";"Rusça FTR Kırgızistan Profilden Ziyaret";"120232530908640080";"PAUSED";"LINK_CLICKS";"gorunurluk_ve_isitma";"yerli_hizmet";"yerli";"ftr_hizmet";"fizik_tedavi_ve_rehabilitasyon";"icerik_tiklamasi";"TR";"belirsiz";"bilinmiyor";"1";"isim + canli_meta";"";"yalniz_oneri"
"Doruk Hospital";"Rusça FTR Kırgızistan Profilden Ziyaret";"120232530866650080";"PAUSED";"LINK_CLICKS";"gorunurluk_ve_isitma";"yerli_hizmet";"yerli";"ftr_hizmet";"fizik_tedavi_ve_rehabilitasyon";"icerik_tiklamasi";"TR";"belirsiz";"bilinmiyor";"1";"isim + canli_meta";"";"yalniz_oneri"
"Doruk Hospital";"Rusça Onkoloji Kırgızistan Profilden Ziyaret";"120232530804450080";"PAUSED";"LINK_CLICKS";"gorunurluk_ve_isitma";"yerli_hizmet";"yerli";"onkoloji";"onkoloji";"icerik_tiklamasi";"TR";"belirsiz";"bilinmiyor";"1";"isim + canli_meta";"";"yalniz_oneri"
"Doruk Hospital";"Rusça Onkoloji Kırgızistan Profilden Ziyaret";"120232530695750080";"PAUSED";"LINK_CLICKS";"gorunurluk_ve_isitma";"yerli_hizmet";"yerli";"onkoloji";"onkoloji";"icerik_tiklamasi";"TR";"belirsiz";"bilinmiyor";"1";"isim + canli_meta";"";"yalniz_oneri"
"Doruk Hospital";"Rusça FTR Özbekistan Profilden Ziyaret";"120232530522660080";"PAUSED";"LINK_CLICKS";"gorunurluk_ve_isitma";"yerli_hizmet";"yerli";"ftr_hizmet";"fizik_tedavi_ve_rehabilitasyon";"icerik_tiklamasi";"TR";"belirsiz";"bilinmiyor";"1";"isim + canli_meta";"";"yalniz_oneri"
"Doruk Hospital";"Rusça FTR Özbekistan Profilden Ziyaret";"120232530502970080";"PAUSED";"LINK_CLICKS";"gorunurluk_ve_isitma";"yerli_hizmet";"yerli";"ftr_hizmet";"fizik_tedavi_ve_rehabilitasyon";"icerik_tiklamasi";"TR";"belirsiz";"bilinmiyor";"1";"isim + canli_meta";"";"yalniz_oneri"
"Doruk Hospital";"Rusça FTR Özbekistan Profilden Ziyaret";"120232530454360080";"PAUSED";"LINK_CLICKS";"gorunurluk_ve_isitma";"yerli_hizmet";"yerli";"ftr_hizmet";"fizik_tedavi_ve_rehabilitasyon";"icerik_tiklamasi";"TR";"belirsiz";"bilinmiyor";"1";"isim + canli_meta";"";"yalniz_oneri"
"Doruk Hospital";"Rusça FTR Özbekistan Profilden Ziyaret";"120232530414010080";"PAUSED";"LINK_CLICKS";"gorunurluk_ve_isitma";"yerli_hizmet";"yerli";"ftr_hizmet";"fizik_tedavi_ve_rehabilitasyon";"icerik_tiklamasi";"TR";"belirsiz";"bilinmiyor";"1";"isim + canli_meta";"";"yalniz_oneri"
"Doruk Hospital";"Rusça Onkoloji Özbekistan Profilden Ziyaret";"120232529793440080";"PAUSED";"LINK_CLICKS";"gorunurluk_ve_isitma";"yerli_hizmet";"yerli";"onkoloji";"onkoloji";"icerik_tiklamasi";"TR";"belirsiz";"bilinmiyor";"0";"isim + canli_meta";"";"yalniz_oneri"
"Doruk Hospital";"Rusça Onkoloji Özbekistan Profilden Ziyaret";"120232529670800080";"PAUSED";"LINK_CLICKS";"gorunurluk_ve_isitma";"yerli_hizmet";"yerli";"onkoloji";"onkoloji";"icerik_tiklamasi";"TR";"belirsiz";"bilinmiyor";"0";"isim + canli_meta";"";"yalniz_oneri"
"Doruk Hospital";"Rusça FTR Kazakistan Profilden Ziyaret";"120232526194150080";"PAUSED";"LINK_CLICKS";"gorunurluk_ve_isitma";"yerli_hizmet";"yerli";"ftr_hizmet";"fizik_tedavi_ve_rehabilitasyon";"icerik_tiklamasi";"TR";"belirsiz";"bilinmiyor";"1";"isim + canli_meta";"";"yalniz_oneri"
"Doruk Hospital";"Rusça FTR Kazakistan Profilden Ziyaret";"120232526167870080";"PAUSED";"LINK_CLICKS";"gorunurluk_ve_isitma";"yerli_hizmet";"yerli";"ftr_hizmet";"fizik_tedavi_ve_rehabilitasyon";"icerik_tiklamasi";"TR";"belirsiz";"bilinmiyor";"1";"isim + canli_meta";"";"yalniz_oneri"
"Doruk Hospital";"Rusça FTR Kazakistan Profilden Ziyaret";"120232526142570080";"PAUSED";"LINK_CLICKS";"gorunurluk_ve_isitma";"yerli_hizmet";"yerli";"ftr_hizmet";"fizik_tedavi_ve_rehabilitasyon";"icerik_tiklamasi";"TR";"belirsiz";"bilinmiyor";"1";"isim + canli_meta";"";"yalniz_oneri"
"Doruk Hospital";"Rusça FTR Kazakistan Profilden Ziyaret";"120232526108390080";"PAUSED";"LINK_CLICKS";"gorunurluk_ve_isitma";"yerli_hizmet";"yerli";"ftr_hizmet";"fizik_tedavi_ve_rehabilitasyon";"icerik_tiklamasi";"TR";"belirsiz";"bilinmiyor";"1";"isim + canli_meta";"";"yalniz_oneri"
"Doruk Hospital";"Rusça Onkoloji Kazakistan Profilden Ziyaret";"120232526096800080";"PAUSED";"LINK_CLICKS";"gorunurluk_ve_isitma";"yerli_hizmet";"yerli";"onkoloji";"onkoloji";"icerik_tiklamasi";"TR";"belirsiz";"bilinmiyor";"1";"isim + canli_meta";"";"yalniz_oneri"
"Doruk Hospital";"Rusça Onkoloji Kazakistan Profilden Ziyaret";"120232526043030080";"PAUSED";"LINK_CLICKS";"gorunurluk_ve_isitma";"yerli_hizmet";"yerli";"onkoloji";"onkoloji";"icerik_tiklamasi";"TR";"belirsiz";"bilinmiyor";"1";"isim + canli_meta";"";"yalniz_oneri"
"Doruk Hospital";"Lechenie Trafik - RU";"120232473626750080";"PAUSED";"OUTCOME_TRAFFIC";"siniflandirilmamis";"yerli_hizmet";"yerli";"diger";"belirsiz";"belirsiz";"TR";"belirsiz";"bilinmiyor";"18";"isim + canli_meta";"";"yalniz_oneri"
"Doruk Hospital";"Arapça FTR Körfez Trafik";"120232473555680080";"PAUSED";"LINK_CLICKS";"gorunurluk_ve_isitma";"yabanci_hizmet";"yabanci";"ftr_hizmet";"fizik_tedavi_ve_rehabilitasyon";"icerik_tiklamasi";"AR";"belirsiz";"bilinmiyor";"1";"isim + canli_meta";"";"yalniz_oneri"
"Doruk Hospital";"Arapça FTR Körfez Trafik";"120232473441090080";"PAUSED";"LINK_CLICKS";"gorunurluk_ve_isitma";"yabanci_hizmet";"yabanci";"ftr_hizmet";"fizik_tedavi_ve_rehabilitasyon";"icerik_tiklamasi";"AR";"belirsiz";"bilinmiyor";"1";"isim + canli_meta";"";"yalniz_oneri"
"Doruk Hospital";"Arapça Onko Körfez Trafik";"120232468496200080";"PAUSED";"LINK_CLICKS";"gorunurluk_ve_isitma";"yabanci_hizmet";"yabanci";"diger";"belirsiz";"icerik_tiklamasi";"AR";"belirsiz";"bilinmiyor";"1";"isim + canli_meta";"";"yalniz_oneri"
"Doruk Hospital";"Arapça Onko Körfez Trafik";"120232468462160080";"PAUSED";"LINK_CLICKS";"gorunurluk_ve_isitma";"yabanci_hizmet";"yabanci";"diger";"belirsiz";"icerik_tiklamasi";"AR";"belirsiz";"bilinmiyor";"1";"isim + canli_meta";"";"yalniz_oneri"
"Doruk Hospital";"Arapça Onko Körfez Trafik";"120232468339280080";"PAUSED";"LINK_CLICKS";"gorunurluk_ve_isitma";"yabanci_hizmet";"yabanci";"diger";"belirsiz";"icerik_tiklamasi";"AR";"belirsiz";"bilinmiyor";"1";"isim + canli_meta";"";"yalniz_oneri"
"Doruk Hospital";"Arapça FTR Körfez Trafik";"120232467477010080";"PAUSED";"LINK_CLICKS";"gorunurluk_ve_isitma";"yabanci_hizmet";"yabanci";"ftr_hizmet";"fizik_tedavi_ve_rehabilitasyon";"icerik_tiklamasi";"AR";"belirsiz";"bilinmiyor";"1";"isim + canli_meta";"";"yalniz_oneri"
"Doruk Hospital";"Arapça FTR Körfez Trafik";"120232463977480080";"PAUSED";"LINK_CLICKS";"gorunurluk_ve_isitma";"yabanci_hizmet";"yabanci";"ftr_hizmet";"fizik_tedavi_ve_rehabilitasyon";"icerik_tiklamasi";"AR";"belirsiz";"bilinmiyor";"0";"isim + canli_meta";"";"yalniz_oneri"
"Doruk Hospital";"Fizik Tedavi - Intensive FTR - Arap Bölgesi - Tümü - AR - Doruk İlaj Turkia - lead";"120232435509150080";"PAUSED";"OUTCOME_LEADS";"hasta_edinimi";"yabanci_hizmet";"yabanci";"ftr_hizmet";"fizik_tedavi_ve_rehabilitasyon";"lead_edinimi";"AR";"belirsiz";"bilinmiyor";"116";"isim + canli_meta";"";"yalniz_oneri"
"Doruk Hospital";"Rusça Gönderiden Profil Ziyaret";"120232423975420080";"PAUSED";"LINK_CLICKS";"gorunurluk_ve_isitma";"profil_ziyareti";"yerli";"profil_ziyareti";"belirsiz";"profil_ziyareti";"TR";"belirsiz";"bilinmiyor";"1";"isim + canli_meta";"";"yalniz_oneri"
"Doruk Hospital";"Rusça Gönderiden Profil Ziyaret";"120232423963210080";"PAUSED";"LINK_CLICKS";"gorunurluk_ve_isitma";"profil_ziyareti";"yerli";"profil_ziyareti";"belirsiz";"profil_ziyareti";"TR";"belirsiz";"bilinmiyor";"1";"isim + canli_meta";"";"yalniz_oneri"
"Doruk Hospital";"Rusça Gönderiden Profil Ziyaret";"120232423945640080";"PAUSED";"LINK_CLICKS";"gorunurluk_ve_isitma";"profil_ziyareti";"yerli";"profil_ziyareti";"belirsiz";"profil_ziyareti";"TR";"belirsiz";"bilinmiyor";"1";"isim + canli_meta";"";"yalniz_oneri"
"Doruk Hospital";"Rusça Gönderiden Profil Ziyaret";"120232423930470080";"PAUSED";"LINK_CLICKS";"gorunurluk_ve_isitma";"profil_ziyareti";"yerli";"profil_ziyareti";"belirsiz";"profil_ziyareti";"TR";"belirsiz";"bilinmiyor";"1";"isim + canli_meta";"";"yalniz_oneri"
"Doruk Hospital";"Rusça Gönderiden Profil Ziyaret";"120232423881110080";"PAUSED";"LINK_CLICKS";"gorunurluk_ve_isitma";"profil_ziyareti";"yerli";"profil_ziyareti";"belirsiz";"profil_ziyareti";"TR";"belirsiz";"bilinmiyor";"1";"isim + canli_meta";"";"yalniz_oneri"
"Doruk Hospital";"Rusça Gönderiden Profil Ziyaret";"120232423822490080";"PAUSED";"LINK_CLICKS";"gorunurluk_ve_isitma";"profil_ziyareti";"yerli";"profil_ziyareti";"belirsiz";"profil_ziyareti";"TR";"belirsiz";"bilinmiyor";"1";"isim + canli_meta";"";"yalniz_oneri"
"Doruk Hospital";"Fizik Tedavi - Intensive FTR - Türki Cumhuriyetler - Tümü - RU - Lechenie v Turtsii - lead";"120232382033210080";"ACTIVE";"OUTCOME_LEADS";"hasta_edinimi";"yabanci_hizmet";"yabanci";"ftr_hizmet";"fizik_tedavi_ve_rehabilitasyon";"lead_edinimi";"RU";"belirsiz";"APPLY_NOW + SIGN_UP";"141";"isim + canli_meta";"";"yalniz_oneri"
"Doruk Hospital";"Arapça Gönderiden Mesajlaşma - FTR - Tüm Arap";"120232311417850080";"PAUSED";"MESSAGES";"siniflandirilmamis";"yabanci_hizmet";"yabanci";"ftr_hizmet";"fizik_tedavi_ve_rehabilitasyon";"belirsiz";"AR";"belirsiz";"bilinmiyor";"1";"isim + canli_meta";"";"yalniz_oneri"
"Doruk Hospital";"Rusça Gönderiden Mesajlaşma - FTR - Özbekistan+Kırgızistan";"120232146392950080";"PAUSED";"MESSAGES";"siniflandirilmamis";"yerli_hizmet";"yerli";"ftr_hizmet";"fizik_tedavi_ve_rehabilitasyon";"belirsiz";"TR";"belirsiz";"bilinmiyor";"1";"isim + canli_meta";"";"yalniz_oneri"
"Doruk Hospital";"Rusça Gönderiden Mesajlaşma - FTR - Ukrayna";"120232145860610080";"PAUSED";"MESSAGES";"siniflandirilmamis";"yerli_hizmet";"yerli";"ftr_hizmet";"fizik_tedavi_ve_rehabilitasyon";"belirsiz";"TR";"belirsiz";"bilinmiyor";"1";"isim + canli_meta";"";"yalniz_oneri"
"Doruk Hospital";"Rusça Gönderiden Mesajlaşma - FTR - Kazakistan";"120232145380130080";"PAUSED";"MESSAGES";"siniflandirilmamis";"yerli_hizmet";"yerli";"ftr_hizmet";"fizik_tedavi_ve_rehabilitasyon";"belirsiz";"TR";"belirsiz";"bilinmiyor";"1";"isim + canli_meta";"";"yalniz_oneri"
"Doruk Hospital";"Arapça Gönderiden Mesajlaşma - FTR - Körfez (S.A hariç)";"120232143232530080";"PAUSED";"MESSAGES";"siniflandirilmamis";"yabanci_hizmet";"yabanci";"ftr_hizmet";"fizik_tedavi_ve_rehabilitasyon";"belirsiz";"AR";"belirsiz";"bilinmiyor";"1";"isim + canli_meta";"";"yalniz_oneri"
"Doruk Hospital";"Arapça - Gönderiden Profili Ziyaret";"120232025240530080";"PAUSED";"LINK_CLICKS";"gorunurluk_ve_isitma";"yabanci_hizmet";"yabanci";"diger";"belirsiz";"icerik_tiklamasi";"AR";"belirsiz";"bilinmiyor";"1";"isim + canli_meta";"";"yalniz_oneri"
"Doruk Hospital";"Arapça - Gönderiden Profili Ziyaret";"120232024227490080";"PAUSED";"LINK_CLICKS";"gorunurluk_ve_isitma";"yabanci_hizmet";"yabanci";"diger";"belirsiz";"icerik_tiklamasi";"AR";"belirsiz";"bilinmiyor";"1";"isim + canli_meta";"";"yalniz_oneri"
"Doruk Hospital";"Arapça - Gönderiden Profili Ziyaret";"120232024114900080";"PAUSED";"LINK_CLICKS";"gorunurluk_ve_isitma";"yabanci_hizmet";"yabanci";"diger";"belirsiz";"icerik_tiklamasi";"AR";"belirsiz";"bilinmiyor";"1";"isim + canli_meta";"";"yalniz_oneri"
"Doruk Hospital";"Rusça Gönderiden Profil Ziyaret";"120232023228260080";"PAUSED";"LINK_CLICKS";"gorunurluk_ve_isitma";"profil_ziyareti";"yerli";"profil_ziyareti";"belirsiz";"profil_ziyareti";"TR";"belirsiz";"bilinmiyor";"1";"isim + canli_meta";"";"yalniz_oneri"
"Doruk Hospital";"Rusça Gönderiden Profil Ziyaret";"120232023048790080";"PAUSED";"LINK_CLICKS";"gorunurluk_ve_isitma";"profil_ziyareti";"yerli";"profil_ziyareti";"belirsiz";"profil_ziyareti";"TR";"belirsiz";"bilinmiyor";"1";"isim + canli_meta";"";"yalniz_oneri"
"Doruk Hospital";"Rusça Gönderiden Profil Ziyaret";"120232022740530080";"PAUSED";"LINK_CLICKS";"gorunurluk_ve_isitma";"profil_ziyareti";"yerli";"profil_ziyareti";"belirsiz";"profil_ziyareti";"TR";"belirsiz";"bilinmiyor";"1";"isim + canli_meta";"";"yalniz_oneri"
"Doruk Hospital";"Rusça Gönderiden Profil Ziyaret";"120231988176000080";"PAUSED";"LINK_CLICKS";"gorunurluk_ve_isitma";"profil_ziyareti";"yerli";"profil_ziyareti";"belirsiz";"profil_ziyareti";"TR";"belirsiz";"bilinmiyor";"1";"isim + canli_meta";"";"yalniz_oneri"
"Doruk Hospital";"Rusça Gönderiden Profil Ziyaret";"120231980674570080";"PAUSED";"LINK_CLICKS";"gorunurluk_ve_isitma";"profil_ziyareti";"yerli";"profil_ziyareti";"belirsiz";"profil_ziyareti";"TR";"belirsiz";"bilinmiyor";"1";"isim + canli_meta";"";"yalniz_oneri"
"Doruk Hospital";"Rusça Gönderiden Profil Ziyaret";"120231980474670080";"PAUSED";"LINK_CLICKS";"gorunurluk_ve_isitma";"profil_ziyareti";"yerli";"profil_ziyareti";"belirsiz";"profil_ziyareti";"TR";"belirsiz";"bilinmiyor";"1";"isim + canli_meta";"";"yalniz_oneri"
"Doruk Hospital";"Rusça Gönderiden Profil Ziyaret";"120231980413140080";"PAUSED";"LINK_CLICKS";"gorunurluk_ve_isitma";"profil_ziyareti";"yerli";"profil_ziyareti";"belirsiz";"profil_ziyareti";"TR";"belirsiz";"bilinmiyor";"1";"isim + canli_meta";"";"yalniz_oneri"
"Doruk Hospital";"Instagram gönderisi: ‎⁨	التقنيات الحديثة تُمكّن...";"120231980159640080";"PAUSED";"LINK_CLICKS";"gorunurluk_ve_isitma";"yerli_hizmet";"yerli";"diger";"belirsiz";"icerik_tiklamasi";"TR";"belirsiz";"bilinmiyor";"1";"isim + canli_meta";"";"yalniz_oneri"
"Doruk Hospital";"Instagram gönderisi: ‎‎إعادة التأهيل الحديثة في...";"120231980058170080";"PAUSED";"LINK_CLICKS";"gorunurluk_ve_isitma";"yerli_hizmet";"yerli";"diger";"belirsiz";"icerik_tiklamasi";"TR";"belirsiz";"bilinmiyor";"1";"isim + canli_meta";"";"yalniz_oneri"
"Doruk Hospital";"Instagram gönderisi: ‎ابدأ رحلة علاجك بخطوة بسيطة...";"120231979632650080";"PAUSED";"LINK_CLICKS";"gorunurluk_ve_isitma";"yerli_hizmet";"yerli";"diger";"belirsiz";"icerik_tiklamasi";"TR";"belirsiz";"bilinmiyor";"1";"isim + canli_meta";"";"yalniz_oneri"
"Doruk Hospital";"Instagram gönderisi: ‎‎خطوة نحو الشفاء... مع...";"120231979592300080";"PAUSED";"LINK_CLICKS";"gorunurluk_ve_isitma";"yerli_hizmet";"yerli";"diger";"belirsiz";"icerik_tiklamasi";"TR";"belirsiz";"bilinmiyor";"1";"isim + canli_meta";"";"yalniz_oneri"
"Doruk Hospital";"Estetik - Genel - Türki Cumhuriyetler - Tümü - RU - Doruk Aesthetic Surgery - on_lead";"120228125604550080";"PAUSED";"OUTCOME_LEADS";"hasta_edinimi";"estetik_hizmet";"yabanci";"estetik_hizmet";"medikal_estetik_ve_plastik_cerrahi";"lead_edinimi";"RU";"belirsiz";"bilinmiyor";"28";"isim + canli_meta";"";"yalniz_oneri"
"Doruk Hospital";"Estetik - Genital Estetik - Türki Cumhuriyetler - Tümü - RU - Doruk Aesthetic Surgery-SAD";"120228125501480080";"PAUSED";"OUTCOME_LEADS";"hasta_edinimi";"estetik_hizmet";"yabanci";"estetik_hizmet";"medikal_estetik_ve_plastik_cerrahi";"lead_edinimi";"RU";"belirsiz";"bilinmiyor";"3";"isim + canli_meta";"";"yalniz_oneri"
"Doruk Hospital";"Estetik - Jinekomasti - Türki Cumhuriyetler - Tümü - RU - Doruk Aesthetic Surgery - on_lead";"120228111131150080";"PAUSED";"OUTCOME_LEADS";"hasta_edinimi";"estetik_hizmet";"yabanci";"estetik_hizmet";"medikal_estetik_ve_plastik_cerrahi";"lead_edinimi";"RU";"belirsiz";"bilinmiyor";"1";"isim + canli_meta";"";"yalniz_oneri"
"Doruk Hospital";"Estetik -  Jinekomasti - Arap Bölgesi - Tümü - AR - Doruk Aesthetic Surgery - on_lead";"120228102150610080";"PAUSED";"OUTCOME_LEADS";"hasta_edinimi";"estetik_hizmet";"yabanci";"estetik_hizmet";"medikal_estetik_ve_plastik_cerrahi";"lead_edinimi";"AR";"belirsiz";"bilinmiyor";"2";"isim + canli_meta";"";"yalniz_oneri"
"Doruk Hospital";"Estetik - Genel - Dünya - Tümü - EN - Doruk Aesthetic Surgery - takipci";"120226565450880080";"PAUSED";"OUTCOME_TRAFFIC";"siniflandirilmamis";"estetik_hizmet";"yerli";"estetik_hizmet";"medikal_estetik_ve_plastik_cerrahi";"belirsiz";"TR";"belirsiz";"bilinmiyor";"1";"isim + canli_meta";"";"yalniz_oneri"
"Doruk Hospital";"Fizik Tedavi - Intensive FTR - Türki Cumhuriyetler - Tümü - RU - Physical Therapy - lead";"120226400686870080";"PAUSED";"OUTCOME_LEADS";"hasta_edinimi";"yabanci_hizmet";"yabanci";"ftr_hizmet";"fizik_tedavi_ve_rehabilitasyon";"lead_edinimi";"RU";"belirsiz";"bilinmiyor";"26";"isim + canli_meta";"";"yalniz_oneri"
"Doruk Hospital";"Fizik Tedavi - Intensive FTR - Arap Bölgesi - Tümü - AR - Physical Therapy - lead";"120226400025670080";"PAUSED";"OUTCOME_LEADS";"hasta_edinimi";"yabanci_hizmet";"yabanci";"ftr_hizmet";"fizik_tedavi_ve_rehabilitasyon";"lead_edinimi";"AR";"belirsiz";"bilinmiyor";"77";"isim + canli_meta";"";"yalniz_oneri"
"Doruk Hospital";"Fizik Tedavi - Intensive FTR - Türki Cumhuriyetler - Tümü - RU - Physical Therapy - on_lead";"120222524792360080";"PAUSED";"OUTCOME_LEADS";"hasta_edinimi";"yabanci_hizmet";"yabanci";"ftr_hizmet";"fizik_tedavi_ve_rehabilitasyon";"lead_edinimi";"RU";"belirsiz";"bilinmiyor";"12";"isim + canli_meta";"";"yalniz_oneri"
"Doruk Hospital";"Fizik Tedavi - Intensive FTR - Arap Bölgesi - Tümü - AR - Physical Therapy - on_lead";"120222231456050080";"PAUSED";"OUTCOME_LEADS";"hasta_edinimi";"yabanci_hizmet";"yabanci";"ftr_hizmet";"fizik_tedavi_ve_rehabilitasyon";"lead_edinimi";"AR";"belirsiz";"bilinmiyor";"50";"isim + canli_meta";"";"yalniz_oneri"
"Doruk Hospital";"Fizik Tedavi - Intensive FTR - Arap Bölgesi - Tümü - AR - Physical Therapy";"120221301712470080";"PAUSED";"OUTCOME_LEADS";"hasta_edinimi";"yabanci_hizmet";"yabanci";"ftr_hizmet";"fizik_tedavi_ve_rehabilitasyon";"lead_edinimi";"AR";"belirsiz";"bilinmiyor";"33";"isim + canli_meta";"";"yalniz_oneri"
"Doruk Hospital";"Estetik - Genel - Avrupa Bölgesi  - Tümü - EN - Doruk Aesthetic Surgery - lead";"120220948625530080";"PAUSED";"OUTCOME_LEADS";"hasta_edinimi";"estetik_hizmet";"yerli";"estetik_hizmet";"medikal_estetik_ve_plastik_cerrahi";"lead_edinimi";"TR";"belirsiz";"bilinmiyor";"49";"isim + canli_meta";"";"yalniz_oneri"
"Doruk Hospital";"Estetik - Genel - Birleşik Krallık - Tümü - EN - Doruk Aesthetic Surgery - lead";"120220463601400080";"PAUSED";"OUTCOME_LEADS";"hasta_edinimi";"estetik_hizmet";"yerli";"estetik_hizmet";"medikal_estetik_ve_plastik_cerrahi";"lead_edinimi";"TR";"belirsiz";"bilinmiyor";"54";"isim + canli_meta";"";"yalniz_oneri"
"Doruk Hospital";"Estetik - Genel - Türki Cumhuriyetler - Tümü - RU - Doruk Aesthetic Surgery - on_lead";"120220398508760080";"PAUSED";"OUTCOME_LEADS";"hasta_edinimi";"estetik_hizmet";"yabanci";"estetik_hizmet";"medikal_estetik_ve_plastik_cerrahi";"lead_edinimi";"RU";"belirsiz";"bilinmiyor";"38";"isim + canli_meta";"";"yalniz_oneri"
"Doruk Hospital";"Estetik - Genel -  Arap Bölgesi - Tümü - AR - Doruk Aesthetic Surgery - on_lead";"120220229321100080";"PAUSED";"OUTCOME_LEADS";"hasta_edinimi";"estetik_hizmet";"yabanci";"estetik_hizmet";"medikal_estetik_ve_plastik_cerrahi";"lead_edinimi";"AR";"belirsiz";"bilinmiyor";"45";"isim + canli_meta";"";"yalniz_oneri"
"Doruk Hospital";"Vücut Şekillendirme - Lipo/Abdo - Birleşik Krallık - Tümü - EN - Doruk Aesthetic Surgery";"120219764006330080";"PAUSED";"OUTCOME_LEADS";"hasta_edinimi";"yerli_hizmet";"yerli";"diger";"belirsiz";"lead_edinimi";"TR";"belirsiz";"bilinmiyor";"5";"isim + canli_meta";"";"yalniz_oneri"
"Doruk Hospital";"Vücut Şekillendirme - Lipo/Abdo - Avrupa Bölgesi - Tümü - EN - Doruk Aesthetic Surgery";"120219763911790080";"PAUSED";"OUTCOME_LEADS";"hasta_edinimi";"yerli_hizmet";"yerli";"diger";"belirsiz";"lead_edinimi";"TR";"belirsiz";"bilinmiyor";"6";"isim + canli_meta";"";"yalniz_oneri"
"Doruk Hospital";"Vücut Şekillendirme - Lipo/Abdo - Arap Bölgesi - Tümü - AR - Doruk Aesthetic Surgery";"120219763626200080";"PAUSED";"OUTCOME_LEADS";"hasta_edinimi";"yabanci_hizmet";"yabanci";"diger";"belirsiz";"lead_edinimi";"AR";"belirsiz";"bilinmiyor";"5";"isim + canli_meta";"";"yalniz_oneri"
"Doruk Hospital";"Vücut Şekillendirme - Lipo/Abdo - Türki Cumhuriyetleri - Tümü - RU - Doruk Aesthetic Surgery";"120219763519310080";"PAUSED";"OUTCOME_LEADS";"hasta_edinimi";"yabanci_hizmet";"yabanci";"diger";"belirsiz";"lead_edinimi";"RU";"belirsiz";"bilinmiyor";"6";"isim + canli_meta";"";"yalniz_oneri"
"Doruk Hospital";"Obezite - Obezite Cerrahisi - Rus Bölgesi - Tümü - RU - Doruk Hospital - Doruk Aesthetic Surgery";"120219689282850080";"PAUSED";"OUTCOME_LEADS";"hasta_edinimi";"yabanci_hizmet";"yabanci";"diger";"belirsiz";"lead_edinimi";"RU";"belirsiz";"bilinmiyor";"28";"isim + canli_meta";"";"yalniz_oneri"
"Doruk Hospital";"Obezite - Obezite Cerrahisi - Arap Bölgesi - Tümü - AR - Doruk Aesthetic Surgery";"120219689272970080";"PAUSED";"OUTCOME_LEADS";"hasta_edinimi";"yabanci_hizmet";"yabanci";"diger";"belirsiz";"lead_edinimi";"AR";"belirsiz";"bilinmiyor";"12";"isim + canli_meta";"";"yalniz_oneri"
"Doruk Hospital";"Obezite - Obezite Cerrahisi - Birleşik Krallık - Tümü - EN - Doruk Aesthetic Surgery";"120219689247910080";"PAUSED";"OUTCOME_LEADS";"hasta_edinimi";"yerli_hizmet";"yerli";"diger";"belirsiz";"lead_edinimi";"TR";"belirsiz";"bilinmiyor";"35";"isim + canli_meta";"";"yalniz_oneri"
"Doruk Hospital";"Meme Estetiği - Jinekomasti - Avrupa Bölgesi - Tümü - EN - Doruk Aesthetic Surgery";"120219688526390080";"PAUSED";"OUTCOME_LEADS";"hasta_edinimi";"estetik_hizmet";"yerli";"estetik_hizmet";"medikal_estetik_ve_plastik_cerrahi";"lead_edinimi";"TR";"belirsiz";"bilinmiyor";"1";"isim + canli_meta";"";"yalniz_oneri"
"Doruk Hospital";"Meme Estetiği - Jinekomasti - Birleşik Krallık - Tümü - EN - Doruk Aesthetic Surgery";"120219688507620080";"PAUSED";"OUTCOME_LEADS";"hasta_edinimi";"estetik_hizmet";"yerli";"estetik_hizmet";"medikal_estetik_ve_plastik_cerrahi";"lead_edinimi";"TR";"belirsiz";"bilinmiyor";"1";"isim + canli_meta";"";"yalniz_oneri"
"Doruk Hospital";"Meme Estetiği - Jinekomasti - Arap Bölgesi - Tümü - AR - Doruk Aesthetic Surgery";"120219688483430080";"PAUSED";"OUTCOME_LEADS";"hasta_edinimi";"estetik_hizmet";"yabanci";"estetik_hizmet";"medikal_estetik_ve_plastik_cerrahi";"lead_edinimi";"AR";"belirsiz";"bilinmiyor";"1";"isim + canli_meta";"";"yalniz_oneri"
"Doruk Hospital";"Meme Estetiği - Jinekomasti - Türki Cumhuriyetleri - Tümü - RU - Doruk Aesthetic Surgery";"120219688447680080";"PAUSED";"OUTCOME_LEADS";"hasta_edinimi";"estetik_hizmet";"yabanci";"estetik_hizmet";"medikal_estetik_ve_plastik_cerrahi";"lead_edinimi";"RU";"belirsiz";"bilinmiyor";"1";"isim + canli_meta";"";"yalniz_oneri"
"Doruk Hospital";"Estetik - Genital Estetik - Avrupa Bölgesi - Tümü - EN - Doruk Aesthetic Surgery";"120219442670050080";"PAUSED";"OUTCOME_LEADS";"hasta_edinimi";"estetik_hizmet";"yerli";"estetik_hizmet";"medikal_estetik_ve_plastik_cerrahi";"lead_edinimi";"TR";"belirsiz";"bilinmiyor";"4";"isim + canli_meta";"";"yalniz_oneri"
"Doruk Hospital";"Estetik - Genital Estetik - Birleşik Krallık - Tümü - EN - Doruk Aesthetic Surgery";"120219442289140080";"PAUSED";"OUTCOME_LEADS";"hasta_edinimi";"estetik_hizmet";"yerli";"estetik_hizmet";"medikal_estetik_ve_plastik_cerrahi";"lead_edinimi";"TR";"belirsiz";"bilinmiyor";"4";"isim + canli_meta";"";"yalniz_oneri"
"Doruk Hospital";"Estetik - Genital Estetik - Türki Cumhuriyetler - Tümü - RU - Doruk Aesthetic Surgery";"120219442053420080";"PAUSED";"OUTCOME_LEADS";"hasta_edinimi";"estetik_hizmet";"yabanci";"estetik_hizmet";"medikal_estetik_ve_plastik_cerrahi";"lead_edinimi";"RU";"belirsiz";"bilinmiyor";"4";"isim + canli_meta";"";"yalniz_oneri"
"Doruk Hospital";"Estetik - Genital Estetik - Arap Bölgesi  - Tümü - AR - Doruk Aesthetic Surgery";"120219441796010080";"PAUSED";"OUTCOME_LEADS";"hasta_edinimi";"estetik_hizmet";"yabanci";"estetik_hizmet";"medikal_estetik_ve_plastik_cerrahi";"lead_edinimi";"AR";"belirsiz";"bilinmiyor";"4";"isim + canli_meta";"";"yalniz_oneri"
"Doruk Hospital";"Vücut Şekillendirme - Lipo/Abdo - Arap Bölgesi - Tümü - AR - Obesity Surgery Center - CTW";"120218706234270080";"PAUSED";"OUTCOME_ENGAGEMENT";"gorunurluk_ve_isitma";"yabanci_hizmet";"yabanci";"diger";"belirsiz";"etkilesim";"AR";"belirsiz";"bilinmiyor";"6";"isim + canli_meta";"";"yalniz_oneri"
"Doruk Hospital";"Meme Estetiği - Jinekomasti - Arap Bölgesi - Tümü - AR - Obesity Surgery Center - CTW";"120218706136570080";"PAUSED";"OUTCOME_ENGAGEMENT";"gorunurluk_ve_isitma";"estetik_hizmet";"yabanci";"estetik_hizmet";"medikal_estetik_ve_plastik_cerrahi";"etkilesim";"AR";"belirsiz";"bilinmiyor";"3";"isim + canli_meta";"";"yalniz_oneri"
"Doruk Hospital";"Vücut Şekillendirme - Lipo/Abdo - Türki Cumhuriyetleri - Tümü - RU - Obesity Surgery Center - CTW";"120218704942620080";"PAUSED";"OUTCOME_ENGAGEMENT";"gorunurluk_ve_isitma";"yabanci_hizmet";"yabanci";"diger";"belirsiz";"etkilesim";"RU";"belirsiz";"bilinmiyor";"6";"isim + canli_meta";"";"yalniz_oneri"
"Doruk Hospital";"Meme Estetiği - Jinekomasti - Türki Cumhuriyetleri - Tümü - RU - Obesity Surgery Center - CTW";"120218704745730080";"PAUSED";"OUTCOME_ENGAGEMENT";"gorunurluk_ve_isitma";"estetik_hizmet";"yabanci";"estetik_hizmet";"medikal_estetik_ve_plastik_cerrahi";"etkilesim";"RU";"belirsiz";"bilinmiyor";"3";"isim + canli_meta";"";"yalniz_oneri"
"Doruk Hospital";"Estetik - Genital Estetik - Türki Cumhuriyetler - Tümü - RU - Doruk Hospital";"120218341134590080";"PAUSED";"OUTCOME_LEADS";"hasta_edinimi";"estetik_hizmet";"yabanci";"estetik_hizmet";"medikal_estetik_ve_plastik_cerrahi";"lead_edinimi";"RU";"belirsiz";"bilinmiyor";"4";"isim + canli_meta";"";"yalniz_oneri"
"Doruk Hospital";"Estetik - Genital Estetik - Avrupa Bölgesi - Tümü - EN - Doruk Hospital";"120218340780530080";"PAUSED";"OUTCOME_LEADS";"hasta_edinimi";"estetik_hizmet";"yerli";"estetik_hizmet";"medikal_estetik_ve_plastik_cerrahi";"lead_edinimi";"TR";"belirsiz";"bilinmiyor";"8";"isim + canli_meta";"";"yalniz_oneri"
"Doruk Hospital";"Estetik - Genital Estetik - Birleşik Krallık - Tümü - EN - Doruk Hospital";"120218339331080080";"PAUSED";"OUTCOME_LEADS";"hasta_edinimi";"estetik_hizmet";"yerli";"estetik_hizmet";"medikal_estetik_ve_plastik_cerrahi";"lead_edinimi";"TR";"belirsiz";"bilinmiyor";"8";"isim + canli_meta";"";"yalniz_oneri"
"Doruk Hospital";"Fizik Tedavi - Soft FTR - Arap Bölgesi - Tümü - AR - Physical Therapy";"120217486545650080";"PAUSED";"OUTCOME_LEADS";"hasta_edinimi";"yabanci_hizmet";"yabanci";"ftr_hizmet";"fizik_tedavi_ve_rehabilitasyon";"lead_edinimi";"AR";"belirsiz";"bilinmiyor";"10";"isim + canli_meta";"";"yalniz_oneri"
"Doruk Hospital";"Fizik Tedavi - Soft FTR - Avrupa Bölgesi - Tümü - EN - Physical Therapy";"120217486278490080";"PAUSED";"OUTCOME_LEADS";"hasta_edinimi";"yerli_hizmet";"yerli";"ftr_hizmet";"fizik_tedavi_ve_rehabilitasyon";"lead_edinimi";"TR";"belirsiz";"bilinmiyor";"5";"isim + canli_meta";"";"yalniz_oneri"
"Doruk Hospital";"Fizik Tedavi - Soft FTR - İngiltere - Tümü - EN - Physical Therapy";"120217485716020080";"PAUSED";"OUTCOME_LEADS";"hasta_edinimi";"yerli_hizmet";"yerli";"ftr_hizmet";"fizik_tedavi_ve_rehabilitasyon";"lead_edinimi";"TR";"belirsiz";"bilinmiyor";"5";"isim + canli_meta";"";"yalniz_oneri"
"Doruk Hospital";"Fizik Tedavi - Soft FTR - Türki Cumhuriyetler - Tümü - RU - Physical Therapy";"120217485013260080";"PAUSED";"OUTCOME_LEADS";"hasta_edinimi";"yabanci_hizmet";"yabanci";"ftr_hizmet";"fizik_tedavi_ve_rehabilitasyon";"lead_edinimi";"RU";"belirsiz";"bilinmiyor";"5";"isim + canli_meta";"";"yalniz_oneri"
"Doruk Hospital";"Vücut Şekillendirme - Lipo/Abdo - Türki Cumhuriyetleri - Tümü - RU - Obesity Surgery Center";"120216894221960080";"PAUSED";"OUTCOME_LEADS";"hasta_edinimi";"yabanci_hizmet";"yabanci";"diger";"belirsiz";"lead_edinimi";"RU";"belirsiz";"bilinmiyor";"6";"isim + canli_meta";"";"yalniz_oneri"
"Doruk Hospital";"Meme Estetiği - Jinekomasti - Türki Cumhuriyetleri - Tümü - RU - Obesity Surgery Center";"120216893233340080";"PAUSED";"OUTCOME_LEADS";"hasta_edinimi";"estetik_hizmet";"yabanci";"estetik_hizmet";"medikal_estetik_ve_plastik_cerrahi";"lead_edinimi";"RU";"belirsiz";"bilinmiyor";"2";"isim + canli_meta";"";"yalniz_oneri"
"Doruk Hospital";"Vücut Şekillendirme - Lipo/Abdo - Arap Bölgesi - Tümü - AR - Obesity Surgery Center";"120216716897510080";"PAUSED";"OUTCOME_LEADS";"hasta_edinimi";"yabanci_hizmet";"yabanci";"diger";"belirsiz";"lead_edinimi";"AR";"belirsiz";"bilinmiyor";"5";"isim + canli_meta";"";"yalniz_oneri"
"Doruk Hospital";"Meme Estetiği - Jinekomasti - Arap Bölgesi - Tümü - AR - Obesity Surgery Center";"120216713777290080";"PAUSED";"OUTCOME_LEADS";"hasta_edinimi";"estetik_hizmet";"yabanci";"estetik_hizmet";"medikal_estetik_ve_plastik_cerrahi";"lead_edinimi";"AR";"belirsiz";"bilinmiyor";"3";"isim + canli_meta";"";"yalniz_oneri"
"Doruk Hospital";"Vücut Şekillendirme - Lipo/Abdo - Birleşik Krallık - Tümü - EN - Obesity Surgery Center";"120216502032960080";"PAUSED";"OUTCOME_LEADS";"hasta_edinimi";"yerli_hizmet";"yerli";"diger";"belirsiz";"lead_edinimi";"TR";"belirsiz";"bilinmiyor";"5";"isim + canli_meta";"";"yalniz_oneri"
"Doruk Hospital";"Vücut Şekillendirme - Lipo/Abdo - Avrupa Bölgesi - Tümü - EN - Obesity Surgery Center";"120216497354840080";"PAUSED";"OUTCOME_LEADS";"hasta_edinimi";"yerli_hizmet";"yerli";"diger";"belirsiz";"lead_edinimi";"TR";"belirsiz";"bilinmiyor";"6";"isim + canli_meta";"";"yalniz_oneri"
"Doruk Hospital";"Meme Estetiği - Jinekomasti - Avrupa Bölgesi - Tümü - EN - Obesity Surgery Center";"120216496701780080";"PAUSED";"OUTCOME_LEADS";"hasta_edinimi";"estetik_hizmet";"yerli";"estetik_hizmet";"medikal_estetik_ve_plastik_cerrahi";"lead_edinimi";"TR";"belirsiz";"bilinmiyor";"3";"isim + canli_meta";"";"yalniz_oneri"
"Doruk Hospital";"Meme Estetiği - Jinekomasti - Birleşik Krallık - Tümü - EN - Obesity Surgery Center";"120216494033620080";"PAUSED";"OUTCOME_LEADS";"hasta_edinimi";"estetik_hizmet";"yerli";"estetik_hizmet";"medikal_estetik_ve_plastik_cerrahi";"lead_edinimi";"TR";"belirsiz";"bilinmiyor";"2";"isim + canli_meta";"";"yalniz_oneri"
"Doruk Hospital";"Obezite - Mesajlaşma - EN - Obesity Surgery Turkey";"120215694566760080";"PAUSED";"OUTCOME_ENGAGEMENT";"gorunurluk_ve_isitma";"yerli_hizmet";"yerli";"diger";"belirsiz";"etkilesim";"TR";"belirsiz";"bilinmiyor";"0";"isim + canli_meta";"";"yalniz_oneri"
"Doruk Hospital";"Obezite  - Takipci  - AR - Obesity Surgery Center";"120215572305890080";"PAUSED";"OUTCOME_TRAFFIC";"siniflandirilmamis";"yabanci_hizmet";"yabanci";"diger";"belirsiz";"belirsiz";"AR";"belirsiz";"bilinmiyor";"1";"isim + canli_meta";"";"yalniz_oneri"
"Doruk Hospital";"Obezite  - Takipci  - EN - Obesity Surgery Center";"120215571302830080";"PAUSED";"OUTCOME_TRAFFIC";"siniflandirilmamis";"yerli_hizmet";"yerli";"diger";"belirsiz";"belirsiz";"TR";"belirsiz";"bilinmiyor";"1";"isim + canli_meta";"";"yalniz_oneri"
"Doruk Hospital";"Obezite  - Takipci  - RU - Obesity Surgery Center";"120215228186820080";"PAUSED";"OUTCOME_TRAFFIC";"siniflandirilmamis";"yabanci_hizmet";"yabanci";"diger";"belirsiz";"belirsiz";"RU";"belirsiz";"bilinmiyor";"1";"isim + canli_meta";"";"yalniz_oneri"
"Doruk Hospital";"Obezite - Obezite Cerrahisi -  Amerika - Tümü - EN - Obesity Surgery Center";"120214894253860080";"PAUSED";"OUTCOME_LEADS";"hasta_edinimi";"yerli_hizmet";"yerli";"diger";"belirsiz";"lead_edinimi";"TR";"belirsiz";"bilinmiyor";"40";"isim + canli_meta";"";"yalniz_oneri"
"Doruk Hospital";"Obezite - Obezite Cerrahisi - Rus Bölgesi - Tümü - RU - Doruk Hospital";"120214659807540080";"PAUSED";"OUTCOME_LEADS";"hasta_edinimi";"yabanci_hizmet";"yabanci";"diger";"belirsiz";"lead_edinimi";"RU";"belirsiz";"bilinmiyor";"28";"isim + canli_meta";"";"yalniz_oneri"
"Doruk Hospital";"Obezite - Obezite Cerrahisi - Arap Bölgesi - Tümü - AR - Doruk Hospital";"120214618201610080";"PAUSED";"OUTCOME_LEADS";"hasta_edinimi";"yabanci_hizmet";"yabanci";"diger";"belirsiz";"lead_edinimi";"AR";"belirsiz";"bilinmiyor";"28";"isim + canli_meta";"";"yalniz_oneri"
"Doruk Hospital";"Obezite - Obezite Cerrahisi - Avrupa Bölgesi - Almanya - DE - Obesity Surgery Turkey";"120214558872490080";"PAUSED";"OUTCOME_LEADS";"hasta_edinimi";"yerli_hizmet";"yerli";"diger";"belirsiz";"lead_edinimi";"TR";"belirsiz";"bilinmiyor";"49";"isim + canli_meta";"";"yalniz_oneri"
"Doruk Hospital";"Obezite - Obezite Cerrahisi - Avrupa Bölgesi - Fransa - FR - Obesity Surgery Center";"120214556412880080";"PAUSED";"OUTCOME_LEADS";"hasta_edinimi";"yerli_hizmet";"yerli";"diger";"belirsiz";"lead_edinimi";"TR";"belirsiz";"bilinmiyor";"27";"isim + canli_meta";"";"yalniz_oneri"
"Doruk Hospital";"Obezite - Obezite Cerrahisi - Birleşik Krallık - Tümü - EN - Doruk Hospital";"120214554423510080";"PAUSED";"OUTCOME_LEADS";"hasta_edinimi";"yerli_hizmet";"yerli";"diger";"belirsiz";"lead_edinimi";"TR";"belirsiz";"bilinmiyor";"28";"isim + canli_meta";"";"yalniz_oneri"
"Doruk Hospital";"Obezite - Obezite Cerrahisi -  Avrupa Bölgesi - Tümü - EN - Doruk Hospital";"120214553624090080";"PAUSED";"OUTCOME_LEADS";"hasta_edinimi";"yerli_hizmet";"yerli";"diger";"belirsiz";"lead_edinimi";"TR";"belirsiz";"bilinmiyor";"28";"isim + canli_meta";"";"yalniz_oneri"
"Doruk Hospital";"Obezite - Obezite Cerrahisi -  Avrupa Bölgesi - Tümü - EN - Obesity Surgery Center";"120214552851530080";"PAUSED";"OUTCOME_LEADS";"hasta_edinimi";"yerli_hizmet";"yerli";"diger";"belirsiz";"lead_edinimi";"TR";"belirsiz";"bilinmiyor";"38";"isim + canli_meta";"";"yalniz_oneri"
"Doruk Hospital";"Obezite - Obezite Cerrahisi - Avrupa Bölgesi - Fransa - FR - Doruk Hospital";"120214538531850080";"PAUSED";"OUTCOME_LEADS";"hasta_edinimi";"yerli_hizmet";"yerli";"diger";"belirsiz";"lead_edinimi";"TR";"belirsiz";"bilinmiyor";"28";"isim + canli_meta";"";"yalniz_oneri"
"Doruk Hospital";"Obezite - Obezite Cerrahisi - Avrupa Bölgesi - Almanya - DE - Doruk Hospital";"120214536390700080";"PAUSED";"OUTCOME_LEADS";"hasta_edinimi";"yerli_hizmet";"yerli";"diger";"belirsiz";"lead_edinimi";"TR";"belirsiz";"bilinmiyor";"28";"isim + canli_meta";"";"yalniz_oneri"
"Doruk Hospital";"Obezite - Obezite Cerrahisi - Türki Cumhuriyetler - Tümü - RU - Obesity Surgery Center";"120214532392750080";"PAUSED";"OUTCOME_LEADS";"hasta_edinimi";"yabanci_hizmet";"yabanci";"diger";"belirsiz";"lead_edinimi";"RU";"belirsiz";"bilinmiyor";"37";"isim + canli_meta";"";"yalniz_oneri"
"Doruk Hospital";"Obezite - Obezite Cerrahisi - Arap Bölgesi - Tümü - AR - Obesity Surgery Center";"120214511855500080";"PAUSED";"OUTCOME_LEADS";"hasta_edinimi";"yabanci_hizmet";"yabanci";"diger";"belirsiz";"lead_edinimi";"AR";"belirsiz";"bilinmiyor";"15";"isim + canli_meta";"";"yalniz_oneri"
"Doruk Hospital";"Obezite - Obezite Cerrahisi - Birleşik Krallık - Tümü - EN - Obesity Surgery Center";"120214484064480080";"PAUSED";"OUTCOME_LEADS";"hasta_edinimi";"yerli_hizmet";"yerli";"diger";"belirsiz";"lead_edinimi";"TR";"belirsiz";"bilinmiyor";"38";"isim + canli_meta";"";"yalniz_oneri"
"Doruk Hospital";"Fizik Tedavi - Intensive FTR - Avrupa Bölgesi - Tümü - AR - Physical Therapy";"120213222530740080";"PAUSED";"OUTCOME_LEADS";"hasta_edinimi";"yabanci_hizmet";"yabanci";"ftr_hizmet";"fizik_tedavi_ve_rehabilitasyon";"lead_edinimi";"AR";"belirsiz";"bilinmiyor";"1";"isim + canli_meta";"";"yalniz_oneri"
"Doruk Hospital";"Fizik Tedavi - Intensive FTR - Avrupa Bölgesi Bölgesi - Tümü - AR - Doruk Hospital";"120213222485410080";"PAUSED";"OUTCOME_LEADS";"hasta_edinimi";"yabanci_hizmet";"yabanci";"ftr_hizmet";"fizik_tedavi_ve_rehabilitasyon";"lead_edinimi";"AR";"belirsiz";"bilinmiyor";"3";"isim + canli_meta";"";"yalniz_oneri"
"Doruk Hospital";"Fizik Tedavi - Intensive FTR - Arap Bölgesi - Tümü - AR - Physical Therapy - old";"120213206305890080";"PAUSED";"OUTCOME_LEADS";"hasta_edinimi";"yabanci_hizmet";"yabanci";"ftr_hizmet";"fizik_tedavi_ve_rehabilitasyon";"lead_edinimi";"AR";"belirsiz";"bilinmiyor";"63";"isim + canli_meta";"";"yalniz_oneri"
"Doruk Hospital";"Fizik Tedavi - Intensive FTR - Bahreny - Tümü - AR - Physical Therapy";"120213115101470080";"PAUSED";"OUTCOME_LEADS";"hasta_edinimi";"yabanci_hizmet";"yabanci";"ftr_hizmet";"fizik_tedavi_ve_rehabilitasyon";"lead_edinimi";"AR";"belirsiz";"bilinmiyor";"1";"isim + canli_meta";"";"yalniz_oneri"
"Doruk Hospital";"Fizik Tedavi - Intensive FTR - Katar - Tümü - AR - Physical Therapy";"120213115095840080";"PAUSED";"OUTCOME_LEADS";"hasta_edinimi";"yabanci_hizmet";"yabanci";"ftr_hizmet";"fizik_tedavi_ve_rehabilitasyon";"lead_edinimi";"AR";"belirsiz";"bilinmiyor";"1";"isim + canli_meta";"";"yalniz_oneri"
"Doruk Hospital";"Fizik Tedavi - Intensive FTR - Kuveyt - Tümü - AR - Physical Therapy";"120213115090800080";"PAUSED";"OUTCOME_LEADS";"hasta_edinimi";"yabanci_hizmet";"yabanci";"ftr_hizmet";"fizik_tedavi_ve_rehabilitasyon";"lead_edinimi";"AR";"belirsiz";"bilinmiyor";"1";"isim + canli_meta";"";"yalniz_oneri"
"Doruk Hospital";"Fizik Tedavi - Intensive FTR - Birleşik Arap Emirlikleri - Tümü - AR - Physical Therapy";"120213115068410080";"PAUSED";"OUTCOME_LEADS";"hasta_edinimi";"yabanci_hizmet";"yabanci";"ftr_hizmet";"fizik_tedavi_ve_rehabilitasyon";"lead_edinimi";"AR";"belirsiz";"bilinmiyor";"1";"isim + canli_meta";"";"yalniz_oneri"
"Doruk Hospital";"Fizik Tedavi - Intensive FTR - Umman - Tümü - AR - Physical Therapy";"120213114980970080";"PAUSED";"OUTCOME_LEADS";"hasta_edinimi";"yabanci_hizmet";"yabanci";"ftr_hizmet";"fizik_tedavi_ve_rehabilitasyon";"lead_edinimi";"AR";"belirsiz";"bilinmiyor";"1";"isim + canli_meta";"";"yalniz_oneri"
"Doruk Hospital";"Fizik Tedavi - Intensive FTR - Kıbrıs- Tümü - EN - Physical Therapy";"120213114931500080";"PAUSED";"OUTCOME_LEADS";"hasta_edinimi";"yerli_hizmet";"yerli";"ftr_hizmet";"fizik_tedavi_ve_rehabilitasyon";"lead_edinimi";"TR";"belirsiz";"bilinmiyor";"1";"isim + canli_meta";"";"yalniz_oneri"
"Doruk Hospital";"Fizik Tedavi - Intensive FTR - Avrupa Bölgesi - Tümü - EN - Physical Therapy";"120213114874740080";"PAUSED";"OUTCOME_LEADS";"hasta_edinimi";"yerli_hizmet";"yerli";"ftr_hizmet";"fizik_tedavi_ve_rehabilitasyon";"lead_edinimi";"TR";"belirsiz";"bilinmiyor";"19";"isim + canli_meta";"";"yalniz_oneri"
"Doruk Hospital";"Fizik Tedavi - Intensive FTR - İngiltere - Tümü - EN - Physical Therapy";"120213112882900080";"PAUSED";"OUTCOME_LEADS";"hasta_edinimi";"yerli_hizmet";"yerli";"ftr_hizmet";"fizik_tedavi_ve_rehabilitasyon";"lead_edinimi";"TR";"belirsiz";"bilinmiyor";"19";"isim + canli_meta";"";"yalniz_oneri"
"Doruk Hospital";"Fizik Tedavi - Intensive FTR - Avrupa Bölgesi - Tümü - RU - Physical Therapy";"120213112688010080";"PAUSED";"OUTCOME_LEADS";"hasta_edinimi";"yabanci_hizmet";"yabanci";"ftr_hizmet";"fizik_tedavi_ve_rehabilitasyon";"lead_edinimi";"RU";"belirsiz";"bilinmiyor";"1";"isim + canli_meta";"";"yalniz_oneri"
"Doruk Hospital";"Fizik Tedavi - Intensive FTR - Türki Cumhuriyetler - Tümü - RU - Physical Therapy";"120213112156700080";"PAUSED";"OUTCOME_LEADS";"hasta_edinimi";"yabanci_hizmet";"yabanci";"ftr_hizmet";"fizik_tedavi_ve_rehabilitasyon";"lead_edinimi";"RU";"belirsiz";"bilinmiyor";"26";"isim + canli_meta";"";"yalniz_oneri"
"Doruk Hospital";"xx";"120213112057830080";"PAUSED";"OUTCOME_LEADS";"hasta_edinimi";"yerli_hizmet";"yerli";"diger";"belirsiz";"lead_edinimi";"TR";"belirsiz";"bilinmiyor";"1";"isim + canli_meta";"";"yalniz_oneri"
"Doruk Hospital";"Ortopedi - Diz Protez - Rus Bölgesi - Tümü - RU";"120211050949800080";"PAUSED";"OUTCOME_LEADS";"hasta_edinimi";"yerli_hizmet";"yerli";"diger";"belirsiz";"lead_edinimi";"TR";"belirsiz";"bilinmiyor";"3";"isim + canli_meta";"";"yalniz_oneri"
"Doruk Hospital";"Ortopedi - Kalça Protez - Rus Bölgesi - Tümü -RU";"120211050816760080";"PAUSED";"OUTCOME_LEADS";"hasta_edinimi";"yerli_hizmet";"yerli";"diger";"belirsiz";"lead_edinimi";"TR";"belirsiz";"bilinmiyor";"4";"isim + canli_meta";"";"yalniz_oneri"
"Doruk Hospital";"Ortopedi - Kalça Protez - Bahreyn  - Tümü -AR";"120211050793900080";"PAUSED";"OUTCOME_LEADS";"hasta_edinimi";"yabanci_hizmet";"yabanci";"diger";"belirsiz";"lead_edinimi";"belirsiz";"belirsiz";"bilinmiyor";"4";"isim + canli_meta";"";"yalniz_oneri"
"Doruk Hospital";"Ortopedi - Kalça Protez - Katar - Tümü -AR";"120211050779280080";"PAUSED";"OUTCOME_LEADS";"hasta_edinimi";"yabanci_hizmet";"yabanci";"diger";"belirsiz";"lead_edinimi";"belirsiz";"belirsiz";"bilinmiyor";"4";"isim + canli_meta";"";"yalniz_oneri"
"Doruk Hospital";"Ortopedi - Kalça Protez - Kuveyt - Tümü -AR";"120211050764690080";"PAUSED";"OUTCOME_LEADS";"hasta_edinimi";"yabanci_hizmet";"yabanci";"diger";"belirsiz";"lead_edinimi";"belirsiz";"belirsiz";"bilinmiyor";"4";"isim + canli_meta";"";"yalniz_oneri"
"Doruk Hospital";"Ortopedi - Kalça Protez - BAE - Tümü -AR";"120211050755840080";"PAUSED";"OUTCOME_LEADS";"hasta_edinimi";"yabanci_hizmet";"yabanci";"diger";"belirsiz";"lead_edinimi";"belirsiz";"belirsiz";"bilinmiyor";"4";"isim + canli_meta";"";"yalniz_oneri"
"Doruk Hospital";"Ortopedi - Kalça Protez - Umman  - Tümü -AR";"120211050494290080";"PAUSED";"OUTCOME_LEADS";"hasta_edinimi";"yabanci_hizmet";"yabanci";"diger";"belirsiz";"lead_edinimi";"belirsiz";"belirsiz";"bilinmiyor";"4";"isim + canli_meta";"";"yalniz_oneri"
"Doruk Hospital";"Ortopedi - Diz Protez - Umman  - Tümü -AR";"120211050435210080";"PAUSED";"OUTCOME_LEADS";"hasta_edinimi";"yabanci_hizmet";"yabanci";"diger";"belirsiz";"lead_edinimi";"belirsiz";"belirsiz";"bilinmiyor";"4";"isim + canli_meta";"";"yalniz_oneri"
"Doruk Hospital";"Ortopedi - Diz Protez - Katar - Tümü -AR";"120211050430140080";"PAUSED";"OUTCOME_LEADS";"hasta_edinimi";"yabanci_hizmet";"yabanci";"diger";"belirsiz";"lead_edinimi";"belirsiz";"belirsiz";"bilinmiyor";"4";"isim + canli_meta";"";"yalniz_oneri"
"Doruk Hospital";"Ortopedi - Diz Protez - Kuveyt - Tümü -AR";"120211050424560080";"PAUSED";"OUTCOME_LEADS";"hasta_edinimi";"yabanci_hizmet";"yabanci";"diger";"belirsiz";"lead_edinimi";"belirsiz";"belirsiz";"bilinmiyor";"4";"isim + canli_meta";"";"yalniz_oneri"
"Doruk Hospital";"Ortopedi - Diz Protez - BAE - Tümü -AR";"120211050415700080";"PAUSED";"OUTCOME_LEADS";"hasta_edinimi";"yabanci_hizmet";"yabanci";"diger";"belirsiz";"lead_edinimi";"belirsiz";"belirsiz";"bilinmiyor";"4";"isim + canli_meta";"";"yalniz_oneri"
"Doruk Hospital";"Ortopedi - Diz Protez - Bahreyn - Tümü -AR";"120211050222760080";"PAUSED";"OUTCOME_LEADS";"hasta_edinimi";"yabanci_hizmet";"yabanci";"diger";"belirsiz";"lead_edinimi";"belirsiz";"belirsiz";"bilinmiyor";"4";"isim + canli_meta";"";"yalniz_oneri"
"Doruk Hospital";"Ortopedi - Kalça Protez - Avrupa Bölgesi - Tümü -EN - Doruk Hospital";"120210841479110080";"PAUSED";"OUTCOME_LEADS";"hasta_edinimi";"yerli_hizmet";"yerli";"diger";"belirsiz";"lead_edinimi";"TR";"belirsiz";"bilinmiyor";"4";"isim + canli_meta";"";"yalniz_oneri"
"Doruk Hospital";"Ortopedi - Kalça Protez - İngiltere, İrlanda - Tümü -EN - Doruk Hospital";"120210841471150080";"PAUSED";"OUTCOME_LEADS";"hasta_edinimi";"yerli_hizmet";"yerli";"diger";"belirsiz";"lead_edinimi";"TR";"belirsiz";"bilinmiyor";"4";"isim + canli_meta";"";"yalniz_oneri"
"Doruk Hospital";"Ortopedi - Kalça Protez - Amerika - EN";"120210841230500080";"PAUSED";"OUTCOME_LEADS";"hasta_edinimi";"yerli_hizmet";"yerli";"diger";"belirsiz";"lead_edinimi";"TR";"belirsiz";"bilinmiyor";"4";"isim + canli_meta";"";"yalniz_oneri"
"Doruk Hospital";"Ortopedi - Diz Protez - Avrupa Bölgesi  - Tümü -EN - Doruk Hospital";"120210836561880080";"PAUSED";"OUTCOME_LEADS";"hasta_edinimi";"yerli_hizmet";"yerli";"diger";"belirsiz";"lead_edinimi";"TR";"belirsiz";"bilinmiyor";"4";"isim + canli_meta";"";"yalniz_oneri"
"Doruk Hospital";"Ortopedi - Diz Protez - İngiltere, İrlanda - Tümü - EN - Doruk Hospital";"120210836552770080";"PAUSED";"OUTCOME_LEADS";"hasta_edinimi";"yerli_hizmet";"yerli";"diger";"belirsiz";"lead_edinimi";"TR";"belirsiz";"bilinmiyor";"3";"isim + canli_meta";"";"yalniz_oneri"
"Doruk Hospital";"Ortopedi - Diz Protez - Amerika - EN";"120210835034990080";"PAUSED";"OUTCOME_LEADS";"hasta_edinimi";"yerli_hizmet";"yerli";"diger";"belirsiz";"lead_edinimi";"TR";"belirsiz";"bilinmiyor";"4";"isim + canli_meta";"";"yalniz_oneri"
"Doruk Hospital";"Fizik Tedavi - Intensive FTR  - Amerika - EN";"120210295281600080";"PAUSED";"OUTCOME_LEADS";"hasta_edinimi";"yerli_hizmet";"yerli";"ftr_hizmet";"fizik_tedavi_ve_rehabilitasyon";"lead_edinimi";"TR";"belirsiz";"bilinmiyor";"3";"isim + canli_meta";"";"yalniz_oneri"
"Doruk Hospital";"Üroloji - Penil Protez - Amerika - EN";"120210294869350080";"PAUSED";"OUTCOME_LEADS";"hasta_edinimi";"yerli_hizmet";"yerli";"diger";"belirsiz";"lead_edinimi";"TR";"belirsiz";"bilinmiyor";"4";"isim + canli_meta";"";"yalniz_oneri"
"Doruk Hospital";"Üroloji - Prostat - Amerika - EN";"120210293704720080";"PAUSED";"OUTCOME_LEADS";"hasta_edinimi";"yerli_hizmet";"yerli";"diger";"belirsiz";"lead_edinimi";"TR";"belirsiz";"bilinmiyor";"4";"isim + canli_meta";"";"yalniz_oneri"
"Doruk Hospital";"Üroloji - Penil Protez - Birleşik Arap Emirlikleri - AR";"120210293270750080";"PAUSED";"OUTCOME_LEADS";"hasta_edinimi";"yerli_hizmet";"yerli";"diger";"belirsiz";"lead_edinimi";"TR";"belirsiz";"bilinmiyor";"4";"isim + canli_meta";"";"yalniz_oneri"
"Doruk Hospital";"Üroloji - Penil Protez - Kuveyt - AR";"120210293127080080";"PAUSED";"OUTCOME_LEADS";"hasta_edinimi";"yabanci_hizmet";"yabanci";"diger";"belirsiz";"lead_edinimi";"belirsiz";"belirsiz";"bilinmiyor";"4";"isim + canli_meta";"";"yalniz_oneri"
"Doruk Hospital";"Üroloji - Penil Protez - Katar - AR";"120210293061880080";"PAUSED";"OUTCOME_LEADS";"hasta_edinimi";"yabanci_hizmet";"yabanci";"diger";"belirsiz";"lead_edinimi";"belirsiz";"belirsiz";"bilinmiyor";"4";"isim + canli_meta";"";"yalniz_oneri"
"Doruk Hospital";"Üroloji - Penil Protez  - Bahreyn - AR";"120210292644150080";"PAUSED";"OUTCOME_LEADS";"hasta_edinimi";"yabanci_hizmet";"yabanci";"diger";"belirsiz";"lead_edinimi";"belirsiz";"belirsiz";"bilinmiyor";"4";"isim + canli_meta";"";"yalniz_oneri"
"Doruk Hospital";"Üroloji - Penil Protez - Umman - AR";"120210292270670080";"PAUSED";"OUTCOME_LEADS";"hasta_edinimi";"yabanci_hizmet";"yabanci";"diger";"belirsiz";"lead_edinimi";"belirsiz";"belirsiz";"bilinmiyor";"4";"isim + canli_meta";"";"yalniz_oneri"
"Doruk Hospital";"Üroloji - Prostat  - Bahreyn - AR";"120210291968300080";"PAUSED";"OUTCOME_LEADS";"hasta_edinimi";"yabanci_hizmet";"yabanci";"diger";"belirsiz";"lead_edinimi";"belirsiz";"belirsiz";"bilinmiyor";"4";"isim + canli_meta";"";"yalniz_oneri"
"Doruk Hospital";"Üroloji - Prostat - Katar - AR";"120210291801290080";"PAUSED";"OUTCOME_LEADS";"hasta_edinimi";"yabanci_hizmet";"yabanci";"diger";"belirsiz";"lead_edinimi";"belirsiz";"belirsiz";"bilinmiyor";"4";"isim + canli_meta";"";"yalniz_oneri"
"Doruk Hospital";"Üroloji - Prostat - Kuveyt - AR";"120210290272970080";"PAUSED";"OUTCOME_LEADS";"hasta_edinimi";"yabanci_hizmet";"yabanci";"diger";"belirsiz";"lead_edinimi";"belirsiz";"belirsiz";"bilinmiyor";"4";"isim + canli_meta";"";"yalniz_oneri"
"Doruk Hospital";"Üroloji - Prostat - Birleşik Arap Emirlikleri - AR";"120210290111460080";"PAUSED";"OUTCOME_LEADS";"hasta_edinimi";"yerli_hizmet";"yerli";"diger";"belirsiz";"lead_edinimi";"TR";"belirsiz";"bilinmiyor";"4";"isim + canli_meta";"";"yalniz_oneri"
"Doruk Hospital";"Üroloji - Prostat - Umman - AR";"120210289413600080";"PAUSED";"OUTCOME_LEADS";"hasta_edinimi";"yabanci_hizmet";"yabanci";"diger";"belirsiz";"lead_edinimi";"belirsiz";"belirsiz";"bilinmiyor";"4";"isim + canli_meta";"";"yalniz_oneri"
"Doruk Hospital";"Üroloji - Penil Protez - Rus Bölgesi - RU";"120210288724620080";"PAUSED";"OUTCOME_LEADS";"hasta_edinimi";"yerli_hizmet";"yerli";"diger";"belirsiz";"lead_edinimi";"TR";"belirsiz";"bilinmiyor";"4";"isim + canli_meta";"";"yalniz_oneri"
"Doruk Hospital";"Üroloji  - Penil Protez - Avrupa Bölgesi - RU";"120210288497880080";"PAUSED";"OUTCOME_LEADS";"hasta_edinimi";"yerli_hizmet";"yerli";"diger";"belirsiz";"lead_edinimi";"TR";"belirsiz";"bilinmiyor";"4";"isim + canli_meta";"";"yalniz_oneri"
"Doruk Hospital";"Üroloji - Penil Protez - Avrupa Bölgesi - EN";"120210267438820080";"PAUSED";"OUTCOME_LEADS";"hasta_edinimi";"yerli_hizmet";"yerli";"diger";"belirsiz";"lead_edinimi";"TR";"belirsiz";"bilinmiyor";"4";"isim + canli_meta";"";"yalniz_oneri"
"Doruk Hospital";"Üroloji - Prostat - Rus bölgesi - RU";"120210262385750080";"PAUSED";"OUTCOME_LEADS";"hasta_edinimi";"yerli_hizmet";"yerli";"diger";"belirsiz";"lead_edinimi";"TR";"belirsiz";"bilinmiyor";"4";"isim + canli_meta";"";"yalniz_oneri"
"Doruk Hospital";"Üroloji - Prostat  - Avrupa Bölgesi - RU";"120210261561930080";"PAUSED";"OUTCOME_LEADS";"hasta_edinimi";"yerli_hizmet";"yerli";"diger";"belirsiz";"lead_edinimi";"TR";"belirsiz";"bilinmiyor";"4";"isim + canli_meta";"";"yalniz_oneri"
"Doruk Hospital";"Üroloji - Prostat - Avrupa Bölgesi - EN";"120210195110260080";"PAUSED";"OUTCOME_LEADS";"hasta_edinimi";"yerli_hizmet";"yerli";"diger";"belirsiz";"lead_edinimi";"TR";"belirsiz";"bilinmiyor";"4";"isim + canli_meta";"";"yalniz_oneri"
"Doruk Hospital";"Fizik Tedavi - Intensive FTR -  Kıbrıs - Tümü - EN - Doruk Hospital";"120210175756860080";"PAUSED";"OUTCOME_LEADS";"hasta_edinimi";"yerli_hizmet";"yerli";"ftr_hizmet";"fizik_tedavi_ve_rehabilitasyon";"lead_edinimi";"TR";"belirsiz";"bilinmiyor";"1";"isim + canli_meta";"";"yalniz_oneri"
"Doruk Hospital";"Fizik Tedavi - Intensive FTR  - Yunanistan - RU";"120210150614540080";"PAUSED";"OUTCOME_LEADS";"hasta_edinimi";"yerli_hizmet";"yerli";"ftr_hizmet";"fizik_tedavi_ve_rehabilitasyon";"lead_edinimi";"TR";"belirsiz";"bilinmiyor";"3";"isim + canli_meta";"";"yalniz_oneri"
"Doruk Hospital";"Fizik Tedavi - Intensive FTR  - Yunanistan - EN";"120210150546190080";"PAUSED";"OUTCOME_LEADS";"hasta_edinimi";"yerli_hizmet";"yerli";"ftr_hizmet";"fizik_tedavi_ve_rehabilitasyon";"lead_edinimi";"TR";"belirsiz";"bilinmiyor";"3";"isim + canli_meta";"";"yalniz_oneri"
"Doruk Hospital";"Fizik Tedavi - Intensive FTR - Finlandiya - EN";"120210150314140080";"PAUSED";"OUTCOME_LEADS";"hasta_edinimi";"yerli_hizmet";"yerli";"ftr_hizmet";"fizik_tedavi_ve_rehabilitasyon";"lead_edinimi";"TR";"belirsiz";"bilinmiyor";"3";"isim + canli_meta";"";"yalniz_oneri"
"Doruk Hospital";"Fizik Tedavi - Intensive FTR - İngiltere - Tümü - EN - Doruk Hospital";"120210150073420080";"PAUSED";"OUTCOME_LEADS";"hasta_edinimi";"yerli_hizmet";"yerli";"ftr_hizmet";"fizik_tedavi_ve_rehabilitasyon";"lead_edinimi";"TR";"belirsiz";"bilinmiyor";"20";"isim + canli_meta";"";"yalniz_oneri"
"Doruk Hospital";"Fizik Tedavi - Intensive FTR - Avrupa Bölgesi - Tümü - RU - Doruk Hospital";"120210039826820080";"PAUSED";"OUTCOME_LEADS";"hasta_edinimi";"yabanci_hizmet";"yabanci";"ftr_hizmet";"fizik_tedavi_ve_rehabilitasyon";"lead_edinimi";"RU";"belirsiz";"bilinmiyor";"3";"isim + canli_meta";"";"yalniz_oneri"
"Doruk Hospital";"Fizik Tedavi - Intensive FTR - Hollanda - EN";"120209366000820080";"PAUSED";"OUTCOME_LEADS";"hasta_edinimi";"yerli_hizmet";"yerli";"ftr_hizmet";"fizik_tedavi_ve_rehabilitasyon";"lead_edinimi";"TR";"belirsiz";"bilinmiyor";"3";"isim + canli_meta";"";"yalniz_oneri"
"Doruk Hospital";"Fizik Tedavi - Intensive FTR - Avrupa Bölgesi - Tümü - EN - Doruk Hospital";"120208064144730080";"PAUSED";"OUTCOME_LEADS";"hasta_edinimi";"yerli_hizmet";"yerli";"ftr_hizmet";"fizik_tedavi_ve_rehabilitasyon";"lead_edinimi";"TR";"belirsiz";"bilinmiyor";"21";"isim + canli_meta";"";"yalniz_oneri"
"Doruk Hospital";"Fizik Tedavi - Intensive FTR - Umman - Tümü - AR - Doruk Hospital";"120207423473460080";"PAUSED";"OUTCOME_LEADS";"hasta_edinimi";"yabanci_hizmet";"yabanci";"ftr_hizmet";"fizik_tedavi_ve_rehabilitasyon";"lead_edinimi";"AR";"belirsiz";"bilinmiyor";"3";"isim + canli_meta";"";"yalniz_oneri"
"Doruk Hospital";"Fizik Tedavi - Intensive FTR - Birleşik Arap Emirlikleri - Tümü - AR - Doruk Hospital";"120207423467520080";"PAUSED";"OUTCOME_LEADS";"hasta_edinimi";"yabanci_hizmet";"yabanci";"ftr_hizmet";"fizik_tedavi_ve_rehabilitasyon";"lead_edinimi";"AR";"belirsiz";"bilinmiyor";"3";"isim + canli_meta";"";"yalniz_oneri"
"Doruk Hospital";"Fizik Tedavi - Intensive FTR - Kuveyt - Tümü - AR - Doruk Hospital";"120207423461300080";"PAUSED";"OUTCOME_LEADS";"hasta_edinimi";"yabanci_hizmet";"yabanci";"ftr_hizmet";"fizik_tedavi_ve_rehabilitasyon";"lead_edinimi";"AR";"belirsiz";"bilinmiyor";"3";"isim + canli_meta";"";"yalniz_oneri"
"Doruk Hospital";"Fizik Tedavi - Intensive FTR - Katar - Tümü - AR - Doruk Hospital";"120207423449010080";"PAUSED";"OUTCOME_LEADS";"hasta_edinimi";"yabanci_hizmet";"yabanci";"ftr_hizmet";"fizik_tedavi_ve_rehabilitasyon";"lead_edinimi";"AR";"belirsiz";"bilinmiyor";"3";"isim + canli_meta";"";"yalniz_oneri"
"Doruk Hospital";"Fizik Tedavi - Intensive FTR - Bahreyn - Tümü - AR - Doruk Hospital";"120207418674880080";"PAUSED";"OUTCOME_LEADS";"hasta_edinimi";"yabanci_hizmet";"yabanci";"ftr_hizmet";"fizik_tedavi_ve_rehabilitasyon";"lead_edinimi";"AR";"belirsiz";"bilinmiyor";"3";"isim + canli_meta";"";"yalniz_oneri"
"Doruk Hospital";"Fizik Tedavi - Intensive FTR - Arap Bölgesi - Tümü - AR - Doruk Hospital";"120206533657000080";"PAUSED";"OUTCOME_LEADS";"hasta_edinimi";"yabanci_hizmet";"yabanci";"ftr_hizmet";"fizik_tedavi_ve_rehabilitasyon";"lead_edinimi";"AR";"belirsiz";"bilinmiyor";"12";"isim + canli_meta";"";"yalniz_oneri"
"Doruk Hospital";"Fizik Tedavi - Intensive FTR - İngiltere - İrlanda - EN";"120206487825610080";"PAUSED";"OUTCOME_LEADS";"hasta_edinimi";"yerli_hizmet";"yerli";"ftr_hizmet";"fizik_tedavi_ve_rehabilitasyon";"lead_edinimi";"TR";"belirsiz";"bilinmiyor";"3";"isim + canli_meta";"";"yalniz_oneri"
"Doruk Hospital";"Fizik Tedavi - Intensive FTR - Rus Bölgesi - Tümü - RU - Doruk Hospital";"120206451046990080";"PAUSED";"OUTCOME_LEADS";"hasta_edinimi";"yabanci_hizmet";"yabanci";"ftr_hizmet";"fizik_tedavi_ve_rehabilitasyon";"lead_edinimi";"RU";"belirsiz";"bilinmiyor";"20";"isim + canli_meta";"";"yalniz_oneri"
