"hesap";"ham_meta_adi";"meta_reklam_seti_id";"kampanya_ham_adi";"meta_kampanya_id";"durum";"optimizasyon";"gunluk_butce_minor";"hedef_ulke_kodlari";"hedef_isletim_sistemi";"publisher_platform";"hedefleme_bolumu_oneri";"hedef_kitle_stratejisi";"kunye_kaniti";"insan_notu"
"Doruk Tibbi Bilgiler";"Jinekomasti - Erkek - Amerika - EN - iOS";"52668195120224";"Estetik - Jinekomasti - Anglosfer - Genel - EN - lead";"52668153439824";"PAUSED";"LEAD_GENERATION";"250000";"US";"ios";"bilinmiyor";"ulke + isletim_sistemi";"";"canli_hedefleme";""
"Doruk Tibbi Bilgiler";"Jinekomasti - Erkek - Yeni Zellanda - EN - iOS";"52668194801224";"Estetik - Jinekomasti - Anglosfer - Genel - EN - lead";"52668153439824";"PAUSED";"LEAD_GENERATION";"250000";"NZ";"ios";"bilinmiyor";"ulke + isletim_sistemi";"";"canli_hedefleme";""
"Doruk Tibbi Bilgiler";"Jinekomasti - Erkek - Birleşik Krallık - EN - iOS";"52668194669024";"Estetik - Jinekomasti - Anglosfer - Genel - EN - lead";"52668153439824";"PAUSED";"LEAD_GENERATION";"250000";"NZ";"ios";"bilinmiyor";"ulke + isletim_sistemi";"";"canli_hedefleme";""
"Doruk Tibbi Bilgiler";"Jinekomasti - Erkek - Avusturalya - EN - iOS";"52668194299624";"Estetik - Jinekomasti - Anglosfer - Genel - EN - lead";"52668153439824";"PAUSED";"LEAD_GENERATION";"250000";"AU";"ios";"bilinmiyor";"ulke + isletim_sistemi";"";"canli_hedefleme";""
"Doruk Tibbi Bilgiler";"Jinekomasti - Erkek - Kanada - EN - iOS";"52668193170624";"Estetik - Jinekomasti - Anglosfer - Genel - EN - lead";"52668153439824";"PAUSED";"LEAD_GENERATION";"250000";"CA";"ios";"bilinmiyor";"ulke + isletim_sistemi";"";"canli_hedefleme";""
"Doruk Tibbi Bilgiler";"Jinekomasti - Erkek - Kanada - EN";"52668192582224";"Estetik - Jinekomasti - Anglosfer - Genel - EN - lead";"52668153439824";"CAMPAIGN_PAUSED";"LEAD_GENERATION";"250000";"CA";"bilinmiyor";"bilinmiyor";"ulke";"";"canli_hedefleme";""
"Doruk Tibbi Bilgiler";"Jinekomasti - Erkek - Avusturalya - EN";"52668192053424";"Estetik - Jinekomasti - Anglosfer - Genel - EN - lead";"52668153439824";"CAMPAIGN_PAUSED";"LEAD_GENERATION";"250000";"AU";"bilinmiyor";"bilinmiyor";"ulke";"";"canli_hedefleme";""
"Doruk Tibbi Bilgiler";"Jinekomasti - Erkek - Birleşik Krallık - EN";"52668191685824";"Estetik - Jinekomasti - Anglosfer - Genel - EN - lead";"52668153439824";"CAMPAIGN_PAUSED";"LEAD_GENERATION";"250000";"NZ";"bilinmiyor";"bilinmiyor";"ulke";"";"canli_hedefleme";""
"Doruk Tibbi Bilgiler";"Jinekomasti - Erkek - Yeni Zellanda - EN";"52668190717024";"Estetik - Jinekomasti - Anglosfer - Genel - EN - lead";"52668153439824";"CAMPAIGN_PAUSED";"LEAD_GENERATION";"250000";"NZ";"bilinmiyor";"bilinmiyor";"ulke";"";"canli_hedefleme";""
"Doruk Tibbi Bilgiler";"Jinekomasti - Erkek - Amerika - EN";"52668153437024";"Estetik - Jinekomasti - Anglosfer - Genel - EN - lead";"52668153439824";"CAMPAIGN_PAUSED";"LEAD_GENERATION";"250000";"US";"bilinmiyor";"bilinmiyor";"ulke";"";"canli_hedefleme";""
"Doruk Tibbi Bilgiler";"Rinoplasti - Kadın - Avusturalya,Yeni Zelanda - EN";"52551836606424";"Estetik - Rinoplasti - Anglosfer - Genel - EN - lead";"52537561870224";"CAMPAIGN_PAUSED";"LEAD_GENERATION";"250000";"AU, NZ";"bilinmiyor";"bilinmiyor";"ulke";"";"canli_hedefleme";""
"Doruk Tibbi Bilgiler";"Rinoplasti - Kadın - Kuzey Amerika - EN - Kopya";"52551824359624";"Estetik - Rinoplasti - Anglosfer - Genel - EN - lead";"52537561870224";"CAMPAIGN_PAUSED";"LEAD_GENERATION";"500000";"CA, US";"bilinmiyor";"facebook, instagram";"ulke + platform";"";"canli_hedefleme";""
"Doruk Tibbi Bilgiler";"Rinoplasti - Kadın - Bahreyn/Umman - iOS - AR - Kopya";"52547802719224";"Estetik - Rinoplasti - Arap Bölgesi - Genel - AR - lead";"52539722393824";"CAMPAIGN_PAUSED";"LEAD_GENERATION";"100000";"BH, OM";"ios";"facebook, instagram";"ulke + isletim_sistemi + platform";"";"canli_hedefleme";""
"Doruk Tibbi Bilgiler";"Rinoplasti - Kadın - Suud- iOS - AR - Kopya";"52547801372824";"Estetik - Rinoplasti - Arap Bölgesi - Genel - AR - lead";"52539722393824";"CAMPAIGN_PAUSED";"LEAD_GENERATION";"100000";"SA";"ios";"facebook, instagram";"ulke + isletim_sistemi + platform";"";"canli_hedefleme";""
"Doruk Tibbi Bilgiler";"Rinoplasti - Kadın - BAE - iOS - AR";"52547801084024";"Estetik - Rinoplasti - Arap Bölgesi - Genel - AR - lead";"52539722393824";"CAMPAIGN_PAUSED";"LEAD_GENERATION";"200000";"AE";"ios";"facebook, instagram";"ulke + isletim_sistemi + platform";"";"canli_hedefleme";""
"Doruk Tibbi Bilgiler";"Rinoplasti - Kadın - Kuveyt-Katar - iOS - AR";"52547794818624";"Estetik - Rinoplasti - Arap Bölgesi - Genel - AR - lead";"52539722393824";"CAMPAIGN_PAUSED";"LEAD_GENERATION";"450000";"KW, QA";"ios";"facebook, instagram";"ulke + isletim_sistemi + platform";"";"canli_hedefleme";""
"Doruk Tibbi Bilgiler";"Avusturalya Kadın iOS";"52547158765624";"Whatsapp - Estetik - Rinoplasti - Anglosfer - Genel - EN - lead";"52545923403424";"CAMPAIGN_PAUSED";"CONVERSATIONS";"300000";"AU";"ios";"facebook, instagram";"ulke + isletim_sistemi + platform";"";"canli_hedefleme";""
"Doruk Tibbi Bilgiler";"Amerika Kadın iOS + Gelir";"52547158765424";"Whatsapp - Estetik - Rinoplasti - Anglosfer - Genel - EN - lead";"52545923403424";"CAMPAIGN_PAUSED";"CONVERSATIONS";"300000";"US";"ios";"facebook, instagram";"ulke + isletim_sistemi + platform";"";"canli_hedefleme";""
"Doruk Tibbi Bilgiler";"Yeni Zelanda Kadın iOS";"52547158764424";"Whatsapp - Estetik - Rinoplasti - Anglosfer - Genel - EN - lead";"52545923403424";"CAMPAIGN_PAUSED";"CONVERSATIONS";"300000";"NZ";"ios";"facebook, instagram";"ulke + isletim_sistemi + platform";"";"canli_hedefleme";""
"Doruk Tibbi Bilgiler";"Bahreyn Kadın IOS";"52547155576424";"Whatsapp Estetik - Rinoplasti - Arap Bölgesi - Genel - AR - lead";"52545823354024";"CAMPAIGN_PAUSED";"CONVERSATIONS";"200000";"BH";"ios";"facebook, instagram";"ulke + isletim_sistemi + platform";"";"canli_hedefleme";""
"Doruk Tibbi Bilgiler";"BAE Kadın IOS";"52547155574824";"Whatsapp Estetik - Rinoplasti - Arap Bölgesi - Genel - AR - lead";"52545823354024";"CAMPAIGN_PAUSED";"CONVERSATIONS";"200000";"AE";"ios";"facebook, instagram";"ulke + isletim_sistemi + platform";"";"canli_hedefleme";""
"Doruk Tibbi Bilgiler";"Umman Kadın IOS";"52547155574224";"Whatsapp Estetik - Rinoplasti - Arap Bölgesi - Genel - AR - lead";"52545823354024";"CAMPAIGN_PAUSED";"CONVERSATIONS";"150000";"OM";"ios";"facebook, instagram";"ulke + isletim_sistemi + platform";"";"canli_hedefleme";""
"Doruk Tibbi Bilgiler";"Kuveyt Kadın IOS";"52547155555224";"Whatsapp Estetik - Rinoplasti - Arap Bölgesi - Genel - AR - lead";"52545823354024";"CAMPAIGN_PAUSED";"CONVERSATIONS";"250000";"KW";"ios";"facebook, instagram";"ulke + isletim_sistemi + platform";"";"canli_hedefleme";""
"Doruk Tibbi Bilgiler";"Kanada Kadın iOS";"52545990382624";"Whatsapp - Estetik - Rinoplasti - Anglosfer - Genel - EN - lead";"52545923403424";"CAMPAIGN_PAUSED";"CONVERSATIONS";"300000";"CA";"ios";"facebook, instagram";"ulke + isletim_sistemi + platform";"";"canli_hedefleme";""
"Doruk Tibbi Bilgiler";"Avustralya Yeni Potansiyel Müşteriler Reklam Seti";"52545990193424";"Whatsapp - Estetik - Rinoplasti - Anglosfer - Genel - EN - lead";"52545923403424";"PAUSED";"CONVERSATIONS";"300000";"AU";"bilinmiyor";"bilinmiyor";"ulke";"";"canli_hedefleme";""
"Doruk Tibbi Bilgiler";"Amerika Yeni Potansiyel Müşteriler Reklam Seti";"52545989911224";"Whatsapp - Estetik - Rinoplasti - Anglosfer - Genel - EN - lead";"52545923403424";"PAUSED";"CONVERSATIONS";"300000";"US";"bilinmiyor";"bilinmiyor";"ulke";"";"canli_hedefleme";""
"Doruk Tibbi Bilgiler";"Katar Kadın IOS";"52545968891624";"Whatsapp Estetik - Rinoplasti - Arap Bölgesi - Genel - AR - lead";"52545823354024";"CAMPAIGN_PAUSED";"CONVERSATIONS";"150000";"QA";"ios";"facebook, instagram";"ulke + isletim_sistemi + platform";"";"canli_hedefleme";""
"Doruk Tibbi Bilgiler";"Rinoplasti Birleşik Krallık Whatsapp Yönlendirmeli Etkileşim Seti";"52545936476824";"Whatsapp - Estetik - Rinoplasti - Birleşik Krallık - Genel - EN - Etkileşim";"52545936477224";"CAMPAIGN_PAUSED";"LINK_CLICKS";"300000";"IE";"ios";"facebook, instagram";"ulke + isletim_sistemi + platform";"";"canli_hedefleme";""
"Doruk Tibbi Bilgiler";"Yeni Zelanda Yeni Potansiyel Müşteriler Reklam Seti";"52545923405624";"Whatsapp - Estetik - Rinoplasti - Anglosfer - Genel - EN - lead";"52545923403424";"PAUSED";"CONVERSATIONS";"300000";"NZ";"bilinmiyor";"bilinmiyor";"ulke";"";"canli_hedefleme";""
"Doruk Tibbi Bilgiler";"Rinoplasti - Genel - Birleşik Krallık - EN";"52544269192224";"Estetik - Rinoplasti - Anglosfer - Genel - EN - lead";"52537561870224";"CAMPAIGN_PAUSED";"LEAD_GENERATION";"300000";"GB, IE";"bilinmiyor";"bilinmiyor";"ulke";"";"canli_hedefleme";""
"Doruk Tibbi Bilgiler";"Instagram gönderisi: Rhinoplasty aims to achieve...";"52542847384224";"Instagram gönderisi: Rhinoplasty aims to achieve...";"52542847377024";"CAMPAIGN_PAUSED";"VISIT_INSTAGRAM_PROFILE";"";"GB";"bilinmiyor";"instagram";"ulke + platform";"";"canli_hedefleme";""
"Doruk Tibbi Bilgiler";"Instagram gönderisi: True rhinoplasty balances...";"52542428203224";"Instagram gönderisi: True rhinoplasty balances...";"52542428196224";"CAMPAIGN_PAUSED";"VISIT_INSTAGRAM_PROFILE";"";"NZ";"bilinmiyor";"instagram";"ulke + platform";"";"canli_hedefleme";""
"Doruk Tibbi Bilgiler";"Instagram gönderisi: True rhinoplasty balances...";"52542427906424";"Instagram gönderisi: True rhinoplasty balances...";"52542427892224";"CAMPAIGN_PAUSED";"VISIT_INSTAGRAM_PROFILE";"";"US";"bilinmiyor";"instagram";"ulke + platform";"";"canli_hedefleme";""
"Doruk Tibbi Bilgiler";"Instagram gönderisi: True rhinoplasty balances...";"52542424979224";"Instagram gönderisi: True rhinoplasty balances...";"52542424976624";"CAMPAIGN_PAUSED";"VISIT_INSTAGRAM_PROFILE";"";"KW";"bilinmiyor";"instagram";"ulke + platform";"";"canli_hedefleme";""
"Doruk Tibbi Bilgiler";"Instagram gönderisi: True rhinoplasty balances...";"52542424148424";"Instagram gönderisi: True rhinoplasty balances...";"52542424143424";"CAMPAIGN_PAUSED";"VISIT_INSTAGRAM_PROFILE";"";"OM";"bilinmiyor";"instagram";"ulke + platform";"";"canli_hedefleme";""
"Doruk Tibbi Bilgiler";"Instagram gönderisi: True rhinoplasty balances...";"52542423185424";"Instagram gönderisi: True rhinoplasty balances...";"52542423175824";"CAMPAIGN_PAUSED";"VISIT_INSTAGRAM_PROFILE";"";"KZ";"bilinmiyor";"instagram";"ulke + platform";"";"canli_hedefleme";""
"Doruk Tibbi Bilgiler";"Rino Etkileşim BAE";"52541921140624";"Rino Etkileşim AR";"52541921139224";"CAMPAIGN_PAUSED";"PROFILE_AND_PAGE_ENGAGEMENT";"50000";"bilinmiyor";"bilinmiyor";"bilinmiyor";"belirsiz";"";"canli_hedefleme_eksik";""
"Doruk Tibbi Bilgiler";"Rino Etkileşim Bahreyn";"52541921140424";"Rino Etkileşim AR";"52541921139224";"CAMPAIGN_PAUSED";"PROFILE_AND_PAGE_ENGAGEMENT";"50000";"BH";"bilinmiyor";"bilinmiyor";"ulke";"";"canli_hedefleme";""
"Doruk Tibbi Bilgiler";"Rino Etkileşim Umman";"52541921140224";"Rino Etkileşim AR";"52541921139224";"PAUSED";"PROFILE_AND_PAGE_ENGAGEMENT";"50000";"OM";"bilinmiyor";"bilinmiyor";"ulke";"";"canli_hedefleme";""
"Doruk Tibbi Bilgiler";"Rino Etkileşim Katar";"52541921140024";"Rino Etkileşim AR";"52541921139224";"CAMPAIGN_PAUSED";"PROFILE_AND_PAGE_ENGAGEMENT";"50000";"QA";"bilinmiyor";"bilinmiyor";"ulke";"";"canli_hedefleme";""
"Doruk Tibbi Bilgiler";"Rino Etkileşim Kuveyt";"52541921139624";"Rino Etkileşim AR";"52541921139224";"PAUSED";"PROFILE_AND_PAGE_ENGAGEMENT";"50000";"KW";"bilinmiyor";"bilinmiyor";"ulke";"";"canli_hedefleme";""
"Doruk Tibbi Bilgiler";"Rino Etkileşim Amerika";"52541920635424";"Rino Etkileşim EN";"52541905505424";"PAUSED";"PROFILE_AND_PAGE_ENGAGEMENT";"100000";"US";"bilinmiyor";"bilinmiyor";"ulke";"";"canli_hedefleme";""
"Doruk Tibbi Bilgiler";"Rino Etkileşim Avusturalya";"52541920633824";"Rino Etkileşim EN";"52541905505424";"CAMPAIGN_PAUSED";"PROFILE_AND_PAGE_ENGAGEMENT";"100000";"AU";"bilinmiyor";"bilinmiyor";"ulke";"";"canli_hedefleme";""
"Doruk Tibbi Bilgiler";"Rino Etkileşim Kanada";"52541920633624";"Rino Etkileşim EN";"52541905505424";"CAMPAIGN_PAUSED";"PROFILE_AND_PAGE_ENGAGEMENT";"100000";"CA";"bilinmiyor";"bilinmiyor";"ulke";"";"canli_hedefleme";""
"Doruk Tibbi Bilgiler";"Rino Etkileşim Birleşik Krallık";"52541907369024";"Rino Etkileşim EN";"52541905505424";"PAUSED";"PROFILE_AND_PAGE_ENGAGEMENT";"100000";"GB, IE";"bilinmiyor";"bilinmiyor";"ulke";"";"canli_hedefleme";""
"Doruk Tibbi Bilgiler";"Rino Etkileşim Yeni Zelanda";"52541907367024";"Rino Etkileşim EN";"52541905505424";"PAUSED";"PROFILE_AND_PAGE_ENGAGEMENT";"100000";"NZ";"bilinmiyor";"bilinmiyor";"ulke";"";"canli_hedefleme";""
"Doruk Tibbi Bilgiler";"Rinoplasti - Kadın - Kazakistan - RU";"52540992654024";"Estetik - Rinoplasti - Turki Cumhuriyetler - Genel - RU- lead";"52540126816224";"PAUSED";"LEAD_GENERATION";"250000";"KZ";"bilinmiyor";"bilinmiyor";"ulke";"";"canli_hedefleme";""
"Doruk Tibbi Bilgiler";"Rinoplasti - Emin Öztürk - Kırgızistan - RU";"52540991831024";"Estetik - Rinoplasti - Turki Cumhuriyetler - Genel - RU- lead";"52540126816224";"PAUSED";"LEAD_GENERATION";"100000";"KG";"bilinmiyor";"bilinmiyor";"ulke";"";"canli_hedefleme";""
"Doruk Tibbi Bilgiler";"Rinoplasti - Kadın - Kuveyt - AR";"52540981644624";"Estetik - Rinoplasti - Arap Bölgesi - Genel - AR - lead";"52539722393824";"PAUSED";"LEAD_GENERATION";"450000";"KW";"bilinmiyor";"bilinmiyor";"ulke";"";"canli_hedefleme";""
"Doruk Tibbi Bilgiler";"Rinoplasti - Kadın - Umman - AR";"52540981418424";"Estetik - Rinoplasti - Arap Bölgesi - Genel - AR - lead";"52539722393824";"PAUSED";"LEAD_GENERATION";"200000";"OM";"bilinmiyor";"bilinmiyor";"ulke";"";"canli_hedefleme";""
"Doruk Tibbi Bilgiler";"Rinoplasti - Kadın - Bahreyn - AR";"52540978535024";"Estetik - Rinoplasti - Arap Bölgesi - Genel - AR - lead";"52539722393824";"PAUSED";"LEAD_GENERATION";"200000";"BH";"bilinmiyor";"bilinmiyor";"ulke";"";"canli_hedefleme";""
"Doruk Tibbi Bilgiler";"Rinoplasti - Kadın - BAE - AR";"52540976152224";"Estetik - Rinoplasti - Arap Bölgesi - Genel - AR - lead";"52539722393824";"PAUSED";"LEAD_GENERATION";"300000";"AE";"bilinmiyor";"bilinmiyor";"ulke";"";"canli_hedefleme";""
"Doruk Tibbi Bilgiler";"Instagram gönderisi: ""My nose didn’t feel like it...";"52540610326624";"Instagram gönderisi: ""My nose didn’t feel like it...";"52540610324024";"CAMPAIGN_PAUSED";"VISIT_INSTAGRAM_PROFILE";"";"NZ";"bilinmiyor";"instagram";"ulke + platform";"";"canli_hedefleme";""
"Doruk Tibbi Bilgiler";"Instagram gönderisi: ""My nose didn’t feel like it...";"52540610306824";"Instagram gönderisi: ""My nose didn’t feel like it...";"52540610300224";"CAMPAIGN_PAUSED";"VISIT_INSTAGRAM_PROFILE";"";"IE";"bilinmiyor";"instagram";"ulke + platform";"";"canli_hedefleme";""
"Doruk Tibbi Bilgiler";"Instagram gönderisi: ""My nose didn’t feel like it...";"52540610244224";"Instagram gönderisi: ""My nose didn’t feel like it...";"52540610238224";"CAMPAIGN_PAUSED";"VISIT_INSTAGRAM_PROFILE";"";"GB";"bilinmiyor";"instagram";"ulke + platform";"";"canli_hedefleme";""
"Doruk Tibbi Bilgiler";"Instagram gönderisi: ""My nose didn’t feel like it...";"52540610089424";"Instagram gönderisi: ""My nose didn’t feel like it...";"52540610085824";"CAMPAIGN_PAUSED";"VISIT_INSTAGRAM_PROFILE";"";"AU";"bilinmiyor";"instagram";"ulke + platform";"";"canli_hedefleme";""
"Doruk Tibbi Bilgiler";"Instagram gönderisi: ""My nose didn’t feel like it...";"52540610055824";"Instagram gönderisi: ""My nose didn’t feel like it...";"52540610051824";"CAMPAIGN_PAUSED";"VISIT_INSTAGRAM_PROFILE";"";"CA";"bilinmiyor";"instagram";"ulke + platform";"";"canli_hedefleme";""
"Doruk Tibbi Bilgiler";"Instagram gönderisi: ""My nose didn’t feel like it...";"52540610016424";"Instagram gönderisi: ""My nose didn’t feel like it...";"52540610013624";"CAMPAIGN_PAUSED";"VISIT_INSTAGRAM_PROFILE";"";"US";"bilinmiyor";"instagram";"ulke + platform";"";"canli_hedefleme";""
"Doruk Tibbi Bilgiler";"Instagram gönderisi: ""My nose didn’t feel like it...";"52540609775824";"Instagram gönderisi: ""My nose didn’t feel like it...";"52540609773024";"CAMPAIGN_PAUSED";"VISIT_INSTAGRAM_PROFILE";"";"KW";"bilinmiyor";"instagram";"ulke + platform";"";"canli_hedefleme";""
"Doruk Tibbi Bilgiler";"Instagram gönderisi: ""My nose didn’t feel like it...";"52540609750624";"Instagram gönderisi: ""My nose didn’t feel like it...";"52540609747424";"CAMPAIGN_PAUSED";"VISIT_INSTAGRAM_PROFILE";"";"AE";"bilinmiyor";"instagram";"ulke + platform";"";"canli_hedefleme";""
"Doruk Tibbi Bilgiler";"Instagram gönderisi: ""My nose didn’t feel like it...";"52540609721824";"Instagram gönderisi: ""My nose didn’t feel like it...";"52540609719424";"CAMPAIGN_PAUSED";"VISIT_INSTAGRAM_PROFILE";"";"QA";"bilinmiyor";"instagram";"ulke + platform";"";"canli_hedefleme";""
"Doruk Tibbi Bilgiler";"Instagram gönderisi: ""My nose didn’t feel like it...";"52540609693824";"Instagram gönderisi: ""My nose didn’t feel like it...";"52540609691024";"CAMPAIGN_PAUSED";"VISIT_INSTAGRAM_PROFILE";"";"BH";"bilinmiyor";"instagram";"ulke + platform";"";"canli_hedefleme";""
"Doruk Tibbi Bilgiler";"Instagram gönderisi: ""My nose didn’t feel like it...";"52540609661224";"Instagram gönderisi: ""My nose didn’t feel like it...";"52540609658824";"CAMPAIGN_PAUSED";"VISIT_INSTAGRAM_PROFILE";"";"OM";"bilinmiyor";"instagram";"ulke + platform";"";"canli_hedefleme";""
"Doruk Tibbi Bilgiler";"Instagram gönderisi: ""My nose didn’t feel like it...";"52540609580824";"Instagram gönderisi: ""My nose didn’t feel like it...";"52540609578024";"CAMPAIGN_PAUSED";"VISIT_INSTAGRAM_PROFILE";"";"KG";"bilinmiyor";"instagram";"ulke + platform";"";"canli_hedefleme";""
"Doruk Tibbi Bilgiler";"Instagram gönderisi: ""My nose didn’t feel like it...";"52540609549024";"Instagram gönderisi: ""My nose didn’t feel like it...";"52540609545824";"CAMPAIGN_PAUSED";"VISIT_INSTAGRAM_PROFILE";"";"UZ";"bilinmiyor";"instagram";"ulke + platform";"";"canli_hedefleme";""
"Doruk Tibbi Bilgiler";"Instagram gönderisi: ""My nose didn’t feel like it...";"52540609510624";"Instagram gönderisi: ""My nose didn’t feel like it...";"52540609496224";"CAMPAIGN_PAUSED";"VISIT_INSTAGRAM_PROFILE";"";"KZ";"bilinmiyor";"instagram";"ulke + platform";"";"canli_hedefleme";""
"Doruk Tibbi Bilgiler";"Instagram gönderisi: ""Every time I looked in the...";"52540608020624";"Instagram gönderisi: ""Every time I looked in the...";"52540608012224";"CAMPAIGN_PAUSED";"VISIT_INSTAGRAM_PROFILE";"";"NZ";"bilinmiyor";"instagram";"ulke + platform";"";"canli_hedefleme";""
"Doruk Tibbi Bilgiler";"Instagram gönderisi: ""Every time I looked in the...";"52540607783024";"Instagram gönderisi: ""Every time I looked in the...";"52540607776024";"CAMPAIGN_PAUSED";"VISIT_INSTAGRAM_PROFILE";"";"IE";"bilinmiyor";"instagram";"ulke + platform";"";"canli_hedefleme";""
"Doruk Tibbi Bilgiler";"Instagram gönderisi: ""Every time I looked in the...";"52540607674824";"Instagram gönderisi: ""Every time I looked in the...";"52540607669224";"CAMPAIGN_PAUSED";"VISIT_INSTAGRAM_PROFILE";"";"GB";"bilinmiyor";"instagram";"ulke + platform";"";"canli_hedefleme";""
"Doruk Tibbi Bilgiler";"Instagram gönderisi: ""Every time I looked in the...";"52540607597224";"Instagram gönderisi: ""Every time I looked in the...";"52540607579224";"CAMPAIGN_PAUSED";"VISIT_INSTAGRAM_PROFILE";"";"AU";"bilinmiyor";"instagram";"ulke + platform";"";"canli_hedefleme";""
"Doruk Tibbi Bilgiler";"Instagram gönderisi: ""Every time I looked in the...";"52540607504624";"Instagram gönderisi: ""Every time I looked in the...";"52540607478224";"CAMPAIGN_PAUSED";"VISIT_INSTAGRAM_PROFILE";"";"US";"bilinmiyor";"instagram";"ulke + platform";"";"canli_hedefleme";""
"Doruk Tibbi Bilgiler";"Instagram gönderisi: ""Every time I looked in the...";"52540607458224";"Instagram gönderisi: ""Every time I looked in the...";"52540607448224";"CAMPAIGN_PAUSED";"VISIT_INSTAGRAM_PROFILE";"";"CA";"bilinmiyor";"instagram";"ulke + platform";"";"canli_hedefleme";""
"Doruk Tibbi Bilgiler";"Instagram gönderisi: ""Every time I looked in the...";"52540603518824";"Instagram gönderisi: ""Every time I looked in the...";"52540603506624";"CAMPAIGN_PAUSED";"VISIT_INSTAGRAM_PROFILE";"";"KW";"bilinmiyor";"instagram";"ulke + platform";"";"canli_hedefleme";""
"Doruk Tibbi Bilgiler";"Instagram gönderisi: ""Every time I looked in the...";"52540603057024";"Instagram gönderisi: ""Every time I looked in the...";"52540603032224";"CAMPAIGN_PAUSED";"VISIT_INSTAGRAM_PROFILE";"";"AE";"bilinmiyor";"instagram";"ulke + platform";"";"canli_hedefleme";""
"Doruk Tibbi Bilgiler";"Instagram gönderisi: ""Every time I looked in the...";"52540602660624";"Instagram gönderisi: ""Every time I looked in the...";"52540602655424";"CAMPAIGN_PAUSED";"VISIT_INSTAGRAM_PROFILE";"";"QA";"bilinmiyor";"instagram";"ulke + platform";"";"canli_hedefleme";""
"Doruk Tibbi Bilgiler";"Instagram gönderisi: ""Every time I looked in the...";"52540602127424";"Instagram gönderisi: ""Every time I looked in the...";"52540602116824";"CAMPAIGN_PAUSED";"VISIT_INSTAGRAM_PROFILE";"";"BH";"bilinmiyor";"instagram";"ulke + platform";"";"canli_hedefleme";""
"Doruk Tibbi Bilgiler";"Instagram gönderisi: ""Every time I looked in the...";"52540600709224";"Instagram gönderisi: ""Every time I looked in the...";"52540600696624";"CAMPAIGN_PAUSED";"VISIT_INSTAGRAM_PROFILE";"";"OM";"bilinmiyor";"instagram";"ulke + platform";"";"canli_hedefleme";""
"Doruk Tibbi Bilgiler";"Instagram gönderisi: ""Every time I looked in the...";"52540600493424";"Instagram gönderisi: ""Every time I looked in the...";"52540600490824";"CAMPAIGN_PAUSED";"VISIT_INSTAGRAM_PROFILE";"";"KG";"bilinmiyor";"instagram";"ulke + platform";"";"canli_hedefleme";""
"Doruk Tibbi Bilgiler";"Instagram gönderisi: ""Every time I looked in the...";"52540600340824";"Instagram gönderisi: ""Every time I looked in the...";"52540600336824";"CAMPAIGN_PAUSED";"VISIT_INSTAGRAM_PROFILE";"";"UZ";"bilinmiyor";"instagram";"ulke + platform";"";"canli_hedefleme";""
"Doruk Tibbi Bilgiler";"Instagram gönderisi: ""Every time I looked in the...";"52540600150824";"Instagram gönderisi: ""Every time I looked in the...";"52540600146224";"CAMPAIGN_PAUSED";"VISIT_INSTAGRAM_PROFILE";"";"KZ";"bilinmiyor";"instagram";"ulke + platform";"";"canli_hedefleme";""
"Doruk Tibbi Bilgiler";"Rinoplasti - Kadın - Katar - AR";"52540591157424";"Estetik - Rinoplasti - Arap Bölgesi - Genel - AR - lead";"52539722393824";"PAUSED";"LEAD_GENERATION";"300000";"QA";"bilinmiyor";"bilinmiyor";"ulke";"";"canli_hedefleme";""
"Doruk Tibbi Bilgiler";"Rinoplasti - Kadın - Kanada - EN";"52540324679424";"Estetik - Rinoplasti - Anglosfer - Genel - EN - lead";"52537561870224";"PAUSED";"LEAD_GENERATION";"250000";"CA";"bilinmiyor";"bilinmiyor";"ulke";"";"canli_hedefleme";""
"Doruk Tibbi Bilgiler";"Rinoplasti - Kadın - Amerika - EN";"52540324007624";"Estetik - Rinoplasti - Anglosfer - Genel - EN - lead";"52537561870224";"PAUSED";"LEAD_GENERATION";"250000";"US";"bilinmiyor";"bilinmiyor";"ulke";"";"canli_hedefleme";""
"Doruk Tibbi Bilgiler";"Rinoplasti - Kadın - Yeni Zelanda - EN";"52540322858624";"Estetik - Rinoplasti - Anglosfer - Genel - EN - lead";"52537561870224";"PAUSED";"LEAD_GENERATION";"250000";"NZ";"bilinmiyor";"bilinmiyor";"ulke";"";"canli_hedefleme";""
"Doruk Tibbi Bilgiler";"Rinoplasti - Kadın - Avusturalya - EN";"52540316023424";"Estetik - Rinoplasti - Anglosfer - Genel - EN - lead";"52537561870224";"PAUSED";"LEAD_GENERATION";"250000";"AU";"bilinmiyor";"bilinmiyor";"ulke";"";"canli_hedefleme";""
"Doruk Tibbi Bilgiler";"Rinoplasti - Emin Öztürk - Özbekistan - RU";"52540126816424";"Estetik - Rinoplasti - Turki Cumhuriyetler - Genel - RU- lead";"52540126816224";"PAUSED";"LEAD_GENERATION";"100000";"UZ";"bilinmiyor";"bilinmiyor";"ulke";"";"canli_hedefleme";""
"Doruk Tibbi Bilgiler";"Instagram gönderisi: Enhance Your Beauty and...";"52540117116024";"Instagram gönderisi: Enhance Your Beauty and...";"52540117099024";"CAMPAIGN_PAUSED";"VISIT_INSTAGRAM_PROFILE";"";"AE, BH, KW, OM, QA";"bilinmiyor";"instagram";"ulke + platform";"";"canli_hedefleme";""
"Doruk Tibbi Bilgiler";"Rinoplasti - Emin Öztürk - Kuveyt - AR";"52539651597224";"xxx";"52539651584024";"CAMPAIGN_PAUSED";"LEAD_GENERATION";"";"KW";"bilinmiyor";"bilinmiyor";"ulke";"";"canli_hedefleme";""
"Doruk Tibbi Bilgiler";"Instagram gönderisi: Your nose. Your face. Your...";"52539164746424";"Instagram gönderisi: Your nose. Your face. Your...";"52539164744224";"CAMPAIGN_PAUSED";"VISIT_INSTAGRAM_PROFILE";"";"AU, CA, GB, IE, NZ, US";"bilinmiyor";"instagram";"ulke + platform";"";"canli_hedefleme";""
"Doruk Tibbi Bilgiler";"Instagram gönderisi: Medical precision....";"52539164647424";"Instagram gönderisi: Medical precision....";"52539164640024";"CAMPAIGN_PAUSED";"VISIT_INSTAGRAM_PROFILE";"";"AU, CA, GB, IE, NZ, US";"bilinmiyor";"instagram";"ulke + platform";"";"canli_hedefleme";""
"Doruk Tibbi Bilgiler";"Instagram gönderisi: Thousands choose Türkiye for...";"52539164526024";"Instagram gönderisi: Thousands choose Türkiye for...";"52539164522824";"CAMPAIGN_PAUSED";"VISIT_INSTAGRAM_PROFILE";"";"AU, CA, GB, IE, NZ, US";"bilinmiyor";"instagram";"ulke + platform";"";"canli_hedefleme";""
"Doruk Tibbi Bilgiler";"Instagram gönderisi: Rhinoplasty in Türkiye...";"52539164454224";"Instagram gönderisi: Rhinoplasty in Türkiye...";"52539164441624";"CAMPAIGN_PAUSED";"VISIT_INSTAGRAM_PROFILE";"";"AU, CA, GB, IE, NZ, US";"bilinmiyor";"instagram";"ulke + platform";"";"canli_hedefleme";""
"Doruk Tibbi Bilgiler";"Instagram gönderisi: Rhinoplasty Q&A with Dr....";"52539162836624";"Instagram gönderisi: Rhinoplasty Q&A with Dr....";"52539162833824";"CAMPAIGN_PAUSED";"VISIT_INSTAGRAM_PROFILE";"";"AU, CA, GB, IE, NZ, US";"bilinmiyor";"instagram";"ulke + platform";"";"canli_hedefleme";""
"Doruk Tibbi Bilgiler";"Instagram gönderisi: Enhance Your Beauty and...";"52539154958024";"Instagram gönderisi: Enhance Your Beauty and...";"52539154952224";"CAMPAIGN_PAUSED";"VISIT_INSTAGRAM_PROFILE";"";"AU, CA, GB, IE, NZ, US";"bilinmiyor";"instagram";"ulke + platform";"";"canli_hedefleme";""
"Doruk Tibbi Bilgiler";"Estetik - Rinoplasti - Yeni Zelanda - EN - trafik";"52538189194824";"Estetik - Rinoplasti - Genel - EN - trafik";"52537544498424";"CAMPAIGN_PAUSED";"PROFILE_VISIT";"110000";"NZ";"bilinmiyor";"bilinmiyor";"ulke";"";"canli_hedefleme";""
"Doruk Tibbi Bilgiler";"Estetik - Rinoplasti - Avustralya - EN - trafik";"52538189186024";"Estetik - Rinoplasti - Genel - EN - trafik";"52537544498424";"CAMPAIGN_PAUSED";"PROFILE_VISIT";"140000";"AU";"bilinmiyor";"bilinmiyor";"ulke";"";"canli_hedefleme";""
"Doruk Tibbi Bilgiler";"Estetik - Rinoplasti - Birleşik Krallık - EN - trafik";"52538189185824";"Estetik - Rinoplasti - Genel - EN - trafik";"52537544498424";"CAMPAIGN_PAUSED";"PROFILE_VISIT";"160000";"GB, IE";"bilinmiyor";"bilinmiyor";"ulke";"";"canli_hedefleme";""
"Doruk Tibbi Bilgiler";"Estetik - Rinoplasti - Kanada - EN - trafik";"52538189185624";"Estetik - Rinoplasti - Genel - EN - trafik";"52537544498424";"CAMPAIGN_PAUSED";"PROFILE_VISIT";"160000";"CA";"bilinmiyor";"bilinmiyor";"ulke";"";"canli_hedefleme";""
"Doruk Tibbi Bilgiler";"Estetik - Rinoplasti - Amerika - EN - trafik";"52538183601024";"Estetik - Rinoplasti - Genel - EN - trafik";"52537544498424";"CAMPAIGN_PAUSED";"PROFILE_VISIT";"160000";"US";"bilinmiyor";"bilinmiyor";"ulke";"";"canli_hedefleme";""
"Doruk Hastaneleri - SİNA ÖZEL Sağlık Hizmetleri A.ş";"çekirge - Tuncay Özgünay";"120255765397250399";"Doktor - Bilinirlik Kampanyası - Çekirge";"120255763855030399";"ACTIVE";"REACH";"10000";"bilinmiyor";"bilinmiyor";"bilinmiyor";"belirsiz";"";"canli_hedefleme_eksik";""
"Doruk Hastaneleri - SİNA ÖZEL Sağlık Hizmetleri A.ş";"çekirge - Sühendan Benderli";"120255765396550399";"Doktor - Bilinirlik Kampanyası - Çekirge";"120255763855030399";"ACTIVE";"REACH";"10000";"bilinmiyor";"bilinmiyor";"bilinmiyor";"belirsiz";"";"canli_hedefleme_eksik";""
"Doruk Hastaneleri - SİNA ÖZEL Sağlık Hizmetleri A.ş";"çekirge - Suat Paker";"120255765395140399";"Doktor - Bilinirlik Kampanyası - Çekirge";"120255763855030399";"ACTIVE";"REACH";"10000";"bilinmiyor";"bilinmiyor";"bilinmiyor";"belirsiz";"";"canli_hedefleme_eksik";""
"Doruk Hastaneleri - SİNA ÖZEL Sağlık Hizmetleri A.ş";"çekirge - Sirem Aydınlar";"120255765394270399";"Doktor - Bilinirlik Kampanyası - Çekirge";"120255763855030399";"ACTIVE";"REACH";"10000";"bilinmiyor";"bilinmiyor";"bilinmiyor";"belirsiz";"";"canli_hedefleme_eksik";""
"Doruk Hastaneleri - SİNA ÖZEL Sağlık Hizmetleri A.ş";"çekirge - Simge Katrancı";"120255765393170399";"Doktor - Bilinirlik Kampanyası - Çekirge";"120255763855030399";"ACTIVE";"REACH";"10000";"bilinmiyor";"bilinmiyor";"bilinmiyor";"belirsiz";"";"canli_hedefleme_eksik";""
"Doruk Hastaneleri - SİNA ÖZEL Sağlık Hizmetleri A.ş";"çekirge - Seyfi Kamberoğlu";"120255765392180399";"Doktor - Bilinirlik Kampanyası - Çekirge";"120255763855030399";"ACTIVE";"REACH";"10000";"bilinmiyor";"bilinmiyor";"bilinmiyor";"belirsiz";"";"canli_hedefleme_eksik";""
"Doruk Hastaneleri - SİNA ÖZEL Sağlık Hizmetleri A.ş";"çekirge - Sercan Sınır";"120255765387860399";"Doktor - Bilinirlik Kampanyası - Çekirge";"120255763855030399";"ACTIVE";"REACH";"10000";"bilinmiyor";"bilinmiyor";"bilinmiyor";"belirsiz";"";"canli_hedefleme_eksik";""
"Doruk Hastaneleri - SİNA ÖZEL Sağlık Hizmetleri A.ş";"çekirge - Sait Uysal";"120255765385330399";"Doktor - Bilinirlik Kampanyası - Çekirge";"120255763855030399";"ACTIVE";"REACH";"10000";"bilinmiyor";"bilinmiyor";"bilinmiyor";"belirsiz";"";"canli_hedefleme_eksik";""
"Doruk Hastaneleri - SİNA ÖZEL Sağlık Hizmetleri A.ş";"çekirge - Osman Ataç";"120255765384780399";"Doktor - Bilinirlik Kampanyası - Çekirge";"120255763855030399";"ACTIVE";"REACH";"10000";"bilinmiyor";"bilinmiyor";"bilinmiyor";"belirsiz";"";"canli_hedefleme_eksik";""
"Doruk Hastaneleri - SİNA ÖZEL Sağlık Hizmetleri A.ş";"çekirge - Mustafa Kısakürek";"120255765383900399";"Doktor - Bilinirlik Kampanyası - Çekirge";"120255763855030399";"ACTIVE";"REACH";"10000";"bilinmiyor";"bilinmiyor";"bilinmiyor";"belirsiz";"";"canli_hedefleme_eksik";""
"Doruk Hastaneleri - SİNA ÖZEL Sağlık Hizmetleri A.ş";"çekirge - Murat Çakır";"120255765382810399";"Doktor - Bilinirlik Kampanyası - Çekirge";"120255763855030399";"ACTIVE";"REACH";"10000";"bilinmiyor";"bilinmiyor";"bilinmiyor";"belirsiz";"";"canli_hedefleme_eksik";""
"Doruk Hastaneleri - SİNA ÖZEL Sağlık Hizmetleri A.ş";"çekirge - Muhtar Ünaldı";"120255765382010399";"Doktor - Bilinirlik Kampanyası - Çekirge";"120255763855030399";"ACTIVE";"REACH";"10000";"bilinmiyor";"bilinmiyor";"bilinmiyor";"belirsiz";"";"canli_hedefleme_eksik";""
"Doruk Hastaneleri - SİNA ÖZEL Sağlık Hizmetleri A.ş";"çekirge - Meltem Çakmak";"120255765380910399";"Doktor - Bilinirlik Kampanyası - Çekirge";"120255763855030399";"ACTIVE";"REACH";"10000";"bilinmiyor";"bilinmiyor";"bilinmiyor";"belirsiz";"";"canli_hedefleme_eksik";""
"Doruk Hastaneleri - SİNA ÖZEL Sağlık Hizmetleri A.ş";"çekirge - Levent Uslu";"120255765380140399";"Doktor - Bilinirlik Kampanyası - Çekirge";"120255763855030399";"ACTIVE";"REACH";"10000";"bilinmiyor";"bilinmiyor";"bilinmiyor";"belirsiz";"";"canli_hedefleme_eksik";""
"Doruk Hastaneleri - SİNA ÖZEL Sağlık Hizmetleri A.ş";"çekirge - Güray Can";"120255765375300399";"Doktor - Bilinirlik Kampanyası - Çekirge";"120255763855030399";"ACTIVE";"REACH";"10000";"bilinmiyor";"bilinmiyor";"bilinmiyor";"belirsiz";"";"canli_hedefleme_eksik";""
"Doruk Hastaneleri - SİNA ÖZEL Sağlık Hizmetleri A.ş";"çekirge - Ertuğrul Aydın";"120255765374530399";"Doktor - Bilinirlik Kampanyası - Çekirge";"120255763855030399";"ACTIVE";"REACH";"10000";"bilinmiyor";"bilinmiyor";"bilinmiyor";"belirsiz";"";"canli_hedefleme_eksik";""
"Doruk Hastaneleri - SİNA ÖZEL Sağlık Hizmetleri A.ş";"çekirge - Emine Mestan";"120255765372750399";"Doktor - Bilinirlik Kampanyası - Çekirge";"120255763855030399";"ACTIVE";"REACH";"10000";"bilinmiyor";"bilinmiyor";"bilinmiyor";"belirsiz";"";"canli_hedefleme_eksik";""
"Doruk Hastaneleri - SİNA ÖZEL Sağlık Hizmetleri A.ş";"çekirge - Eda Efsane Çetinkaya";"120255765371710399";"Doktor - Bilinirlik Kampanyası - Çekirge";"120255763855030399";"ACTIVE";"REACH";"10000";"bilinmiyor";"bilinmiyor";"bilinmiyor";"belirsiz";"";"canli_hedefleme_eksik";""
"Doruk Hastaneleri - SİNA ÖZEL Sağlık Hizmetleri A.ş";"çekirge - Duygu Hasan Dilber";"120255765371020399";"Doktor - Bilinirlik Kampanyası - Çekirge";"120255763855030399";"ACTIVE";"REACH";"10000";"bilinmiyor";"bilinmiyor";"bilinmiyor";"belirsiz";"";"canli_hedefleme_eksik";""
"Doruk Hastaneleri - SİNA ÖZEL Sağlık Hizmetleri A.ş";"çekirge - Bülent Aymelek";"120255765369500399";"Doktor - Bilinirlik Kampanyası - Çekirge";"120255763855030399";"ACTIVE";"REACH";"10000";"bilinmiyor";"bilinmiyor";"bilinmiyor";"belirsiz";"";"canli_hedefleme_eksik";""
"Doruk Hastaneleri - SİNA ÖZEL Sağlık Hizmetleri A.ş";"çekirge - Ali Karataş";"120255765367960399";"Doktor - Bilinirlik Kampanyası - Çekirge";"120255763855030399";"ACTIVE";"REACH";"10000";"bilinmiyor";"bilinmiyor";"bilinmiyor";"belirsiz";"";"canli_hedefleme_eksik";""
"Doruk Hastaneleri - SİNA ÖZEL Sağlık Hizmetleri A.ş";"çekirge - Ali Emin Latif";"120255765339360399";"Doktor - Bilinirlik Kampanyası - Çekirge";"120255763855030399";"ACTIVE";"REACH";"10000";"bilinmiyor";"bilinmiyor";"bilinmiyor";"belirsiz";"";"canli_hedefleme_eksik";""
"Doruk Hastaneleri - SİNA ÖZEL Sağlık Hizmetleri A.ş";"yıldırım - Muhammet İkbal Güngör";"120255746618960399";"Doktor - Bilinirlik Kampanyası - Yıldırım";"120255158812950399";"ACTIVE";"REACH";"10000";"bilinmiyor";"bilinmiyor";"bilinmiyor";"belirsiz";"";"canli_hedefleme_eksik";""
"Doruk Hastaneleri - SİNA ÖZEL Sağlık Hizmetleri A.ş";"yıldırım - Ömer Aydın";"120255746600700399";"Doktor - Bilinirlik Kampanyası - Yıldırım";"120255158812950399";"ACTIVE";"REACH";"10000";"bilinmiyor";"bilinmiyor";"bilinmiyor";"belirsiz";"";"canli_hedefleme_eksik";""
"Doruk Hastaneleri - SİNA ÖZEL Sağlık Hizmetleri A.ş";"yıldırım - Yusuf Karabulut";"120255746465770399";"Doktor - Bilinirlik Kampanyası - Yıldırım";"120255158812950399";"ACTIVE";"REACH";"10000";"bilinmiyor";"bilinmiyor";"bilinmiyor";"belirsiz";"";"canli_hedefleme_eksik";""
"Doruk Hastaneleri - SİNA ÖZEL Sağlık Hizmetleri A.ş";"Instagram gönderisi: 🦴 Bel Fıtığında Doğru Zaman...";"120255739486480399";"Instagram gönderisi: 🦴 Bel Fıtığında Doğru Zaman...";"120255739485660399";"ACTIVE";"VISIT_INSTAGRAM_PROFILE";"";"bilinmiyor";"bilinmiyor";"instagram";"platform";"";"canli_hedefleme_eksik";""
"Doruk Hastaneleri - SİNA ÖZEL Sağlık Hizmetleri A.ş";"Instagram gönderisi: 🦴 Omurga Kırıklarında Asıl...";"120255739460790399";"Instagram gönderisi: 🦴 Omurga Kırıklarında Asıl...";"120255739460510399";"ACTIVE";"VISIT_INSTAGRAM_PROFILE";"";"bilinmiyor";"bilinmiyor";"instagram";"platform";"";"canli_hedefleme_eksik";""
"Doruk Hastaneleri - SİNA ÖZEL Sağlık Hizmetleri A.ş";"Instagram gönderisi: ✅Gebelikte uyku pozisyonu...";"120255739424480399";"Instagram gönderisi: ✅Gebelikte uyku pozisyonu...";"120255739424180399";"CAMPAIGN_PAUSED";"VISIT_INSTAGRAM_PROFILE";"";"bilinmiyor";"bilinmiyor";"instagram";"platform";"";"canli_hedefleme_eksik";""
"Doruk Hastaneleri - SİNA ÖZEL Sağlık Hizmetleri A.ş";"Instagram gönderisi: •Gebelikte Tarama Testleri |...";"120255739369440399";"Instagram gönderisi: •Gebelikte Tarama Testleri |...";"120255739368940399";"CAMPAIGN_PAUSED";"VISIT_INSTAGRAM_PROFILE";"";"bilinmiyor";"bilinmiyor";"instagram";"platform";"";"canli_hedefleme_eksik";""
"Doruk Hastaneleri - SİNA ÖZEL Sağlık Hizmetleri A.ş";"Instagram gönderisi: 🎗️ Kanser Tanısı Fizik...";"120255739337190399";"Instagram gönderisi: 🎗️ Kanser Tanısı Fizik...";"120255739336980399";"ACTIVE";"VISIT_INSTAGRAM_PROFILE";"";"bilinmiyor";"bilinmiyor";"instagram";"platform";"";"canli_hedefleme_eksik";""
"Doruk Hastaneleri - SİNA ÖZEL Sağlık Hizmetleri A.ş";"Instagram gönderisi: 🎗️ Kemoterapi Alan Her...";"120255739290740399";"Instagram gönderisi: 🎗️ Kemoterapi Alan Her...";"120255739290470399";"ACTIVE";"VISIT_INSTAGRAM_PROFILE";"";"bilinmiyor";"bilinmiyor";"instagram";"platform";"";"canli_hedefleme_eksik";""
"Doruk Hastaneleri - SİNA ÖZEL Sağlık Hizmetleri A.ş";"Instagram gönderisi: 🖐️ Parmak Ucu Defekti Nasıl...";"120255739195110399";"Instagram gönderisi: 🖐️ Parmak Ucu Defekti Nasıl...";"120255739194330399";"ACTIVE";"VISIT_INSTAGRAM_PROFILE";"";"bilinmiyor";"bilinmiyor";"instagram";"platform";"";"canli_hedefleme_eksik";""
"Doruk Hastaneleri - SİNA ÖZEL Sağlık Hizmetleri A.ş";"Instagram gönderisi: 👃 Rinoplasti Ameliyatı...";"120255739163830399";"Instagram gönderisi: 👃 Rinoplasti Ameliyatı...";"120255739163090399";"ACTIVE";"VISIT_INSTAGRAM_PROFILE";"";"bilinmiyor";"bilinmiyor";"instagram";"platform";"";"canli_hedefleme_eksik";""
"Doruk Hastaneleri - SİNA ÖZEL Sağlık Hizmetleri A.ş";"Gönderi: ""👃 Rinoplasti Ameliyatı Nedir? Yumuşak Doku Neden...""";"120255739081510399";"Gönderi: ""👃 Rinoplasti Ameliyatı Nedir? Yumuşak Doku Neden...""";"120255739080510399";"ACTIVE";"PROFILE_AND_PAGE_ENGAGEMENT";"";"bilinmiyor";"bilinmiyor";"facebook";"platform";"";"canli_hedefleme_eksik";""
"Doruk Hastaneleri - SİNA ÖZEL Sağlık Hizmetleri A.ş";"Instagram gönderisi: Ablasyon tedavisi, vücutta...";"120255738376950399";"Instagram gönderisi: Ablasyon tedavisi, vücutta...";"120255738376560399";"ACTIVE";"VISIT_INSTAGRAM_PROFILE";"";"bilinmiyor";"bilinmiyor";"instagram";"platform";"";"canli_hedefleme_eksik";""
"Doruk Hastaneleri - SİNA ÖZEL Sağlık Hizmetleri A.ş";"Instagram gönderisi: İlişki sonrasında idrar...";"120255738351550399";"Instagram gönderisi: İlişki sonrasında idrar...";"120255738351260399";"ACTIVE";"VISIT_INSTAGRAM_PROFILE";"";"bilinmiyor";"bilinmiyor";"instagram";"platform";"";"canli_hedefleme_eksik";""
"Doruk Hastaneleri - SİNA ÖZEL Sağlık Hizmetleri A.ş";"Instagram gönderisi: Gebelikte bel ağrısı sık...";"120255738326470399";"Instagram gönderisi: Gebelikte bel ağrısı sık...";"120255738326270399";"ACTIVE";"VISIT_INSTAGRAM_PROFILE";"";"bilinmiyor";"bilinmiyor";"instagram";"platform";"";"canli_hedefleme_eksik";""
"Doruk Hastaneleri - SİNA ÖZEL Sağlık Hizmetleri A.ş";"Instagram gönderisi: 🏅 BURSA'DA BİR İLK

Özel...";"120255738304110399";"Instagram gönderisi: 🏅 BURSA'DA BİR İLK

Özel...";"120255738303970399";"ACTIVE";"VISIT_INSTAGRAM_PROFILE";"";"bilinmiyor";"bilinmiyor";"instagram";"platform";"";"canli_hedefleme_eksik";""
"Doruk Hastaneleri - SİNA ÖZEL Sağlık Hizmetleri A.ş";"Instagram gönderisi: Aşılama tedavisi, gebelik...";"120255738262580399";"Instagram gönderisi: Aşılama tedavisi, gebelik...";"120255738261970399";"ACTIVE";"VISIT_INSTAGRAM_PROFILE";"";"bilinmiyor";"bilinmiyor";"instagram";"platform";"";"canli_hedefleme_eksik";""
"Doruk Hastaneleri - SİNA ÖZEL Sağlık Hizmetleri A.ş";"yıldırım -  Şener Özbölük";"120255507182090399";"Doktor - Bilinirlik Kampanyası - Yıldırım";"120255158812950399";"ACTIVE";"REACH";"10000";"bilinmiyor";"bilinmiyor";"bilinmiyor";"belirsiz";"";"canli_hedefleme_eksik";""
"Doruk Hastaneleri - SİNA ÖZEL Sağlık Hizmetleri A.ş";"yıldırım - Tunç Polat Edizsoy";"120255507135650399";"Doktor - Bilinirlik Kampanyası - Yıldırım";"120255158812950399";"ACTIVE";"REACH";"10000";"bilinmiyor";"bilinmiyor";"bilinmiyor";"belirsiz";"";"canli_hedefleme_eksik";""
"Doruk Hastaneleri - SİNA ÖZEL Sağlık Hizmetleri A.ş";"yıldırım - Mehmet Şerif Özkan";"120255507121880399";"Doktor - Bilinirlik Kampanyası - Yıldırım";"120255158812950399";"ACTIVE";"REACH";"10000";"bilinmiyor";"bilinmiyor";"bilinmiyor";"belirsiz";"";"canli_hedefleme_eksik";""
"Doruk Hastaneleri - SİNA ÖZEL Sağlık Hizmetleri A.ş";"yıldırım - İrem Deniz Karakaya";"120255507103940399";"Doktor - Bilinirlik Kampanyası - Yıldırım";"120255158812950399";"ACTIVE";"REACH";"10000";"bilinmiyor";"bilinmiyor";"bilinmiyor";"belirsiz";"";"canli_hedefleme_eksik";""
"Doruk Hastaneleri - SİNA ÖZEL Sağlık Hizmetleri A.ş";"yıldırım - Zeynep Sayar";"120255507076930399";"Doktor - Bilinirlik Kampanyası - Yıldırım";"120255158812950399";"ACTIVE";"REACH";"10000";"bilinmiyor";"bilinmiyor";"bilinmiyor";"belirsiz";"";"canli_hedefleme_eksik";""
"Doruk Hastaneleri - SİNA ÖZEL Sağlık Hizmetleri A.ş";"yıldırım - Gökhan Aktürk";"120255507067120399";"Doktor - Bilinirlik Kampanyası - Yıldırım";"120255158812950399";"ACTIVE";"REACH";"10000";"bilinmiyor";"bilinmiyor";"bilinmiyor";"belirsiz";"";"canli_hedefleme_eksik";""
"Doruk Hastaneleri - SİNA ÖZEL Sağlık Hizmetleri A.ş";"yıldırım - Özgür Ulaş Özdoğan";"120255506982060399";"Doktor - Bilinirlik Kampanyası - Yıldırım";"120255158812950399";"ACTIVE";"REACH";"10000";"bilinmiyor";"bilinmiyor";"bilinmiyor";"belirsiz";"";"canli_hedefleme_eksik";""
"Doruk Hastaneleri - SİNA ÖZEL Sağlık Hizmetleri A.ş";"yıldırım - Nuran Celiloğlu";"120255506920550399";"Doktor - Bilinirlik Kampanyası - Yıldırım";"120255158812950399";"ACTIVE";"REACH";"10000";"bilinmiyor";"bilinmiyor";"bilinmiyor";"belirsiz";"";"canli_hedefleme_eksik";""
"Doruk Hastaneleri - SİNA ÖZEL Sağlık Hizmetleri A.ş";"yıldırım - Sezer Gül";"120255506884240399";"Doktor - Bilinirlik Kampanyası - Yıldırım";"120255158812950399";"ACTIVE";"REACH";"10000";"bilinmiyor";"bilinmiyor";"bilinmiyor";"belirsiz";"";"canli_hedefleme_eksik";""
"Doruk Hastaneleri - SİNA ÖZEL Sağlık Hizmetleri A.ş";"yıldırım - Özge Gürbüz";"120255506866590399";"Doktor - Bilinirlik Kampanyası - Yıldırım";"120255158812950399";"ACTIVE";"REACH";"10000";"bilinmiyor";"bilinmiyor";"bilinmiyor";"belirsiz";"";"canli_hedefleme_eksik";""
"Doruk Hastaneleri - SİNA ÖZEL Sağlık Hizmetleri A.ş";"yıldırım - Mutlu Kılciler";"120255506783390399";"Doktor - Bilinirlik Kampanyası - Yıldırım";"120255158812950399";"ACTIVE";"REACH";"10000";"bilinmiyor";"bilinmiyor";"bilinmiyor";"belirsiz";"";"canli_hedefleme_eksik";""
"Doruk Hastaneleri - SİNA ÖZEL Sağlık Hizmetleri A.ş";"yıldırım - İlknur Saide Kıngır";"120255506768920399";"Doktor - Bilinirlik Kampanyası - Yıldırım";"120255158812950399";"ACTIVE";"REACH";"10000";"bilinmiyor";"bilinmiyor";"bilinmiyor";"belirsiz";"";"canli_hedefleme_eksik";""
"Doruk Hastaneleri - SİNA ÖZEL Sağlık Hizmetleri A.ş";"yıldırım - Elif Hizal";"120255506696910399";"Doktor - Bilinirlik Kampanyası - Yıldırım";"120255158812950399";"ACTIVE";"REACH";"10000";"bilinmiyor";"bilinmiyor";"bilinmiyor";"belirsiz";"";"canli_hedefleme_eksik";""
"Doruk Hastaneleri - SİNA ÖZEL Sağlık Hizmetleri A.ş";"yıldırım - Berat Eralp";"120255506674520399";"Doktor - Bilinirlik Kampanyası - Yıldırım";"120255158812950399";"ACTIVE";"REACH";"10000";"bilinmiyor";"bilinmiyor";"bilinmiyor";"belirsiz";"";"canli_hedefleme_eksik";""
"Doruk Hastaneleri - SİNA ÖZEL Sağlık Hizmetleri A.ş";"yıldırım - İbrahim Özdemir";"120255506272360399";"Doktor - Bilinirlik Kampanyası - Yıldırım";"120255158812950399";"ACTIVE";"REACH";"10000";"bilinmiyor";"bilinmiyor";"bilinmiyor";"belirsiz";"";"canli_hedefleme_eksik";""
"Doruk Hastaneleri - SİNA ÖZEL Sağlık Hizmetleri A.ş";"yıldırım - Nurlana İbrahimova";"120255506254670399";"Doktor - Bilinirlik Kampanyası - Yıldırım";"120255158812950399";"ACTIVE";"REACH";"10000";"bilinmiyor";"bilinmiyor";"bilinmiyor";"belirsiz";"";"canli_hedefleme_eksik";""
"Doruk Hastaneleri - SİNA ÖZEL Sağlık Hizmetleri A.ş";"yıldırım - Ersin Özgören";"120255421156330399";"Doktor - Bilinirlik Kampanyası - Yıldırım";"120255158812950399";"ACTIVE";"REACH";"10000";"bilinmiyor";"bilinmiyor";"bilinmiyor";"belirsiz";"";"canli_hedefleme_eksik";""
"Doruk Hastaneleri - SİNA ÖZEL Sağlık Hizmetleri A.ş";"yıldırım - Ediz Tevfik Özgan";"120255421144210399";"Doktor - Bilinirlik Kampanyası - Yıldırım";"120255158812950399";"ACTIVE";"REACH";"10000";"bilinmiyor";"bilinmiyor";"bilinmiyor";"belirsiz";"";"canli_hedefleme_eksik";""
"Doruk Hastaneleri - SİNA ÖZEL Sağlık Hizmetleri A.ş";"yıldırım - Doğukan Durak";"120255421113630399";"Doktor - Bilinirlik Kampanyası - Yıldırım";"120255158812950399";"ACTIVE";"REACH";"10000";"bilinmiyor";"bilinmiyor";"bilinmiyor";"belirsiz";"";"canli_hedefleme_eksik";""
"Doruk Hastaneleri - SİNA ÖZEL Sağlık Hizmetleri A.ş";"yıldırım - Mehmet Şimşek";"120255421074860399";"Doktor - Bilinirlik Kampanyası - Yıldırım";"120255158812950399";"ACTIVE";"REACH";"10000";"bilinmiyor";"bilinmiyor";"bilinmiyor";"belirsiz";"";"canli_hedefleme_eksik";""
"Doruk Hastaneleri - SİNA ÖZEL Sağlık Hizmetleri A.ş";"yıldırım - Ünal Uluca";"120255421046410399";"Doktor - Bilinirlik Kampanyası - Yıldırım";"120255158812950399";"ACTIVE";"REACH";"10000";"bilinmiyor";"bilinmiyor";"bilinmiyor";"belirsiz";"";"canli_hedefleme_eksik";""
"Doruk Hastaneleri - SİNA ÖZEL Sağlık Hizmetleri A.ş";"yıldırım - Ömer Duyuran";"120255420974610399";"Doktor - Bilinirlik Kampanyası - Yıldırım";"120255158812950399";"ACTIVE";"REACH";"10000";"bilinmiyor";"bilinmiyor";"bilinmiyor";"belirsiz";"";"canli_hedefleme_eksik";""
"Doruk Hastaneleri - SİNA ÖZEL Sağlık Hizmetleri A.ş";"yıldırım - Handan İlkdoğan";"120255420947760399";"Doktor - Bilinirlik Kampanyası - Yıldırım";"120255158812950399";"ACTIVE";"REACH";"10000";"bilinmiyor";"bilinmiyor";"bilinmiyor";"belirsiz";"";"canli_hedefleme_eksik";""
"Doruk Hastaneleri - SİNA ÖZEL Sağlık Hizmetleri A.ş";"yıldırım - Büşra Türk";"120255420920950399";"Doktor - Bilinirlik Kampanyası - Yıldırım";"120255158812950399";"ACTIVE";"REACH";"10000";"bilinmiyor";"bilinmiyor";"bilinmiyor";"belirsiz";"";"canli_hedefleme_eksik";""
"Doruk Hastaneleri - SİNA ÖZEL Sağlık Hizmetleri A.ş";"yıldırım - Abdullah Ertaş";"120255158812050399";"Doktor - Bilinirlik Kampanyası - Yıldırım";"120255158812950399";"ACTIVE";"REACH";"10000";"bilinmiyor";"bilinmiyor";"bilinmiyor";"belirsiz";"";"canli_hedefleme_eksik";""
"Doruk Hastaneleri - SİNA ÖZEL Sağlık Hizmetleri A.ş";"Instagram gönderisi: Doruk Sağlık Grubu olarak,...";"120255099624880399";"Instagram gönderisi: Doruk Sağlık Grubu olarak,...";"120255099624540399";"ACTIVE";"VISIT_INSTAGRAM_PROFILE";"";"bilinmiyor";"bilinmiyor";"instagram";"platform";"";"canli_hedefleme_eksik";""
"Doruk Hastaneleri - SİNA ÖZEL Sağlık Hizmetleri A.ş";"nilüfer - Filiz Gözeten Yetiker";"120252512881130399";"Doktor - Bilinirlik Kampanyası - Nilüfer";"120249061996540399";"ACTIVE";"REACH";"10000";"bilinmiyor";"bilinmiyor";"bilinmiyor";"belirsiz";"";"canli_hedefleme_eksik";""
"Doruk Hastaneleri - SİNA ÖZEL Sağlık Hizmetleri A.ş";"nilüfer - Çiğdem Şen";"120252512785320399";"Doktor - Bilinirlik Kampanyası - Nilüfer";"120249061996540399";"ACTIVE";"REACH";"10000";"bilinmiyor";"bilinmiyor";"bilinmiyor";"belirsiz";"";"canli_hedefleme_eksik";""
"Doruk Hastaneleri - SİNA ÖZEL Sağlık Hizmetleri A.ş";"nilüfer - Şenol Acar";"120252512712000399";"Doktor - Bilinirlik Kampanyası - Nilüfer";"120249061996540399";"ACTIVE";"REACH";"10000";"bilinmiyor";"bilinmiyor";"bilinmiyor";"belirsiz";"";"canli_hedefleme_eksik";""
"Doruk Hastaneleri - SİNA ÖZEL Sağlık Hizmetleri A.ş";"nilüfer - Nesibe Gül Yüksel Aslıer";"120252512656600399";"Doktor - Bilinirlik Kampanyası - Nilüfer";"120249061996540399";"ACTIVE";"REACH";"10000";"bilinmiyor";"bilinmiyor";"bilinmiyor";"belirsiz";"";"canli_hedefleme_eksik";""
"Doruk Hastaneleri - SİNA ÖZEL Sağlık Hizmetleri A.ş";"nilüfer - Emin Öztürk";"120252512600520399";"Doktor - Bilinirlik Kampanyası - Nilüfer";"120249061996540399";"ACTIVE";"REACH";"10000";"bilinmiyor";"bilinmiyor";"bilinmiyor";"belirsiz";"";"canli_hedefleme_eksik";""
"Doruk Hastaneleri - SİNA ÖZEL Sağlık Hizmetleri A.ş";"nilüfer - Erkan Avcı";"120252512526450399";"Doktor - Bilinirlik Kampanyası - Nilüfer";"120249061996540399";"ACTIVE";"REACH";"10000";"bilinmiyor";"bilinmiyor";"bilinmiyor";"belirsiz";"";"canli_hedefleme_eksik";""
"Doruk Hastaneleri - SİNA ÖZEL Sağlık Hizmetleri A.ş";"nilüfer - Ahmet Seçkin Çetinkaya";"120252512452820399";"Doktor - Bilinirlik Kampanyası - Nilüfer";"120249061996540399";"ACTIVE";"REACH";"10000";"bilinmiyor";"bilinmiyor";"bilinmiyor";"belirsiz";"";"canli_hedefleme_eksik";""
"Doruk Hastaneleri - SİNA ÖZEL Sağlık Hizmetleri A.ş";"nilüfer - Sinan Demirtaş";"120252512377460399";"Doktor - Bilinirlik Kampanyası - Nilüfer";"120249061996540399";"ACTIVE";"REACH";"10000";"bilinmiyor";"bilinmiyor";"bilinmiyor";"belirsiz";"";"canli_hedefleme_eksik";""
"Doruk Hastaneleri - SİNA ÖZEL Sağlık Hizmetleri A.ş";"nilüfer - Osman Tiryakioğlu";"120252512242560399";"Doktor - Bilinirlik Kampanyası - Nilüfer";"120249061996540399";"ACTIVE";"REACH";"10000";"bilinmiyor";"bilinmiyor";"bilinmiyor";"belirsiz";"";"canli_hedefleme_eksik";""
"Doruk Hastaneleri - SİNA ÖZEL Sağlık Hizmetleri A.ş";"Instagram gönderisi: Medikal estetik alanındaki...";"120252323142470399";"Instagram gönderisi: Medikal estetik alanındaki...";"120252323141170399";"ACTIVE";"VISIT_INSTAGRAM_PROFILE";"";"bilinmiyor";"bilinmiyor";"instagram";"platform";"";"canli_hedefleme_eksik";""
"Doruk Hastaneleri - SİNA ÖZEL Sağlık Hizmetleri A.ş";"genel set";"120251414264220399";"Prostat Checkup - lead";"120251414264130399";"ACTIVE";"LEAD_GENERATION";"50000";"bilinmiyor";"bilinmiyor";"bilinmiyor";"belirsiz";"";"canli_hedefleme_eksik";""
"Doruk Hastaneleri - SİNA ÖZEL Sağlık Hizmetleri A.ş";"nilüfer - Merve Kahraman";"120250373606480399";"Doktor - Bilinirlik Kampanyası - Nilüfer";"120249061996540399";"ACTIVE";"REACH";"10000";"bilinmiyor";"bilinmiyor";"bilinmiyor";"belirsiz";"";"canli_hedefleme_eksik";""
"Doruk Hastaneleri - SİNA ÖZEL Sağlık Hizmetleri A.ş";"nilüfer - Melike Yıldırım";"120250373494480399";"Doktor - Bilinirlik Kampanyası - Nilüfer";"120249061996540399";"ACTIVE";"REACH";"10000";"bilinmiyor";"bilinmiyor";"bilinmiyor";"belirsiz";"";"canli_hedefleme_eksik";""
"Doruk Hastaneleri - SİNA ÖZEL Sağlık Hizmetleri A.ş";"nilüfer - Mehmet Bayrak";"120250370795600399";"Doktor - Bilinirlik Kampanyası - Nilüfer";"120249061996540399";"ACTIVE";"REACH";"10000";"bilinmiyor";"bilinmiyor";"bilinmiyor";"belirsiz";"";"canli_hedefleme_eksik";""
"Doruk Hastaneleri - SİNA ÖZEL Sağlık Hizmetleri A.ş";"nilüfer - Kemal Köroğlu";"120250370742110399";"Doktor - Bilinirlik Kampanyası - Nilüfer";"120249061996540399";"ACTIVE";"REACH";"10000";"bilinmiyor";"bilinmiyor";"bilinmiyor";"belirsiz";"";"canli_hedefleme_eksik";""
"Doruk Hastaneleri - SİNA ÖZEL Sağlık Hizmetleri A.ş";"nilüfer - Feyza Bayram";"120250370672630399";"Doktor - Bilinirlik Kampanyası - Nilüfer";"120249061996540399";"ACTIVE";"REACH";"10000";"bilinmiyor";"bilinmiyor";"bilinmiyor";"belirsiz";"";"canli_hedefleme_eksik";""
"Doruk Hastaneleri - SİNA ÖZEL Sağlık Hizmetleri A.ş";"nilüfer - Fatma Güray";"120250370636130399";"Doktor - Bilinirlik Kampanyası - Nilüfer";"120249061996540399";"ACTIVE";"REACH";"10000";"bilinmiyor";"bilinmiyor";"bilinmiyor";"belirsiz";"";"canli_hedefleme_eksik";""
"Doruk Hastaneleri - SİNA ÖZEL Sağlık Hizmetleri A.ş";"nilüfer - Eren Kaya";"120250370606890399";"Doktor - Bilinirlik Kampanyası - Nilüfer";"120249061996540399";"ACTIVE";"REACH";"10000";"bilinmiyor";"bilinmiyor";"bilinmiyor";"belirsiz";"";"canli_hedefleme_eksik";""
"Doruk Hastaneleri - SİNA ÖZEL Sağlık Hizmetleri A.ş";"nilüfer - Elif Şahin";"120250370531110399";"Doktor - Bilinirlik Kampanyası - Nilüfer";"120249061996540399";"ACTIVE";"REACH";"10000";"bilinmiyor";"bilinmiyor";"bilinmiyor";"belirsiz";"";"canli_hedefleme_eksik";""
"Doruk Hastaneleri - SİNA ÖZEL Sağlık Hizmetleri A.ş";"nilüfer - Elif Nur Sevinç";"120250370486100399";"Doktor - Bilinirlik Kampanyası - Nilüfer";"120249061996540399";"ACTIVE";"REACH";"10000";"bilinmiyor";"bilinmiyor";"bilinmiyor";"belirsiz";"";"canli_hedefleme_eksik";""
"Doruk Hastaneleri - SİNA ÖZEL Sağlık Hizmetleri A.ş";"nilüfer - Ebru Süer";"120250370406560399";"Doktor - Bilinirlik Kampanyası - Nilüfer";"120249061996540399";"ACTIVE";"REACH";"10000";"bilinmiyor";"bilinmiyor";"bilinmiyor";"belirsiz";"";"canli_hedefleme_eksik";""
"Doruk Hastaneleri - SİNA ÖZEL Sağlık Hizmetleri A.ş";"nilüfer - Ayşenur Kaya";"120250370320610399";"Doktor - Bilinirlik Kampanyası - Nilüfer";"120249061996540399";"ACTIVE";"REACH";"10000";"bilinmiyor";"bilinmiyor";"bilinmiyor";"belirsiz";"";"canli_hedefleme_eksik";""
"Doruk Hastaneleri - SİNA ÖZEL Sağlık Hizmetleri A.ş";"nilüfer - Seren Şeviker";"120250370297860399";"Doktor - Bilinirlik Kampanyası - Nilüfer";"120249061996540399";"ACTIVE";"REACH";"10000";"bilinmiyor";"bilinmiyor";"bilinmiyor";"belirsiz";"";"canli_hedefleme_eksik";""
"Doruk Hastaneleri - SİNA ÖZEL Sağlık Hizmetleri A.ş";"nilüfer - Önder Akkaya";"120250370266480399";"Doktor - Bilinirlik Kampanyası - Nilüfer";"120249061996540399";"ACTIVE";"REACH";"10000";"bilinmiyor";"bilinmiyor";"bilinmiyor";"belirsiz";"";"canli_hedefleme_eksik";""
"Doruk Hastaneleri - SİNA ÖZEL Sağlık Hizmetleri A.ş";"nilüfer - Mehmet Renan Özakgün";"120250370209780399";"Doktor - Bilinirlik Kampanyası - Nilüfer";"120249061996540399";"ACTIVE";"REACH";"10000";"bilinmiyor";"bilinmiyor";"bilinmiyor";"belirsiz";"";"canli_hedefleme_eksik";""
"Doruk Hastaneleri - SİNA ÖZEL Sağlık Hizmetleri A.ş";"nilüfer - Kamil Dilek";"120250369890950399";"Doktor - Bilinirlik Kampanyası - Nilüfer";"120249061996540399";"ACTIVE";"REACH";"10000";"bilinmiyor";"bilinmiyor";"bilinmiyor";"belirsiz";"";"canli_hedefleme_eksik";""
"Doruk Hastaneleri - SİNA ÖZEL Sağlık Hizmetleri A.ş";"nilüfer - Zafer Serenli Yeğen";"120250140012690399";"Doktor - Bilinirlik Kampanyası - Nilüfer";"120249061996540399";"ACTIVE";"REACH";"10000";"bilinmiyor";"bilinmiyor";"bilinmiyor";"belirsiz";"";"canli_hedefleme_eksik";""
"Doruk Hastaneleri - SİNA ÖZEL Sağlık Hizmetleri A.ş";"nilüfer - Rıdvan Ali";"120250139943010399";"Doktor - Bilinirlik Kampanyası - Nilüfer";"120249061996540399";"ACTIVE";"REACH";"10000";"bilinmiyor";"bilinmiyor";"bilinmiyor";"belirsiz";"";"canli_hedefleme_eksik";""
"Doruk Hastaneleri - SİNA ÖZEL Sağlık Hizmetleri A.ş";"nilüfer - Hasan Vatansever";"120250139863230399";"Doktor - Bilinirlik Kampanyası - Nilüfer";"120249061996540399";"ACTIVE";"REACH";"10000";"bilinmiyor";"bilinmiyor";"bilinmiyor";"belirsiz";"";"canli_hedefleme_eksik";""
"Doruk Hastaneleri - SİNA ÖZEL Sağlık Hizmetleri A.ş";"nilüfer - Feray Alkan";"120250139840910399";"Doktor - Bilinirlik Kampanyası - Nilüfer";"120249061996540399";"ACTIVE";"REACH";"10000";"bilinmiyor";"bilinmiyor";"bilinmiyor";"belirsiz";"";"canli_hedefleme_eksik";""
"Doruk Hastaneleri - SİNA ÖZEL Sağlık Hizmetleri A.ş";"nilüfer - Bayram Çalışkan";"120250139784860399";"Doktor - Bilinirlik Kampanyası - Nilüfer";"120249061996540399";"ACTIVE";"REACH";"10000";"bilinmiyor";"bilinmiyor";"bilinmiyor";"belirsiz";"";"canli_hedefleme_eksik";""
"Doruk Hastaneleri - SİNA ÖZEL Sağlık Hizmetleri A.ş";"nilüfer - İrfan Atasoy";"120250028838690399";"Doktor - Bilinirlik Kampanyası - Nilüfer";"120249061996540399";"ACTIVE";"REACH";"10000";"bilinmiyor";"bilinmiyor";"bilinmiyor";"belirsiz";"";"canli_hedefleme_eksik";""
"Doruk Hastaneleri - SİNA ÖZEL Sağlık Hizmetleri A.ş";"nilüfer - Abdullah Şimşek";"120250028825440399";"Doktor - Bilinirlik Kampanyası - Nilüfer";"120249061996540399";"ACTIVE";"REACH";"10000";"bilinmiyor";"bilinmiyor";"bilinmiyor";"belirsiz";"";"canli_hedefleme_eksik";""
"Doruk Hastaneleri - SİNA ÖZEL Sağlık Hizmetleri A.ş";"Saç tedavileri  /  18 - 50  K - E";"120250026634190399";"ABO / Medikal Estetik lead / 16.04.2026";"120248812698040399";"ACTIVE";"LEAD_GENERATION";"30000";"bilinmiyor";"bilinmiyor";"bilinmiyor";"belirsiz";"";"canli_hedefleme_eksik";""
"Doruk Hastaneleri - SİNA ÖZEL Sağlık Hizmetleri A.ş";"nilüfer - Volkan Tümay";"120250017569770399";"Doktor - Bilinirlik Kampanyası - Nilüfer";"120249061996540399";"ACTIVE";"REACH";"10000";"bilinmiyor";"bilinmiyor";"bilinmiyor";"belirsiz";"";"canli_hedefleme_eksik";""
"Doruk Hastaneleri - SİNA ÖZEL Sağlık Hizmetleri A.ş";"nilüfer - Serkan Fatih Yeğen";"120250017424400399";"Doktor - Bilinirlik Kampanyası - Nilüfer";"120249061996540399";"ACTIVE";"REACH";"10000";"bilinmiyor";"bilinmiyor";"bilinmiyor";"belirsiz";"";"canli_hedefleme_eksik";""
"Doruk Hastaneleri - SİNA ÖZEL Sağlık Hizmetleri A.ş";"nilüfer - Ömer Yalkın";"120250017034220399";"Doktor - Bilinirlik Kampanyası - Nilüfer";"120249061996540399";"ACTIVE";"REACH";"10000";"bilinmiyor";"bilinmiyor";"bilinmiyor";"belirsiz";"";"canli_hedefleme_eksik";""
"Doruk Hastaneleri - SİNA ÖZEL Sağlık Hizmetleri A.ş";"nilüfer - Mete Şişman";"120250016550420399";"Doktor - Bilinirlik Kampanyası - Nilüfer";"120249061996540399";"ACTIVE";"REACH";"10000";"bilinmiyor";"bilinmiyor";"bilinmiyor";"belirsiz";"";"canli_hedefleme_eksik";""
"Doruk Hastaneleri - SİNA ÖZEL Sağlık Hizmetleri A.ş";"nilüfer - Ersun Topal";"120250015917140399";"Doktor - Bilinirlik Kampanyası - Nilüfer";"120249061996540399";"ACTIVE";"REACH";"10000";"bilinmiyor";"bilinmiyor";"bilinmiyor";"belirsiz";"";"canli_hedefleme_eksik";""
"Doruk Hastaneleri - SİNA ÖZEL Sağlık Hizmetleri A.ş";"nilüfer - Çoşkun Özer";"120250014911760399";"Doktor - Bilinirlik Kampanyası - Nilüfer";"120249061996540399";"ACTIVE";"REACH";"10000";"bilinmiyor";"bilinmiyor";"bilinmiyor";"belirsiz";"";"canli_hedefleme_eksik";""
"Doruk Hastaneleri - SİNA ÖZEL Sağlık Hizmetleri A.ş";"nilüfer - Salih Kılıç";"120250014497470399";"Doktor - Bilinirlik Kampanyası - Nilüfer";"120249061996540399";"ACTIVE";"REACH";"10000";"bilinmiyor";"bilinmiyor";"bilinmiyor";"belirsiz";"";"canli_hedefleme_eksik";""
"Doruk Hastaneleri - SİNA ÖZEL Sağlık Hizmetleri A.ş";"nilüfer - Murat Pekgöz";"120250014089650399";"Doktor - Bilinirlik Kampanyası - Nilüfer";"120249061996540399";"ACTIVE";"REACH";"10000";"bilinmiyor";"bilinmiyor";"bilinmiyor";"belirsiz";"";"canli_hedefleme_eksik";""
"Doruk Hastaneleri - SİNA ÖZEL Sağlık Hizmetleri A.ş";"nilüfer - Meltem Öner";"120250013535020399";"Doktor - Bilinirlik Kampanyası - Nilüfer";"120249061996540399";"ACTIVE";"REACH";"10000";"bilinmiyor";"bilinmiyor";"bilinmiyor";"belirsiz";"";"canli_hedefleme_eksik";""
"Doruk Hastaneleri - SİNA ÖZEL Sağlık Hizmetleri A.ş";"nilüfer - Nejat Bıyıklı";"120250013155480399";"Doktor - Bilinirlik Kampanyası - Nilüfer";"120249061996540399";"ACTIVE";"REACH";"10000";"bilinmiyor";"bilinmiyor";"bilinmiyor";"belirsiz";"";"canli_hedefleme_eksik";""
"Doruk Hastaneleri - SİNA ÖZEL Sağlık Hizmetleri A.ş";"nilüfer - Hanife Zerrin Yazıcı";"120250012439320399";"Doktor - Bilinirlik Kampanyası - Nilüfer";"120249061996540399";"ACTIVE";"REACH";"10000";"bilinmiyor";"bilinmiyor";"bilinmiyor";"belirsiz";"";"canli_hedefleme_eksik";""
"Doruk Hastaneleri - SİNA ÖZEL Sağlık Hizmetleri A.ş";"medikal estetik uygulamaları /  18 - 50";"120249764590750399";"ABO / Medikal Estetik lead / 16.04.2026";"120248812698040399";"ACTIVE";"LEAD_GENERATION";"30000";"bilinmiyor";"bilinmiyor";"bilinmiyor";"belirsiz";"";"canli_hedefleme_eksik";""
"Doruk Hastaneleri - SİNA ÖZEL Sağlık Hizmetleri A.ş";"nilüfer - Sözer Sarıoğlu";"120249678934630399";"Doktor - Bilinirlik Kampanyası - Nilüfer";"120249061996540399";"ACTIVE";"REACH";"10000";"bilinmiyor";"bilinmiyor";"bilinmiyor";"belirsiz";"";"canli_hedefleme_eksik";""
"Doruk Hastaneleri - SİNA ÖZEL Sağlık Hizmetleri A.ş";"nilüfer - Sabahattin Karakaya";"120249678913370399";"Doktor - Bilinirlik Kampanyası - Nilüfer";"120249061996540399";"ACTIVE";"REACH";"10000";"bilinmiyor";"bilinmiyor";"bilinmiyor";"belirsiz";"";"canli_hedefleme_eksik";""
"Doruk Hastaneleri - SİNA ÖZEL Sağlık Hizmetleri A.ş";"nilüfer - Fatih Gök";"120249678889860399";"Doktor - Bilinirlik Kampanyası - Nilüfer";"120249061996540399";"ACTIVE";"REACH";"10000";"bilinmiyor";"bilinmiyor";"bilinmiyor";"belirsiz";"";"canli_hedefleme_eksik";""
"Doruk Hastaneleri - SİNA ÖZEL Sağlık Hizmetleri A.ş";"nilüfer - Burak Danacıoğlu";"120249678860320399";"Doktor - Bilinirlik Kampanyası - Nilüfer";"120249061996540399";"ACTIVE";"REACH";"10000";"bilinmiyor";"bilinmiyor";"bilinmiyor";"belirsiz";"";"canli_hedefleme_eksik";""
"Doruk Hastaneleri - SİNA ÖZEL Sağlık Hizmetleri A.ş";"nilüfer - Berkan Aktürk";"120249678776590399";"Doktor - Bilinirlik Kampanyası - Nilüfer";"120249061996540399";"ACTIVE";"REACH";"10000";"bilinmiyor";"bilinmiyor";"bilinmiyor";"belirsiz";"";"canli_hedefleme_eksik";""
"Doruk Hastaneleri - SİNA ÖZEL Sağlık Hizmetleri A.ş";"nilüfer - Atilla Güray";"120249678237640399";"Doktor - Bilinirlik Kampanyası - Nilüfer";"120249061996540399";"ACTIVE";"REACH";"10000";"bilinmiyor";"bilinmiyor";"bilinmiyor";"belirsiz";"";"canli_hedefleme_eksik";""
"Doruk Hastaneleri - SİNA ÖZEL Sağlık Hizmetleri A.ş";"nilüfer - Ahmet TURGUT";"120249678142970399";"Doktor - Bilinirlik Kampanyası - Nilüfer";"120249061996540399";"ACTIVE";"REACH";"10000";"bilinmiyor";"bilinmiyor";"bilinmiyor";"belirsiz";"";"canli_hedefleme_eksik";""
"Doruk Hastaneleri - SİNA ÖZEL Sağlık Hizmetleri A.ş";"nilüfer - Abdülkadir GÖĞREMİŞ";"120249678072310399";"Doktor - Bilinirlik Kampanyası - Nilüfer";"120249061996540399";"ACTIVE";"REACH";"10000";"bilinmiyor";"bilinmiyor";"bilinmiyor";"belirsiz";"";"canli_hedefleme_eksik";""
"Doruk Hastaneleri - SİNA ÖZEL Sağlık Hizmetleri A.ş";"nilüfer - Özgecen Demirbaş";"120249678013370399";"Doktor - Bilinirlik Kampanyası - Nilüfer";"120249061996540399";"ACTIVE";"REACH";"10000";"bilinmiyor";"bilinmiyor";"bilinmiyor";"belirsiz";"";"canli_hedefleme_eksik";""
"Doruk Hastaneleri - SİNA ÖZEL Sağlık Hizmetleri A.ş";"nilüfer - Fatih Aydemir";"120249677032050399";"Doktor - Bilinirlik Kampanyası - Nilüfer";"120249061996540399";"ACTIVE";"REACH";"10000";"bilinmiyor";"bilinmiyor";"bilinmiyor";"belirsiz";"";"canli_hedefleme_eksik";""
"Doruk Hastaneleri - SİNA ÖZEL Sağlık Hizmetleri A.ş";"nilüfer - Atıf Mutlu";"120249675908280399";"Doktor - Bilinirlik Kampanyası - Nilüfer";"120249061996540399";"ACTIVE";"REACH";"10000";"bilinmiyor";"bilinmiyor";"bilinmiyor";"belirsiz";"";"canli_hedefleme_eksik";""
"Doruk Hastaneleri - SİNA ÖZEL Sağlık Hizmetleri A.ş";"Instagram gönderisi: Bir sezon boyunca ortaya...";"120249614229100399";"Instagram gönderisi: Bir sezon boyunca ortaya...";"120249614228610399";"ACTIVE";"VISIT_INSTAGRAM_PROFILE";"400000";"bilinmiyor";"bilinmiyor";"instagram";"platform";"";"canli_hedefleme_eksik";""
"Doruk Hastaneleri - SİNA ÖZEL Sağlık Hizmetleri A.ş";"prostat-checkup";"120249402183010399";"Checkup - genel - lead";"120220089108220399";"PAUSED";"LEAD_GENERATION";"50000";"bilinmiyor";"bilinmiyor";"bilinmiyor";"belirsiz";"";"canli_hedefleme_eksik";""
"Doruk Hastaneleri - SİNA ÖZEL Sağlık Hizmetleri A.ş";"genel /  18 - 50  K";"120249237617200399";"ABO / Medikal Estetik lead / 16.04.2026";"120248812698040399";"ACTIVE";"LEAD_GENERATION";"30000";"bilinmiyor";"bilinmiyor";"bilinmiyor";"belirsiz";"";"canli_hedefleme_eksik";""
"Doruk Hastaneleri - SİNA ÖZEL Sağlık Hizmetleri A.ş";"massater botoxu  /  18 - 50  K";"120249237347420399";"ABO / Medikal Estetik lead / 16.04.2026";"120248812698040399";"ACTIVE";"LEAD_GENERATION";"30000";"bilinmiyor";"bilinmiyor";"bilinmiyor";"belirsiz";"";"canli_hedefleme_eksik";""
"Doruk Hastaneleri - SİNA ÖZEL Sağlık Hizmetleri A.ş";"cilt bakımı  /  18 - 50  K";"120249237096680399";"ABO / Medikal Estetik lead / 16.04.2026";"120248812698040399";"ACTIVE";"LEAD_GENERATION";"30000";"bilinmiyor";"bilinmiyor";"bilinmiyor";"belirsiz";"";"canli_hedefleme_eksik";""
"Doruk Hastaneleri - SİNA ÖZEL Sağlık Hizmetleri A.ş";"botox  /  18 - 50  K";"120249236798060399";"ABO / Medikal Estetik lead / 16.04.2026";"120248812698040399";"ACTIVE";"LEAD_GENERATION";"30000";"bilinmiyor";"bilinmiyor";"bilinmiyor";"belirsiz";"";"canli_hedefleme_eksik";""
"Doruk Hastaneleri - SİNA ÖZEL Sağlık Hizmetleri A.ş";"vücut şekillendirme  /  18 - 50  K";"120248850800470399";"ABO / Medikal Estetik lead / 16.04.2026";"120248812698040399";"ACTIVE";"LEAD_GENERATION";"30000";"bilinmiyor";"bilinmiyor";"bilinmiyor";"belirsiz";"";"canli_hedefleme_eksik";""
"Doruk Hastaneleri - SİNA ÖZEL Sağlık Hizmetleri A.ş";"dolgu /  18 - 50  K";"120248812698110399";"ABO / Medikal Estetik lead / 16.04.2026";"120248812698040399";"ACTIVE";"LEAD_GENERATION";"30000";"bilinmiyor";"bilinmiyor";"bilinmiyor";"belirsiz";"";"canli_hedefleme_eksik";""
"Doruk Hastaneleri - SİNA ÖZEL Sağlık Hizmetleri A.ş";"ÖSS-TSS - özel kitle - bilinirlik - tss hedef kitle - Kopya";"120247116843900399";"ÖSS-TSS - marka bilinirliği";"120246924981440399";"ACTIVE";"REACH";"100000";"bilinmiyor";"bilinmiyor";"bilinmiyor";"belirsiz";"";"canli_hedefleme_eksik";""
"Doruk Hastaneleri - SİNA ÖZEL Sağlık Hizmetleri A.ş";"ÖSS-TSS - genel kitle - bilinirlik - Kopya";"120247116824090399";"ÖSS-TSS - marka bilinirliği";"120246924981440399";"ACTIVE";"REACH";"100000";"bilinmiyor";"bilinmiyor";"bilinmiyor";"belirsiz";"";"canli_hedefleme_eksik";""
"Doruk Hastaneleri - SİNA ÖZEL Sağlık Hizmetleri A.ş";"Gebe Okulu Erişim";"120247034876630399";"Gebe-Doğum Bilinirlik";"120247034876600399";"ACTIVE";"REACH";"100000";"bilinmiyor";"bilinmiyor";"bilinmiyor";"belirsiz";"";"canli_hedefleme_eksik";""
"Doruk Hastaneleri - SİNA ÖZEL Sağlık Hizmetleri A.ş";"Hemşire İş Başvuru - lead";"120246691590100399";"Hemşire İş Başvuru - lead";"120246691590090399";"ACTIVE";"LEAD_GENERATION";"100000";"bilinmiyor";"bilinmiyor";"bilinmiyor";"belirsiz";"";"canli_hedefleme_eksik";""
"Doruk Hastaneleri - SİNA ÖZEL Sağlık Hizmetleri A.ş";"ÖSS-TSS - genel kitle - trafik";"120246635422100399";"ÖSS-TSS - trafik";"120246633999360399";"CAMPAIGN_PAUSED";"LANDING_PAGE_VIEWS";"400000";"bilinmiyor";"bilinmiyor";"bilinmiyor";"belirsiz";"";"canli_hedefleme_eksik";""
"Doruk Hastaneleri - SİNA ÖZEL Sağlık Hizmetleri A.ş";"ÖSS-TSS - özel kitle - trafik";"120246633999350399";"ÖSS-TSS - trafik";"120246633999360399";"PAUSED";"LANDING_PAGE_VIEWS";"100000";"bilinmiyor";"bilinmiyor";"bilinmiyor";"belirsiz";"";"canli_hedefleme_eksik";""
"Doruk Hastaneleri - SİNA ÖZEL Sağlık Hizmetleri A.ş";"FTR Yatılı - lead - android";"120246527191810399";"FTR Yatılı - lead";"120246476228800399";"ACTIVE";"LEAD_GENERATION";"100000";"TR";"android";"facebook, instagram, audience_network";"ulke + isletim_sistemi + platform";"";"canli_hedefleme";""
"Doruk Hastaneleri - SİNA ÖZEL Sağlık Hizmetleri A.ş";"FTR Yatılı - lead - ios";"120246527115490399";"FTR Yatılı - lead";"120246476228800399";"ACTIVE";"LEAD_GENERATION";"300000";"TR";"ios";"facebook, instagram, audience_network";"ulke + isletim_sistemi + platform";"";"canli_hedefleme";""
"Doruk Hastaneleri - SİNA ÖZEL Sağlık Hizmetleri A.ş";"FTR Yatılı - lead";"120246476228790399";"FTR Yatılı - lead";"120246476228800399";"PAUSED";"LEAD_GENERATION";"100000";"TR";"bilinmiyor";"bilinmiyor";"ulke";"";"canli_hedefleme";""
"Doruk Hastaneleri - SİNA ÖZEL Sağlık Hizmetleri A.ş";"Acente form Türkçe - İSTANBUL";"120246369818170399";"Sağlık Turizmi Acente Türkiye";"120246281431420399";"CAMPAIGN_PAUSED";"LEAD_GENERATION";"150000";"bilinmiyor";"bilinmiyor";"facebook, instagram";"platform";"";"canli_hedefleme_eksik";""
"Doruk Hastaneleri - SİNA ÖZEL Sağlık Hizmetleri A.ş";"Acente form Türkçe - hastane hedefli";"120246338951080399";"Sağlık Turizmi Acente Türkiye";"120246281431420399";"PAUSED";"LEAD_GENERATION";"100000";"bilinmiyor";"bilinmiyor";"bilinmiyor";"belirsiz";"";"canli_hedefleme_eksik";""
"Doruk Hastaneleri - SİNA ÖZEL Sağlık Hizmetleri A.ş";"Acente form Türkçe istanbul hariç";"120246281431430399";"Sağlık Turizmi Acente Türkiye";"120246281431420399";"PAUSED";"LEAD_GENERATION";"100000";"bilinmiyor";"bilinmiyor";"bilinmiyor";"belirsiz";"";"canli_hedefleme_eksik";""
"Doruk Hastaneleri - SİNA ÖZEL Sağlık Hizmetleri A.ş";"Jinekolojik Onkoloji Mehmet Bayrak - Hatırlanırlık";"120245277487440399";"Da Vinci Bilinirlik Kampanyası - Bursa Çevresi";"120245277486220399";"CAMPAIGN_PAUSED";"AD_RECALL_LIFT";"150000";"bilinmiyor";"bilinmiyor";"bilinmiyor";"belirsiz";"";"canli_hedefleme_eksik";""
"Doruk Hastaneleri - SİNA ÖZEL Sağlık Hizmetleri A.ş";"Genel Cerrahi  Ömer Yalkın - Hatırlanırlık";"120245277487430399";"Da Vinci Bilinirlik Kampanyası - Bursa Çevresi";"120245277486220399";"CAMPAIGN_PAUSED";"AD_RECALL_LIFT";"150000";"bilinmiyor";"bilinmiyor";"bilinmiyor";"belirsiz";"";"canli_hedefleme_eksik";""
"Doruk Hastaneleri - SİNA ÖZEL Sağlık Hizmetleri A.ş";"Üroloji Arif Demirbaş - Hatırlanırlık";"120245277487420399";"Da Vinci Bilinirlik Kampanyası - Bursa Çevresi";"120245277486220399";"CAMPAIGN_PAUSED";"AD_RECALL_LIFT";"150000";"bilinmiyor";"bilinmiyor";"bilinmiyor";"belirsiz";"";"canli_hedefleme_eksik";""
"Doruk Hastaneleri - SİNA ÖZEL Sağlık Hizmetleri A.ş";"Genel Doktorlu - Hatırlanırlık";"120245277487410399";"Da Vinci Bilinirlik Kampanyası - Bursa Çevresi";"120245277486220399";"CAMPAIGN_PAUSED";"AD_RECALL_LIFT";"150000";"bilinmiyor";"bilinmiyor";"bilinmiyor";"belirsiz";"";"canli_hedefleme_eksik";""
"Doruk Hastaneleri - SİNA ÖZEL Sağlık Hizmetleri A.ş";"Genel Cerrahi  Serkan Fatih Yeğen - Hatırlanırlık";"120245277487400399";"Da Vinci Bilinirlik Kampanyası - Bursa Çevresi";"120245277486220399";"CAMPAIGN_PAUSED";"AD_RECALL_LIFT";"150000";"bilinmiyor";"bilinmiyor";"bilinmiyor";"belirsiz";"";"canli_hedefleme_eksik";""
"Doruk Hastaneleri - SİNA ÖZEL Sağlık Hizmetleri A.ş";"Üroloji Tuğrul Türker - Hatırlanırlık";"120245277487390399";"Da Vinci Bilinirlik Kampanyası - Bursa Çevresi";"120245277486220399";"CAMPAIGN_PAUSED";"AD_RECALL_LIFT";"150000";"bilinmiyor";"bilinmiyor";"bilinmiyor";"belirsiz";"";"canli_hedefleme_eksik";""
"Doruk Hastaneleri - SİNA ÖZEL Sağlık Hizmetleri A.ş";"Genel - Hatırlanırlık";"120245277487380399";"Da Vinci Bilinirlik Kampanyası - Bursa Çevresi";"120245277486220399";"CAMPAIGN_PAUSED";"AD_RECALL_LIFT";"150000";"bilinmiyor";"bilinmiyor";"bilinmiyor";"belirsiz";"";"canli_hedefleme_eksik";""
"Doruk Hastaneleri - SİNA ÖZEL Sağlık Hizmetleri A.ş";"Üroloji Kadir Ömür Günseren - Hatırlanırlık";"120245277487370399";"Da Vinci Bilinirlik Kampanyası - Bursa Çevresi";"120245277486220399";"CAMPAIGN_PAUSED";"AD_RECALL_LIFT";"150000";"bilinmiyor";"bilinmiyor";"bilinmiyor";"belirsiz";"";"canli_hedefleme_eksik";""
"Doruk Hastaneleri - SİNA ÖZEL Sağlık Hizmetleri A.ş";"Genel Doktorlu - Hatırlanırlık";"120244801917360399";"Da Vinci Bilinirlik Kampanyası";"120244664957740399";"CAMPAIGN_PAUSED";"AD_RECALL_LIFT";"50000";"bilinmiyor";"bilinmiyor";"bilinmiyor";"belirsiz";"";"canli_hedefleme_eksik";""
"Doruk Hastaneleri - SİNA ÖZEL Sağlık Hizmetleri A.ş";"Genel - Hatırlanırlık";"120244801261820399";"Da Vinci Bilinirlik Kampanyası";"120244664957740399";"CAMPAIGN_PAUSED";"AD_RECALL_LIFT";"50000";"bilinmiyor";"bilinmiyor";"bilinmiyor";"belirsiz";"";"canli_hedefleme_eksik";""
"Doruk Hastaneleri - SİNA ÖZEL Sağlık Hizmetleri A.ş";"Jinekolojik Onkoloji Mehmet Bayrak - Hatırlanırlık";"120244672032480399";"Da Vinci Bilinirlik Kampanyası";"120244664957740399";"CAMPAIGN_PAUSED";"AD_RECALL_LIFT";"50000";"bilinmiyor";"bilinmiyor";"bilinmiyor";"belirsiz";"";"canli_hedefleme_eksik";""
"Doruk Hastaneleri - SİNA ÖZEL Sağlık Hizmetleri A.ş";"Üroloji Kadir Ömür Günseren - Hatırlanırlık";"120244671313130399";"Da Vinci Bilinirlik Kampanyası";"120244664957740399";"CAMPAIGN_PAUSED";"AD_RECALL_LIFT";"50000";"bilinmiyor";"bilinmiyor";"bilinmiyor";"belirsiz";"";"canli_hedefleme_eksik";""
"Doruk Hastaneleri - SİNA ÖZEL Sağlık Hizmetleri A.ş";"Genel Cerrahi  Ömer Yalkın - Hatırlanırlık";"120244669500410399";"Da Vinci Bilinirlik Kampanyası";"120244664957740399";"CAMPAIGN_PAUSED";"AD_RECALL_LIFT";"50000";"bilinmiyor";"bilinmiyor";"bilinmiyor";"belirsiz";"";"canli_hedefleme_eksik";""
"Doruk Hastaneleri - SİNA ÖZEL Sağlık Hizmetleri A.ş";"Genel Cerrahi  Serkan Fatih Yeğen - Hatırlanırlık";"120244668784470399";"Da Vinci Bilinirlik Kampanyası";"120244664957740399";"CAMPAIGN_PAUSED";"AD_RECALL_LIFT";"50000";"bilinmiyor";"bilinmiyor";"bilinmiyor";"belirsiz";"";"canli_hedefleme_eksik";""
"Doruk Hastaneleri - SİNA ÖZEL Sağlık Hizmetleri A.ş";"Üroloji Arif Demirbaş - Hatırlanırlık";"120244668026570399";"Da Vinci Bilinirlik Kampanyası";"120244664957740399";"CAMPAIGN_PAUSED";"AD_RECALL_LIFT";"50000";"bilinmiyor";"bilinmiyor";"bilinmiyor";"belirsiz";"";"canli_hedefleme_eksik";""
"Doruk Hastaneleri - SİNA ÖZEL Sağlık Hizmetleri A.ş";"Üroloji Tuğrul Türker - Hatırlanırlık";"120244664957760399";"Da Vinci Bilinirlik Kampanyası";"120244664957740399";"CAMPAIGN_PAUSED";"AD_RECALL_LIFT";"50000";"bilinmiyor";"bilinmiyor";"bilinmiyor";"belirsiz";"";"canli_hedefleme_eksik";""
"Doruk Hastaneleri - SİNA ÖZEL Sağlık Hizmetleri A.ş";"Genel";"120244050701720399";"Uzman Hekim Başvuru";"120244050701710399";"ACTIVE";"LEAD_GENERATION";"";"TR";"bilinmiyor";"bilinmiyor";"ulke";"";"canli_hedefleme";""
"Doruk Hastaneleri - SİNA ÖZEL Sağlık Hizmetleri A.ş";"Genel Cerrahi Fatih Serkan Yeğen";"120243474687200399";"Da Vinci - Etkişelim Kampanyası";"120241272322200399";"CAMPAIGN_PAUSED";"POST_ENGAGEMENT";"100000";"bilinmiyor";"bilinmiyor";"bilinmiyor";"belirsiz";"";"canli_hedefleme_eksik";""
"Doruk Hastaneleri - SİNA ÖZEL Sağlık Hizmetleri A.ş";"Genel Cerrahi Fatih Serkan Yeğen";"120243474271300399";"Da Vinci - Form Kampanyası";"120240606213960399";"PAUSED";"LEAD_GENERATION";"350000";"bilinmiyor";"bilinmiyor";"bilinmiyor";"belirsiz";"";"canli_hedefleme_eksik";""
"Doruk Hastaneleri - SİNA ÖZEL Sağlık Hizmetleri A.ş";"Üroloji Tuğrul Türker";"120243473884360399";"Da Vinci - Etkişelim Kampanyası";"120241272322200399";"CAMPAIGN_PAUSED";"POST_ENGAGEMENT";"100000";"bilinmiyor";"bilinmiyor";"bilinmiyor";"belirsiz";"";"canli_hedefleme_eksik";""
"Doruk Hastaneleri - SİNA ÖZEL Sağlık Hizmetleri A.ş";"Üroloji Arif Demirbaş";"120243473733720399";"Da Vinci - Etkişelim Kampanyası";"120241272322200399";"CAMPAIGN_PAUSED";"POST_ENGAGEMENT";"100000";"bilinmiyor";"bilinmiyor";"bilinmiyor";"belirsiz";"";"canli_hedefleme_eksik";""
"Doruk Hastaneleri - SİNA ÖZEL Sağlık Hizmetleri A.ş";"Üroloji  Tuğrul Türker";"120243473561890399";"Da Vinci - Form Kampanyası";"120240606213960399";"PAUSED";"LEAD_GENERATION";"350000";"bilinmiyor";"bilinmiyor";"bilinmiyor";"belirsiz";"";"canli_hedefleme_eksik";""
"Doruk Hastaneleri - SİNA ÖZEL Sağlık Hizmetleri A.ş";"Üroloji  Arif Demirbaş";"120243473365180399";"Da Vinci - Form Kampanyası";"120240606213960399";"PAUSED";"LEAD_GENERATION";"350000";"bilinmiyor";"bilinmiyor";"bilinmiyor";"belirsiz";"";"canli_hedefleme_eksik";""
"Doruk Hastaneleri - SİNA ÖZEL Sağlık Hizmetleri A.ş";"Üroloji Genel v2";"120243461930040399";"Da Vinci - Etkişelim Kampanyası";"120241272322200399";"PAUSED";"POST_ENGAGEMENT";"100000";"bilinmiyor";"bilinmiyor";"bilinmiyor";"belirsiz";"";"canli_hedefleme_eksik";""
"Doruk Hastaneleri - SİNA ÖZEL Sağlık Hizmetleri A.ş";"Üroloji  Genel v2";"120243460078910399";"Da Vinci - Form Kampanyası";"120240606213960399";"PAUSED";"LEAD_GENERATION";"350000";"bilinmiyor";"bilinmiyor";"bilinmiyor";"belirsiz";"";"canli_hedefleme_eksik";""
"Doruk Hastaneleri - SİNA ÖZEL Sağlık Hizmetleri A.ş";"Oda Süsleme";"120242460981670399";"Gebe-Doğum Form Kampanyası";"120242415465180399";"ACTIVE";"LEAD_GENERATION";"250000";"bilinmiyor";"bilinmiyor";"bilinmiyor";"belirsiz";"";"canli_hedefleme_eksik";""
"Doruk Hastaneleri - SİNA ÖZEL Sağlık Hizmetleri A.ş";"Doğum Kreatifleri";"120242460508720399";"Gebe-Doğum Form Kampanyası";"120242415465180399";"ACTIVE";"LEAD_GENERATION";"300000";"bilinmiyor";"bilinmiyor";"bilinmiyor";"belirsiz";"";"canli_hedefleme_eksik";""
"Doruk Hastaneleri - SİNA ÖZEL Sağlık Hizmetleri A.ş";"Gebe Okulu";"120242415465170399";"Gebe-Doğum Form Kampanyası";"120242415465180399";"ACTIVE";"LEAD_GENERATION";"150000";"bilinmiyor";"bilinmiyor";"bilinmiyor";"belirsiz";"";"canli_hedefleme_eksik";""
"Doruk Hastaneleri - SİNA ÖZEL Sağlık Hizmetleri A.ş";"Da Vinci retargeting";"120241274728060399";"Da Vinci - Etkişelim Kampanyası";"120241272322200399";"PAUSED";"POST_ENGAGEMENT";"100000";"bilinmiyor";"bilinmiyor";"bilinmiyor";"belirsiz";"";"canli_hedefleme_eksik";""
"Doruk Hastaneleri - SİNA ÖZEL Sağlık Hizmetleri A.ş";"Da Vinci Genel";"120241274723130399";"Da Vinci - Etkişelim Kampanyası";"120241272322200399";"PAUSED";"POST_ENGAGEMENT";"100000";"bilinmiyor";"bilinmiyor";"bilinmiyor";"belirsiz";"";"canli_hedefleme_eksik";""
"Doruk Hastaneleri - SİNA ÖZEL Sağlık Hizmetleri A.ş";"Jinekolojik onkoloji retargeting";"120241274659510399";"Da Vinci - Etkişelim Kampanyası";"120241272322200399";"PAUSED";"POST_ENGAGEMENT";"100000";"bilinmiyor";"bilinmiyor";"bilinmiyor";"belirsiz";"";"canli_hedefleme_eksik";""
"Doruk Hastaneleri - SİNA ÖZEL Sağlık Hizmetleri A.ş";"Jinekolojik onkoloji";"120241274618440399";"Da Vinci - Etkişelim Kampanyası";"120241272322200399";"PAUSED";"POST_ENGAGEMENT";"100000";"bilinmiyor";"bilinmiyor";"bilinmiyor";"belirsiz";"";"canli_hedefleme_eksik";""
"Doruk Hastaneleri - SİNA ÖZEL Sağlık Hizmetleri A.ş";"Genel cerrahi";"120241274599000399";"Da Vinci - Etkişelim Kampanyası";"120241272322200399";"PAUSED";"POST_ENGAGEMENT";"100000";"bilinmiyor";"bilinmiyor";"bilinmiyor";"belirsiz";"";"canli_hedefleme_eksik";""
"Doruk Hastaneleri - SİNA ÖZEL Sağlık Hizmetleri A.ş";"Genel cerrahi retargeting";"120241274595120399";"Da Vinci - Etkişelim Kampanyası";"120241272322200399";"PAUSED";"POST_ENGAGEMENT";"100000";"bilinmiyor";"bilinmiyor";"bilinmiyor";"belirsiz";"";"canli_hedefleme_eksik";""
"Doruk Hastaneleri - SİNA ÖZEL Sağlık Hizmetleri A.ş";"Üroloji retargeting";"120241274389920399";"Da Vinci - Etkişelim Kampanyası";"120241272322200399";"PAUSED";"POST_ENGAGEMENT";"100000";"bilinmiyor";"bilinmiyor";"bilinmiyor";"belirsiz";"";"canli_hedefleme_eksik";""
"Doruk Hastaneleri - SİNA ÖZEL Sağlık Hizmetleri A.ş";"Üroloji  Genel";"120241274064010399";"Da Vinci - Form Kampanyası";"120240606213960399";"PAUSED";"LEAD_GENERATION";"350000";"bilinmiyor";"bilinmiyor";"bilinmiyor";"belirsiz";"";"canli_hedefleme_eksik";""
"Doruk Hastaneleri - SİNA ÖZEL Sağlık Hizmetleri A.ş";"Üroloji retargeting webi bekliyor";"120241274023920399";"Da Vinci - Form Kampanyası";"120240606213960399";"PAUSED";"LEAD_GENERATION";"200000";"bilinmiyor";"bilinmiyor";"bilinmiyor";"belirsiz";"";"canli_hedefleme_eksik";""
"Doruk Hastaneleri - SİNA ÖZEL Sağlık Hizmetleri A.ş";"Da Vinci Genel retargeting";"120241274002910399";"Da Vinci - Form Kampanyası";"120240606213960399";"PAUSED";"LEAD_GENERATION";"200000";"bilinmiyor";"bilinmiyor";"bilinmiyor";"belirsiz";"";"canli_hedefleme_eksik";""
"Doruk Hastaneleri - SİNA ÖZEL Sağlık Hizmetleri A.ş";"DaVinci Genel";"120241273986620399";"Da Vinci - Form Kampanyası";"120240606213960399";"PAUSED";"LEAD_GENERATION";"350000";"bilinmiyor";"bilinmiyor";"bilinmiyor";"belirsiz";"";"canli_hedefleme_eksik";""
"Doruk Hastaneleri - SİNA ÖZEL Sağlık Hizmetleri A.ş";"Jinekoloji Onkoloji j.o";"120241273939180399";"Da Vinci - Form Kampanyası";"120240606213960399";"PAUSED";"LEAD_GENERATION";"350000";"bilinmiyor";"bilinmiyor";"bilinmiyor";"belirsiz";"";"canli_hedefleme_eksik";""
"Doruk Hastaneleri - SİNA ÖZEL Sağlık Hizmetleri A.ş";"Jinekoloji Onkoloji j.o retargeting";"120241273887860399";"Da Vinci - Form Kampanyası";"120240606213960399";"PAUSED";"LEAD_GENERATION";"200000";"bilinmiyor";"bilinmiyor";"bilinmiyor";"belirsiz";"";"canli_hedefleme_eksik";""
"Doruk Hastaneleri - SİNA ÖZEL Sağlık Hizmetleri A.ş";"Genel Cerrahi g.c";"120241273758820399";"Da Vinci - Form Kampanyası";"120240606213960399";"PAUSED";"LEAD_GENERATION";"350000";"bilinmiyor";"bilinmiyor";"bilinmiyor";"belirsiz";"";"canli_hedefleme_eksik";""
"Doruk Hastaneleri - SİNA ÖZEL Sağlık Hizmetleri A.ş";"Üroloji Genel";"120241272322130399";"Da Vinci - Etkişelim Kampanyası";"120241272322200399";"PAUSED";"POST_ENGAGEMENT";"100000";"bilinmiyor";"bilinmiyor";"bilinmiyor";"belirsiz";"";"canli_hedefleme_eksik";""
"Doruk Hastaneleri - SİNA ÖZEL Sağlık Hizmetleri A.ş";"Genel Cerrahi g.c retargeting";"120240758318780399";"Da Vinci - Form Kampanyası";"120240606213960399";"PAUSED";"LEAD_GENERATION";"200000";"bilinmiyor";"bilinmiyor";"bilinmiyor";"belirsiz";"";"canli_hedefleme_eksik";""
"Doruk Hastaneleri - SİNA ÖZEL Sağlık Hizmetleri A.ş";"Ömer Yalkın";"120240599102330399";"Da Vinci Etkileşim + WP - Çevre iller";"120240599102260399";"CAMPAIGN_PAUSED";"POST_ENGAGEMENT";"50000";"bilinmiyor";"bilinmiyor";"bilinmiyor";"belirsiz";"";"canli_hedefleme_eksik";""
"Doruk Hastaneleri - SİNA ÖZEL Sağlık Hizmetleri A.ş";"Mehmet Bayrak";"120240599102320399";"Da Vinci Etkileşim + WP - Çevre iller";"120240599102260399";"CAMPAIGN_PAUSED";"POST_ENGAGEMENT";"50000";"bilinmiyor";"bilinmiyor";"bilinmiyor";"belirsiz";"";"canli_hedefleme_eksik";""
"Doruk Hastaneleri - SİNA ÖZEL Sağlık Hizmetleri A.ş";"Tuğrul Türker";"120240599102310399";"Da Vinci Etkileşim + WP - Çevre iller";"120240599102260399";"CAMPAIGN_PAUSED";"POST_ENGAGEMENT";"50000";"bilinmiyor";"bilinmiyor";"bilinmiyor";"belirsiz";"";"canli_hedefleme_eksik";""
"Doruk Hastaneleri - SİNA ÖZEL Sağlık Hizmetleri A.ş";"Arif Demirbaş";"120240599102300399";"Da Vinci Etkileşim + WP - Çevre iller";"120240599102260399";"CAMPAIGN_PAUSED";"POST_ENGAGEMENT";"50000";"bilinmiyor";"bilinmiyor";"bilinmiyor";"belirsiz";"";"canli_hedefleme_eksik";""
"Doruk Hastaneleri - SİNA ÖZEL Sağlık Hizmetleri A.ş";"Kadir Ömür Günseren";"120240599102290399";"Da Vinci Etkileşim + WP - Çevre iller";"120240599102260399";"CAMPAIGN_PAUSED";"POST_ENGAGEMENT";"50000";"bilinmiyor";"bilinmiyor";"bilinmiyor";"belirsiz";"";"canli_hedefleme_eksik";""
"Doruk Hastaneleri - SİNA ÖZEL Sağlık Hizmetleri A.ş";"Genel Da Vinci";"120240599102280399";"Da Vinci Etkileşim + WP - Çevre iller";"120240599102260399";"CAMPAIGN_PAUSED";"POST_ENGAGEMENT";"50000";"bilinmiyor";"bilinmiyor";"bilinmiyor";"belirsiz";"";"canli_hedefleme_eksik";""
"Doruk Hastaneleri - SİNA ÖZEL Sağlık Hizmetleri A.ş";"Genel Da Vinci";"120240513767260399";"Da vinci Mesajlasma Kampayasi WP";"120240496489610399";"CAMPAIGN_PAUSED";"CONVERSATIONS";"150000";"bilinmiyor";"bilinmiyor";"bilinmiyor";"belirsiz";"";"canli_hedefleme_eksik";""
"Doruk Hastaneleri - SİNA ÖZEL Sağlık Hizmetleri A.ş";"Ömer Yalkın";"120240513670680399";"Da vinci Mesajlasma Kampayasi WP";"120240496489610399";"CAMPAIGN_PAUSED";"CONVERSATIONS";"50000";"bilinmiyor";"bilinmiyor";"bilinmiyor";"belirsiz";"";"canli_hedefleme_eksik";""
"Doruk Hastaneleri - SİNA ÖZEL Sağlık Hizmetleri A.ş";"Tuğrul Türker";"120240513260400399";"Da vinci Mesajlasma Kampayasi WP";"120240496489610399";"CAMPAIGN_PAUSED";"CONVERSATIONS";"50000";"bilinmiyor";"bilinmiyor";"bilinmiyor";"belirsiz";"";"canli_hedefleme_eksik";""
"Doruk Hastaneleri - SİNA ÖZEL Sağlık Hizmetleri A.ş";"Arif Demirbaş";"120240510923660399";"Da vinci Mesajlasma Kampayasi WP";"120240496489610399";"CAMPAIGN_PAUSED";"CONVERSATIONS";"50000";"bilinmiyor";"bilinmiyor";"bilinmiyor";"belirsiz";"";"canli_hedefleme_eksik";""
"Doruk Hastaneleri - SİNA ÖZEL Sağlık Hizmetleri A.ş";"Kadir Ömür Günseren";"120240509694590399";"Da vinci Mesajlasma Kampayasi WP";"120240496489610399";"CAMPAIGN_PAUSED";"CONVERSATIONS";"50000";"bilinmiyor";"bilinmiyor";"bilinmiyor";"belirsiz";"";"canli_hedefleme_eksik";""
"Doruk Hastaneleri - SİNA ÖZEL Sağlık Hizmetleri A.ş";"mehmet bayrak";"120240497576310399";"Da vinci Mesajlasma Kampayasi WP";"120240496489610399";"CAMPAIGN_PAUSED";"CONVERSATIONS";"50000";"bilinmiyor";"bilinmiyor";"bilinmiyor";"belirsiz";"";"canli_hedefleme_eksik";""
"Doruk Hastaneleri - SİNA ÖZEL Sağlık Hizmetleri A.ş";"Genel Da Vinci";"120240460027730399";"Da Vinci Etkileşim + WP Bursa";"120240459106790399";"CAMPAIGN_PAUSED";"POST_ENGAGEMENT";"300000";"bilinmiyor";"bilinmiyor";"bilinmiyor";"belirsiz";"";"canli_hedefleme_eksik";""
"Doruk Hastaneleri - SİNA ÖZEL Sağlık Hizmetleri A.ş";"Mehmet Bayrak";"120240459554760399";"Da Vinci Etkileşim + WP Bursa";"120240459106790399";"CAMPAIGN_PAUSED";"POST_ENGAGEMENT";"100000";"bilinmiyor";"bilinmiyor";"bilinmiyor";"belirsiz";"";"canli_hedefleme_eksik";""
"Doruk Hastaneleri - SİNA ÖZEL Sağlık Hizmetleri A.ş";"Kadir Ömür Günseren";"120240459488560399";"Da Vinci Etkileşim + WP Bursa";"120240459106790399";"CAMPAIGN_PAUSED";"POST_ENGAGEMENT";"100000";"bilinmiyor";"bilinmiyor";"bilinmiyor";"belirsiz";"";"canli_hedefleme_eksik";""
"Doruk Hastaneleri - SİNA ÖZEL Sağlık Hizmetleri A.ş";"Arif Demirbaş";"120240459402160399";"Da Vinci Etkileşim + WP Bursa";"120240459106790399";"CAMPAIGN_PAUSED";"POST_ENGAGEMENT";"100000";"bilinmiyor";"bilinmiyor";"bilinmiyor";"belirsiz";"";"canli_hedefleme_eksik";""
"Doruk Hastaneleri - SİNA ÖZEL Sağlık Hizmetleri A.ş";"Tuğrul Türker";"120240459280410399";"Da Vinci Etkileşim + WP Bursa";"120240459106790399";"CAMPAIGN_PAUSED";"POST_ENGAGEMENT";"100000";"bilinmiyor";"bilinmiyor";"bilinmiyor";"belirsiz";"";"canli_hedefleme_eksik";""
"Doruk Hastaneleri - SİNA ÖZEL Sağlık Hizmetleri A.ş";"Ömer Yalkın";"120240459106800399";"Da Vinci Etkileşim + WP Bursa";"120240459106790399";"CAMPAIGN_PAUSED";"POST_ENGAGEMENT";"300000";"bilinmiyor";"bilinmiyor";"bilinmiyor";"belirsiz";"";"canli_hedefleme_eksik";""
"Doruk Hastaneleri - SİNA ÖZEL Sağlık Hizmetleri A.ş";"bursa sıcak  kitle - Kopya";"120239983454080399";"İkinci Görüş - lead";"120238726810780399";"CAMPAIGN_PAUSED";"LEAD_GENERATION";"800000";"bilinmiyor";"bilinmiyor";"facebook, instagram";"platform";"";"canli_hedefleme_eksik";""
"Doruk Hastaneleri - SİNA ÖZEL Sağlık Hizmetleri A.ş";"bursa soğuk  kitle";"120238726810750399";"İkinci Görüş - lead";"120238726810780399";"CAMPAIGN_PAUSED";"LEAD_GENERATION";"450000";"bilinmiyor";"bilinmiyor";"facebook, instagram";"platform";"";"canli_hedefleme_eksik";""
"Doruk Hastaneleri - SİNA ÖZEL Sağlık Hizmetleri A.ş";"kompakt-checkup-dinamik";"120236679126460399";"Checkup - genel - lead";"120220089108220399";"PAUSED";"LEAD_GENERATION";"50000";"bilinmiyor";"bilinmiyor";"bilinmiyor";"belirsiz";"";"canli_hedefleme_eksik";""
"Doruk Hastaneleri - SİNA ÖZEL Sağlık Hizmetleri A.ş";"kadın-checkup-dinamik";"120236678758120399";"Checkup - genel - lead";"120220089108220399";"ACTIVE";"QUALITY_LEAD";"50000";"bilinmiyor";"bilinmiyor";"bilinmiyor";"belirsiz";"";"canli_hedefleme_eksik";""
"Doruk Hastaneleri - SİNA ÖZEL Sağlık Hizmetleri A.ş";"erkek-checkup-dinamik";"120236672077380399";"Checkup - genel - lead";"120220089108220399";"ACTIVE";"QUALITY_LEAD";"50000";"bilinmiyor";"bilinmiyor";"bilinmiyor";"belirsiz";"";"canli_hedefleme_eksik";""
"Doruk Hastaneleri - SİNA ÖZEL Sağlık Hizmetleri A.ş";"kalp sağlığı set";"120220404757850399";"Checkup - genel - lead";"120220089108220399";"PAUSED";"QUALITY_LEAD";"75000";"bilinmiyor";"bilinmiyor";"bilinmiyor";"belirsiz";"";"canli_hedefleme_eksik";""
"Doruk Hastaneleri - SİNA ÖZEL Sağlık Hizmetleri A.ş";"endeskopi-kolonoskopi set";"120220404732820399";"Checkup - genel - lead";"120220089108220399";"PAUSED";"QUALITY_LEAD";"100000";"bilinmiyor";"bilinmiyor";"bilinmiyor";"belirsiz";"";"canli_hedefleme_eksik";""
"Doruk Hastaneleri - SİNA ÖZEL Sağlık Hizmetleri A.ş";"tüm vücut mr set";"120220179540640399";"Checkup - genel - lead";"120220089108220399";"PAUSED";"QUALITY_LEAD";"300000";"bilinmiyor";"bilinmiyor";"bilinmiyor";"belirsiz";"";"canli_hedefleme_eksik";""
"Doruk Hastaneleri - SİNA ÖZEL Sağlık Hizmetleri A.ş";"erkek set";"120220089282340399";"Checkup - genel - lead";"120220089108220399";"PAUSED";"QUALITY_LEAD";"75000";"bilinmiyor";"bilinmiyor";"bilinmiyor";"belirsiz";"";"canli_hedefleme_eksik";""
"Doruk Hastaneleri - SİNA ÖZEL Sağlık Hizmetleri A.ş";"kadın set";"120220089145720399";"Checkup - genel - lead";"120220089108220399";"PAUSED";"QUALITY_LEAD";"75000";"bilinmiyor";"bilinmiyor";"bilinmiyor";"belirsiz";"";"canli_hedefleme_eksik";""
"Doruk Hastaneleri - SİNA ÖZEL Sağlık Hizmetleri A.ş";"broad";"120214167266120399";"Baş Dönmesi ve Denge Ünitesi / lead";"120214167265870399";"ACTIVE";"QUALITY_LEAD";"35000";"bilinmiyor";"bilinmiyor";"bilinmiyor";"belirsiz";"";"canli_hedefleme_eksik";""
"Doruk Hastaneleri - SİNA ÖZEL Sağlık Hizmetleri A.ş";"broad 25-45 K";"120211732754070399";"ABO / Yüz Germe (Facelift) / plastik cerrahi / lead";"120211732754080399";"ACTIVE";"LEAD_GENERATION";"30000";"bilinmiyor";"bilinmiyor";"bilinmiyor";"belirsiz";"";"canli_hedefleme_eksik";""
"Doruk Hastaneleri - SİNA ÖZEL Sağlık Hizmetleri A.ş";"broad 23 - 50 K";"120211732712910399";"ABO / Vücut Şekillendirme / plastik cerrahi / lead";"120211732712890399";"ACTIVE";"LEAD_GENERATION";"30000";"bilinmiyor";"bilinmiyor";"bilinmiyor";"belirsiz";"";"canli_hedefleme_eksik";""
"Doruk Hastaneleri - SİNA ÖZEL Sağlık Hizmetleri A.ş";"broad 23-45 K/E";"120211732654280399";"ABO / Rinoplasti / plastik cerrahi / lead";"120211732654260399";"ACTIVE";"LEAD_GENERATION";"80000";"bilinmiyor";"bilinmiyor";"bilinmiyor";"belirsiz";"";"canli_hedefleme_eksik";""
"Doruk Hastaneleri - SİNA ÖZEL Sağlık Hizmetleri A.ş";"broad 25-50 E";"120211732618480399";"ABO /Jinekomasti / plastik cerrahi / lead";"120211732618490399";"ACTIVE";"LEAD_GENERATION";"30000";"bilinmiyor";"bilinmiyor";"bilinmiyor";"belirsiz";"";"canli_hedefleme_eksik";""
"Doruk Hastaneleri - SİNA ÖZEL Sağlık Hizmetleri A.ş";"Yeni Potansiyel Müşteriler Reklam Seti";"120211732311200399";"ABO / Meme Estetiği / plastik cerrahi / lead";"120211732311210399";"ACTIVE";"LEAD_GENERATION";"100000";"bilinmiyor";"bilinmiyor";"bilinmiyor";"belirsiz";"";"canli_hedefleme_eksik";""
"Doruk Hastaneleri - SİNA ÖZEL Sağlık Hizmetleri A.ş";"Yeni Potansiyel Müşteriler Reklam Seti";"120211732243040399";"ABO /Kepçe Kulak / plastik cerrahi / lead";"120211732243050399";"ACTIVE";"LEAD_GENERATION";"30000";"bilinmiyor";"bilinmiyor";"bilinmiyor";"belirsiz";"";"canli_hedefleme_eksik";""
"Doruk Hastaneleri - SİNA ÖZEL Sağlık Hizmetleri A.ş";"Yeni Potansiyel Müşteriler Reklam Seti";"120211731920850399";"ABO / Göz Kapağı Estetiği / plastik cerrahi / lead";"120211731920800399";"ACTIVE";"QUALITY_LEAD";"30000";"bilinmiyor";"bilinmiyor";"bilinmiyor";"belirsiz";"";"canli_hedefleme_eksik";""
"Doruk Hastaneleri - SİNA ÖZEL Sağlık Hizmetleri A.ş";"bursa & Çevresi / broad 24 - 55 / görsel test ok";"120207082576030399";"CBO / Saç Ekimi - lead / soğuk";"120202624613730399";"ACTIVE";"LEAD_GENERATION";"100000";"bilinmiyor";"bilinmiyor";"bilinmiyor";"belirsiz";"";"canli_hedefleme_eksik";""
"Doruk Hastaneleri - SİNA ÖZEL Sağlık Hizmetleri A.ş";"kök hücre uygulaması  /  18 - 50  K";"120205885465240399";"ABO / Medikal Estetik lead / 28.11.2023";"120202625130740399";"PAUSED";"LEAD_GENERATION";"20000";"bilinmiyor";"bilinmiyor";"bilinmiyor";"belirsiz";"";"canli_hedefleme_eksik";""
"Doruk Hastaneleri - SİNA ÖZEL Sağlık Hizmetleri A.ş";"koltuk altı renk açma  /  18 - 50  K";"120205882272460399";"ABO / Medikal Estetik lead / 28.11.2023";"120202625130740399";"CAMPAIGN_PAUSED";"LEAD_GENERATION";"20000";"bilinmiyor";"bilinmiyor";"bilinmiyor";"belirsiz";"";"canli_hedefleme_eksik";""
"Doruk Hastaneleri - SİNA ÖZEL Sağlık Hizmetleri A.ş";"dolgu /  18 - 50  K";"120205398658530399";"ABO / Medikal Estetik lead / 28.11.2023";"120202625130740399";"PAUSED";"LEAD_GENERATION";"20000";"bilinmiyor";"bilinmiyor";"bilinmiyor";"belirsiz";"";"canli_hedefleme_eksik";""
"Doruk Hastaneleri - SİNA ÖZEL Sağlık Hizmetleri A.ş";"ben alımı  /  18 - 50  K-E";"120205398323790399";"ABO / Medikal Estetik lead / 28.11.2023";"120202625130740399";"PAUSED";"LEAD_GENERATION";"15000";"bilinmiyor";"bilinmiyor";"bilinmiyor";"belirsiz";"";"canli_hedefleme_eksik";""
"Doruk Hastaneleri - SİNA ÖZEL Sağlık Hizmetleri A.ş";"altın iğne /  18 - 50  K";"120202626969980399";"ABO / Medikal Estetik lead / 28.11.2023";"120202625130740399";"CAMPAIGN_PAUSED";"LEAD_GENERATION";"20000";"bilinmiyor";"bilinmiyor";"bilinmiyor";"belirsiz";"";"canli_hedefleme_eksik";""
"Doruk Hastaneleri - SİNA ÖZEL Sağlık Hizmetleri A.ş";"leke tedavisi  /  18 - 50  K";"120202626900000399";"ABO / Medikal Estetik lead / 28.11.2023";"120202625130740399";"CAMPAIGN_PAUSED";"LEAD_GENERATION";"20000";"bilinmiyor";"bilinmiyor";"bilinmiyor";"belirsiz";"";"canli_hedefleme_eksik";""
"Doruk Hastaneleri - SİNA ÖZEL Sağlık Hizmetleri A.ş";"botox  /  18 - 50  K";"120202626833520399";"ABO / Medikal Estetik lead / 28.11.2023";"120202625130740399";"PAUSED";"LEAD_GENERATION";"20000";"bilinmiyor";"bilinmiyor";"bilinmiyor";"belirsiz";"";"canli_hedefleme_eksik";""
"Doruk Hastaneleri - SİNA ÖZEL Sağlık Hizmetleri A.ş";"tırnak mantarı  /  15 - 50  K-E";"120202626738250399";"ABO / Medikal Estetik lead / 28.11.2023";"120202625130740399";"CAMPAIGN_PAUSED";"LEAD_GENERATION";"20000";"bilinmiyor";"bilinmiyor";"bilinmiyor";"belirsiz";"";"canli_hedefleme_eksik";""
"Doruk Hastaneleri - SİNA ÖZEL Sağlık Hizmetleri A.ş";"tüy sarartma  /  25 - 50  K";"120202626715640399";"ABO / Medikal Estetik lead / 28.11.2023";"120202625130740399";"PAUSED";"LEAD_GENERATION";"15000";"bilinmiyor";"bilinmiyor";"bilinmiyor";"belirsiz";"";"canli_hedefleme_eksik";""
"Doruk Hastaneleri - SİNA ÖZEL Sağlık Hizmetleri A.ş";"cilt bakımı /  18 - 50  K-E";"120202626646600399";"ABO / Medikal Estetik lead / 28.11.2023";"120202625130740399";"PAUSED";"LEAD_GENERATION";"20000";"bilinmiyor";"bilinmiyor";"bilinmiyor";"belirsiz";"";"canli_hedefleme_eksik";""
"Doruk Hastaneleri - SİNA ÖZEL Sağlık Hizmetleri A.ş";"ameliyatsız gıdı germe  /  18 - 50  K";"120202626447410399";"ABO / Medikal Estetik lead / 28.11.2023";"120202625130740399";"PAUSED";"LEAD_GENERATION";"15000";"bilinmiyor";"bilinmiyor";"bilinmiyor";"belirsiz";"";"canli_hedefleme_eksik";""
"Doruk Hastaneleri - SİNA ÖZEL Sağlık Hizmetleri A.ş";"karbon peeling  /  18 - 50  K-E";"120202626318840399";"ABO / Medikal Estetik lead / 28.11.2023";"120202625130740399";"PAUSED";"LEAD_GENERATION";"20000";"bilinmiyor";"bilinmiyor";"bilinmiyor";"belirsiz";"";"canli_hedefleme_eksik";""
"Doruk Hastaneleri - SİNA ÖZEL Sağlık Hizmetleri A.ş";"dövme silme  /  not broad /  18 - 50  K-E";"120202625647600399";"ABO / Medikal Estetik lead / 28.11.2023";"120202625130740399";"CAMPAIGN_PAUSED";"LEAD_GENERATION";"20000";"bilinmiyor";"bilinmiyor";"bilinmiyor";"belirsiz";"";"canli_hedefleme_eksik";""
"Doruk Hastaneleri - SİNA ÖZEL Sağlık Hizmetleri A.ş";"bölgesel zayıflama  /  18 - 50  K";"120202625472180399";"ABO / Medikal Estetik lead / 28.11.2023";"120202625130740399";"PAUSED";"LEAD_GENERATION";"20000";"bilinmiyor";"bilinmiyor";"bilinmiyor";"belirsiz";"";"canli_hedefleme_eksik";""
"Doruk Hastaneleri - SİNA ÖZEL Sağlık Hizmetleri A.ş";"lazer epilasyon  /  18 - 50  K";"120202625130780399";"ABO / Medikal Estetik lead / 28.11.2023";"120202625130740399";"CAMPAIGN_PAUSED";"LEAD_GENERATION";"20000";"bilinmiyor";"bilinmiyor";"bilinmiyor";"belirsiz";"";"canli_hedefleme_eksik";""
"Doruk Hastaneleri - SİNA ÖZEL Sağlık Hizmetleri A.ş";"bursa & Çevresi / broad 24 - 55 / video kreatif";"120202624645580399";"CBO / Saç Ekimi - lead / soğuk";"120202624613730399";"PAUSED";"LEAD_GENERATION";"15000";"bilinmiyor";"bilinmiyor";"bilinmiyor";"belirsiz";"";"canli_hedefleme_eksik";""
"Doruk Hastaneleri - SİNA ÖZEL Sağlık Hizmetleri A.ş";"bursa & Çevresi / broad 24 - 55 / görsel kreatif";"120202624613760399";"CBO / Saç Ekimi - lead / soğuk";"120202624613730399";"PAUSED";"LEAD_GENERATION";"15000";"bilinmiyor";"bilinmiyor";"bilinmiyor";"belirsiz";"";"canli_hedefleme_eksik";""
"Doruk Hastaneleri - SİNA ÖZEL Sağlık Hizmetleri A.ş";"bursa & Çevresi / broad 24 - 55 / görsel kreatif";"120202624613710399";"CBO / Saç Ekimi - lead / soğuk";"120202624613730399";"PAUSED";"LEAD_GENERATION";"3038";"bilinmiyor";"bilinmiyor";"bilinmiyor";"belirsiz";"";"canli_hedefleme_eksik";""
"Doruk Hospital";"Jinekomasti - Arap Bölgesi";"120247623884680080";"Meme Estetiği - Jinekomasti - Arap Bölgesi - Tümü - AR - Doruk Jinekomasti";"120247623884690080";"CAMPAIGN_PAUSED";"LEAD_GENERATION";"400000";"BH, KW, OM, QA";"bilinmiyor";"bilinmiyor";"ulke";"";"canli_hedefleme";""
"Doruk Hospital";"Jinekomasti - UK";"120247576936700080";"Meme Estetiği - Jinekomasti - Birleşik Krallık - Tümü - EN - Doruk Jinekomasti";"120247571768010080";"CAMPAIGN_PAUSED";"LEAD_GENERATION";"300000";"GB, IE";"bilinmiyor";"bilinmiyor";"ulke";"";"canli_hedefleme";""
"Doruk Hospital";"Instagram gönderisi: Современная реабилитация в...";"120242709824480080";"Instagram gönderisi: Современная реабилитация в...";"120242709823390080";"CAMPAIGN_PAUSED";"VISIT_INSTAGRAM_PROFILE";"";"BY, GE, KG, KZ, TJ, UA, UZ";"bilinmiyor";"instagram";"ulke + platform";"";"canli_hedefleme";""
"Doruk Hospital";"Instagram gönderisi: Руслана, приехавшая из...";"120242709806330080";"Instagram gönderisi: Руслана, приехавшая из...";"120242709804850080";"CAMPAIGN_PAUSED";"VISIT_INSTAGRAM_PROFILE";"";"BY, GE, KG, KZ, TJ, UA, UZ";"bilinmiyor";"instagram";"ulke + platform";"";"canli_hedefleme";""
"Doruk Hospital";"Instagram gönderisi: Аппарат TrueBeam — одна из...";"120242709752580080";"Instagram gönderisi: Аппарат TrueBeam — одна из...";"120242709752170080";"ACTIVE";"VISIT_INSTAGRAM_PROFILE";"";"BY, GE, KG, KZ, TJ, UA, UZ";"bilinmiyor";"instagram";"ulke + platform";"";"canli_hedefleme";""
"Doruk Hospital";"Instagram gönderisi: ‎جهاز TrueBeam هو أحد أحدث...";"120242709199320080";"Instagram gönderisi: ‎جهاز TrueBeam هو أحد أحدث...";"120242709199090080";"CAMPAIGN_PAUSED";"VISIT_INSTAGRAM_PROFILE";"";"AE, BH, IQ, KW, OM, QA, SA";"bilinmiyor";"instagram";"ulke + platform";"";"canli_hedefleme";""
"Doruk Hospital";"Instagram gönderisi: ‎جهاز TrueBeam هو أحد أحدث...";"120242709189930080";"Instagram gönderisi: ‎جهاز TrueBeam هو أحد أحدث...";"120242709189560080";"CAMPAIGN_PAUSED";"VISIT_INSTAGRAM_PROFILE";"";"AE, BH, IQ, KW, OM, QA, SA";"bilinmiyor";"instagram";"ulke + platform";"";"canli_hedefleme";""
"Doruk Hospital";"Kuveyt Whatsapp IOS luks";"120241336170640080";"Whatsapp - Serebral Palsi - Çocuk FTR - Arap Bölgesi - Tümü - AR - Doruk İlaj Turkia";"120241336170010080";"CAMPAIGN_PAUSED";"CONVERSATIONS";"500000";"KW";"ios";"bilinmiyor";"ulke + isletim_sistemi";"";"canli_hedefleme";""
"Doruk Hospital";"BAE Whatsapp android luks";"120241336170520080";"Whatsapp - Serebral Palsi - Çocuk FTR - Arap Bölgesi - Tümü - AR - Doruk İlaj Turkia";"120241336170010080";"CAMPAIGN_PAUSED";"CONVERSATIONS";"100000";"AE";"android";"bilinmiyor";"ulke + isletim_sistemi";"";"canli_hedefleme";""
"Doruk Hospital";"Katar Whatsapp IOS luks";"120241336170510080";"Whatsapp - Serebral Palsi - Çocuk FTR - Arap Bölgesi - Tümü - AR - Doruk İlaj Turkia";"120241336170010080";"CAMPAIGN_PAUSED";"CONVERSATIONS";"200000";"QA";"ios";"bilinmiyor";"ulke + isletim_sistemi";"";"canli_hedefleme";""
"Doruk Hospital";"BAE Whatsapp IOS luks";"120241336170490080";"Whatsapp - Serebral Palsi - Çocuk FTR - Arap Bölgesi - Tümü - AR - Doruk İlaj Turkia";"120241336170010080";"CAMPAIGN_PAUSED";"CONVERSATIONS";"150000";"AE";"ios";"bilinmiyor";"ulke + isletim_sistemi";"";"canli_hedefleme";""
"Doruk Hospital";"Bahreyn - Umman Whatsapp IOS luks - Kopya";"120241336170470080";"Whatsapp - Serebral Palsi - Çocuk FTR - Arap Bölgesi - Tümü - AR - Doruk İlaj Turkia";"120241336170010080";"CAMPAIGN_PAUSED";"CONVERSATIONS";"200000";"BH, OM";"ios";"bilinmiyor";"ulke + isletim_sistemi";"";"canli_hedefleme";""
"Doruk Hospital";"Kuveyt,Katar Whatsapp android luks";"120241336170440080";"Whatsapp - Serebral Palsi - Çocuk FTR - Arap Bölgesi - Tümü - AR - Doruk İlaj Turkia";"120241336170010080";"CAMPAIGN_PAUSED";"CONVERSATIONS";"200000";"BH, KW, QA";"android";"bilinmiyor";"ulke + isletim_sistemi";"";"canli_hedefleme";""
"Doruk Hospital";"Serebral Palsi - Libya - genel";"120241230268900080";"Serebral Palsi - Çocuk FTR - Arap Bölgesi - Tümü - AR - Doruk İlaj Turkia - lead";"120241230268710080";"CAMPAIGN_PAUSED";"LEAD_GENERATION";"70000";"LY";"bilinmiyor";"facebook, instagram";"ulke + platform";"";"canli_hedefleme";""
"Doruk Hospital";"Serebral Palsi - Suudi Arabistan - genel";"120241230268800080";"Serebral Palsi - Çocuk FTR - Arap Bölgesi - Tümü - AR - Doruk İlaj Turkia - lead";"120241230268710080";"CAMPAIGN_PAUSED";"LEAD_GENERATION";"150000";"SA";"bilinmiyor";"facebook, instagram";"ulke + platform";"";"canli_hedefleme";""
"Doruk Hospital";"Serebral Palsi - Irak - genel";"120241230268780080";"Serebral Palsi - Çocuk FTR - Arap Bölgesi - Tümü - AR - Doruk İlaj Turkia - lead";"120241230268710080";"CAMPAIGN_PAUSED";"LEAD_GENERATION";"150000";"IQ";"bilinmiyor";"facebook, instagram";"ulke + platform";"";"canli_hedefleme";""
"Doruk Hospital";"Instagram gönderisi: ‎في مستشفى دوروك نواصل دعم...";"120241224261790080";"Instagram gönderisi: ‎في مستشفى دوروك نواصل دعم...";"120241224258650080";"CAMPAIGN_PAUSED";"VISIT_INSTAGRAM_PROFILE";"";"AE, BH, DZ, IQ, KW, LY, MA, OM, QA, SA, TN";"bilinmiyor";"instagram";"ulke + platform";"";"canli_hedefleme";""
"Doruk Hospital";"Instagram gönderisi: Пациентка из Узбекистана...";"120241222781750080";"Instagram gönderisi: Пациентка из Узбекистана...";"120241222775040080";"CAMPAIGN_PAUSED";"VISIT_INSTAGRAM_PROFILE";"";"KG, KZ, UZ";"bilinmiyor";"instagram";"ulke + platform";"";"canli_hedefleme";""
"Doruk Hospital";"Serebral Palsi - Kırgısiztan,Tacikistan- genel";"120241213188390080";"Serebral Palsi - Çocuk FTR - Türki Cumhuriyetler - Tümü - RU - Lechenie v Turtsii - lead";"120241213188040080";"CAMPAIGN_PAUSED";"LEAD_GENERATION";"100000";"KG, TJ";"bilinmiyor";"facebook, instagram";"ulke + platform";"";"canli_hedefleme";""
"Doruk Hospital";"Serebral Palsi -gürcistan,belarus - genel";"120241213188380080";"Serebral Palsi - Çocuk FTR - Türki Cumhuriyetler - Tümü - RU - Lechenie v Turtsii - lead";"120241213188040080";"CAMPAIGN_PAUSED";"LEAD_GENERATION";"100000";"BY, GE";"bilinmiyor";"facebook, instagram";"ulke + platform";"";"canli_hedefleme";""
"Doruk Hospital";"Serebral Palsi - Kazakistan - genel";"120241213188120080";"Serebral Palsi - Çocuk FTR - Türki Cumhuriyetler - Tümü - RU - Lechenie v Turtsii - lead";"120241213188040080";"CAMPAIGN_PAUSED";"LEAD_GENERATION";"250000";"KZ";"bilinmiyor";"facebook, instagram";"ulke + platform";"";"canli_hedefleme";""
"Doruk Hospital";"Serebral Palsi -Özbekistan - genel - ios hedefli";"120241213188100080";"Serebral Palsi - Çocuk FTR - Türki Cumhuriyetler - Tümü - RU - Lechenie v Turtsii - lead";"120241213188040080";"CAMPAIGN_PAUSED";"LEAD_GENERATION";"100000";"UZ";"ios";"facebook, instagram";"ulke + isletim_sistemi + platform";"";"canli_hedefleme";""
"Doruk Hospital";"Serebral Palsi -Özbekistan - genel - android hedefli";"120241213188080080";"Serebral Palsi - Çocuk FTR - Türki Cumhuriyetler - Tümü - RU - Lechenie v Turtsii - lead";"120241213188040080";"CAMPAIGN_PAUSED";"LEAD_GENERATION";"100000";"UZ";"android";"facebook, instagram";"ulke + isletim_sistemi + platform";"";"canli_hedefleme";""
"Doruk Hospital";"FTR - genel - lead - cold - Kırgızistan,Tacikistan,Belarus,Gürcistan - kombine2 - Android hedefli - Kopya - Kopya";"120241183620740080";"Fizik Tedavi - Intensive FTR - Türki Cumhuriyetler - Tümü - RU - Lechenie v Turtsii - lead";"120232382033210080";"ACTIVE";"LEAD_GENERATION";"300000";"BY, GE, KG, TJ";"android";"facebook, instagram";"ulke + isletim_sistemi + platform";"";"canli_hedefleme";""
"Doruk Hospital";"FTR - genel - lead - cold - Kırgızistan,Tacikistan- kombine2 - iOS hedefli - Kopya";"120241183408140080";"Fizik Tedavi - Intensive FTR - Türki Cumhuriyetler - Tümü - RU - Lechenie v Turtsii - lead";"120232382033210080";"ACTIVE";"LEAD_GENERATION";"300000";"KG, TJ";"ios";"facebook, instagram";"ulke + isletim_sistemi + platform";"";"canli_hedefleme";""
"Doruk Hospital";"FTR - genel - lead - cold - özbekistan - kombine2 - Android hedefli - Kopya";"120241183245540080";"Fizik Tedavi - Intensive FTR - Türki Cumhuriyetler - Tümü - RU - Lechenie v Turtsii - lead";"120232382033210080";"ACTIVE";"LEAD_GENERATION";"250000";"UZ";"android";"facebook, instagram";"ulke + isletim_sistemi + platform";"";"canli_hedefleme";""
"Doruk Hospital";"Kanser Cerrahisi -Özbekistan - genel";"120241181036760080";"Cerrahi Onkoloji - Kanser Cerrahisi - Türki Cumhuriyetler - Tümü - RU - Lechenie v Turtsii - lead";"120239966244330080";"CAMPAIGN_PAUSED";"LEAD_GENERATION";"200000";"UZ";"bilinmiyor";"facebook, instagram";"ulke + platform";"";"canli_hedefleme";""
"Doruk Hospital";"Beyin tm cerrahisi - Kırgızistan,Tacikistan - genel - Kopya";"120241180898220080";"Cerrahi Onkoloji - Beyin Tm - Türki Cumhuriyetler - Tümü - RU - Lechenie v Turtsii - lead";"120238957563520080";"CAMPAIGN_PAUSED";"LEAD_GENERATION";"250000";"KG, TJ";"bilinmiyor";"facebook, instagram";"ulke + platform";"";"canli_hedefleme";""
"Doruk Hospital";"Instagram gönderisi: Многие пациенты спрашивают:...";"120240670215760080";"Instagram gönderisi: Многие пациенты спрашивают:...";"120240670215390080";"CAMPAIGN_PAUSED";"VISIT_INSTAGRAM_PROFILE";"";"KG, KZ, UZ";"bilinmiyor";"instagram";"ulke + platform";"";"canli_hedefleme";""
"Doruk Hospital";"Instagram gönderisi: Аппарат TrueBeam — одна из...";"120240102503710080";"Instagram gönderisi: Аппарат TrueBeam — одна из...";"120240102503470080";"CAMPAIGN_PAUSED";"VISIT_INSTAGRAM_PROFILE";"";"BY, GE, KG, KZ, TJ, UA, UZ";"bilinmiyor";"instagram";"ulke + platform";"";"canli_hedefleme";""
"Doruk Hospital";"Kanser cerrahisi - Fas - ios hedefli";"120240033814540080";"Cerrahi Onkoloji - Kanser Cerrahisi - Arap Bölgesi - Tümü - AR - Doruk İlaj Turkia - lead";"120239966050040080";"PAUSED";"LEAD_GENERATION";"160000";"MA";"ios";"facebook, instagram";"ulke + isletim_sistemi + platform";"";"canli_hedefleme";""
"Doruk Hospital";"Kanser cerrahisi - cezayir/tunus - ios hedefli";"120240033537630080";"Cerrahi Onkoloji - Kanser Cerrahisi - Arap Bölgesi - Tümü - AR - Doruk İlaj Turkia - lead";"120239966050040080";"PAUSED";"LEAD_GENERATION";"140000";"DZ, TN";"ios";"facebook, instagram";"ulke + isletim_sistemi + platform";"";"canli_hedefleme";""
"Doruk Hospital";"FTR - genel - lead - cold -belarus,gürcistan - kombine2 - iOS hedefli";"120240027593170080";"Fizik Tedavi - Intensive FTR - Türki Cumhuriyetler - Tümü - RU - Lechenie v Turtsii - lead";"120232382033210080";"ACTIVE";"LEAD_GENERATION";"300000";"BY, GE";"ios";"facebook, instagram";"ulke + isletim_sistemi + platform";"";"canli_hedefleme";""
"Doruk Hospital";"Kanser Cerrahisi - Kırgısiztan,Tacikistan- genel";"120239966408350080";"Cerrahi Onkoloji - Kanser Cerrahisi - Türki Cumhuriyetler - Tümü - RU - Lechenie v Turtsii - lead";"120239966244330080";"CAMPAIGN_PAUSED";"LEAD_GENERATION";"400000";"KG, TJ";"bilinmiyor";"facebook, instagram";"ulke + platform";"";"canli_hedefleme";""
"Doruk Hospital";"Kanser Cerrahisi -gürcistan,belarus - genel";"120239966384720080";"Cerrahi Onkoloji - Kanser Cerrahisi - Türki Cumhuriyetler - Tümü - RU - Lechenie v Turtsii - lead";"120239966244330080";"CAMPAIGN_PAUSED";"LEAD_GENERATION";"200000";"BY, GE";"bilinmiyor";"facebook, instagram";"ulke + platform";"";"canli_hedefleme";""
"Doruk Hospital";"Kanser Cerrahisi - Kazakistan - genel";"120239966244380080";"Cerrahi Onkoloji - Kanser Cerrahisi - Türki Cumhuriyetler - Tümü - RU - Lechenie v Turtsii - lead";"120239966244330080";"CAMPAIGN_PAUSED";"LEAD_GENERATION";"600000";"KZ";"bilinmiyor";"facebook, instagram";"ulke + platform";"";"canli_hedefleme";""
"Doruk Hospital";"Kanser cerrahisi - cezayir - genel";"120239966170980080";"Cerrahi Onkoloji - Kanser Cerrahisi - Arap Bölgesi - Tümü - AR - Doruk İlaj Turkia - lead";"120239966050040080";"PAUSED";"LEAD_GENERATION";"100000";"DZ";"bilinmiyor";"facebook, instagram";"ulke + platform";"";"canli_hedefleme";""
"Doruk Hospital";"Kanser cerrahisi - Fas - genel";"120239966169170080";"Cerrahi Onkoloji - Kanser Cerrahisi - Arap Bölgesi - Tümü - AR - Doruk İlaj Turkia - lead";"120239966050040080";"PAUSED";"LEAD_GENERATION";"100000";"MA";"bilinmiyor";"facebook, instagram";"ulke + platform";"";"canli_hedefleme";""
"Doruk Hospital";"Kanser cerrahisi - Irak - genel";"120239966159200080";"Cerrahi Onkoloji - Kanser Cerrahisi - Arap Bölgesi - Tümü - AR - Doruk İlaj Turkia - lead";"120239966050040080";"CAMPAIGN_PAUSED";"LEAD_GENERATION";"200000";"IQ";"bilinmiyor";"facebook, instagram";"ulke + platform";"";"canli_hedefleme";""
"Doruk Hospital";"Kanser cerrahisi - Suudi Arabistan - ios hedefli";"120239966147450080";"Cerrahi Onkoloji - Kanser Cerrahisi - Arap Bölgesi - Tümü - AR - Doruk İlaj Turkia - lead";"120239966050040080";"PAUSED";"LEAD_GENERATION";"150000";"SA";"ios";"facebook, instagram";"ulke + isletim_sistemi + platform";"";"canli_hedefleme";""
"Doruk Hospital";"Kanser cerrahisi - Libya - genel";"120239966050400080";"Cerrahi Onkoloji - Kanser Cerrahisi - Arap Bölgesi - Tümü - AR - Doruk İlaj Turkia - lead";"120239966050040080";"PAUSED";"LEAD_GENERATION";"150000";"LY";"bilinmiyor";"facebook, instagram";"ulke + platform";"";"canli_hedefleme";""
"Doruk Hospital";"FTR - genel - lead - cezayir/tunus -  kombine2 - ios model hedefli";"120239907238730080";"Fizik Tedavi - Intensive FTR - Arap Bölgesi - Tümü - AR - Doruk İlaj Turkia - lead";"120232435509150080";"PAUSED";"LEAD_GENERATION";"150000";"DZ, TN";"ios";"bilinmiyor";"ulke + isletim_sistemi";"";"canli_hedefleme";""
"Doruk Hospital";"FTR - genel - lead - fas -  kombine2 - ios model hedefli";"120239907238720080";"Fizik Tedavi - Intensive FTR - Arap Bölgesi - Tümü - AR - Doruk İlaj Turkia - lead";"120232435509150080";"PAUSED";"LEAD_GENERATION";"300000";"MA";"ios";"bilinmiyor";"ulke + isletim_sistemi";"";"canli_hedefleme";""
"Doruk Hospital";"Beyin tm cerrahisi - fas - ios hedefli";"120239906758200080";"Cerrahi Onkoloji - Beyin Tm - Arap Bölgesi - Tümü - AR - Doruk İlaj Turkia - lead";"120238963050730080";"PAUSED";"LEAD_GENERATION";"100000";"MA";"ios";"facebook, instagram";"ulke + isletim_sistemi + platform";"";"canli_hedefleme";""
"Doruk Hospital";"Beyin tm cerrahisi - cezayir/tunus- ios hedefli";"120239906708290080";"Cerrahi Onkoloji - Beyin Tm - Arap Bölgesi - Tümü - AR - Doruk İlaj Turkia - lead";"120238963050730080";"PAUSED";"LEAD_GENERATION";"100000";"DZ, TN";"ios";"facebook, instagram";"ulke + isletim_sistemi + platform";"";"canli_hedefleme";""
"Doruk Hospital";"Beyin tm cerrahisi - gürcistan,belarus - genel";"120239906586900080";"Cerrahi Onkoloji - Beyin Tm - Türki Cumhuriyetler - Tümü - RU - Lechenie v Turtsii - lead";"120238957563520080";"CAMPAIGN_PAUSED";"LEAD_GENERATION";"200000";"BY, GE";"bilinmiyor";"facebook, instagram";"ulke + platform";"";"canli_hedefleme";""
"Doruk Hospital";"Beyin tm cerrahisi -Özbekistan - genel";"120239906344150080";"Cerrahi Onkoloji - Beyin Tm - Türki Cumhuriyetler - Tümü - RU - Lechenie v Turtsii - lead";"120238957563520080";"CAMPAIGN_PAUSED";"LEAD_GENERATION";"100000";"UZ";"bilinmiyor";"facebook, instagram";"ulke + platform";"";"canli_hedefleme";""
"Doruk Hospital";"Beyin tm cerrahisi - Kazakistan - genel";"120239906175440080";"Cerrahi Onkoloji - Beyin Tm - Türki Cumhuriyetler - Tümü - RU - Lechenie v Turtsii - lead";"120238957563520080";"CAMPAIGN_PAUSED";"LEAD_GENERATION";"350000";"KZ";"bilinmiyor";"facebook, instagram";"ulke + platform";"";"canli_hedefleme";""
"Doruk Hospital";"Beyin tm cerrahisi - Suudi Arabistan - genel";"120239905979650080";"Cerrahi Onkoloji - Beyin Tm - Arap Bölgesi - Tümü - AR - Doruk İlaj Turkia - lead";"120238963050730080";"PAUSED";"LEAD_GENERATION";"150000";"SA";"bilinmiyor";"facebook, instagram";"ulke + platform";"";"canli_hedefleme";""
"Doruk Hospital";"Beyin tm cerrahisi - Libya - genel";"120239905936890080";"Cerrahi Onkoloji - Beyin Tm - Arap Bölgesi - Tümü - AR - Doruk İlaj Turkia - lead";"120238963050730080";"PAUSED";"LEAD_GENERATION";"100000";"LY";"bilinmiyor";"facebook, instagram";"ulke + platform";"";"canli_hedefleme";""
"Doruk Hospital";"Beyin tm cerrahisi - Irak - genel";"120239905853290080";"Cerrahi Onkoloji - Beyin Tm - Arap Bölgesi - Tümü - AR - Doruk İlaj Turkia - lead";"120238963050730080";"CAMPAIGN_PAUSED";"LEAD_GENERATION";"250000";"IQ";"bilinmiyor";"facebook, instagram";"ulke + platform";"";"canli_hedefleme";""
"Doruk Hospital";"Instagram gönderisi: 🎥 Полностью эндоскопическая...";"120239871106950080";"Instagram gönderisi: 🎥 Полностью эндоскопическая...";"120239871106690080";"CAMPAIGN_PAUSED";"VISIT_INSTAGRAM_PROFILE";"";"KG, KZ, UZ";"bilinmiyor";"instagram";"ulke + platform";"";"canli_hedefleme";""
"Doruk Hospital";"Instagram gönderisi: ‎🎥 جراحة الديسك القطني...";"120239871069120080";"Instagram gönderisi: ‎🎥 جراحة الديسك القطني...";"120239871068750080";"CAMPAIGN_PAUSED";"VISIT_INSTAGRAM_PROFILE";"";"AE, BH, KW, LB, LY, OM, QA";"bilinmiyor";"instagram";"ulke + platform";"";"canli_hedefleme";""
"Doruk Hospital";"Instagram gönderisi: ‎🎥 جراحة الديسك القطني...";"120239871056740080";"Instagram gönderisi: ‎🎥 جراحة الديسك القطني...";"120239871056440080";"CAMPAIGN_PAUSED";"VISIT_INSTAGRAM_PROFILE";"";"IQ";"bilinmiyor";"instagram";"ulke + platform";"";"canli_hedefleme";""
"Doruk Hospital";"Instagram gönderisi: ‎التكرار الخاطئ أثناء العلاج...";"120239741767170080";"Instagram gönderisi: ‎التكرار الخاطئ أثناء العلاج...";"120239741765610080";"CAMPAIGN_PAUSED";"VISIT_INSTAGRAM_PROFILE";"";"AE, BH, KW, LB, LY, OM, QA";"bilinmiyor";"instagram";"ulke + platform";"";"canli_hedefleme";""
"Doruk Hospital";"Instagram gönderisi: ‎التكرار الخاطئ أثناء العلاج...";"120239741552670080";"Instagram gönderisi: ‎التكرار الخاطئ أثناء العلاج...";"120239741547190080";"CAMPAIGN_PAUSED";"VISIT_INSTAGRAM_PROFILE";"";"IQ";"bilinmiyor";"instagram";"ulke + platform";"";"canli_hedefleme";""
"Doruk Hospital";"FTR - genel - lead - Irak -  kombine2 - ios model hedefli - Kopya - Kopya";"120239613975570080";"Fizik Tedavi - Intensive FTR - Arap Bölgesi - Tümü - AR - Doruk İlaj Turkia - lead";"120232435509150080";"CAMPAIGN_PAUSED";"LEAD_GENERATION";"100000";"IQ";"ios";"bilinmiyor";"ulke + isletim_sistemi";"";"canli_hedefleme";""
"Doruk Hospital";"Acente - Kazakistan";"120239596593740080";"Acenta - Acente - İnfluencer - Tümü - RU - Lechenie v Turtsii - lead";"120239596286080080";"CAMPAIGN_PAUSED";"LEAD_GENERATION";"120000";"KZ";"bilinmiyor";"bilinmiyor";"ulke";"";"canli_hedefleme";""
"Doruk Hospital";"Acente - Kırgızistan";"120239596561060080";"Acenta - Acente - İnfluencer - Tümü - RU - Lechenie v Turtsii - lead";"120239596286080080";"CAMPAIGN_PAUSED";"LEAD_GENERATION";"40000";"KG";"bilinmiyor";"bilinmiyor";"ulke";"";"canli_hedefleme";""
"Doruk Hospital";"Influencer";"120239596286170080";"Acenta - Acente - İnfluencer - Tümü - RU - Lechenie v Turtsii - lead";"120239596286080080";"PAUSED";"LEAD_GENERATION";"5000";"TR";"bilinmiyor";"bilinmiyor";"ulke";"";"canli_hedefleme";""
"Doruk Hospital";"Acente - Özbekistan";"120239596286070080";"Acenta - Acente - İnfluencer - Tümü - RU - Lechenie v Turtsii - lead";"120239596286080080";"CAMPAIGN_PAUSED";"LEAD_GENERATION";"50000";"UZ";"bilinmiyor";"bilinmiyor";"ulke";"";"canli_hedefleme";""
"Doruk Hospital";"Acenta - Umman";"120239595806110080";"Acenta - Acente - İnfluencer - Tümü -  AR - Doruk İlaj Turkia - lead";"120239595260030080";"CAMPAIGN_PAUSED";"LEAD_GENERATION";"80000";"OM";"bilinmiyor";"bilinmiyor";"ulke";"";"canli_hedefleme";""
"Doruk Hospital";"Acenta - Bahreyn";"120239595787350080";"Acenta - Acente - İnfluencer - Tümü -  AR - Doruk İlaj Turkia - lead";"120239595260030080";"PAUSED";"LEAD_GENERATION";"40000";"BH";"bilinmiyor";"bilinmiyor";"ulke";"";"canli_hedefleme";""
"Doruk Hospital";"Acenta - Katar";"120239595741620080";"Acenta - Acente - İnfluencer - Tümü -  AR - Doruk İlaj Turkia - lead";"120239595260030080";"CAMPAIGN_PAUSED";"LEAD_GENERATION";"40000";"QA";"bilinmiyor";"bilinmiyor";"ulke";"";"canli_hedefleme";""
"Doruk Hospital";"Acenta - Kuveyt";"120239595665210080";"Acenta - Acente - İnfluencer - Tümü -  AR - Doruk İlaj Turkia - lead";"120239595260030080";"CAMPAIGN_PAUSED";"LEAD_GENERATION";"80000";"KW";"bilinmiyor";"bilinmiyor";"ulke";"";"canli_hedefleme";""
"Doruk Hospital";"Influencer";"120239595260200080";"Acenta - Acente - İnfluencer - Tümü -  AR - Doruk İlaj Turkia - lead";"120239595260030080";"PAUSED";"LEAD_GENERATION";"5000";"TR";"bilinmiyor";"bilinmiyor";"ulke";"";"canli_hedefleme";""
"Doruk Hospital";"Acenta - Irak";"120239595260190080";"Acenta - Acente - İnfluencer - Tümü -  AR - Doruk İlaj Turkia - lead";"120239595260030080";"CAMPAIGN_PAUSED";"LEAD_GENERATION";"80000";"IQ";"bilinmiyor";"bilinmiyor";"ulke";"";"canli_hedefleme";""
"Doruk Hospital";"Instagram gönderisi: ‎خلّينا نحكي بصراحة: العلاج...";"120239446660580080";"Instagram gönderisi: ‎خلّينا نحكي بصراحة: العلاج...";"120239446660160080";"CAMPAIGN_PAUSED";"VISIT_INSTAGRAM_PROFILE";"";"AE, BH, KW, LB, LY, OM, QA";"bilinmiyor";"instagram";"ulke + platform";"";"canli_hedefleme";""
"Doruk Hospital";"Instagram gönderisi: ‎خلّينا نحكي بصراحة: العلاج...";"120239446651340080";"Instagram gönderisi: ‎خلّينا نحكي بصراحة: العلاج...";"120239446651200080";"CAMPAIGN_PAUSED";"VISIT_INSTAGRAM_PROFILE";"";"IQ";"bilinmiyor";"instagram";"ulke + platform";"";"canli_hedefleme";""
"Doruk Hospital";"Instagram gönderisi: ‎⁨	أخصائي جراحة الدماغ...";"120239446630420080";"Instagram gönderisi: ‎⁨	أخصائي جراحة الدماغ...";"120239446630200080";"CAMPAIGN_PAUSED";"VISIT_INSTAGRAM_PROFILE";"";"AE, BH, KW, LB, LY, OM, QA";"bilinmiyor";"instagram";"ulke + platform";"";"canli_hedefleme";""
"Doruk Hospital";"Instagram gönderisi: Наш специалист по...";"120239445935570080";"Instagram gönderisi: Наш специалист по...";"120239445935120080";"CAMPAIGN_PAUSED";"VISIT_INSTAGRAM_PROFILE";"";"TR";"bilinmiyor";"instagram";"ulke + platform";"";"canli_hedefleme";""
"Doruk Hospital";"FTR - genel - lead - cold - TuurkiyedeRUftr - kombine2";"120239254448520080";"Fizik Tedavi - Intensive FTR - Türki Cumhuriyetler - Tümü - RU - Lechenie v Turtsii - lead";"120232382033210080";"PAUSED";"LEAD_GENERATION";"250000";"bilinmiyor";"bilinmiyor";"bilinmiyor";"belirsiz";"";"canli_hedefleme_eksik";""
"Doruk Hospital";"FTR - genel - lead - TürkiyedekiFTRhastaları -  kombine2";"120239252686980080";"Fizik Tedavi - Intensive FTR - Arap Bölgesi - Tümü - AR - Doruk İlaj Turkia - lead";"120232435509150080";"PAUSED";"LEAD_GENERATION";"150000";"bilinmiyor";"bilinmiyor";"bilinmiyor";"belirsiz";"";"canli_hedefleme_eksik";""
"Doruk Hospital";"Acenta";"120239221312120080";"Acente - İnfluencer - AR - lead";"120239212766730080";"PAUSED";"LEAD_GENERATION";"5000";"TR";"bilinmiyor";"bilinmiyor";"ulke";"";"canli_hedefleme";""
"Doruk Hospital";"Influencer";"120239212766710080";"Acente - İnfluencer - AR - lead";"120239212766730080";"PAUSED";"LEAD_GENERATION";"5000";"TR";"bilinmiyor";"bilinmiyor";"ulke";"";"canli_hedefleme";""
"Doruk Hospital";"Acente";"120239212288270080";"Acente - İnfluencer - RU - lead";"120239212288200080";"PAUSED";"LEAD_GENERATION";"5000";"TR";"bilinmiyor";"bilinmiyor";"ulke";"";"canli_hedefleme";""
"Doruk Hospital";"Influencer";"120239212288190080";"Acente - İnfluencer - RU - lead";"120239212288200080";"PAUSED";"LEAD_GENERATION";"5000";"TR";"bilinmiyor";"bilinmiyor";"ulke";"";"canli_hedefleme";""
"Doruk Hospital";"Influencer";"120239171538670080";"Acente - İnfluencer - EN - lead";"120239171252160080";"PAUSED";"LEAD_GENERATION";"5000";"TR";"bilinmiyor";"bilinmiyor";"ulke";"";"canli_hedefleme";""
"Doruk Hospital";"Acente";"120239171252170080";"Acente - İnfluencer - EN - lead";"120239171252160080";"PAUSED";"LEAD_GENERATION";"5000";"TR";"bilinmiyor";"bilinmiyor";"ulke";"";"canli_hedefleme";""
"Doruk Hospital";"Beyin tm cerrahisi - Kazakistan - Androıd";"120238974538240080";"Cerrahi Onkoloji - Beyin Tm - Türki Cumhuriyetler - Tümü - RU - Lechenie v Turtsii - lead";"120238957563520080";"PAUSED";"LEAD_GENERATION";"150000";"KZ";"android";"facebook, instagram";"ulke + isletim_sistemi + platform";"";"canli_hedefleme";""
"Doruk Hospital";"FTR - genel - lead - cold - özbekistan- kombine2 - iOS hedefli";"120238972513950080";"Fizik Tedavi - Intensive FTR - Türki Cumhuriyetler - Tümü - RU - Lechenie v Turtsii - lead";"120232382033210080";"ACTIVE";"LEAD_GENERATION";"250000";"UZ";"ios";"facebook, instagram";"ulke + isletim_sistemi + platform";"";"canli_hedefleme";""
"Doruk Hospital";"Beyin tm cerrahisi - Katar,Kuveyt,Bahreyn - Android";"120238966556300080";"Cerrahi Onkoloji - Beyin Tm - Arap Bölgesi - Tümü - AR - Doruk İlaj Turkia - lead";"120238963050730080";"PAUSED";"LEAD_GENERATION";"25000";"BH, KW, QA";"android";"facebook, instagram";"ulke + isletim_sistemi + platform";"";"canli_hedefleme";""
"Doruk Hospital";"Beyin tm cerrahisi - Irak,Libya - Android";"120238966329270080";"Cerrahi Onkoloji - Beyin Tm - Arap Bölgesi - Tümü - AR - Doruk İlaj Turkia - lead";"120238963050730080";"PAUSED";"LEAD_GENERATION";"300000";"IQ, LY";"android";"facebook, instagram";"ulke + isletim_sistemi + platform";"";"canli_hedefleme";""
"Doruk Hospital";"Beyin tm cerrahisi - Suudi Arabistan - iOS";"120238963287590080";"Cerrahi Onkoloji - Beyin Tm - Arap Bölgesi - Tümü - AR - Doruk İlaj Turkia - lead";"120238963050730080";"PAUSED";"LEAD_GENERATION";"100000";"SA";"ios";"facebook, instagram";"ulke + isletim_sistemi + platform";"";"canli_hedefleme";""
"Doruk Hospital";"Beyin tm cerrahisi - Libya - iOS";"120238963195710080";"Cerrahi Onkoloji - Beyin Tm - Arap Bölgesi - Tümü - AR - Doruk İlaj Turkia - lead";"120238963050730080";"PAUSED";"LEAD_GENERATION";"100000";"LY";"ios";"facebook, instagram";"ulke + isletim_sistemi + platform";"";"canli_hedefleme";""
"Doruk Hospital";"Beyin tm cerrahisi - BAE - iOS";"120238963143990080";"Cerrahi Onkoloji - Beyin Tm - Arap Bölgesi - Tümü - AR - Doruk İlaj Turkia - lead";"120238963050730080";"PAUSED";"LEAD_GENERATION";"100000";"AE";"ios";"facebook, instagram";"ulke + isletim_sistemi + platform";"";"canli_hedefleme";""
"Doruk Hospital";"Beyin tm cerrahisi - Irak - iOS";"120238963143980080";"Cerrahi Onkoloji - Beyin Tm - Arap Bölgesi - Tümü - AR - Doruk İlaj Turkia - lead";"120238963050730080";"PAUSED";"LEAD_GENERATION";"400000";"IQ";"ios";"facebook, instagram";"ulke + isletim_sistemi + platform";"";"canli_hedefleme";""
"Doruk Hospital";"Beyin tm cerrahisi - Katar,Kuveyt,Bahreyn - iOS";"120238963050880080";"Cerrahi Onkoloji - Beyin Tm - Arap Bölgesi - Tümü - AR - Doruk İlaj Turkia - lead";"120238963050730080";"PAUSED";"LEAD_GENERATION";"200000";"BH, KW, QA";"ios";"facebook, instagram";"ulke + isletim_sistemi + platform";"";"canli_hedefleme";""
"Doruk Hospital";"Beyin tm cerrahisi - Kırgızistan,Özbekistan,Tacikistan - Android";"120238957753430080";"Cerrahi Onkoloji - Beyin Tm - Türki Cumhuriyetler - Tümü - RU - Lechenie v Turtsii - lead";"120238957563520080";"PAUSED";"LEAD_GENERATION";"150000";"KG, KZ, TJ, UZ";"android";"facebook, instagram";"ulke + isletim_sistemi + platform";"";"canli_hedefleme";""
"Doruk Hospital";"Beyin tm cerrahisi - Kırgızistan,Özbekistan,Tacikistan - iOS - Kopya";"120238957709120080";"Cerrahi Onkoloji - Beyin Tm - Türki Cumhuriyetler - Tümü - RU - Lechenie v Turtsii - lead";"120238957563520080";"PAUSED";"LEAD_GENERATION";"250000";"KG, TJ, UZ";"ios";"facebook, instagram";"ulke + isletim_sistemi + platform";"";"canli_hedefleme";""
"Doruk Hospital";"Beyin tm cerrahisi - Kazakistan - iOS";"120238957563500080";"Cerrahi Onkoloji - Beyin Tm - Türki Cumhuriyetler - Tümü - RU - Lechenie v Turtsii - lead";"120238957563520080";"PAUSED";"LEAD_GENERATION";"350000";"KZ";"ios";"facebook, instagram";"ulke + isletim_sistemi + platform";"";"canli_hedefleme";""
"Doruk Hospital";"Instagram gönderisi: ‎بعد إجراء مقابلة تفصيلية مع...";"120238893242160080";"Instagram gönderisi: ‎بعد إجراء مقابلة تفصيلية مع...";"120238893241650080";"CAMPAIGN_PAUSED";"VISIT_INSTAGRAM_PROFILE";"";"bilinmiyor";"bilinmiyor";"instagram";"platform";"";"canli_hedefleme_eksik";""
"Doruk Hospital";"Instagram gönderisi: ‎يرجى التواصل معنا لتقييم...";"120238893239020080";"Instagram gönderisi: ‎يرجى التواصل معنا لتقييم...";"120238893238250080";"CAMPAIGN_PAUSED";"VISIT_INSTAGRAM_PROFILE";"";"bilinmiyor";"bilinmiyor";"instagram";"platform";"";"canli_hedefleme_eksik";""
"Doruk Hospital";"Bahreyn - Umman Whatsapp IOS luks - Kopya";"120238888789550080";"Fizik Tedavi - Intensive FTR - Arap Bölgesi - Tümü - AR - Doruk İlaj Turkia - Whatsapp";"120238651325780080";"ACTIVE";"CONVERSATIONS";"350000";"BH, OM";"ios";"bilinmiyor";"ulke + isletim_sistemi";"";"canli_hedefleme";""
"Doruk Hospital";"intraoperatif mr bahreyn umman telefon seçimli - insta - Kopya";"120238884000660080";"Beyin Cerrahisi Etkileşim deneme";"120238877946300080";"CAMPAIGN_PAUSED";"PROFILE_AND_PAGE_ENGAGEMENT";"200000";"BH, OM";"ios";"instagram";"ulke + isletim_sistemi + platform";"";"canli_hedefleme";""
"Doruk Hospital";"intraoperatif mr libya telefon seçimli - insta";"120238878086950080";"Beyin Cerrahisi Etkileşim deneme";"120238877946300080";"CAMPAIGN_PAUSED";"PROFILE_AND_PAGE_ENGAGEMENT";"100000";"LY";"ios";"instagram";"ulke + isletim_sistemi + platform";"";"canli_hedefleme";""
"Doruk Hospital";"intraoperatif mr ırak telefon seçimli - insta";"120238878036900080";"Beyin Cerrahisi Etkileşim deneme";"120238877946300080";"CAMPAIGN_PAUSED";"PROFILE_AND_PAGE_ENGAGEMENT";"200000";"bilinmiyor";"ios";"instagram";"isletim_sistemi + platform";"";"canli_hedefleme_eksik";""
"Doruk Hospital";"intraoperatif mr suudi arabistan telefon seçimli - insta";"120238878008000080";"Beyin Cerrahisi Etkileşim deneme";"120238877946300080";"CAMPAIGN_PAUSED";"PROFILE_AND_PAGE_ENGAGEMENT";"60000";"SA";"ios";"instagram";"ulke + isletim_sistemi + platform";"";"canli_hedefleme";""
"Doruk Hospital";"intraoperatif mr BAE telefon seçimli - insta";"120238878007990080";"Beyin Cerrahisi Etkileşim deneme";"120238877946300080";"CAMPAIGN_PAUSED";"PROFILE_AND_PAGE_ENGAGEMENT";"100000";"AE, OM";"ios";"instagram";"ulke + isletim_sistemi + platform";"";"canli_hedefleme";""
"Doruk Hospital";"intraoperatif mr kuveyt katar telefon seçimli - insta";"120238877946290080";"Beyin Cerrahisi Etkileşim deneme";"120238877946300080";"CAMPAIGN_PAUSED";"PROFILE_AND_PAGE_ENGAGEMENT";"200000";"BH, KW, QA";"ios";"instagram";"ulke + isletim_sistemi + platform";"";"canli_hedefleme";""
"Doruk Hospital";"FTR - genel - lead - Suudi Arabistan -  kombine2 - ios model hedefli - Kopya";"120238853474160080";"Fizik Tedavi - Intensive FTR - Arap Bölgesi - Tümü - AR - Doruk İlaj Turkia - lead";"120232435509150080";"CAMPAIGN_PAUSED";"LEAD_GENERATION";"60000";"SA";"ios";"bilinmiyor";"ulke + isletim_sistemi";"";"canli_hedefleme";""
"Doruk Hospital";"FTR - genel - lead - Libya -  kombine2 - ios model hedefli";"120238852926200080";"Fizik Tedavi - Intensive FTR - Arap Bölgesi - Tümü - AR - Doruk İlaj Turkia - lead";"120232435509150080";"CAMPAIGN_PAUSED";"LEAD_GENERATION";"60000";"LY";"ios";"facebook, instagram";"ulke + isletim_sistemi + platform";"";"canli_hedefleme";""
"Doruk Hospital";"FTR - genel - lead - cold - özbekistan - kombine2 - Telefon hedefli";"120238850370440080";"Fizik Tedavi - Intensive FTR - Türki Cumhuriyetler - Tümü - RU - Lechenie v Turtsii - lead";"120232382033210080";"PAUSED";"LEAD_GENERATION";"300000";"KG, TJ, UZ";"ios";"facebook, instagram";"ulke + isletim_sistemi + platform";"";"canli_hedefleme";""
"Doruk Hospital";"Irak Whatsapp IOS luks";"120238817166610080";"Fizik Tedavi - Intensive FTR - Arap Bölgesi - Tümü - AR - Doruk İlaj Turkia - Whatsapp";"120238651325780080";"PAUSED";"CONVERSATIONS";"150000";"bilinmiyor";"ios";"bilinmiyor";"isletim_sistemi";"";"canli_hedefleme_eksik";""
"Doruk Hospital";"Kuveyt,Katar Whatsapp android luks";"120238816571650080";"Fizik Tedavi - Intensive FTR - Arap Bölgesi - Tümü - AR - Doruk İlaj Turkia - Whatsapp";"120238651325780080";"ACTIVE";"CONVERSATIONS";"300000";"BH, KW, QA";"android";"bilinmiyor";"ulke + isletim_sistemi";"";"canli_hedefleme";""
"Doruk Hospital";"Katar Whatsapp android luks";"120238816571420080";"Fizik Tedavi - Intensive FTR - Arap Bölgesi - Tümü - AR - Doruk İlaj Turkia - Whatsapp";"120238651325780080";"PAUSED";"CONVERSATIONS";"50000";"QA";"android";"bilinmiyor";"ulke + isletim_sistemi";"";"canli_hedefleme";""
"Doruk Hospital";"Kuveyt Whatsapp IOS luks";"120238816571400080";"Fizik Tedavi - Intensive FTR - Arap Bölgesi - Tümü - AR - Doruk İlaj Turkia - Whatsapp";"120238651325780080";"ACTIVE";"CONVERSATIONS";"1100000";"KW";"ios";"bilinmiyor";"ulke + isletim_sistemi";"";"canli_hedefleme";""
"Doruk Hospital";"Katar Whatsapp IOS luks";"120238816571390080";"Fizik Tedavi - Intensive FTR - Arap Bölgesi - Tümü - AR - Doruk İlaj Turkia - Whatsapp";"120238651325780080";"ACTIVE";"CONVERSATIONS";"300000";"QA";"ios";"bilinmiyor";"ulke + isletim_sistemi";"";"canli_hedefleme";""
"Doruk Hospital";"Bahreyn - Umman Whatsapp android luks";"120238816549230080";"Fizik Tedavi - Intensive FTR - Arap Bölgesi - Tümü - AR - Doruk İlaj Turkia - Whatsapp";"120238651325780080";"PAUSED";"CONVERSATIONS";"50000";"BH, OM";"android";"bilinmiyor";"ulke + isletim_sistemi";"";"canli_hedefleme";""
"Doruk Hospital";"Bahreyn Whatsapp IOS luks";"120238816549170080";"Fizik Tedavi - Intensive FTR - Arap Bölgesi - Tümü - AR - Doruk İlaj Turkia - Whatsapp";"120238651325780080";"PAUSED";"CONVERSATIONS";"200000";"BH";"ios";"bilinmiyor";"ulke + isletim_sistemi";"";"canli_hedefleme";""
"Doruk Hospital";"BAE Whatsapp IOS luks";"120238816549140080";"Fizik Tedavi - Intensive FTR - Arap Bölgesi - Tümü - AR - Doruk İlaj Turkia - Whatsapp";"120238651325780080";"ACTIVE";"CONVERSATIONS";"450000";"AE";"ios";"bilinmiyor";"ulke + isletim_sistemi";"";"canli_hedefleme";""
"Doruk Hospital";"BAE Whatsapp android luks";"120238816548930080";"Fizik Tedavi - Intensive FTR - Arap Bölgesi - Tümü - AR - Doruk İlaj Turkia - Whatsapp";"120238651325780080";"PAUSED";"CONVERSATIONS";"150000";"AE";"android";"bilinmiyor";"ulke + isletim_sistemi";"";"canli_hedefleme";""
"Doruk Hospital";"Umman Whatsapp android luks - Kopya";"120238816461850080";"Fizik Tedavi - Intensive FTR - Arap Bölgesi - Tümü - AR - Doruk İlaj Turkia - Whatsapp";"120238651325780080";"PAUSED";"CONVERSATIONS";"50000";"OM";"android";"bilinmiyor";"ulke + isletim_sistemi";"";"canli_hedefleme";""
"Doruk Hospital";"Umman Whatsapp IOS luks";"120238816047430080";"Fizik Tedavi - Intensive FTR - Arap Bölgesi - Tümü - AR - Doruk İlaj Turkia - Whatsapp";"120238651325780080";"PAUSED";"CONVERSATIONS";"200000";"OM";"ios";"bilinmiyor";"ulke + isletim_sistemi";"";"canli_hedefleme";""
"Doruk Hospital";"Umman Whatsapp Old lead WP (%10 benzer kitle)";"120238724228340080";"Fizik Tedavi - Intensive FTR - Arap Bölgesi - Tümü - AR - Doruk İlaj Turkia - Whatsapp";"120238651325780080";"PAUSED";"CONVERSATIONS";"200000";"OM";"bilinmiyor";"bilinmiyor";"ulke";"";"canli_hedefleme";""
"Doruk Hospital";"BAE Whatsapp Old lead WP (%10 benzer kitle)";"120238723887950080";"Fizik Tedavi - Intensive FTR - Arap Bölgesi - Tümü - AR - Doruk İlaj Turkia - Whatsapp";"120238651325780080";"PAUSED";"CONVERSATIONS";"200000";"AE";"bilinmiyor";"bilinmiyor";"ulke";"";"canli_hedefleme";""
"Doruk Hospital";"Katar Whatsapp Old lead WP (%10 benzer kitle)";"120238723887940080";"Fizik Tedavi - Intensive FTR - Arap Bölgesi - Tümü - AR - Doruk İlaj Turkia - Whatsapp";"120238651325780080";"PAUSED";"CONVERSATIONS";"200000";"QA";"bilinmiyor";"bilinmiyor";"ulke";"";"canli_hedefleme";""
"Doruk Hospital";"Bahreyn Whatsapp Old lead WP (%10 benzer kitle) - Kopya - Kopya";"120238723887930080";"Fizik Tedavi - Intensive FTR - Arap Bölgesi - Tümü - AR - Doruk İlaj Turkia - Whatsapp";"120238651325780080";"PAUSED";"CONVERSATIONS";"200000";"BH";"bilinmiyor";"bilinmiyor";"ulke";"";"canli_hedefleme";""
"Doruk Hospital";"Kuveyt Whatsapp Old lead WP (%10 benzer kitle)";"120238692949270080";"Fizik Tedavi - Intensive FTR - Arap Bölgesi - Tümü - AR - Doruk İlaj Turkia - Whatsapp";"120238651325780080";"PAUSED";"CONVERSATIONS";"500000";"KW";"bilinmiyor";"bilinmiyor";"ulke";"";"canli_hedefleme";""
"Doruk Hospital";"Arap Old lead %10 benzer tum korfez FTR TV Trafik";"120238692652220080";"Trafik - Fizik Tedavi - Intensive FTR - Arap Bölgesi - Tümü - AR - Doruk İlaj Turkia";"120236230340950080";"CAMPAIGN_PAUSED";"PROFILE_VISIT";"300000";"AE, BH, KW, OM, QA";"bilinmiyor";"bilinmiyor";"ulke";"";"canli_hedefleme";""
"Doruk Hospital";"Bahreyn - FTR TV - Trafik TV";"120238690675060080";"Arapça FTR Etkileşim Kampanyası";"120233869003450080";"CAMPAIGN_PAUSED";"PROFILE_AND_PAGE_ENGAGEMENT";"100000";"BH";"bilinmiyor";"bilinmiyor";"ulke";"";"canli_hedefleme";""
"Doruk Hospital";"Kuveyt - FTR TV - Trafik";"120238690669730080";"Arapça FTR Etkileşim Kampanyası";"120233869003450080";"CAMPAIGN_PAUSED";"PROFILE_AND_PAGE_ENGAGEMENT";"100000";"KW";"bilinmiyor";"bilinmiyor";"ulke";"";"canli_hedefleme";""
"Doruk Hospital";"Umman - FTR TV - Trafik TV";"120238690669270080";"Arapça FTR Etkileşim Kampanyası";"120233869003450080";"CAMPAIGN_PAUSED";"PROFILE_AND_PAGE_ENGAGEMENT";"100000";"OM";"bilinmiyor";"bilinmiyor";"ulke";"";"canli_hedefleme";""
"Doruk Hospital";"BAE - FTR TV - Trafik";"120238690554950080";"Arapça FTR Etkileşim Kampanyası";"120233869003450080";"CAMPAIGN_PAUSED";"PROFILE_AND_PAGE_ENGAGEMENT";"100000";"AE";"bilinmiyor";"bilinmiyor";"ulke";"";"canli_hedefleme";""
"Doruk Hospital";"FTR - genel - lead - cold - kırgızistan - kombine2";"120238630159820080";"Fizik Tedavi - Intensive FTR - Türki Cumhuriyetler - Tümü - RU - Lechenie v Turtsii - lead";"120232382033210080";"PAUSED";"LEAD_GENERATION";"250000";"KG";"bilinmiyor";"facebook, instagram";"ulke + platform";"";"canli_hedefleme";""
"Doruk Hospital";"FTR - genel - lead - cold - özbekistan - kombine2";"120238630159800080";"Fizik Tedavi - Intensive FTR - Türki Cumhuriyetler - Tümü - RU - Lechenie v Turtsii - lead";"120232382033210080";"PAUSED";"LEAD_GENERATION";"150000";"bilinmiyor";"bilinmiyor";"facebook, instagram";"platform";"";"canli_hedefleme_eksik";""
"Doruk Hospital";"FTR - genel - lead - cold - kazakistan - kombine2";"120238630159690080";"Fizik Tedavi - Intensive FTR - Türki Cumhuriyetler - Tümü - RU - Lechenie v Turtsii - lead";"120232382033210080";"ACTIVE";"LEAD_GENERATION";"900000";"KZ";"bilinmiyor";"facebook, instagram";"ulke + platform";"";"canli_hedefleme";""
"Doruk Hospital";"FTR - genel - lead - BAE -  kombine2 - cold";"120238515155830080";"Fizik Tedavi - Intensive FTR - Arap Bölgesi - Tümü - AR - Doruk İlaj Turkia - lead";"120232435509150080";"PAUSED";"LEAD_GENERATION";"400000";"AE";"bilinmiyor";"facebook, instagram";"ulke + platform";"";"canli_hedefleme";""
"Doruk Hospital";"FTR - genel - lead - Bahreyn - Kombine2 - cold";"120238515155710080";"Fizik Tedavi - Intensive FTR - Arap Bölgesi - Tümü - AR - Doruk İlaj Turkia - lead";"120232435509150080";"PAUSED";"LEAD_GENERATION";"150000";"BH";"bilinmiyor";"facebook, instagram";"ulke + platform";"";"canli_hedefleme";""
"Doruk Hospital";"FTR - genel - lead - Katar - Kombine2 - Cold";"120238515155440080";"Fizik Tedavi - Intensive FTR - Arap Bölgesi - Tümü - AR - Doruk İlaj Turkia - lead";"120232435509150080";"PAUSED";"LEAD_GENERATION";"400000";"QA";"bilinmiyor";"bilinmiyor";"ulke";"";"canli_hedefleme";""
"Doruk Hospital";"FTR - genel - lead - Umman - Kombine2 - Cold";"120238515155430080";"Fizik Tedavi - Intensive FTR - Arap Bölgesi - Tümü - AR - Doruk İlaj Turkia - lead";"120232435509150080";"PAUSED";"LEAD_GENERATION";"200000";"OM";"bilinmiyor";"bilinmiyor";"ulke";"";"canli_hedefleme";""
"Doruk Hospital";"FTR - genel - lead - Kuveyt - Kombine2 - Cold";"120238508917660080";"Fizik Tedavi - Intensive FTR - Arap Bölgesi - Tümü - AR - Doruk İlaj Turkia - lead";"120232435509150080";"PAUSED";"LEAD_GENERATION";"700000";"KW";"bilinmiyor";"facebook, instagram";"ulke + platform";"";"canli_hedefleme";""
"Doruk Hospital";"FTR - genel - lead - TV - cold - kırgızistan";"120238292604160080";"Fizik Tedavi - Intensive FTR - Türki Cumhuriyetler - Tümü - RU - Lechenie v Turtsii - lead";"120232382033210080";"PAUSED";"LEAD_GENERATION";"150000";"KG";"bilinmiyor";"facebook, instagram";"ulke + platform";"";"canli_hedefleme";""
"Doruk Hospital";"FTR - genel - lead - TV - cold - özbekistan";"120238292604140080";"Fizik Tedavi - Intensive FTR - Türki Cumhuriyetler - Tümü - RU - Lechenie v Turtsii - lead";"120232382033210080";"PAUSED";"LEAD_GENERATION";"150000";"bilinmiyor";"bilinmiyor";"facebook, instagram";"platform";"";"canli_hedefleme_eksik";""
"Doruk Hospital";"FTR - genel - lead - TV - cold - kazakistan";"120238292604120080";"Fizik Tedavi - Intensive FTR - Türki Cumhuriyetler - Tümü - RU - Lechenie v Turtsii - lead";"120232382033210080";"PAUSED";"LEAD_GENERATION";"700000";"KZ";"bilinmiyor";"facebook, instagram";"ulke + platform";"";"canli_hedefleme";""
"Doruk Hospital";"FTR - genel - lead - Kuveyt - TV - Cold";"120238292313520080";"Fizik Tedavi - Intensive FTR - Arap Bölgesi - Tümü - AR - Doruk İlaj Turkia - lead";"120232435509150080";"PAUSED";"LEAD_GENERATION";"700000";"KW";"bilinmiyor";"facebook, instagram";"ulke + platform";"";"canli_hedefleme";""
"Doruk Hospital";"FTR - genel - lead - Umman - TV - Cold";"120238292125070080";"Fizik Tedavi - Intensive FTR - Arap Bölgesi - Tümü - AR - Doruk İlaj Turkia - lead";"120232435509150080";"PAUSED";"LEAD_GENERATION";"170000";"OM";"bilinmiyor";"bilinmiyor";"ulke";"";"canli_hedefleme";""
"Doruk Hospital";"FTR - genel - lead - BAE - TV - cold - Kopya";"120238292066950080";"Fizik Tedavi - Intensive FTR - Arap Bölgesi - Tümü - AR - Doruk İlaj Turkia - lead";"120232435509150080";"PAUSED";"LEAD_GENERATION";"300000";"bilinmiyor";"bilinmiyor";"facebook, instagram";"platform";"";"canli_hedefleme_eksik";""
"Doruk Hospital";"FTR - genel - lead - Bahreyn - TV - cold";"120238292005850080";"Fizik Tedavi - Intensive FTR - Arap Bölgesi - Tümü - AR - Doruk İlaj Turkia - lead";"120232435509150080";"PAUSED";"LEAD_GENERATION";"160000";"BH";"bilinmiyor";"facebook, instagram";"ulke + platform";"";"canli_hedefleme";""
"Doruk Hospital";"FTR - genel - lead - Katar - TV - Cold";"120238291174840080";"Fizik Tedavi - Intensive FTR - Arap Bölgesi - Tümü - AR - Doruk İlaj Turkia - lead";"120232435509150080";"PAUSED";"LEAD_GENERATION";"300000";"QA";"bilinmiyor";"facebook, instagram";"ulke + platform";"";"canli_hedefleme";""
"Doruk Hospital";"Onkoloji - Prostat Ca - Kazakistan - RU - Lechenie v Turtsii - Lead -";"120238051328480080";"Onkoloji - Onkoloji Genel - Türki Cumhuriyetler - Tümü - RU - Lechenie v Turtsii - Lead";"120232719606380080";"CAMPAIGN_PAUSED";"LEAD_GENERATION";"100000";"KZ";"bilinmiyor";"facebook, instagram";"ulke + platform";"";"canli_hedefleme";""
"Doruk Hospital";"Onkoloji - Prostat Ca - Kırgızistan - RU - Lechenie v Turtsii - Lead -";"120238051309330080";"Onkoloji - Onkoloji Genel - Türki Cumhuriyetler - Tümü - RU - Lechenie v Turtsii - Lead";"120232719606380080";"CAMPAIGN_PAUSED";"LEAD_GENERATION";"100000";"KG";"bilinmiyor";"facebook, instagram";"ulke + platform";"";"canli_hedefleme";""
"Doruk Hospital";"Onkoloji - Prostat Ca - Özbekistan - RU - Lechenie v Turtsii - Lead -";"120238051073150080";"Onkoloji - Onkoloji Genel - Türki Cumhuriyetler - Tümü - RU - Lechenie v Turtsii - Lead";"120232719606380080";"CAMPAIGN_PAUSED";"LEAD_GENERATION";"100000";"bilinmiyor";"bilinmiyor";"facebook, instagram";"platform";"";"canli_hedefleme_eksik";""
"Doruk Hospital";"Onkoloji – Prostat Ca – Umman – AR – ilaj turkia – Lead";"120238044928100080";"Onkoloji – Onkoloji Genel - Arap Bölgesi – Tümü – AR – Doruk İlaj Turkia – lead";"120232769281030080";"CAMPAIGN_PAUSED";"LEAD_GENERATION";"150000";"OM";"bilinmiyor";"facebook, instagram";"ulke + platform";"";"canli_hedefleme";""
"Doruk Hospital";"Onkoloji – Prostat Ca – Katar – AR – ilaj turkia – Lead";"120238044928090080";"Onkoloji – Onkoloji Genel - Arap Bölgesi – Tümü – AR – Doruk İlaj Turkia – lead";"120232769281030080";"CAMPAIGN_PAUSED";"LEAD_GENERATION";"150000";"QA";"bilinmiyor";"facebook, instagram";"ulke + platform";"";"canli_hedefleme";""
"Doruk Hospital";"Onkoloji – Prostat Ca – Bahreyn – AR – ilaj turkia - lead";"120238044928070080";"Onkoloji – Onkoloji Genel - Arap Bölgesi – Tümü – AR – Doruk İlaj Turkia – lead";"120232769281030080";"CAMPAIGN_PAUSED";"LEAD_GENERATION";"150000";"BH";"bilinmiyor";"facebook, instagram";"ulke + platform";"";"canli_hedefleme";""
"Doruk Hospital";"Onkoloji - onko rehabilitasyon + genel - Kuveyt - lead";"120237756123420080";"Onkoloji – Onkoloji Genel - Arap Bölgesi – Tümü – AR – Doruk İlaj Turkia – lead";"120232769281030080";"PAUSED";"LEAD_GENERATION";"145000";"KW";"bilinmiyor";"facebook, instagram";"ulke + platform";"";"canli_hedefleme";""
"Doruk Hospital";"Onkoloji - onko rehabilitasyon + genel - Umman - lead";"120237755963120080";"Onkoloji – Onkoloji Genel - Arap Bölgesi – Tümü – AR – Doruk İlaj Turkia – lead";"120232769281030080";"PAUSED";"LEAD_GENERATION";"75000";"OM";"bilinmiyor";"facebook, instagram";"ulke + platform";"";"canli_hedefleme";""
"Doruk Hospital";"Onkoloji - onko rehabilitasyon + genel - Bahreyn - lead";"120237755730740080";"Onkoloji – Onkoloji Genel - Arap Bölgesi – Tümü – AR – Doruk İlaj Turkia – lead";"120232769281030080";"PAUSED";"LEAD_GENERATION";"75000";"BH";"bilinmiyor";"facebook, instagram";"ulke + platform";"";"canli_hedefleme";""
"Doruk Hospital";"Onkoloji - onko rehabilitasyon + genel - BAE - lead";"120237755516390080";"Onkoloji – Onkoloji Genel - Arap Bölgesi – Tümü – AR – Doruk İlaj Turkia – lead";"120232769281030080";"PAUSED";"LEAD_GENERATION";"75000";"AE";"bilinmiyor";"facebook, instagram";"ulke + platform";"";"canli_hedefleme";""
"Doruk Hospital";"Onkoloji - onko rehabilitasyon + genel - Katar - lead";"120237755304780080";"Onkoloji – Onkoloji Genel - Arap Bölgesi – Tümü – AR – Doruk İlaj Turkia – lead";"120232769281030080";"PAUSED";"LEAD_GENERATION";"102000";"QA";"bilinmiyor";"facebook, instagram";"ulke + platform";"";"canli_hedefleme";""
"Doruk Hospital";"Onkoloji - diognostik + genel - Katar - lead";"120237667007700080";"Onkoloji – Onkoloji Genel - Arap Bölgesi – Tümü – AR – Doruk İlaj Turkia – lead";"120232769281030080";"CAMPAIGN_PAUSED";"LEAD_GENERATION";"102000";"QA";"bilinmiyor";"facebook, instagram";"ulke + platform";"";"canli_hedefleme";""
"Doruk Hospital";"Onkoloji - diognostik + genel - BAE - lead";"120237667007570080";"Onkoloji – Onkoloji Genel - Arap Bölgesi – Tümü – AR – Doruk İlaj Turkia – lead";"120232769281030080";"CAMPAIGN_PAUSED";"LEAD_GENERATION";"75000";"AE";"bilinmiyor";"facebook, instagram";"ulke + platform";"";"canli_hedefleme";""
"Doruk Hospital";"Onkoloji - diognostik + genel - Bahreyn - lead";"120237667007410080";"Onkoloji – Onkoloji Genel - Arap Bölgesi – Tümü – AR – Doruk İlaj Turkia – lead";"120232769281030080";"CAMPAIGN_PAUSED";"LEAD_GENERATION";"75000";"BH";"bilinmiyor";"facebook, instagram";"ulke + platform";"";"canli_hedefleme";""
"Doruk Hospital";"Onkoloji - diognostik + genel - Umman - lead";"120237667007400080";"Onkoloji – Onkoloji Genel - Arap Bölgesi – Tümü – AR – Doruk İlaj Turkia – lead";"120232769281030080";"CAMPAIGN_PAUSED";"LEAD_GENERATION";"75000";"OM";"bilinmiyor";"facebook, instagram";"ulke + platform";"";"canli_hedefleme";""
"Doruk Hospital";"Katar ONKO - Temsilci Trafik - Kopya";"120237472540730080";"Arapça ONKO Trafik Kampanyası";"120236316746540080";"CAMPAIGN_PAUSED";"PROFILE_VISIT";"50000";"QA";"bilinmiyor";"bilinmiyor";"ulke";"";"canli_hedefleme";""
"Doruk Hospital";"Katar ONKO - Teknoloji Trafik - Kopya";"120237472540570080";"Arapça ONKO Trafik Kampanyası";"120236316746540080";"PAUSED";"PROFILE_VISIT";"50000";"QA";"bilinmiyor";"bilinmiyor";"ulke";"";"canli_hedefleme";""
"Doruk Hospital";"Umman ONKO - Temsilci Trafik - Kopya";"120237472385920080";"Arapça ONKO Trafik Kampanyası";"120236316746540080";"CAMPAIGN_PAUSED";"PROFILE_VISIT";"50000";"OM";"bilinmiyor";"bilinmiyor";"ulke";"";"canli_hedefleme";""
"Doruk Hospital";"Umman ONKO - Teknoloji Trafik - Kopya";"120237472385820080";"Arapça ONKO Trafik Kampanyası";"120236316746540080";"PAUSED";"PROFILE_VISIT";"50000";"OM";"bilinmiyor";"bilinmiyor";"ulke";"";"canli_hedefleme";""
"Doruk Hospital";"Umman FTR - Havuz Trafik";"120237447826990080";"Trafik - Fizik Tedavi - Intensive FTR - Arap Bölgesi - Tümü - AR - Doruk İlaj Turkia";"120236230340950080";"PAUSED";"PROFILE_VISIT";"60000";"OM";"bilinmiyor";"bilinmiyor";"ulke";"";"canli_hedefleme";""
"Doruk Hospital";"Umman FTR - Robot Trafik";"120237447826830080";"Trafik - Fizik Tedavi - Intensive FTR - Arap Bölgesi - Tümü - AR - Doruk İlaj Turkia";"120236230340950080";"PAUSED";"PROFILE_VISIT";"60000";"OM";"bilinmiyor";"bilinmiyor";"ulke";"";"canli_hedefleme";""
"Doruk Hospital";"Umman FTR - Temsilci Trafik";"120237447826820080";"Trafik - Fizik Tedavi - Intensive FTR - Arap Bölgesi - Tümü - AR - Doruk İlaj Turkia";"120236230340950080";"PAUSED";"PROFILE_VISIT";"60000";"OM";"bilinmiyor";"bilinmiyor";"ulke";"";"canli_hedefleme";""
"Doruk Hospital";"Katar FTR - Havuz Trafik";"120237447360010080";"Trafik - Fizik Tedavi - Intensive FTR - Arap Bölgesi - Tümü - AR - Doruk İlaj Turkia";"120236230340950080";"PAUSED";"PROFILE_VISIT";"60000";"QA";"bilinmiyor";"bilinmiyor";"ulke";"";"canli_hedefleme";""
"Doruk Hospital";"Katar FTR - Temsilci Trafik";"120237447360000080";"Trafik - Fizik Tedavi - Intensive FTR - Arap Bölgesi - Tümü - AR - Doruk İlaj Turkia";"120236230340950080";"PAUSED";"PROFILE_VISIT";"60000";"QA";"bilinmiyor";"bilinmiyor";"ulke";"";"canli_hedefleme";""
"Doruk Hospital";"Katar FTR - Robot Trafik";"120237447359990080";"Trafik - Fizik Tedavi - Intensive FTR - Arap Bölgesi - Tümü - AR - Doruk İlaj Turkia";"120236230340950080";"PAUSED";"PROFILE_VISIT";"60000";"QA";"bilinmiyor";"bilinmiyor";"ulke";"";"canli_hedefleme";""
"Doruk Hospital";"FTR - genel - lead - Umman - Kombine - Cold";"120237447304150080";"Fizik Tedavi - Intensive FTR - Arap Bölgesi - Tümü - AR - Doruk İlaj Turkia - lead";"120232435509150080";"PAUSED";"LEAD_GENERATION";"150000";"OM";"bilinmiyor";"bilinmiyor";"ulke";"";"canli_hedefleme";""
"Doruk Hospital";"FTR - genel - lead - Katar - Kombine - Cold";"120237447243730080";"Fizik Tedavi - Intensive FTR - Arap Bölgesi - Tümü - AR - Doruk İlaj Turkia - lead";"120232435509150080";"PAUSED";"LEAD_GENERATION";"300000";"QA";"bilinmiyor";"bilinmiyor";"ulke";"";"canli_hedefleme";""
"Doruk Hospital";"Onkoloji - Diognostik + genel - Kazakistan - KZ - Lechenie v Turtsii - Lead";"120236648972170080";"Onkoloji - Onkoloji Genel - Türki Cumhuriyetler - Tümü - RU - Lechenie v Turtsii - Lead";"120232719606380080";"CAMPAIGN_PAUSED";"LEAD_GENERATION";"600000";"KZ";"bilinmiyor";"facebook, instagram";"ulke + platform";"";"canli_hedefleme";""
"Doruk Hospital";"Onkoloji - diognostik + genel - Kuveyt - lead";"120236647618780080";"Onkoloji – Onkoloji Genel - Arap Bölgesi – Tümü – AR – Doruk İlaj Turkia – lead";"120232769281030080";"CAMPAIGN_PAUSED";"LEAD_GENERATION";"145000";"KW";"bilinmiyor";"facebook, instagram";"ulke + platform";"";"canli_hedefleme";""
"Doruk Hospital";"Bahreyn ONKO - Teknoloji Trafik";"120236318659090080";"Arapça ONKO Trafik Kampanyası";"120236316746540080";"PAUSED";"PROFILE_VISIT";"50000";"BH";"bilinmiyor";"bilinmiyor";"ulke";"";"canli_hedefleme";""
"Doruk Hospital";"BAE ONKO - Teknolojij Trafik";"120236318655150080";"Arapça ONKO Trafik Kampanyası";"120236316746540080";"PAUSED";"PROFILE_VISIT";"80000";"AE";"bilinmiyor";"bilinmiyor";"ulke";"";"canli_hedefleme";""
"Doruk Hospital";"Bahreyn ONKO - Temsilci Trafik";"120236318019730080";"Arapça ONKO Trafik Kampanyası";"120236316746540080";"CAMPAIGN_PAUSED";"PROFILE_VISIT";"50000";"BH";"bilinmiyor";"bilinmiyor";"ulke";"";"canli_hedefleme";""
"Doruk Hospital";"BAE ONKO - Temsilci Trafik";"120236318016970080";"Arapça ONKO Trafik Kampanyası";"120236316746540080";"CAMPAIGN_PAUSED";"PROFILE_VISIT";"80000";"AE";"bilinmiyor";"bilinmiyor";"ulke";"";"canli_hedefleme";""
"Doruk Hospital";"Kuveyt ONKO - Temsilci Trafik";"120236316747330080";"Arapça ONKO Trafik Kampanyası";"120236316746540080";"CAMPAIGN_PAUSED";"PROFILE_VISIT";"100000";"KW";"bilinmiyor";"bilinmiyor";"ulke";"";"canli_hedefleme";""
"Doruk Hospital";"Kuveyt ONKO - Teknoloji Trafik";"120236316747290080";"Arapça ONKO Trafik Kampanyası";"120236316746540080";"PAUSED";"PROFILE_VISIT";"100000";"KW";"bilinmiyor";"bilinmiyor";"ulke";"";"canli_hedefleme";""
"Doruk Hospital";"Özbekistan ONKO  - Robot Trafik";"120236315858200080";"Rusça ONKO Trafik Kampanyası";"120236310093510080";"PAUSED";"PROFILE_VISIT";"18000";"UZ";"bilinmiyor";"bilinmiyor";"ulke";"";"canli_hedefleme";""
"Doruk Hospital";"Kırgızistan ONKO  - Robot Trafik";"120236315856020080";"Rusça ONKO Trafik Kampanyası";"120236310093510080";"PAUSED";"PROFILE_VISIT";"70000";"KG";"bilinmiyor";"bilinmiyor";"ulke";"";"canli_hedefleme";""
"Doruk Hospital";"Kırgızistan ONKO - Temsilci Trafik";"120236315084830080";"Rusça ONKO Trafik Kampanyası";"120236310093510080";"CAMPAIGN_PAUSED";"PROFILE_VISIT";"18000";"KG";"bilinmiyor";"bilinmiyor";"ulke";"";"canli_hedefleme";""
"Doruk Hospital";"Özbekistan ONKO - Temsilci Trafik";"120236315078270080";"Rusça ONKO Trafik Kampanyası";"120236310093510080";"CAMPAIGN_PAUSED";"PROFILE_VISIT";"18000";"UZ";"bilinmiyor";"bilinmiyor";"ulke";"";"canli_hedefleme";""
"Doruk Hospital";"Kazakistan ONKO - Temsilci Trafik";"120236310093330080";"Rusça ONKO Trafik Kampanyası";"120236310093510080";"CAMPAIGN_PAUSED";"PROFILE_VISIT";"150000";"KZ";"bilinmiyor";"bilinmiyor";"ulke";"";"canli_hedefleme";""
"Doruk Hospital";"Kazakistan ONKO  - Robot Trafik";"120236310093240080";"Rusça ONKO Trafik Kampanyası";"120236310093510080";"PAUSED";"PROFILE_VISIT";"150000";"KZ";"bilinmiyor";"bilinmiyor";"ulke";"";"canli_hedefleme";""
"Doruk Hospital";"Kırgızistan FTR - Temsilci Trafik";"120236303686280080";"Rusça FTR Trafik Kampanyası";"120236243597620080";"CAMPAIGN_PAUSED";"PROFILE_VISIT";"70000";"KG";"bilinmiyor";"bilinmiyor";"ulke";"";"canli_hedefleme";""
"Doruk Hospital";"Kazakistan FTR - Temsilci Trafik";"120236303681540080";"Rusça FTR Trafik Kampanyası";"120236243597620080";"CAMPAIGN_PAUSED";"PROFILE_VISIT";"100000";"KZ";"bilinmiyor";"bilinmiyor";"ulke";"";"canli_hedefleme";""
"Doruk Hospital";"Kuveyt FTR - Havuz Trafik";"120236302558840080";"Trafik - Fizik Tedavi - Intensive FTR - Arap Bölgesi - Tümü - AR - Doruk İlaj Turkia";"120236230340950080";"PAUSED";"PROFILE_VISIT";"150000";"KW";"bilinmiyor";"bilinmiyor";"ulke";"";"canli_hedefleme";""
"Doruk Hospital";"BAE FTR - Havuz Trafik";"120236302494990080";"Trafik - Fizik Tedavi - Intensive FTR - Arap Bölgesi - Tümü - AR - Doruk İlaj Turkia";"120236230340950080";"PAUSED";"PROFILE_VISIT";"80000";"AE";"bilinmiyor";"bilinmiyor";"ulke";"";"canli_hedefleme";""
"Doruk Hospital";"Kuveyt FTR - Robot Trafik";"120236301340190080";"Trafik - Fizik Tedavi - Intensive FTR - Arap Bölgesi - Tümü - AR - Doruk İlaj Turkia";"120236230340950080";"PAUSED";"PROFILE_VISIT";"150000";"KW";"bilinmiyor";"bilinmiyor";"ulke";"";"canli_hedefleme";""
"Doruk Hospital";"BAE FTR - Robot Trafik";"120236301331140080";"Trafik - Fizik Tedavi - Intensive FTR - Arap Bölgesi - Tümü - AR - Doruk İlaj Turkia";"120236230340950080";"PAUSED";"PROFILE_VISIT";"80000";"AE";"bilinmiyor";"bilinmiyor";"ulke";"";"canli_hedefleme";""
"Doruk Hospital";"BAE FTR - Temsilci Trafik";"120236299462850080";"Trafik - Fizik Tedavi - Intensive FTR - Arap Bölgesi - Tümü - AR - Doruk İlaj Turkia";"120236230340950080";"PAUSED";"PROFILE_VISIT";"80000";"AE";"bilinmiyor";"bilinmiyor";"ulke";"";"canli_hedefleme";""
"Doruk Hospital";"Kuveyt FTR - Temsilci Trafik";"120236299435400080";"Trafik - Fizik Tedavi - Intensive FTR - Arap Bölgesi - Tümü - AR - Doruk İlaj Turkia";"120236230340950080";"PAUSED";"PROFILE_VISIT";"150000";"KW";"bilinmiyor";"bilinmiyor";"ulke";"";"canli_hedefleme";""
"Doruk Hospital";"Bahreyn FTR - Temsilci Trafik";"120236282671540080";"Trafik - Fizik Tedavi - Intensive FTR - Arap Bölgesi - Tümü - AR - Doruk İlaj Turkia";"120236230340950080";"PAUSED";"PROFILE_VISIT";"80000";"BH";"bilinmiyor";"bilinmiyor";"ulke";"";"canli_hedefleme";""
"Doruk Hospital";"Özbekistan FTR - Temsilci Trafik";"120236279512620080";"Rusça FTR Trafik Kampanyası";"120236243597620080";"CAMPAIGN_PAUSED";"PROFILE_VISIT";"18000";"UZ";"bilinmiyor";"bilinmiyor";"ulke";"";"canli_hedefleme";""
"Doruk Hospital";"Özbekistan FTR  - Havuz Trafik";"120236278447630080";"Rusça FTR Trafik Kampanyası";"120236243597620080";"PAUSED";"PROFILE_VISIT";"18000";"UZ";"bilinmiyor";"bilinmiyor";"ulke";"";"canli_hedefleme";""
"Doruk Hospital";"Kırgızistan FTR  - Havuz Trafik";"120236278414990080";"Rusça FTR Trafik Kampanyası";"120236243597620080";"PAUSED";"PROFILE_VISIT";"70000";"KG";"bilinmiyor";"bilinmiyor";"ulke";"";"canli_hedefleme";""
"Doruk Hospital";"Kazakistan FTR  - Havuz Trafik";"120236278331010080";"Rusça FTR Trafik Kampanyası";"120236243597620080";"PAUSED";"PROFILE_VISIT";"120000";"KZ";"bilinmiyor";"bilinmiyor";"ulke";"";"canli_hedefleme";""
"Doruk Hospital";"Özbekistan FTR  - Robot Trafik";"120236278078290080";"Rusça FTR Trafik Kampanyası";"120236243597620080";"PAUSED";"PROFILE_VISIT";"18000";"UZ";"bilinmiyor";"bilinmiyor";"ulke";"";"canli_hedefleme";""
"Doruk Hospital";"Kırgızistan FTR  - Robot Trafik";"120236278052840080";"Rusça FTR Trafik Kampanyası";"120236243597620080";"PAUSED";"PROFILE_VISIT";"70000";"KG";"bilinmiyor";"bilinmiyor";"ulke";"";"canli_hedefleme";""
"Doruk Hospital";"Kazakistan FTR  - Robot Trafik";"120236243597600080";"Rusça FTR Trafik Kampanyası";"120236243597620080";"PAUSED";"PROFILE_VISIT";"110000";"KZ";"bilinmiyor";"bilinmiyor";"ulke";"";"canli_hedefleme";""
"Doruk Hospital";"Bahreyn FTR - Robot Trafik";"120236241841900080";"Trafik - Fizik Tedavi - Intensive FTR - Arap Bölgesi - Tümü - AR - Doruk İlaj Turkia";"120236230340950080";"PAUSED";"PROFILE_VISIT";"80000";"BH";"bilinmiyor";"bilinmiyor";"ulke";"";"canli_hedefleme";""
"Doruk Hospital";"Bahreyn FTR - Havuz Trafik";"120236231277820080";"Trafik - Fizik Tedavi - Intensive FTR - Arap Bölgesi - Tümü - AR - Doruk İlaj Turkia";"120236230340950080";"PAUSED";"PROFILE_VISIT";"80000";"BH";"bilinmiyor";"bilinmiyor";"ulke";"";"canli_hedefleme";""
"Doruk Hospital";"BAE-FTR Havuz-etkileşim reklam seti - Profil ziyareti";"120236215928560080";"Arapça FTR Etkileşim Kampanyası";"120233869003450080";"PAUSED";"PROFILE_AND_PAGE_ENGAGEMENT";"150000";"bilinmiyor";"bilinmiyor";"bilinmiyor";"belirsiz";"";"canli_hedefleme_eksik";""
"Doruk Hospital";"BAE-FTR Robot-etkileşim reklam seti - Profil ziyareti";"120236215901700080";"Arapça FTR Etkileşim Kampanyası";"120233869003450080";"PAUSED";"PROFILE_AND_PAGE_ENGAGEMENT";"150000";"bilinmiyor";"bilinmiyor";"facebook, instagram";"platform";"";"canli_hedefleme_eksik";""
"Doruk Hospital";"Kuveyt-FTR Havuz-etkileşim reklam seti - sayfa ziyareti - Kopya";"120236215876290080";"Arapça FTR Etkileşim Kampanyası";"120233869003450080";"PAUSED";"PROFILE_AND_PAGE_ENGAGEMENT";"200000";"KW";"bilinmiyor";"bilinmiyor";"ulke";"";"canli_hedefleme";""
"Doruk Hospital";"Kuveyt-FTR Robot-etkileşim reklam seti - Profil Ziyaret";"120236215678680080";"Arapça FTR Etkileşim Kampanyası";"120233869003450080";"PAUSED";"PROFILE_AND_PAGE_ENGAGEMENT";"500000";"KW";"bilinmiyor";"bilinmiyor";"ulke";"";"canli_hedefleme";""
"Doruk Hospital";"FTR - genel - lead - cold - özbekistan - Kopya";"120236031140370080";"Fizik Tedavi - Intensive FTR - Türki Cumhuriyetler - Tümü - RU - Lechenie v Turtsii - lead";"120232382033210080";"PAUSED";"LEAD_GENERATION";"150000";"bilinmiyor";"bilinmiyor";"facebook, instagram";"platform";"";"canli_hedefleme_eksik";""
"Doruk Hospital";"FTR - genel - lead - cold - kırgızistan";"120236030977880080";"Fizik Tedavi - Intensive FTR - Türki Cumhuriyetler - Tümü - RU - Lechenie v Turtsii - lead";"120232382033210080";"PAUSED";"LEAD_GENERATION";"170000";"KG";"bilinmiyor";"facebook, instagram";"ulke + platform";"";"canli_hedefleme";""
"Doruk Hospital";"FTR - genel - lead - cold - kazakistan - Kopya";"120235792131250080";"Fizik Tedavi - Intensive FTR - Türki Cumhuriyetler - Tümü - RU - Lechenie v Turtsii - lead";"120232382033210080";"PAUSED";"LEAD_GENERATION";"700000";"KZ";"bilinmiyor";"facebook, instagram";"ulke + platform";"";"canli_hedefleme";""
"Doruk Hospital";"FTR - genel - lead - Kuveyt - Kombine - Cold";"120235602939840080";"Fizik Tedavi - Intensive FTR - Arap Bölgesi - Tümü - AR - Doruk İlaj Turkia - lead";"120232435509150080";"PAUSED";"LEAD_GENERATION";"500000";"KW";"bilinmiyor";"facebook, instagram";"ulke + platform";"";"canli_hedefleme";""
"Doruk Hospital";"Bahreyn-FTR Havuz-etkileşim reklam seti - Thruplay +webform - Kopya";"120234907218840080";"Arapça FTR Etkileşim Kampanyası";"120233869003450080";"PAUSED";"THRUPLAY";"100000";"BH";"bilinmiyor";"facebook, instagram";"ulke + platform";"";"canli_hedefleme";""
"Doruk Hospital";"Bahreyn-FTR Robot-etkileşim reklam seti - Thruplay +webform";"120234838926680080";"Arapça FTR Etkileşim Kampanyası";"120233869003450080";"PAUSED";"THRUPLAY";"100000";"BH";"bilinmiyor";"facebook, instagram, audience_network";"ulke + platform";"";"canli_hedefleme";""
"Doruk Hospital";"Onkoloji - Prostat Ca - Özbekistan - RU - Lechenie v Turtsii - Lead - Kopya - Kopya";"120234344113350080";"Onkoloji - Onkoloji Genel - Türki Cumhuriyetler - Tümü - RU - Lechenie v Turtsii - Lead";"120232719606380080";"PAUSED";"LEAD_GENERATION";"100000";"UZ";"bilinmiyor";"facebook, instagram";"ulke + platform";"";"canli_hedefleme";""
"Doruk Hospital";"Onkoloji - Prostat Ca - Kazakistan - RU - Lechenie v Turtsii - Lead - Kopya - Kopya";"120234344113260080";"Onkoloji - Onkoloji Genel - Türki Cumhuriyetler - Tümü - RU - Lechenie v Turtsii - Lead";"120232719606380080";"PAUSED";"LEAD_GENERATION";"560000";"KZ";"bilinmiyor";"facebook, instagram";"ulke + platform";"";"canli_hedefleme";""
"Doruk Hospital";"Onkoloji - Prostat Ca - Kırgızistan - RU - Lechenie v Turtsii - Lead - Kopya";"120234344113250080";"Onkoloji - Onkoloji Genel - Türki Cumhuriyetler - Tümü - RU - Lechenie v Turtsii - Lead";"120232719606380080";"PAUSED";"LEAD_GENERATION";"260000";"KG";"bilinmiyor";"facebook, instagram";"ulke + platform";"";"canli_hedefleme";""
"Doruk Hospital";"Onkoloji – Prostat Ca – BAE – AR – ilaj turkia – Lead - Kopya";"120234343016130080";"Onkoloji – Onkoloji Genel - Arap Bölgesi – Tümü – AR – Doruk İlaj Turkia – lead";"120232769281030080";"CAMPAIGN_PAUSED";"LEAD_GENERATION";"150000";"AE";"bilinmiyor";"facebook, instagram";"ulke + platform";"";"canli_hedefleme";""
"Doruk Hospital";"Onkoloji – Prostat Ca – Kuveyt – AR – ilaj turkia – Lead - - Kopya";"120234341644810080";"Onkoloji – Onkoloji Genel - Arap Bölgesi – Tümü – AR – Doruk İlaj Turkia – lead";"120232769281030080";"CAMPAIGN_PAUSED";"LEAD_GENERATION";"150000";"KW";"bilinmiyor";"facebook, instagram";"ulke + platform";"";"canli_hedefleme";""
"Doruk Hospital";"OPD - Kazakistan";"120234256111950080";"OPD - OPD - Kazakistan - Almaty - RU - Lechenie v turtsii - lead";"120234256111940080";"CAMPAIGN_PAUSED";"LEAD_GENERATION";"800000";"bilinmiyor";"bilinmiyor";"facebook, instagram";"platform";"";"canli_hedefleme_eksik";""
"Doruk Hospital";"[03.11.2025] Almaty OPD Sayfasının Tanıtımı";"120234224307520080";"[03.11.2025] Almaty OPD Sayfasının Tanıtımı";"120234224306900080";"CAMPAIGN_PAUSED";"LEAD_GENERATION";"";"bilinmiyor";"bilinmiyor";"facebook, instagram";"platform";"";"canli_hedefleme_eksik";""
"Doruk Hospital";"Kazakistan-Genel onko-etkileşim reklam seti - Sayfa ziyaret - Kopya";"120234076397510080";"Rusça Onko Etkileşim Kampanyası - Kopya";"120233870327320080";"CAMPAIGN_PAUSED";"PROFILE_AND_PAGE_ENGAGEMENT";"108000";"KZ";"bilinmiyor";"bilinmiyor";"ulke";"";"canli_hedefleme";""
"Doruk Hospital";"Bahreyn-prostat onko-etkileşim reklam seti - Sayfa ziyareti - Kopya";"120234076093530080";"Arapça Onko Etkileşim Kampanyası";"120233867101000080";"PAUSED";"PROFILE_AND_PAGE_ENGAGEMENT";"54000";"KW";"bilinmiyor";"bilinmiyor";"ulke";"";"canli_hedefleme";""
"Doruk Hospital";"Bahreyn-Genel onko-etkileşim reklam seti - Sayfa ziyareti - Kopya";"120234075839970080";"Arapça Onko Etkileşim Kampanyası";"120233867101000080";"PAUSED";"PROFILE_AND_PAGE_ENGAGEMENT";"54000";"BH";"bilinmiyor";"bilinmiyor";"ulke";"";"canli_hedefleme";""
"Doruk Hospital";"Kuveyt-prostat onko-etkileşim reklam seti - Sayfa ziyareti";"120234075743590080";"Arapça Onko Etkileşim Kampanyası";"120233867101000080";"PAUSED";"PROFILE_AND_PAGE_ENGAGEMENT";"180000";"KW";"bilinmiyor";"bilinmiyor";"ulke";"";"canli_hedefleme";""
"Doruk Hospital";"Kuveyt-Genel onko-etkileşim reklam seti - Sayfa ziyareti";"120234074811120080";"Arapça Onko Etkileşim Kampanyası";"120233867101000080";"PAUSED";"PROFILE_AND_PAGE_ENGAGEMENT";"220000";"KW";"bilinmiyor";"bilinmiyor";"ulke";"";"canli_hedefleme";""
"Doruk Hospital";"Kuveyt-FTR Robot-etkileşim reklam seti - Gönderi Etkileşim günlük tekil erişim - Kopya";"120234031323100080";"Arapça FTR Etkileşim Kampanyası";"120233869003450080";"PAUSED";"PROFILE_AND_PAGE_ENGAGEMENT";"500000";"KW";"bilinmiyor";"facebook, instagram";"ulke + platform";"";"canli_hedefleme";""
"Doruk Hospital";"Kuveyt-FTR Havuz-etkileşim reklam seti - Profil ziyareti";"120234031248120080";"Arapça FTR Etkileşim Kampanyası";"120233869003450080";"PAUSED";"PROFILE_AND_PAGE_ENGAGEMENT";"200000";"KW";"bilinmiyor";"facebook, instagram";"ulke + platform";"";"canli_hedefleme";""
"Doruk Hospital";"Bahreyn-FTR Havuz-etkileşim reklam seti - Sayfa Ziyaret";"120234031070770080";"Arapça FTR Etkileşim Kampanyası";"120233869003450080";"PAUSED";"PROFILE_AND_PAGE_ENGAGEMENT";"54000";"BH";"bilinmiyor";"facebook, instagram";"ulke + platform";"";"canli_hedefleme";""
"Doruk Hospital";"Bahreyn-FTR Robot-etkileşim reklam seti -sayfa ziyaret";"120234031028950080";"Arapça FTR Etkileşim Kampanyası";"120233869003450080";"PAUSED";"PROFILE_AND_PAGE_ENGAGEMENT";"54000";"BH";"bilinmiyor";"facebook, instagram";"ulke + platform";"";"canli_hedefleme";""
"Doruk Hospital";"Kazakistan-prostat onko-etkileşim reklam seti - Sayfa ziyareti";"120234029907560080";"Rusça Onko Etkileşim Kampanyası - Kopya";"120233870327320080";"CAMPAIGN_PAUSED";"PROFILE_AND_PAGE_ENGAGEMENT";"108000";"KZ";"bilinmiyor";"bilinmiyor";"ulke";"";"canli_hedefleme";""
"Doruk Hospital";"Kırgızistan-prostat onko-etkileşim reklam seti - Sayfa Ziyareti";"120234029838180080";"Rusça Onko Etkileşim Kampanyası - Kopya";"120233870327320080";"CAMPAIGN_PAUSED";"PROFILE_AND_PAGE_ENGAGEMENT";"54000";"KG";"bilinmiyor";"bilinmiyor";"ulke";"";"canli_hedefleme";""
"Doruk Hospital";"Kırgızistan-Genel onko-etkileşim reklam seti - Sayfa ziyaret";"120234029684810080";"Rusça Onko Etkileşim Kampanyası - Kopya";"120233870327320080";"CAMPAIGN_PAUSED";"PROFILE_AND_PAGE_ENGAGEMENT";"54000";"KG";"bilinmiyor";"bilinmiyor";"ulke";"";"canli_hedefleme";""
"Doruk Hospital";"Kazakistan-FTR Robot-etkileşim reklam seti - Sayfa Ziyaret";"120233894532410080";"Rusça FTR Etkileşim Kampanyası - Kopya - Kopya";"120233870938630080";"CAMPAIGN_PAUSED";"PROFILE_AND_PAGE_ENGAGEMENT";"110000";"KZ";"bilinmiyor";"bilinmiyor";"ulke";"";"canli_hedefleme";""
"Doruk Hospital";"Kırgızistan-FTR Havuz-etkileşim reklam seti - Sayfa Ziyaret";"120233870938810080";"Rusça FTR Etkileşim Kampanyası - Kopya - Kopya";"120233870938630080";"CAMPAIGN_PAUSED";"PROFILE_AND_PAGE_ENGAGEMENT";"70000";"KG";"bilinmiyor";"bilinmiyor";"ulke";"";"canli_hedefleme";""
"Doruk Hospital";"Özbekistan-FTR Robot-etkileşim reklam seti - Sayfa ziyareti";"120233870938700080";"Rusça FTR Etkileşim Kampanyası - Kopya - Kopya";"120233870938630080";"CAMPAIGN_PAUSED";"PROFILE_AND_PAGE_ENGAGEMENT";"18000";"bilinmiyor";"bilinmiyor";"bilinmiyor";"belirsiz";"";"canli_hedefleme_eksik";""
"Doruk Hospital";"Kazakistan-FTR Havuz-etkileşim reklam seti - Sayfa Ziyaret";"120233870938680080";"Rusça FTR Etkileşim Kampanyası - Kopya - Kopya";"120233870938630080";"CAMPAIGN_PAUSED";"PROFILE_AND_PAGE_ENGAGEMENT";"110000";"KZ";"bilinmiyor";"bilinmiyor";"ulke";"";"canli_hedefleme";""
"Doruk Hospital";"Özbekistan-FTR Havuz-etkileşim reklam seti - Sayfa ziyareti";"120233870938670080";"Rusça FTR Etkileşim Kampanyası - Kopya - Kopya";"120233870938630080";"CAMPAIGN_PAUSED";"PROFILE_AND_PAGE_ENGAGEMENT";"18000";"bilinmiyor";"bilinmiyor";"bilinmiyor";"belirsiz";"";"canli_hedefleme_eksik";""
"Doruk Hospital";"Kırgızistan-FTR Robot-etkileşim reklam seti - Sayfa Ziyaret";"120233870938660080";"Rusça FTR Etkileşim Kampanyası - Kopya - Kopya";"120233870938630080";"CAMPAIGN_PAUSED";"PROFILE_AND_PAGE_ENGAGEMENT";"70000";"KG";"bilinmiyor";"bilinmiyor";"ulke";"";"canli_hedefleme";""
"Doruk Hospital";"Özbekistan-prostat onko-etkileşim reklam seti - Sayfa ziyareti";"120233870327120080";"Rusça Onko Etkileşim Kampanyası - Kopya";"120233870327320080";"CAMPAIGN_PAUSED";"PROFILE_AND_PAGE_ENGAGEMENT";"28800";"bilinmiyor";"bilinmiyor";"bilinmiyor";"belirsiz";"";"canli_hedefleme_eksik";""
"Doruk Hospital";"Özbekistan-Genel onko-etkileşim reklam seti - Sayfa ziyareti";"120233870327090080";"Rusça Onko Etkileşim Kampanyası - Kopya";"120233870327320080";"CAMPAIGN_PAUSED";"PROFILE_AND_PAGE_ENGAGEMENT";"28800";"bilinmiyor";"bilinmiyor";"bilinmiyor";"belirsiz";"";"canli_hedefleme_eksik";""
"Doruk Hospital";"Umman-FTR Robot-etkileşim reklam seti - Sayfa Ziyareti";"120233869003600080";"Arapça FTR Etkileşim Kampanyası";"120233869003450080";"PAUSED";"PROFILE_AND_PAGE_ENGAGEMENT";"72000";"OM";"bilinmiyor";"facebook, instagram";"ulke + platform";"";"canli_hedefleme";""
"Doruk Hospital";"Umman-FTR-etkileşim reklam seti - Sayfa Ziyareti";"120233869003510080";"Arapça FTR Etkileşim Kampanyası";"120233869003450080";"PAUSED";"PROFILE_AND_PAGE_ENGAGEMENT";"72000";"OM";"bilinmiyor";"facebook, instagram";"ulke + platform";"";"canli_hedefleme";""
"Doruk Hospital";"BAE-FTR Robot-etkileşim reklam seti - Sayfa ziyareti";"120233869003500080";"Arapça FTR Etkileşim Kampanyası";"120233869003450080";"PAUSED";"PROFILE_AND_PAGE_ENGAGEMENT";"150000";"bilinmiyor";"bilinmiyor";"facebook, instagram";"platform";"";"canli_hedefleme_eksik";""
"Doruk Hospital";"BAE-FTR Havuz-etkileşim reklam seti - Sayfa ziyareti";"120233869003440080";"Arapça FTR Etkileşim Kampanyası";"120233869003450080";"PAUSED";"PROFILE_AND_PAGE_ENGAGEMENT";"150000";"bilinmiyor";"bilinmiyor";"facebook, instagram";"platform";"";"canli_hedefleme_eksik";""
"Doruk Hospital";"BAE-Genel onko-etkileşim reklam seti - Sayfa ziyareti";"120233868621270080";"Arapça Onko Etkileşim Kampanyası";"120233867101000080";"CAMPAIGN_PAUSED";"PROFILE_AND_PAGE_ENGAGEMENT";"72000";"AE";"bilinmiyor";"bilinmiyor";"ulke";"";"canli_hedefleme";""
"Doruk Hospital";"BAE-prostat onko-etkileşim reklam seti - Sayfa ziyareti";"120233868505200080";"Arapça Onko Etkileşim Kampanyası";"120233867101000080";"CAMPAIGN_PAUSED";"PROFILE_AND_PAGE_ENGAGEMENT";"144000";"AE";"bilinmiyor";"bilinmiyor";"ulke";"";"canli_hedefleme";""
"Doruk Hospital";"Umman-prostat onko-etkileşim reklam seti - Sayfa Ziyareti";"120233867573420080";"Arapça Onko Etkileşim Kampanyası";"120233867101000080";"PAUSED";"PROFILE_AND_PAGE_ENGAGEMENT";"36000";"OM";"bilinmiyor";"facebook, instagram";"ulke + platform";"";"canli_hedefleme";""
"Doruk Hospital";"Umman-genel onko-etkileşim reklam seti - Sayfa Ziyareti";"120233867234870080";"Arapça Onko Etkileşim Kampanyası";"120233867101000080";"PAUSED";"PROFILE_AND_PAGE_ENGAGEMENT";"36000";"OM";"bilinmiyor";"facebook, instagram";"ulke + platform";"";"canli_hedefleme";""
"Doruk Hospital";"Instagram gönderisi: В Медицинской группе Дорук...";"120233409488960080";"Instagram gönderisi: В Медицинской группе Дорук...";"120233409488810080";"CAMPAIGN_PAUSED";"VISIT_INSTAGRAM_PROFILE";"";"KZ";"bilinmiyor";"instagram";"ulke + platform";"";"canli_hedefleme";""
"Doruk Hospital";"Instagram Post";"120233192484210080";"Arapça FTR BAE profilden ziyaret";"120233192484110080";"CAMPAIGN_PAUSED";"VISIT_INSTAGRAM_PROFILE";"";"AE";"bilinmiyor";"instagram";"ulke + platform";"";"canli_hedefleme";""
"Doruk Hospital";"Instagram Post";"120233192380390080";"Arapça Onkoloji BAE profilden ziyaret";"120233192380280080";"CAMPAIGN_PAUSED";"VISIT_INSTAGRAM_PROFILE";"";"AE";"bilinmiyor";"instagram";"ulke + platform";"";"canli_hedefleme";""
"Doruk Hospital";"Instagram Post";"120233192202620080";"Arapça Onkoloji BAE profilden ziyaret";"120233192202400080";"CAMPAIGN_PAUSED";"VISIT_INSTAGRAM_PROFILE";"";"AE";"bilinmiyor";"instagram";"ulke + platform";"";"canli_hedefleme";""
"Doruk Hospital";"Instagram Post";"120233192182910080";"Arapça Onkoloji Umman profilden ziyaret";"120233192182710080";"CAMPAIGN_PAUSED";"VISIT_INSTAGRAM_PROFILE";"";"OM";"bilinmiyor";"instagram";"ulke + platform";"";"canli_hedefleme";""
"Doruk Hospital";"Instagram Post";"120233192152350080";"Arapça Onkoloji Bahreyn profilden ziyaret";"120233192152240080";"CAMPAIGN_PAUSED";"VISIT_INSTAGRAM_PROFILE";"";"BH";"bilinmiyor";"instagram";"ulke + platform";"";"canli_hedefleme";""
"Doruk Hospital";"Instagram Post";"120233192110510080";"Arapça Onkoloji Kuveyt profilden ziyaret";"120233192109980080";"CAMPAIGN_PAUSED";"VISIT_INSTAGRAM_PROFILE";"";"KW";"bilinmiyor";"instagram";"ulke + platform";"";"canli_hedefleme";""
"Doruk Hospital";"Instagram Post";"120233191785680080";"Rusça FTR Özbekistan Profilden Ziyaret";"120233191785610080";"CAMPAIGN_PAUSED";"VISIT_INSTAGRAM_PROFILE";"";"UZ";"bilinmiyor";"instagram";"ulke + platform";"";"canli_hedefleme";""
"Doruk Hospital";"Instagram Post";"120233191185650080";"Rusça Onkoloji Kırgızistan Profilden Ziyaret";"120233191183730080";"CAMPAIGN_PAUSED";"VISIT_INSTAGRAM_PROFILE";"";"KG";"bilinmiyor";"instagram";"ulke + platform";"";"canli_hedefleme";""
"Doruk Hospital";"Instagram Post";"120233189468580080";"Instagram gönderisi: Современная реабилитация в...";"120233189466320080";"CAMPAIGN_PAUSED";"VISIT_INSTAGRAM_PROFILE";"";"TR";"bilinmiyor";"instagram";"ulke + platform";"";"canli_hedefleme";""
"Doruk Hospital";"Instagram Post";"120233189443230080";"Rusça FTR Kazakistan Profilden Ziyaret";"120233189440810080";"CAMPAIGN_PAUSED";"VISIT_INSTAGRAM_PROFILE";"";"KZ";"bilinmiyor";"instagram";"ulke + platform";"";"canli_hedefleme";""
"Doruk Hospital";"Instagram Post";"120233189412810080";"Rusça FTR Kırgızistan Profilden Ziyaret";"120233189411870080";"CAMPAIGN_PAUSED";"VISIT_INSTAGRAM_PROFILE";"";"KG";"bilinmiyor";"instagram";"ulke + platform";"";"canli_hedefleme";""
"Doruk Hospital";"Instagram Post";"120233189065450080";"Rusça FTR Özbekistan Profilden Ziyaret";"120233189065110080";"CAMPAIGN_PAUSED";"VISIT_INSTAGRAM_PROFILE";"";"UZ";"bilinmiyor";"instagram";"ulke + platform";"";"canli_hedefleme";""
"Doruk Hospital";"Instagram Post";"120233189054520080";"Rusça FTR Kırgızistan Profilden Ziyaret";"120233189054440080";"CAMPAIGN_PAUSED";"VISIT_INSTAGRAM_PROFILE";"";"KG";"bilinmiyor";"instagram";"ulke + platform";"";"canli_hedefleme";""
"Doruk Hospital";"Instagram Post";"120233189043820080";"Rusça FTR Kazakistan Profilden Ziyaret";"120233189043570080";"CAMPAIGN_PAUSED";"VISIT_INSTAGRAM_PROFILE";"";"KZ";"bilinmiyor";"instagram";"ulke + platform";"";"canli_hedefleme";""
"Doruk Hospital";"Instagram Post";"120233188344660080";"Rusça Onkoloji Kazakistan Profilden Ziyaret";"120233188344100080";"CAMPAIGN_PAUSED";"VISIT_INSTAGRAM_PROFILE";"";"KZ";"bilinmiyor";"instagram";"ulke + platform";"";"canli_hedefleme";""
"Doruk Hospital";"Instagram Post";"120233188302830080";"Rusça Onkoloji Kırgızistan Profilden Ziyaret";"120233188302630080";"CAMPAIGN_PAUSED";"VISIT_INSTAGRAM_PROFILE";"";"KG";"bilinmiyor";"instagram";"ulke + platform";"";"canli_hedefleme";""
"Doruk Hospital";"Instagram Post";"120233188289420080";"Rusça Onkoloji Özbekistan Profilden Ziyaret";"120233188289120080";"CAMPAIGN_PAUSED";"VISIT_INSTAGRAM_PROFILE";"";"UZ";"bilinmiyor";"instagram";"ulke + platform";"";"canli_hedefleme";""
"Doruk Hospital";"Instagram Post";"120233188120630080";"Rusça Onkoloji Kırgızistan Profilden Ziyaret";"120233188120190080";"CAMPAIGN_PAUSED";"VISIT_INSTAGRAM_PROFILE";"";"TR";"bilinmiyor";"instagram";"ulke + platform";"";"canli_hedefleme";""
"Doruk Hospital";"Instagram Post";"120233187707870080";"Rusça Onkoloji Kazakistan Profilden Ziyaret";"120233187707790080";"CAMPAIGN_PAUSED";"VISIT_INSTAGRAM_PROFILE";"";"KZ";"bilinmiyor";"instagram";"ulke + platform";"";"canli_hedefleme";""
"Doruk Hospital";"Instagram Post";"120233187287710080";"Rusça Onkoloji Özbekistan Profilden Ziyaret";"120233187287230080";"CAMPAIGN_PAUSED";"VISIT_INSTAGRAM_PROFILE";"";"UZ";"bilinmiyor";"instagram";"ulke + platform";"";"canli_hedefleme";""
"Doruk Hospital";"Instagram Post";"120232793708430080";"Rusça Onkoloji Kazakistan Profilden Ziyaret";"120232793708420080";"CAMPAIGN_PAUSED";"VISIT_INSTAGRAM_PROFILE";"";"KZ";"bilinmiyor";"instagram";"ulke + platform";"";"canli_hedefleme";""
"Doruk Hospital";"Instagram Post";"120232793614210080";"Rusça Onkoloji Kazakistan Profilden Ziyaret";"120232793613960080";"CAMPAIGN_PAUSED";"VISIT_INSTAGRAM_PROFILE";"";"KZ";"bilinmiyor";"instagram";"ulke + platform";"";"canli_hedefleme";""
"Doruk Hospital";"Instagram Post";"120232793566740080";"Rusça Onkoloji Özbekistan Profilden Ziyaret";"120232793566570080";"CAMPAIGN_PAUSED";"VISIT_INSTAGRAM_PROFILE";"";"UZ";"bilinmiyor";"instagram";"ulke + platform";"";"canli_hedefleme";""
"Doruk Hospital";"Instagram Post";"120232793197570080";"Rusça FTR Kazakistan Profilden Ziyaret";"120232793195460080";"CAMPAIGN_PAUSED";"VISIT_INSTAGRAM_PROFILE";"";"KZ";"bilinmiyor";"instagram";"ulke + platform";"";"canli_hedefleme";""
"Doruk Hospital";"Instagram Post";"120232793080170080";"Rusça FTR Kazakistan Profilden Ziyaret";"120232793080070080";"CAMPAIGN_PAUSED";"VISIT_INSTAGRAM_PROFILE";"";"KZ";"bilinmiyor";"instagram";"ulke + platform";"";"canli_hedefleme";""
"Doruk Hospital";"Instagram Post";"120232792947350080";"Rusça FTR Kırgızistan Profilden Ziyaret";"120232792947200080";"CAMPAIGN_PAUSED";"VISIT_INSTAGRAM_PROFILE";"";"KG";"bilinmiyor";"instagram";"ulke + platform";"";"canli_hedefleme";""
"Doruk Hospital";"Instagram Post";"120232792899960080";"Rusça FTR Kırgızistan Profilden Ziyaret";"120232792899780080";"CAMPAIGN_PAUSED";"VISIT_INSTAGRAM_PROFILE";"";"KG";"bilinmiyor";"instagram";"ulke + platform";"";"canli_hedefleme";""
"Doruk Hospital";"Instagram Post";"120232792847180080";"Rusça FTR Özbekistan Profilden Ziyaret";"120232792846800080";"CAMPAIGN_PAUSED";"VISIT_INSTAGRAM_PROFILE";"";"UZ";"bilinmiyor";"instagram";"ulke + platform";"";"canli_hedefleme";""
"Doruk Hospital";"Onkoloji – Genel – BAE – AR – ilaj turkia – Lead";"120232791991760080";"Onkoloji – Onkoloji Genel - Arap Bölgesi – Tümü – AR – Doruk İlaj Turkia – lead";"120232769281030080";"PAUSED";"LEAD_GENERATION";"350000";"AE";"bilinmiyor";"facebook, instagram";"ulke + platform";"";"canli_hedefleme";""
"Doruk Hospital";"Onkoloji – Genel – Umman – AR – ilaj turkia – Lead - Kopya";"120232791974950080";"Onkoloji – Onkoloji Genel - Arap Bölgesi – Tümü – AR – Doruk İlaj Turkia – lead";"120232769281030080";"PAUSED";"LEAD_GENERATION";"200000";"AE, BH, KW, OM";"bilinmiyor";"facebook, instagram";"ulke + platform";"";"canli_hedefleme";""
"Doruk Hospital";"Onkoloji – Genel – Bahreyn – AR – ilaj turkia – Lead";"120232791937150080";"Onkoloji – Onkoloji Genel - Arap Bölgesi – Tümü – AR – Doruk İlaj Turkia – lead";"120232769281030080";"PAUSED";"LEAD_GENERATION";"250000";"BH";"bilinmiyor";"facebook, instagram";"ulke + platform";"";"canli_hedefleme";""
"Doruk Hospital";"Onkoloji – Genel – Kuveyt – AR – ilaj turkia – Lead -";"120232769280990080";"Onkoloji – Onkoloji Genel - Arap Bölgesi – Tümü – AR – Doruk İlaj Turkia – lead";"120232769281030080";"PAUSED";"LEAD_GENERATION";"700000";"KW";"bilinmiyor";"facebook, instagram";"ulke + platform";"";"canli_hedefleme";""
"Doruk Hospital";"FTR - genel - lead - Bahreyn - Kombine - cold";"120232750930200080";"Fizik Tedavi - Intensive FTR - Arap Bölgesi - Tümü - AR - Doruk İlaj Turkia - lead";"120232435509150080";"PAUSED";"LEAD_GENERATION";"120000";"BH";"bilinmiyor";"facebook, instagram";"ulke + platform";"";"canli_hedefleme";""
"Doruk Hospital";"Onkoloji - Genel - Özbekistan - RU - Lechenie v Turtsii - Lead - Kopya";"120232730193370080";"Onkoloji - Onkoloji Genel - Türki Cumhuriyetler - Tümü - RU - Lechenie v Turtsii - Lead";"120232719606380080";"CAMPAIGN_PAUSED";"LEAD_GENERATION";"160000";"bilinmiyor";"bilinmiyor";"facebook, instagram";"platform";"";"canli_hedefleme_eksik";""
"Doruk Hospital";"Onkoloji - Genel - Kazakistan - RU - Lechenie v Turtsii - Lead - Kazak dublaj";"120232730193350080";"Onkoloji - Onkoloji Genel - Türki Cumhuriyetler - Tümü - RU - Lechenie v Turtsii - Lead";"120232719606380080";"PAUSED";"LEAD_GENERATION";"1100000";"KZ";"bilinmiyor";"facebook, instagram";"ulke + platform";"";"canli_hedefleme";""
"Doruk Hospital";"Onkoloji - Genel - Kırgızistan - RU - Lechenie v Turtsii - Lead";"120232719606400080";"Onkoloji - Onkoloji Genel - Türki Cumhuriyetler - Tümü - RU - Lechenie v Turtsii - Lead";"120232719606380080";"CAMPAIGN_PAUSED";"LEAD_GENERATION";"150000";"KG";"bilinmiyor";"facebook, instagram";"ulke + platform";"";"canli_hedefleme";""
"Doruk Hospital";"Instagram Post";"120232696260700080";"Rusça Onkoloji Kırgızistan Profilden Ziyaret";"120232696259960080";"CAMPAIGN_PAUSED";"VISIT_INSTAGRAM_PROFILE";"";"KG";"bilinmiyor";"instagram";"ulke + platform";"";"canli_hedefleme";""
"Doruk Hospital";"Instagram Post";"120232695681790080";"Rusça Onkoloji Kırgızistan Profilden Ziyaret";"120232695681450080";"CAMPAIGN_PAUSED";"VISIT_INSTAGRAM_PROFILE";"";"KG";"bilinmiyor";"instagram";"ulke + platform";"";"canli_hedefleme";""
"Doruk Hospital";"Instagram Post";"120232695526690080";"Rusça Onkoloji Özbekistan Profilden Ziyaret";"120232695526430080";"CAMPAIGN_PAUSED";"VISIT_INSTAGRAM_PROFILE";"";"UZ";"bilinmiyor";"instagram";"ulke + platform";"";"canli_hedefleme";""
"Doruk Hospital";"Instagram Post";"120232694678350080";"Rusça FTR Özbekistan Profilden Ziyaret";"120232694676960080";"CAMPAIGN_PAUSED";"VISIT_INSTAGRAM_PROFILE";"";"UZ";"bilinmiyor";"instagram";"ulke + platform";"";"canli_hedefleme";""
"Doruk Hospital";"Instagram Post";"120232621586520080";"Arapça FTR BAE profilden ziyaret";"120232621586440080";"CAMPAIGN_PAUSED";"VISIT_INSTAGRAM_PROFILE";"";"AE";"bilinmiyor";"instagram";"ulke + platform";"";"canli_hedefleme";""
"Doruk Hospital";"Instagram Post";"120232621577590080";"Arapça FTR BAE profilden ziyaret";"120232621577000080";"CAMPAIGN_PAUSED";"VISIT_INSTAGRAM_PROFILE";"";"AE";"bilinmiyor";"instagram";"ulke + platform";"";"canli_hedefleme";""
"Doruk Hospital";"Instagram Post";"120232621561650080";"Arapça Onkoloji BAE Profilden Ziyaret";"120232621561570080";"CAMPAIGN_PAUSED";"VISIT_INSTAGRAM_PROFILE";"";"AE";"bilinmiyor";"instagram";"ulke + platform";"";"canli_hedefleme";""
"Doruk Hospital";"Instagram Post";"120232621529340080";"Arapça Onkoloji BAE Profilden Ziyaret";"120232621529250080";"ACTIVE";"VISIT_INSTAGRAM_PROFILE";"";"AE";"bilinmiyor";"instagram";"ulke + platform";"";"canli_hedefleme";""
"Doruk Hospital";"Instagram Post";"120232621317620080";"Arapça FTR Bahreyn Profil Ziyaret";"120232621317260080";"CAMPAIGN_PAUSED";"VISIT_INSTAGRAM_PROFILE";"";"BH";"bilinmiyor";"instagram";"ulke + platform";"";"canli_hedefleme";""
"Doruk Hospital";"Instagram Post";"120232621257840080";"Arapça FTR Bahreyn Profil Ziyaret";"120232621257490080";"ACTIVE";"VISIT_INSTAGRAM_PROFILE";"";"BH";"bilinmiyor";"instagram";"ulke + platform";"";"canli_hedefleme";""
"Doruk Hospital";"Instagram Post";"120232621194750080";"Arapça Onkoloji Bahreyn Profil Ziyaret";"120232621194630080";"ACTIVE";"VISIT_INSTAGRAM_PROFILE";"";"BH";"bilinmiyor";"instagram";"ulke + platform";"";"canli_hedefleme";""
"Doruk Hospital";"Instagram Post";"120232621129520080";"Arapça Onkoloji Bahreyn Profil Ziyaret";"120232621128380080";"ACTIVE";"VISIT_INSTAGRAM_PROFILE";"";"BH";"bilinmiyor";"instagram";"ulke + platform";"";"canli_hedefleme";""
"Doruk Hospital";"Instagram Post";"120232620671870080";"Arapça FTR Umman Profil Ziyaret";"120232620671760080";"ACTIVE";"VISIT_INSTAGRAM_PROFILE";"";"OM";"bilinmiyor";"instagram";"ulke + platform";"";"canli_hedefleme";""
"Doruk Hospital";"Instagram Post";"120232620604660080";"Arapça FTR Umman Profil Ziyaret";"120232620603370080";"ACTIVE";"VISIT_INSTAGRAM_PROFILE";"";"OM";"bilinmiyor";"instagram";"ulke + platform";"";"canli_hedefleme";""
"Doruk Hospital";"Instagram Post";"120232620570730080";"Arapça Onkoloji Umman Profil Ziyaret";"120232620570630080";"CAMPAIGN_PAUSED";"VISIT_INSTAGRAM_PROFILE";"";"OM";"bilinmiyor";"instagram";"ulke + platform";"";"canli_hedefleme";""
"Doruk Hospital";"Instagram Post";"120232620484220080";"Arapça Onkoloji Umman Profil Ziyaret";"120232620482430080";"ACTIVE";"VISIT_INSTAGRAM_PROFILE";"";"OM";"bilinmiyor";"instagram";"ulke + platform";"";"canli_hedefleme";""
"Doruk Hospital";"Instagram Post";"120232620003010080";"Arapça FTR Katar Profil Ziyaret";"120232620002920080";"ACTIVE";"VISIT_INSTAGRAM_PROFILE";"";"QA";"bilinmiyor";"instagram";"ulke + platform";"";"canli_hedefleme";""
"Doruk Hospital";"Instagram Post";"120232619958660080";"Arapça FTR Katar Profil Ziyaret";"120232619958590080";"CAMPAIGN_PAUSED";"VISIT_INSTAGRAM_PROFILE";"";"QA";"bilinmiyor";"instagram";"ulke + platform";"";"canli_hedefleme";""
"Doruk Hospital";"Instagram Post";"120232619861920080";"Arapça Onkoloji Katar Profil Ziyaret";"120232619861830080";"ACTIVE";"VISIT_INSTAGRAM_PROFILE";"";"QA";"bilinmiyor";"instagram";"ulke + platform";"";"canli_hedefleme";""
"Doruk Hospital";"Instagram Post";"120232619814380080";"Arapça Onkoloji Katar Profil Ziyaret";"120232619814300080";"ACTIVE";"VISIT_INSTAGRAM_PROFILE";"";"QA";"bilinmiyor";"instagram";"ulke + platform";"";"canli_hedefleme";""
"Doruk Hospital";"Instagram Post";"120232619655600080";"Arapça FTR Kuveyt Profilden Ziyaret";"120232619655550080";"CAMPAIGN_PAUSED";"VISIT_INSTAGRAM_PROFILE";"";"KW";"bilinmiyor";"instagram";"ulke + platform";"";"canli_hedefleme";""
"Doruk Hospital";"Instagram Post";"120232619630650080";"Arapça FTR Kuveyt Profilden Ziyaret";"120232619630130080";"ACTIVE";"VISIT_INSTAGRAM_PROFILE";"";"KW";"bilinmiyor";"instagram";"ulke + platform";"";"canli_hedefleme";""
"Doruk Hospital";"Instagram Post";"120232619568930080";"Arapça Onkoloji Kuveyt Profilden ziyaret";"120232619568870080";"CAMPAIGN_PAUSED";"VISIT_INSTAGRAM_PROFILE";"";"KW";"bilinmiyor";"instagram";"ulke + platform";"";"canli_hedefleme";""
"Doruk Hospital";"Instagram Post";"120232619534030080";"Arapça Onkoloji Kuveyt Profilden ziyaret";"120232619533610080";"ACTIVE";"VISIT_INSTAGRAM_PROFILE";"";"KW";"bilinmiyor";"instagram";"ulke + platform";"";"canli_hedefleme";""
"Doruk Hospital";"Instagram Post";"120232615865890080";"Rusça FTR Özbekistan Profilden Ziyaret";"120232615865700080";"CAMPAIGN_PAUSED";"VISIT_INSTAGRAM_PROFILE";"";"KG, UZ";"bilinmiyor";"instagram";"ulke + platform";"";"canli_hedefleme";""
"Doruk Hospital";"Instagram Post";"120232615848340080";"Rusça FTR Kırgızistan Profilden Ziyaret";"120232615848010080";"CAMPAIGN_PAUSED";"VISIT_INSTAGRAM_PROFILE";"";"KG";"bilinmiyor";"instagram";"ulke + platform";"";"canli_hedefleme";""
"Doruk Hospital";"Instagram Post";"120232615791540080";"Rusça FTR Kırgızistan Profilden Ziyaret";"120232615791480080";"CAMPAIGN_PAUSED";"VISIT_INSTAGRAM_PROFILE";"";"KG";"bilinmiyor";"instagram";"ulke + platform";"";"canli_hedefleme";""
"Doruk Hospital";"Instagram Post";"120232615783430080";"Rusça FTR Özbekistan Profilden Ziyaret";"120232615782640080";"CAMPAIGN_PAUSED";"VISIT_INSTAGRAM_PROFILE";"";"UZ";"bilinmiyor";"instagram";"ulke + platform";"";"canli_hedefleme";""
"Doruk Hospital";"Instagram Post";"120232615715510080";"Rusça Onkoloji Özbekistan Profilden Ziyaret";"120232615715320080";"PAUSED";"VISIT_INSTAGRAM_PROFILE";"";"UZ";"bilinmiyor";"instagram";"ulke + platform";"";"canli_hedefleme";""
"Doruk Hospital";"Instagram Post";"120232615671350080";"Rusça Onkoloji Özbekistan Profilden Ziyaret";"120232615670770080";"CAMPAIGN_PAUSED";"VISIT_INSTAGRAM_PROFILE";"";"UZ";"bilinmiyor";"instagram";"ulke + platform";"";"canli_hedefleme";""
"Doruk Hospital";"Instagram Post";"120232615504780080";"Rusça Onkoloji Kazakistan Profilden Ziyaret";"120232615504600080";"CAMPAIGN_PAUSED";"VISIT_INSTAGRAM_PROFILE";"";"KZ";"bilinmiyor";"instagram";"ulke + platform";"";"canli_hedefleme";""
"Doruk Hospital";"Instagram Post";"120232615390810080";"Rusça Onkoloji Kazakistan Profilden Ziyaret";"120232615388740080";"CAMPAIGN_PAUSED";"VISIT_INSTAGRAM_PROFILE";"";"KZ";"bilinmiyor";"instagram";"ulke + platform";"";"canli_hedefleme";""
"Doruk Hospital";"Instagram Post";"120232614970020080";"Rusça FTR Kazakistan Profilden Ziyaret";"120232614969360080";"CAMPAIGN_PAUSED";"VISIT_INSTAGRAM_PROFILE";"";"KZ";"bilinmiyor";"instagram";"ulke + platform";"";"canli_hedefleme";""
"Doruk Hospital";"Instagram Post";"120232614741680080";"Rusça FTR Kazakistan Profilden Ziyaret";"120232614741410080";"CAMPAIGN_PAUSED";"VISIT_INSTAGRAM_PROFILE";"";"KZ";"bilinmiyor";"instagram";"ulke + platform";"";"canli_hedefleme";""
"Doruk Hospital";"Instagram Post";"120232533000570080";"Arapça FTR Umman Profilden Ziyaret";"120232533000510080";"CAMPAIGN_PAUSED";"VISIT_INSTAGRAM_PROFILE";"";"OM";"bilinmiyor";"instagram";"ulke + platform";"";"canli_hedefleme";""
"Doruk Hospital";"Instagram Post";"120232532994120080";"Arapça FTR Umman Profilden Ziyaret";"120232532994020080";"CAMPAIGN_PAUSED";"VISIT_INSTAGRAM_PROFILE";"";"OM";"bilinmiyor";"instagram";"ulke + platform";"";"canli_hedefleme";""
"Doruk Hospital";"Instagram Post";"120232532965530080";"Arapça FTR Umman Profilden Ziyaret";"120232532965070080";"CAMPAIGN_PAUSED";"VISIT_INSTAGRAM_PROFILE";"";"OM";"bilinmiyor";"instagram";"ulke + platform";"";"canli_hedefleme";""
"Doruk Hospital";"Instagram Post";"120232532851010080";"Arapça Onkoloji Umman Profilden Ziyaret";"120232532850840080";"CAMPAIGN_PAUSED";"VISIT_INSTAGRAM_PROFILE";"";"OM";"bilinmiyor";"instagram";"ulke + platform";"";"canli_hedefleme";""
"Doruk Hospital";"Instagram Post";"120232532833200080";"Arapça Onkoloji Umman Profilden Ziyaret";"120232532832940080";"CAMPAIGN_PAUSED";"VISIT_INSTAGRAM_PROFILE";"";"OM";"bilinmiyor";"instagram";"ulke + platform";"";"canli_hedefleme";""
"Doruk Hospital";"Instagram Post";"120232532764940080";"Arapça FTR Katar Profilden Ziyaret";"120232532764550080";"CAMPAIGN_PAUSED";"VISIT_INSTAGRAM_PROFILE";"";"QA";"bilinmiyor";"instagram";"ulke + platform";"";"canli_hedefleme";""
"Doruk Hospital";"Instagram Post";"120232532748410080";"Arapça FTR Katar Profilden Ziyaret";"120232532747510080";"CAMPAIGN_PAUSED";"VISIT_INSTAGRAM_PROFILE";"";"QA";"bilinmiyor";"instagram";"ulke + platform";"";"canli_hedefleme";""
"Doruk Hospital";"Instagram Post";"120232532737440080";"Arapça FTR Katar Profilden Ziyaret";"120232532737380080";"CAMPAIGN_PAUSED";"VISIT_INSTAGRAM_PROFILE";"";"QA";"bilinmiyor";"instagram";"ulke + platform";"";"canli_hedefleme";""
"Doruk Hospital";"Instagram Post";"120232532728310080";"Arapça FTR Katar Profilden Ziyaret";"120232532728140080";"CAMPAIGN_PAUSED";"VISIT_INSTAGRAM_PROFILE";"";"QA";"bilinmiyor";"instagram";"ulke + platform";"";"canli_hedefleme";""
"Doruk Hospital";"Instagram Post";"120232532663730080";"Arapça Onkoloji Katar Profilden Ziyaret";"120232532662540080";"CAMPAIGN_PAUSED";"VISIT_INSTAGRAM_PROFILE";"";"QA";"bilinmiyor";"instagram";"ulke + platform";"";"canli_hedefleme";""
"Doruk Hospital";"Instagram Post";"120232532617140080";"Arapça Onkoloji Katar Profilden Ziyaret";"120232532617100080";"CAMPAIGN_PAUSED";"VISIT_INSTAGRAM_PROFILE";"";"QA";"bilinmiyor";"instagram";"ulke + platform";"";"canli_hedefleme";""
"Doruk Hospital";"Instagram Post";"120232532564280080";"Arapça FTR Bahreyn Profilden Ziyaret";"120232532564110080";"CAMPAIGN_PAUSED";"VISIT_INSTAGRAM_PROFILE";"";"BH";"bilinmiyor";"instagram";"ulke + platform";"";"canli_hedefleme";""
"Doruk Hospital";"Instagram Post";"120232532545650080";"Arapça FTR Bahreyn Profilden Ziyaret";"120232532545470080";"CAMPAIGN_PAUSED";"VISIT_INSTAGRAM_PROFILE";"";"BH";"bilinmiyor";"instagram";"ulke + platform";"";"canli_hedefleme";""
"Doruk Hospital";"Instagram Post";"120232532530880080";"Arapça FTR Bahreyn Profilden Ziyaret";"120232532530810080";"CAMPAIGN_PAUSED";"VISIT_INSTAGRAM_PROFILE";"";"BH";"bilinmiyor";"instagram";"ulke + platform";"";"canli_hedefleme";""
"Doruk Hospital";"Instagram Post";"120232532522140080";"Arapça FTR Bahreyn Profilden Ziyaret";"120232532521890080";"CAMPAIGN_PAUSED";"VISIT_INSTAGRAM_PROFILE";"";"BH";"bilinmiyor";"instagram";"ulke + platform";"";"canli_hedefleme";""
"Doruk Hospital";"Instagram Post";"120232532503100080";"Arapça Onkoloji Bahreyn Profilden Ziyaret";"120232532502940080";"CAMPAIGN_PAUSED";"VISIT_INSTAGRAM_PROFILE";"";"BH";"bilinmiyor";"instagram";"ulke + platform";"";"canli_hedefleme";""
"Doruk Hospital";"Instagram Post";"120232532454290080";"Arapça Onkoloji Bahreyn Profilden Ziyaret";"120232532454150080";"CAMPAIGN_PAUSED";"VISIT_INSTAGRAM_PROFILE";"";"BH";"bilinmiyor";"instagram";"ulke + platform";"";"canli_hedefleme";""
"Doruk Hospital";"Instagram Post";"120232532383870080";"Arapça FTR Kuveyt Profilden Ziyaret";"120232532383720080";"CAMPAIGN_PAUSED";"VISIT_INSTAGRAM_PROFILE";"";"KW";"bilinmiyor";"instagram";"ulke + platform";"";"canli_hedefleme";""
"Doruk Hospital";"Instagram Post";"120232532367080080";"Arapça FTR Kuveyt Profilden Ziyaret";"120232532366790080";"CAMPAIGN_PAUSED";"VISIT_INSTAGRAM_PROFILE";"";"KW";"bilinmiyor";"instagram";"ulke + platform";"";"canli_hedefleme";""
"Doruk Hospital";"Instagram Post";"120232532334310080";"Arapça FTR Kuveyt Profilden Ziyaret";"120232532334130080";"CAMPAIGN_PAUSED";"VISIT_INSTAGRAM_PROFILE";"";"KW";"bilinmiyor";"instagram";"ulke + platform";"";"canli_hedefleme";""
"Doruk Hospital";"Instagram Post";"120232532308380080";"Arapça FTR Kuveyt Profilden Ziyaret";"120232532308240080";"CAMPAIGN_PAUSED";"VISIT_INSTAGRAM_PROFILE";"";"KW";"bilinmiyor";"instagram";"ulke + platform";"";"canli_hedefleme";""
"Doruk Hospital";"Instagram Post";"120232532244520080";"Arapça FTR Kuveyt Profilden Ziyaret";"120232532244480080";"CAMPAIGN_PAUSED";"VISIT_INSTAGRAM_PROFILE";"";"KW";"bilinmiyor";"instagram";"ulke + platform";"";"canli_hedefleme";""
"Doruk Hospital";"Instagram Post";"120232532091080080";"Arapça Onkoloji Kuveyt Profilden Ziyaret";"120232532090850080";"CAMPAIGN_PAUSED";"VISIT_INSTAGRAM_PROFILE";"";"KW";"bilinmiyor";"instagram";"ulke + platform";"";"canli_hedefleme";""
"Doruk Hospital";"Instagram Post";"120232532038430080";"Arapça Onkoloji Kuveyt Profilden Ziyaret";"120232532038280080";"CAMPAIGN_PAUSED";"VISIT_INSTAGRAM_PROFILE";"";"KW";"bilinmiyor";"instagram";"ulke + platform";"";"canli_hedefleme";""
"Doruk Hospital";"Instagram Post";"120232531099070080";"Rusça FTR Kırgızistan Profilden Ziyaret";"120232531098990080";"CAMPAIGN_PAUSED";"VISIT_INSTAGRAM_PROFILE";"";"KG";"bilinmiyor";"instagram";"ulke + platform";"";"canli_hedefleme";""
"Doruk Hospital";"Instagram Post";"120232531014690080";"Rusça FTR Kırgızistan Profilden Ziyaret";"120232531014610080";"CAMPAIGN_PAUSED";"VISIT_INSTAGRAM_PROFILE";"";"KG";"bilinmiyor";"instagram";"ulke + platform";"";"canli_hedefleme";""
"Doruk Hospital";"Instagram Post";"120232530908990080";"Rusça FTR Kırgızistan Profilden Ziyaret";"120232530908640080";"CAMPAIGN_PAUSED";"VISIT_INSTAGRAM_PROFILE";"";"KG";"bilinmiyor";"instagram";"ulke + platform";"";"canli_hedefleme";""
"Doruk Hospital";"Instagram Post";"120232530866760080";"Rusça FTR Kırgızistan Profilden Ziyaret";"120232530866650080";"CAMPAIGN_PAUSED";"VISIT_INSTAGRAM_PROFILE";"";"KG";"bilinmiyor";"instagram";"ulke + platform";"";"canli_hedefleme";""
"Doruk Hospital";"Instagram Post";"120232530804510080";"Rusça Onkoloji Kırgızistan Profilden Ziyaret";"120232530804450080";"CAMPAIGN_PAUSED";"VISIT_INSTAGRAM_PROFILE";"";"KG";"bilinmiyor";"instagram";"ulke + platform";"";"canli_hedefleme";""
"Doruk Hospital";"Instagram Post";"120232530695970080";"Rusça Onkoloji Kırgızistan Profilden Ziyaret";"120232530695750080";"CAMPAIGN_PAUSED";"VISIT_INSTAGRAM_PROFILE";"";"KG";"bilinmiyor";"instagram";"ulke + platform";"";"canli_hedefleme";""
"Doruk Hospital";"Instagram Post";"120232530522720080";"Rusça FTR Özbekistan Profilden Ziyaret";"120232530522660080";"CAMPAIGN_PAUSED";"VISIT_INSTAGRAM_PROFILE";"";"UZ";"bilinmiyor";"instagram";"ulke + platform";"";"canli_hedefleme";""
"Doruk Hospital";"Instagram Post";"120232530503280080";"Rusça FTR Özbekistan Profilden Ziyaret";"120232530502970080";"CAMPAIGN_PAUSED";"VISIT_INSTAGRAM_PROFILE";"";"UZ";"bilinmiyor";"instagram";"ulke + platform";"";"canli_hedefleme";""
"Doruk Hospital";"Instagram Post";"120232530454520080";"Rusça FTR Özbekistan Profilden Ziyaret";"120232530454360080";"CAMPAIGN_PAUSED";"VISIT_INSTAGRAM_PROFILE";"";"UZ";"bilinmiyor";"instagram";"ulke + platform";"";"canli_hedefleme";""
"Doruk Hospital";"Instagram Post";"120232530414090080";"Rusça FTR Özbekistan Profilden Ziyaret";"120232530414010080";"CAMPAIGN_PAUSED";"VISIT_INSTAGRAM_PROFILE";"";"UZ";"bilinmiyor";"instagram";"ulke + platform";"";"canli_hedefleme";""
"Doruk Hospital";"Instagram Post";"120232529793520080";"Rusça Onkoloji Özbekistan Profilden Ziyaret";"120232529793440080";"CAMPAIGN_PAUSED";"VISIT_INSTAGRAM_PROFILE";"";"UZ";"bilinmiyor";"instagram";"ulke + platform";"";"canli_hedefleme";""
"Doruk Hospital";"Instagram Post";"120232529670960080";"Rusça Onkoloji Özbekistan Profilden Ziyaret";"120232529670800080";"CAMPAIGN_PAUSED";"VISIT_INSTAGRAM_PROFILE";"";"UZ";"bilinmiyor";"instagram";"ulke + platform";"";"canli_hedefleme";""
"Doruk Hospital";"Instagram Post";"120232526194180080";"Rusça FTR Kazakistan Profilden Ziyaret";"120232526194150080";"CAMPAIGN_PAUSED";"VISIT_INSTAGRAM_PROFILE";"";"KZ";"bilinmiyor";"instagram";"ulke + platform";"";"canli_hedefleme";""
"Doruk Hospital";"Instagram Post";"120232526167890080";"Rusça FTR Kazakistan Profilden Ziyaret";"120232526167870080";"CAMPAIGN_PAUSED";"VISIT_INSTAGRAM_PROFILE";"";"KZ";"bilinmiyor";"instagram";"ulke + platform";"";"canli_hedefleme";""
"Doruk Hospital";"Instagram Post";"120232526142640080";"Rusça FTR Kazakistan Profilden Ziyaret";"120232526142570080";"CAMPAIGN_PAUSED";"VISIT_INSTAGRAM_PROFILE";"";"KZ";"bilinmiyor";"instagram";"ulke + platform";"";"canli_hedefleme";""
"Doruk Hospital";"Instagram Post";"120232526108520080";"Rusça FTR Kazakistan Profilden Ziyaret";"120232526108390080";"CAMPAIGN_PAUSED";"VISIT_INSTAGRAM_PROFILE";"";"KZ";"bilinmiyor";"instagram";"ulke + platform";"";"canli_hedefleme";""
"Doruk Hospital";"Instagram Post";"120232526096820080";"Rusça Onkoloji Kazakistan Profilden Ziyaret";"120232526096800080";"CAMPAIGN_PAUSED";"VISIT_INSTAGRAM_PROFILE";"";"KZ";"bilinmiyor";"instagram";"ulke + platform";"";"canli_hedefleme";""
"Doruk Hospital";"Instagram Post";"120232526043910080";"Rusça Onkoloji Kazakistan Profilden Ziyaret";"120232526043030080";"CAMPAIGN_PAUSED";"VISIT_INSTAGRAM_PROFILE";"";"KZ";"bilinmiyor";"instagram";"ulke + platform";"";"canli_hedefleme";""
"Doruk Hospital";"Kırgızistan - FTR";"120232474180500080";"Lechenie Trafik - RU";"120232473626750080";"CAMPAIGN_PAUSED";"PROFILE_VISIT";"200000";"KG";"bilinmiyor";"bilinmiyor";"ulke";"";"canli_hedefleme";""
"Doruk Hospital";"Özbekistan - FTR";"120232474174360080";"Lechenie Trafik - RU";"120232473626750080";"PAUSED";"PROFILE_VISIT";"500000";"UZ";"bilinmiyor";"bilinmiyor";"ulke";"";"canli_hedefleme";""
"Doruk Hospital";"Kazakistan - FTR";"120232474067340080";"Lechenie Trafik - RU";"120232473626750080";"PAUSED";"PROFILE_VISIT";"800000";"KZ";"bilinmiyor";"bilinmiyor";"ulke";"";"canli_hedefleme";""
"Doruk Hospital";"Kırgızistan - Onkoloji";"120232473899160080";"Lechenie Trafik - RU";"120232473626750080";"CAMPAIGN_PAUSED";"PROFILE_VISIT";"200000";"KG";"bilinmiyor";"bilinmiyor";"ulke";"";"canli_hedefleme";""
"Doruk Hospital";"Özbekistan - Onkoloji";"120232473829180080";"Lechenie Trafik - RU";"120232473626750080";"PAUSED";"PROFILE_VISIT";"500000";"UZ";"bilinmiyor";"bilinmiyor";"ulke";"";"canli_hedefleme";""
"Doruk Hospital";"Kazakistan - Onkoloji";"120232473626760080";"Lechenie Trafik - RU";"120232473626750080";"PAUSED";"PROFILE_VISIT";"800000";"KZ";"bilinmiyor";"bilinmiyor";"ulke";"";"canli_hedefleme";""
"Doruk Hospital";"Instagram Post";"120232473555920080";"Arapça FTR Körfez Trafik";"120232473555680080";"CAMPAIGN_PAUSED";"VISIT_INSTAGRAM_PROFILE";"";"AE, BH, KW, OM, QA";"bilinmiyor";"instagram";"ulke + platform";"";"canli_hedefleme";""
"Doruk Hospital";"Instagram Post";"120232473441360080";"Arapça FTR Körfez Trafik";"120232473441090080";"CAMPAIGN_PAUSED";"VISIT_INSTAGRAM_PROFILE";"";"AE, BH, KW, OM, QA";"bilinmiyor";"instagram";"ulke + platform";"";"canli_hedefleme";""
"Doruk Hospital";"Instagram Post";"120232468496240080";"Arapça Onko Körfez Trafik";"120232468496200080";"CAMPAIGN_PAUSED";"VISIT_INSTAGRAM_PROFILE";"";"AE, BH, KW, OM, QA";"bilinmiyor";"instagram";"ulke + platform";"";"canli_hedefleme";""
"Doruk Hospital";"Instagram Post";"120232468462640080";"Arapça Onko Körfez Trafik";"120232468462160080";"CAMPAIGN_PAUSED";"VISIT_INSTAGRAM_PROFILE";"";"AE, BH, KW, OM, QA";"bilinmiyor";"instagram";"ulke + platform";"";"canli_hedefleme";""
"Doruk Hospital";"Instagram Post";"120232468339880080";"Arapça Onko Körfez Trafik";"120232468339280080";"CAMPAIGN_PAUSED";"VISIT_INSTAGRAM_PROFILE";"";"AE, BH, KW, OM, QA";"bilinmiyor";"instagram";"ulke + platform";"";"canli_hedefleme";""
"Doruk Hospital";"Instagram Post";"120232467477440080";"Arapça FTR Körfez Trafik";"120232467477010080";"CAMPAIGN_PAUSED";"VISIT_INSTAGRAM_PROFILE";"";"AE, BH, KW, OM, QA";"bilinmiyor";"instagram";"ulke + platform";"";"canli_hedefleme";""
"Doruk Hospital";"Instagram Post";"120232463977630080";"Arapça FTR Körfez Trafik";"120232463977480080";"CAMPAIGN_PAUSED";"VISIT_INSTAGRAM_PROFILE";"";"AE, BH, KW, OM, QA";"bilinmiyor";"instagram";"ulke + platform";"";"canli_hedefleme";""
"Doruk Hospital";"FTR - genel - lead - retargeting - kazakistan";"120232457166090080";"Fizik Tedavi - Intensive FTR - Türki Cumhuriyetler - Tümü - RU - Lechenie v Turtsii - lead";"120232382033210080";"PAUSED";"LEAD_GENERATION";"750000";"KZ";"bilinmiyor";"facebook, instagram";"ulke + platform";"";"canli_hedefleme";""
"Doruk Hospital";"FTR - genel - lead - retargeting - özbekistan";"120232457106810080";"Fizik Tedavi - Intensive FTR - Türki Cumhuriyetler - Tümü - RU - Lechenie v Turtsii - lead";"120232382033210080";"PAUSED";"LEAD_GENERATION";"100000";"bilinmiyor";"bilinmiyor";"facebook, instagram";"platform";"";"canli_hedefleme_eksik";""
"Doruk Hospital";"FTR - genel - lead - BAE -  kombine - cold";"120232452596950080";"Fizik Tedavi - Intensive FTR - Arap Bölgesi - Tümü - AR - Doruk İlaj Turkia - lead";"120232435509150080";"PAUSED";"LEAD_GENERATION";"300000";"bilinmiyor";"bilinmiyor";"facebook, instagram";"platform";"";"canli_hedefleme_eksik";""
"Doruk Hospital";"Instagram Post";"120232423975650080";"Rusça Gönderiden Profil Ziyaret";"120232423975420080";"CAMPAIGN_PAUSED";"VISIT_INSTAGRAM_PROFILE";"";"KG, UZ";"bilinmiyor";"instagram";"ulke + platform";"";"canli_hedefleme";""
"Doruk Hospital";"Instagram Post";"120232423963270080";"Rusça Gönderiden Profil Ziyaret";"120232423963210080";"CAMPAIGN_PAUSED";"VISIT_INSTAGRAM_PROFILE";"";"KG, UZ";"bilinmiyor";"instagram";"ulke + platform";"";"canli_hedefleme";""
"Doruk Hospital";"Instagram Post";"120232423945750080";"Rusça Gönderiden Profil Ziyaret";"120232423945640080";"CAMPAIGN_PAUSED";"VISIT_INSTAGRAM_PROFILE";"";"KZ";"bilinmiyor";"instagram";"ulke + platform";"";"canli_hedefleme";""
"Doruk Hospital";"Instagram Post";"120232423930600080";"Rusça Gönderiden Profil Ziyaret";"120232423930470080";"CAMPAIGN_PAUSED";"VISIT_INSTAGRAM_PROFILE";"";"UA";"bilinmiyor";"instagram";"ulke + platform";"";"canli_hedefleme";""
"Doruk Hospital";"Instagram Post";"120232423881230080";"Rusça Gönderiden Profil Ziyaret";"120232423881110080";"CAMPAIGN_PAUSED";"VISIT_INSTAGRAM_PROFILE";"";"UA";"bilinmiyor";"instagram";"ulke + platform";"";"canli_hedefleme";""
"Doruk Hospital";"Instagram Post";"120232423823080080";"Rusça Gönderiden Profil Ziyaret";"120232423822490080";"CAMPAIGN_PAUSED";"VISIT_INSTAGRAM_PROFILE";"";"KZ";"bilinmiyor";"instagram";"ulke + platform";"";"canli_hedefleme";""
"Doruk Hospital";"FTR - genel - lead - retargeting - kırgızistan";"120232419906760080";"Fizik Tedavi - Intensive FTR - Türki Cumhuriyetler - Tümü - RU - Lechenie v Turtsii - lead";"120232382033210080";"PAUSED";"LEAD_GENERATION";"290000";"KG";"bilinmiyor";"facebook, instagram";"ulke + platform";"";"canli_hedefleme";""
"Doruk Hospital";"Instagram Post";"120232311418080080";"Arapça Gönderiden Mesajlaşma - FTR - Tüm Arap";"120232311417850080";"CAMPAIGN_PAUSED";"CONVERSATIONS";"";"AE, BH, KW, OM, QA";"bilinmiyor";"facebook, instagram, messenger";"ulke + platform";"";"canli_hedefleme";""
"Doruk Hospital";"[27.09.2025]  Sayfasının Tanıtımı";"120232146393850080";"Rusça Gönderiden Mesajlaşma - FTR - Özbekistan+Kırgızistan";"120232146392950080";"CAMPAIGN_PAUSED";"CONVERSATIONS";"";"KG, UZ";"bilinmiyor";"facebook, instagram, audience_network, messenger";"ulke + platform";"";"canli_hedefleme";""
"Doruk Hospital";"[27.09.2025]  Sayfasının Tanıtımı";"120232145861550080";"Rusça Gönderiden Mesajlaşma - FTR - Ukrayna";"120232145860610080";"CAMPAIGN_PAUSED";"CONVERSATIONS";"";"UA";"bilinmiyor";"facebook";"ulke + platform";"";"canli_hedefleme";""
"Doruk Hospital";"[27.09.2025]  Sayfasının Tanıtımı";"120232145380230080";"Rusça Gönderiden Mesajlaşma - FTR - Kazakistan";"120232145380130080";"CAMPAIGN_PAUSED";"CONVERSATIONS";"";"KZ";"bilinmiyor";"facebook";"ulke + platform";"";"canli_hedefleme";""
"Doruk Hospital";"[27.09.2025]  Sayfasının Tanıtımı";"120232143232720080";"Arapça Gönderiden Mesajlaşma - FTR - Körfez (S.A hariç)";"120232143232530080";"CAMPAIGN_PAUSED";"CONVERSATIONS";"";"AE, BH, KW, OM, QA";"bilinmiyor";"facebook, instagram";"ulke + platform";"";"canli_hedefleme";""
"Doruk Hospital";"Instagram Post";"120232025240600080";"Arapça - Gönderiden Profili Ziyaret";"120232025240530080";"CAMPAIGN_PAUSED";"VISIT_INSTAGRAM_PROFILE";"";"AE, BH, KW, OM, QA";"bilinmiyor";"instagram";"ulke + platform";"";"canli_hedefleme";""
"Doruk Hospital";"Instagram Post";"120232024228330080";"Arapça - Gönderiden Profili Ziyaret";"120232024227490080";"CAMPAIGN_PAUSED";"VISIT_INSTAGRAM_PROFILE";"";"AE, BH, KW, OM, QA";"bilinmiyor";"instagram";"ulke + platform";"";"canli_hedefleme";""
"Doruk Hospital";"Instagram Post";"120232024115400080";"Arapça - Gönderiden Profili Ziyaret";"120232024114900080";"CAMPAIGN_PAUSED";"VISIT_INSTAGRAM_PROFILE";"";"AE, BH, KW, OM, QA";"bilinmiyor";"instagram";"ulke + platform";"";"canli_hedefleme";""
"Doruk Hospital";"Instagram Post";"120232023228340080";"Rusça Gönderiden Profil Ziyaret";"120232023228260080";"CAMPAIGN_PAUSED";"VISIT_INSTAGRAM_PROFILE";"";"KG, KZ, TJ, UA, UZ";"bilinmiyor";"instagram";"ulke + platform";"";"canli_hedefleme";""
"Doruk Hospital";"Instagram Post";"120232023048860080";"Rusça Gönderiden Profil Ziyaret";"120232023048790080";"CAMPAIGN_PAUSED";"VISIT_INSTAGRAM_PROFILE";"";"KG, KZ, TJ, UA, UZ";"bilinmiyor";"instagram";"ulke + platform";"";"canli_hedefleme";""
"Doruk Hospital";"Instagram Post";"120232022740840080";"Rusça Gönderiden Profil Ziyaret";"120232022740530080";"CAMPAIGN_PAUSED";"VISIT_INSTAGRAM_PROFILE";"";"KG, KZ, TJ, UA, UZ";"bilinmiyor";"instagram";"ulke + platform";"";"canli_hedefleme";""
"Doruk Hospital";"Instagram Post";"120231988176050080";"Rusça Gönderiden Profil Ziyaret";"120231988176000080";"CAMPAIGN_PAUSED";"VISIT_INSTAGRAM_PROFILE";"";"KZ";"bilinmiyor";"instagram";"ulke + platform";"";"canli_hedefleme";""
"Doruk Hospital";"Instagram Post";"120231980675110080";"Rusça Gönderiden Profil Ziyaret";"120231980674570080";"CAMPAIGN_PAUSED";"VISIT_INSTAGRAM_PROFILE";"";"KG, KZ, TJ, UA, UZ";"bilinmiyor";"instagram";"ulke + platform";"";"canli_hedefleme";""
"Doruk Hospital";"Instagram Post";"120231980474900080";"Rusça Gönderiden Profil Ziyaret";"120231980474670080";"CAMPAIGN_PAUSED";"VISIT_INSTAGRAM_PROFILE";"";"KG, KZ, TJ, UA, UZ";"bilinmiyor";"instagram";"ulke + platform";"";"canli_hedefleme";""
"Doruk Hospital";"Instagram Post";"120231980413860080";"Rusça Gönderiden Profil Ziyaret";"120231980413140080";"CAMPAIGN_PAUSED";"VISIT_INSTAGRAM_PROFILE";"";"KG, KZ, TJ, UA, UZ";"bilinmiyor";"instagram";"ulke + platform";"";"canli_hedefleme";""
"Doruk Hospital";"Instagram Post";"120231980159700080";"Instagram gönderisi: ‎⁨	التقنيات الحديثة تُمكّن...";"120231980159640080";"CAMPAIGN_PAUSED";"VISIT_INSTAGRAM_PROFILE";"";"AE, BH, KW, OM, QA";"bilinmiyor";"instagram";"ulke + platform";"";"canli_hedefleme";""
"Doruk Hospital";"Instagram Post";"120231980058370080";"Instagram gönderisi: ‎‎إعادة التأهيل الحديثة في...";"120231980058170080";"CAMPAIGN_PAUSED";"VISIT_INSTAGRAM_PROFILE";"";"AE, BH, KW, OM, QA";"bilinmiyor";"instagram";"ulke + platform";"";"canli_hedefleme";""
"Doruk Hospital";"Instagram Post";"120231979633090080";"Instagram gönderisi: ‎ابدأ رحلة علاجك بخطوة بسيطة...";"120231979632650080";"CAMPAIGN_PAUSED";"VISIT_INSTAGRAM_PROFILE";"";"AE, BH, KW, OM, QA";"bilinmiyor";"instagram";"ulke + platform";"";"canli_hedefleme";""
"Doruk Hospital";"Instagram Post";"120231979592400080";"Instagram gönderisi: ‎‎خطوة نحو الشفاء... مع...";"120231979592300080";"CAMPAIGN_PAUSED";"VISIT_INSTAGRAM_PROFILE";"";"AE, BH, KW, OM, QA";"bilinmiyor";"instagram";"ulke + platform";"";"canli_hedefleme";""
"Doruk Hospital";"FTR - genel - lead - Korfez (BAE SA haric) Retargeting - kombine";"120231593312450080";"Fizik Tedavi - Intensive FTR - Arap Bölgesi - Tümü - AR - Physical Therapy - lead";"120226400025670080";"PAUSED";"LEAD_GENERATION";"900000";"BH, KW, OM, QA";"bilinmiyor";"bilinmiyor";"ulke";"";"canli_hedefleme";""
"Doruk Hospital";"FTR - genel - lead - BAE -  kombine";"120231593260900080";"Fizik Tedavi - Intensive FTR - Arap Bölgesi - Tümü - AR - Physical Therapy - lead";"120226400025670080";"CAMPAIGN_PAUSED";"LEAD_GENERATION";"1300000";"AE";"bilinmiyor";"bilinmiyor";"ulke";"";"canli_hedefleme";""
"Doruk Hospital";"FTR - genel - lead - Körfez (B.A.E. ve S.A hariç) - kombine";"120231590394500080";"Fizik Tedavi - Intensive FTR - Arap Bölgesi - Tümü - AR - Physical Therapy - lead";"120226400025670080";"CAMPAIGN_PAUSED";"LEAD_GENERATION";"1800000";"BH, KW, OM, QA";"bilinmiyor";"bilinmiyor";"ulke";"";"canli_hedefleme";""
"Doruk Hospital";"FTR - genel - lead - robot intro - dinamik";"120231313242050080";"Fizik Tedavi - Intensive FTR - Türki Cumhuriyetler - Tümü - RU - Physical Therapy - lead";"120226400686870080";"CAMPAIGN_PAUSED";"LEAD_GENERATION";"2600000";"KG, KZ, UZ";"bilinmiyor";"bilinmiyor";"ulke";"";"canli_hedefleme";""
"Doruk Hospital";"jinekomasti - on_lead - Körfez (B.A.E. ve S.A hariç) - dinamik";"120228878419020080";"Estetik - Genel -  Arap Bölgesi - Tümü - AR - Doruk Aesthetic Surgery - on_lead";"120220229321100080";"CAMPAIGN_PAUSED";"LEAD_GENERATION";"750000";"BH, KW, OM, QA";"bilinmiyor";"bilinmiyor";"ulke";"";"canli_hedefleme";""
"Doruk Hospital";"jinekomasti -  dinamik - lead";"120228128048630080";"Estetik - Genel - Türki Cumhuriyetler - Tümü - RU - Doruk Aesthetic Surgery - on_lead";"120228125604550080";"CAMPAIGN_PAUSED";"LEAD_GENERATION";"1000000";"KG, KZ, UZ";"bilinmiyor";"bilinmiyor";"ulke";"";"canli_hedefleme";""
"Doruk Hospital";"breast_esthetics - kadın  - on_lead";"120228125605240080";"Estetik - Genel - Türki Cumhuriyetler - Tümü - RU - Doruk Aesthetic Surgery - on_lead";"120228125604550080";"PAUSED";"QUALITY_LEAD";"200000";"AM, KG, KZ, UZ";"bilinmiyor";"bilinmiyor";"ulke";"";"canli_hedefleme";""
"Doruk Hospital";"abdominoplasty - erkek  - on_lead";"120228125605230080";"Estetik - Genel - Türki Cumhuriyetler - Tümü - RU - Doruk Aesthetic Surgery - on_lead";"120228125604550080";"PAUSED";"LEAD_GENERATION";"100000";"AM, KG, KZ, UZ";"bilinmiyor";"bilinmiyor";"ulke";"";"canli_hedefleme";""
"Doruk Hospital";"genel - kadın  - on_lead";"120228125605220080";"Estetik - Genel - Türki Cumhuriyetler - Tümü - RU - Doruk Aesthetic Surgery - on_lead";"120228125604550080";"PAUSED";"LEAD_GENERATION";"100000";"AM, KG, KZ, UZ";"bilinmiyor";"bilinmiyor";"ulke";"";"canli_hedefleme";""
"Doruk Hospital";"rhinoplasty - erkek  - on_lead";"120228125605210080";"Estetik - Genel - Türki Cumhuriyetler - Tümü - RU - Doruk Aesthetic Surgery - on_lead";"120228125604550080";"PAUSED";"LEAD_GENERATION";"200000";"AM, KG, KZ, UZ";"bilinmiyor";"bilinmiyor";"ulke";"";"canli_hedefleme";""
"Doruk Hospital";"breast_esthetics - kadın  - on_lead - statik";"120228125605200080";"Estetik - Genel - Türki Cumhuriyetler - Tümü - RU - Doruk Aesthetic Surgery - on_lead";"120228125604550080";"PAUSED";"QUALITY_LEAD";"200000";"AM, KG, KZ, UZ";"bilinmiyor";"bilinmiyor";"ulke";"";"canli_hedefleme";""
"Doruk Hospital";"liposuction - erkek  - on_lead";"120228125605190080";"Estetik - Genel - Türki Cumhuriyetler - Tümü - RU - Doruk Aesthetic Surgery - on_lead";"120228125604550080";"PAUSED";"LEAD_GENERATION";"100000";"AM, KG, KZ, UZ";"bilinmiyor";"bilinmiyor";"ulke";"";"canli_hedefleme";""
"Doruk Hospital";"liposuction - kadın  - on_lead";"120228125605180080";"Estetik - Genel - Türki Cumhuriyetler - Tümü - RU - Doruk Aesthetic Surgery - on_lead";"120228125604550080";"PAUSED";"LEAD_GENERATION";"100000";"AM, KG, KZ, UZ";"bilinmiyor";"bilinmiyor";"ulke";"";"canli_hedefleme";""
"Doruk Hospital";"rhinoplasty - kadın  - on_lead";"120228125605170080";"Estetik - Genel - Türki Cumhuriyetler - Tümü - RU - Doruk Aesthetic Surgery - on_lead";"120228125604550080";"PAUSED";"QUALITY_LEAD";"200000";"AM, KG, KZ, UZ";"bilinmiyor";"bilinmiyor";"ulke";"";"canli_hedefleme";""
"Doruk Hospital";"rhinoplasty - erkek  - on_lead - statik";"120228125605160080";"Estetik - Genel - Türki Cumhuriyetler - Tümü - RU - Doruk Aesthetic Surgery - on_lead";"120228125604550080";"PAUSED";"LEAD_GENERATION";"200000";"AM, KG, KZ, UZ";"bilinmiyor";"bilinmiyor";"ulke";"";"canli_hedefleme";""
"Doruk Hospital";"body_lift - erkek  - on_lead";"120228125605150080";"Estetik - Genel - Türki Cumhuriyetler - Tümü - RU - Doruk Aesthetic Surgery - on_lead";"120228125604550080";"PAUSED";"LEAD_GENERATION";"100000";"AM, KG, KZ, UZ";"bilinmiyor";"bilinmiyor";"ulke";"";"canli_hedefleme";""
"Doruk Hospital";"genel - erkek - on_lead";"120228125605140080";"Estetik - Genel - Türki Cumhuriyetler - Tümü - RU - Doruk Aesthetic Surgery - on_lead";"120228125604550080";"PAUSED";"LEAD_GENERATION";"100000";"AM, KG, KZ, UZ";"bilinmiyor";"bilinmiyor";"ulke";"";"canli_hedefleme";""
"Doruk Hospital";"rhinoplasty - kadın  - on_lead - statik";"120228125605130080";"Estetik - Genel - Türki Cumhuriyetler - Tümü - RU - Doruk Aesthetic Surgery - on_lead";"120228125604550080";"PAUSED";"QUALITY_LEAD";"200000";"AM, KG, KZ, UZ";"bilinmiyor";"bilinmiyor";"ulke";"";"canli_hedefleme";""
"Doruk Hospital";"abdominoplasty - kadın  - on_lead";"120228125605120080";"Estetik - Genel - Türki Cumhuriyetler - Tümü - RU - Doruk Aesthetic Surgery - on_lead";"120228125604550080";"PAUSED";"QUALITY_LEAD";"100000";"AM, KG, KZ, UZ";"bilinmiyor";"bilinmiyor";"ulke";"";"canli_hedefleme";""
"Doruk Hospital";"body_lift - kadın  - on_lead";"120228125605110080";"Estetik - Genel - Türki Cumhuriyetler - Tümü - RU - Doruk Aesthetic Surgery - on_lead";"120228125604550080";"PAUSED";"QUALITY_LEAD";"100000";"AM, KG, KZ, UZ";"bilinmiyor";"bilinmiyor";"ulke";"";"canli_hedefleme";""
"Doruk Hospital";"face_lift  - kadın  - on_lead";"120228125605100080";"Estetik - Genel - Türki Cumhuriyetler - Tümü - RU - Doruk Aesthetic Surgery - on_lead";"120228125604550080";"PAUSED";"LEAD_GENERATION";"100000";"AM, KG, KZ, UZ";"bilinmiyor";"bilinmiyor";"ulke";"";"canli_hedefleme";""
"Doruk Hospital";"vaginal_esthetics - kadın  - on_lead";"120228125605090080";"Estetik - Genel - Türki Cumhuriyetler - Tümü - RU - Doruk Aesthetic Surgery - on_lead";"120228125604550080";"PAUSED";"QUALITY_LEAD";"100000";"AM, KG, KZ, UZ";"bilinmiyor";"bilinmiyor";"ulke";"";"canli_hedefleme";""
"Doruk Hospital";"butt_lift - kadın  - on_lead";"120228125605080080";"Estetik - Genel - Türki Cumhuriyetler - Tümü - RU - Doruk Aesthetic Surgery - on_lead";"120228125604550080";"PAUSED";"QUALITY_LEAD";"100000";"AM, KG, KZ, UZ";"bilinmiyor";"bilinmiyor";"ulke";"";"canli_hedefleme";""
"Doruk Hospital";"face_lift - erkek  - on_lead";"120228125605070080";"Estetik - Genel - Türki Cumhuriyetler - Tümü - RU - Doruk Aesthetic Surgery - on_lead";"120228125604550080";"PAUSED";"LEAD_GENERATION";"100000";"AM, KG, KZ, UZ";"bilinmiyor";"bilinmiyor";"ulke";"";"canli_hedefleme";""
"Doruk Hospital";"gynecomastia - erkek  - on_lead - statik";"120228125605060080";"Estetik - Genel - Türki Cumhuriyetler - Tümü - RU - Doruk Aesthetic Surgery - on_lead";"120228125604550080";"PAUSED";"LEAD_GENERATION";"250000";"AM, KG, KZ, TJ, UZ";"bilinmiyor";"bilinmiyor";"ulke";"";"canli_hedefleme";""
"Doruk Hospital";"gynecomastia - erkek  - on_lead";"120228125604850080";"Estetik - Genel - Türki Cumhuriyetler - Tümü - RU - Doruk Aesthetic Surgery - on_lead";"120228125604550080";"PAUSED";"LEAD_GENERATION";"250000";"AM, KG, KZ, TJ, UZ";"bilinmiyor";"bilinmiyor";"ulke";"";"canli_hedefleme";""
"Doruk Hospital";"penile_implant - erkek  - on_lead";"120228125604540080";"Estetik - Genel - Türki Cumhuriyetler - Tümü - RU - Doruk Aesthetic Surgery - on_lead";"120228125604550080";"PAUSED";"LEAD_GENERATION";"100000";"AM, KG, KZ, UZ";"bilinmiyor";"bilinmiyor";"ulke";"";"canli_hedefleme";""
"Doruk Hospital";"Genital Estetik - Türki Cumh";"120228125501450080";"Estetik - Genital Estetik - Türki Cumhuriyetler - Tümü - RU - Doruk Aesthetic Surgery-SAD";"120228125501480080";"CAMPAIGN_PAUSED";"LEAD_GENERATION";"400000";"AM, KG, KZ, TJ, UZ";"bilinmiyor";"bilinmiyor";"ulke";"";"canli_hedefleme";""
"Doruk Hospital";"jinekomasti - on_lead - BAE - dinamik";"120228125348510080";"Estetik - Genel -  Arap Bölgesi - Tümü - AR - Doruk Aesthetic Surgery - on_lead";"120220229321100080";"PAUSED";"LEAD_GENERATION";"500000";"AE";"bilinmiyor";"bilinmiyor";"ulke";"";"canli_hedefleme";""
"Doruk Hospital";"jinekomasti - on_lead - Körfez (B.A.E. ve S.A hariç) - dinamik";"120228125008290080";"Estetik - Genel -  Arap Bölgesi - Tümü - AR - Doruk Aesthetic Surgery - on_lead";"120220229321100080";"PAUSED";"LEAD_GENERATION";"500000";"BH, KW, OM, QA";"bilinmiyor";"bilinmiyor";"ulke";"";"canli_hedefleme";""
"Doruk Hospital";"rhinoplasty - on_lead - dinamik";"120228118952520080";"Estetik - Genel - Avrupa Bölgesi  - Tümü - EN - Doruk Aesthetic Surgery - lead";"120220948625530080";"PAUSED";"LEAD_GENERATION";"200000";"AT, BE, CH, DE, DK, ES, FR, IS, LU, MT, NL, NO, PL, PT, SE";"bilinmiyor";"bilinmiyor";"ulke";"";"canli_hedefleme";""
"Doruk Hospital";"rhinoplasty -  on_lead - dinamik";"120228116093070080";"Estetik - Genel - Birleşik Krallık - Tümü - EN - Doruk Aesthetic Surgery - lead";"120220463601400080";"PAUSED";"LEAD_GENERATION";"400000";"GB, IE";"bilinmiyor";"bilinmiyor";"ulke";"";"canli_hedefleme";""
"Doruk Hospital";"jinekomasti - on_lead - dinamik";"120228111131260080";"Estetik - Jinekomasti - Türki Cumhuriyetler - Tümü - RU - Doruk Aesthetic Surgery - on_lead";"120228111131150080";"CAMPAIGN_PAUSED";"LEAD_GENERATION";"1000000";"KG, KZ, UZ";"bilinmiyor";"bilinmiyor";"ulke";"";"canli_hedefleme";""
"Doruk Hospital";"jinekomasti - on_lead - Körfez (B.A.E. ve S.A hariç) - dinamik";"120228110136710080";"Estetik -  Jinekomasti - Arap Bölgesi - Tümü - AR - Doruk Aesthetic Surgery - on_lead";"120228102150610080";"CAMPAIGN_PAUSED";"LEAD_GENERATION";"500000";"BH, KW, OM, QA";"bilinmiyor";"bilinmiyor";"ulke";"";"canli_hedefleme";""
"Doruk Hospital";"jinekomasti - on_lead - BAE - dinamik";"120228102150270080";"Estetik -  Jinekomasti - Arap Bölgesi - Tümü - AR - Doruk Aesthetic Surgery - on_lead";"120228102150610080";"CAMPAIGN_PAUSED";"LEAD_GENERATION";"500000";"AE";"bilinmiyor";"bilinmiyor";"ulke";"";"canli_hedefleme";""
"Doruk Hospital";"genital estetik - on_lead - dinamik";"120227917548200080";"Estetik - Genel - Avrupa Bölgesi  - Tümü - EN - Doruk Aesthetic Surgery - lead";"120220948625530080";"PAUSED";"LEAD_GENERATION";"200000";"AT, BE, CH, DE, DK, ES, FR, IS, LU, MT, NL, NO, PL, PT, SE";"bilinmiyor";"bilinmiyor";"ulke";"";"canli_hedefleme";""
"Doruk Hospital";"genital estetik - kadın - on_lead - dinamik";"120227915451210080";"Estetik - Genel - Birleşik Krallık - Tümü - EN - Doruk Aesthetic Surgery - lead";"120220463601400080";"PAUSED";"LEAD_GENERATION";"200000";"GB, IE";"bilinmiyor";"bilinmiyor";"ulke";"";"canli_hedefleme";""
"Doruk Hospital";"takipci set";"120226565451000080";"Estetik - Genel - Dünya - Tümü - EN - Doruk Aesthetic Surgery - takipci";"120226565450880080";"PAUSED";"PROFILE_VISIT";"100000";"bilinmiyor";"bilinmiyor";"bilinmiyor";"belirsiz";"";"canli_hedefleme_eksik";""
"Doruk Hospital";"Fizik Tedavi - Intensive FTR - Rus Bölgesi - Tümü - RU - Physical Therapy - Statik Set";"120226400687050080";"Fizik Tedavi - Intensive FTR - Türki Cumhuriyetler - Tümü - RU - Physical Therapy - lead";"120226400686870080";"PAUSED";"LEAD_GENERATION";"450000";"AM, AZ, KG, KZ, TJ, UZ";"bilinmiyor";"facebook, instagram";"ulke + platform";"";"canli_hedefleme";""
"Doruk Hospital";"FTR - genel - lead - havuz intro - dinamik";"120226400687040080";"Fizik Tedavi - Intensive FTR - Türki Cumhuriyetler - Tümü - RU - Physical Therapy - lead";"120226400686870080";"CAMPAIGN_PAUSED";"LEAD_GENERATION";"400000";"KG, KZ, UZ";"bilinmiyor";"bilinmiyor";"ulke";"";"canli_hedefleme";""
"Doruk Hospital";"FTR - genel - lead - retargerting - dinamik";"120226400687020080";"Fizik Tedavi - Intensive FTR - Türki Cumhuriyetler - Tümü - RU - Physical Therapy - lead";"120226400686870080";"CAMPAIGN_PAUSED";"LEAD_GENERATION";"600000";"KG, KZ, UZ";"bilinmiyor";"bilinmiyor";"ulke";"";"canli_hedefleme";""
"Doruk Hospital";"FTR - genel - lead - dinamik";"120226400687010080";"Fizik Tedavi - Intensive FTR - Türki Cumhuriyetler - Tümü - RU - Physical Therapy - lead";"120226400686870080";"PAUSED";"LEAD_GENERATION";"800000";"KG, KZ, UZ";"bilinmiyor";"bilinmiyor";"ulke";"";"canli_hedefleme";""
"Doruk Hospital";"FTR - genel - lead - Old set";"120226400687000080";"Fizik Tedavi - Intensive FTR - Türki Cumhuriyetler - Tümü - RU - Physical Therapy - lead";"120226400686870080";"PAUSED";"LEAD_GENERATION";"800000";"AM, KG, KZ, TJ, UZ";"android";"facebook, instagram";"ulke + isletim_sistemi + platform";"";"canli_hedefleme";""
"Doruk Hospital";"FTR - genel - lead - 1 Dakika Set";"120226400686990080";"Fizik Tedavi - Intensive FTR - Türki Cumhuriyetler - Tümü - RU - Physical Therapy - lead";"120226400686870080";"PAUSED";"LEAD_GENERATION";"800000";"AM, KG, KZ, TJ, UZ";"bilinmiyor";"facebook, instagram";"ulke + platform";"";"canli_hedefleme";""
"Doruk Hospital";"FTR - genel - lead - onbeş saniye set";"120226400686980080";"Fizik Tedavi - Intensive FTR - Türki Cumhuriyetler - Tümü - RU - Physical Therapy - lead";"120226400686870080";"PAUSED";"LEAD_GENERATION";"800000";"KG, KZ, TJ, UZ";"bilinmiyor";"facebook, instagram";"ulke + platform";"";"canli_hedefleme";""
"Doruk Hospital";"FTR - genel - lead - dinamik - retargeting";"120226400686860080";"Fizik Tedavi - Intensive FTR - Türki Cumhuriyetler - Tümü - RU - Physical Therapy - lead";"120226400686870080";"PAUSED";"QUALITY_LEAD";"800000";"KG, KZ, UZ";"bilinmiyor";"bilinmiyor";"ulke";"";"canli_hedefleme";""
"Doruk Hospital";"FTR - genel - on_lead - BAE -  havuz intro 3-9  - 1 dakika - dinamik";"120226400026020080";"Fizik Tedavi - Intensive FTR - Arap Bölgesi - Tümü - AR - Physical Therapy - lead";"120226400025670080";"PAUSED";"LEAD_GENERATION";"10000";"AE";"bilinmiyor";"bilinmiyor";"ulke";"";"canli_hedefleme";""
"Doruk Hospital";"FTR - genel - on_lead - BAE - yaşlı intro - dinamik";"120226400026010080";"Fizik Tedavi - Intensive FTR - Arap Bölgesi - Tümü - AR - Physical Therapy - lead";"120226400025670080";"PAUSED";"LEAD_GENERATION";"600000";"AE";"bilinmiyor";"bilinmiyor";"ulke";"";"canli_hedefleme";""
"Doruk Hospital";"FTR - genel - on_lead - Körfez (B.A.E. ve S.A hariç) - havuz intro - dinamik";"120226400026000080";"Fizik Tedavi - Intensive FTR - Arap Bölgesi - Tümü - AR - Physical Therapy - lead";"120226400025670080";"PAUSED";"LEAD_GENERATION";"1000000";"BH, KW, OM, QA";"bilinmiyor";"bilinmiyor";"ulke";"";"canli_hedefleme";""
"Doruk Hospital";"FTR - genel - on_lead - Körfez (B.A.E. ve S.A hariç) - 15 saniye + old - Retargeting";"120226400025990080";"Fizik Tedavi - Intensive FTR - Arap Bölgesi - Tümü - AR - Physical Therapy - lead";"120226400025670080";"PAUSED";"LEAD_GENERATION";"600000";"BH, KW, OM, QA";"bilinmiyor";"facebook, instagram";"ulke + platform";"";"canli_hedefleme";""
"Doruk Hospital";"FTR - genel - on_lead - Körfez (B.A.E. ve S.A hariç) - 15 Saniye Set - Kopya";"120226400025980080";"Fizik Tedavi - Intensive FTR - Arap Bölgesi - Tümü - AR - Physical Therapy - lead";"120226400025670080";"PAUSED";"LEAD_GENERATION";"10000";"BH, KW, OM, QA";"bilinmiyor";"facebook, instagram";"ulke + platform";"";"canli_hedefleme";""
"Doruk Hospital";"FTR - genel - on_lead - B.A.E - yeni old Set";"120226400025970080";"Fizik Tedavi - Intensive FTR - Arap Bölgesi - Tümü - AR - Physical Therapy - lead";"120226400025670080";"PAUSED";"LEAD_GENERATION";"600000";"AE";"bilinmiyor";"facebook, instagram";"ulke + platform";"";"canli_hedefleme";""
"Doruk Hospital";"FTR - genel - on_lead - Körfez (B.A.E. ve S.A hariç) - 15 Saniye Set";"120226400025950080";"Fizik Tedavi - Intensive FTR - Arap Bölgesi - Tümü - AR - Physical Therapy - lead";"120226400025670080";"PAUSED";"LEAD_GENERATION";"600000";"BH, KW, OM, QA";"bilinmiyor";"facebook, instagram";"ulke + platform";"";"canli_hedefleme";""
"Doruk Hospital";"FTR - genel - on_lead - BAE - robot intro - dinamik";"120226400025940080";"Fizik Tedavi - Intensive FTR - Arap Bölgesi - Tümü - AR - Physical Therapy - lead";"120226400025670080";"PAUSED";"QUALITY_LEAD";"700000";"AE";"bilinmiyor";"bilinmiyor";"ulke";"";"canli_hedefleme";""
"Doruk Hospital";"FTR - genel - on_lead - Körfez (B.A.E. ve S.A hariç) - yeni old Set";"120226400025920080";"Fizik Tedavi - Intensive FTR - Arap Bölgesi - Tümü - AR - Physical Therapy - lead";"120226400025670080";"PAUSED";"LEAD_GENERATION";"600000";"BH, KW, OM, QA";"bilinmiyor";"facebook, instagram";"ulke + platform";"";"canli_hedefleme";""
"Doruk Hospital";"FTR - genel - on_lead - BAE - 15 Saniye Set";"120226400025910080";"Fizik Tedavi - Intensive FTR - Arap Bölgesi - Tümü - AR - Physical Therapy - lead";"120226400025670080";"PAUSED";"LEAD_GENERATION";"600000";"AE";"bilinmiyor";"facebook, instagram";"ulke + platform";"";"canli_hedefleme";""
"Doruk Hospital";"FTR - genel - on_lead - Körfez (B.A.E. ve S.A hariç) - robot intro - dinamik";"120226400025900080";"Fizik Tedavi - Intensive FTR - Arap Bölgesi - Tümü - AR - Physical Therapy - lead";"120226400025670080";"PAUSED";"LEAD_GENERATION";"1200000";"BH, KW, OM, QA";"bilinmiyor";"facebook, instagram, audience_network";"ulke + platform";"";"canli_hedefleme";""
"Doruk Hospital";"FTR - genel - on_lead - BAE - havuz intro - dinamik";"120226400025880080";"Fizik Tedavi - Intensive FTR - Arap Bölgesi - Tümü - AR - Physical Therapy - lead";"120226400025670080";"PAUSED";"LEAD_GENERATION";"700000";"AE";"bilinmiyor";"bilinmiyor";"ulke";"";"canli_hedefleme";""
"Doruk Hospital";"FTR - genel - on_lead - Körfez (B.A.E. ve S.A hariç) - Retargeting - dinamik";"120226400025740080";"Fizik Tedavi - Intensive FTR - Arap Bölgesi - Tümü - AR - Physical Therapy - lead";"120226400025670080";"PAUSED";"QUALITY_LEAD";"700000";"BH, KW, OM, QA";"bilinmiyor";"bilinmiyor";"ulke";"";"canli_hedefleme";""
"Doruk Hospital";"FTR - genel - on_lead - Körfez (B.A.E. ve S.A hariç) - yaşlı intro - dinamik";"120226400025680080";"Fizik Tedavi - Intensive FTR - Arap Bölgesi - Tümü - AR - Physical Therapy - lead";"120226400025670080";"PAUSED";"LEAD_GENERATION";"600000";"BH, KW, OM, QA";"bilinmiyor";"bilinmiyor";"ulke";"";"canli_hedefleme";""
"Doruk Hospital";"FTR - genel - lead - retargerting - dinamik";"120225903813410080";"Fizik Tedavi - Intensive FTR - Türki Cumhuriyetler - Tümü - RU - Physical Therapy";"120213112156700080";"CAMPAIGN_PAUSED";"LEAD_GENERATION";"800000";"KG, KZ, UZ";"bilinmiyor";"bilinmiyor";"ulke";"";"canli_hedefleme";""
"Doruk Hospital";"FTR - genel - on_lead - Körfez (B.A.E. ve S.A hariç) - Retargeting - dinamik";"120225903605380080";"Fizik Tedavi - Intensive FTR - Arap Bölgesi - Tümü - AR - Physical Therapy - on_lead";"120222231456050080";"CAMPAIGN_PAUSED";"QUALITY_LEAD";"600000";"BH, KW, OM, QA";"bilinmiyor";"bilinmiyor";"ulke";"";"canli_hedefleme";""
"Doruk Hospital";"FTR - genel - lead - robot intro - dinamik";"120225857093050080";"Fizik Tedavi - Intensive FTR - Türki Cumhuriyetler - Tümü - RU - Physical Therapy";"120213112156700080";"CAMPAIGN_PAUSED";"LEAD_GENERATION";"1000000";"KG, KZ, UZ";"bilinmiyor";"bilinmiyor";"ulke";"";"canli_hedefleme";""
"Doruk Hospital";"FTR - genel - lead - havuz intro - dinamik";"120225857025030080";"Fizik Tedavi - Intensive FTR - Türki Cumhuriyetler - Tümü - RU - Physical Therapy";"120213112156700080";"CAMPAIGN_PAUSED";"LEAD_GENERATION";"1000000";"KG, KZ, UZ";"bilinmiyor";"bilinmiyor";"ulke";"";"canli_hedefleme";""
"Doruk Hospital";"FTR - genel - on_lead - Körfez (B.A.E. ve S.A hariç) - yaşlı intro - dinamik";"120225852219900080";"Fizik Tedavi - Intensive FTR - Arap Bölgesi - Tümü - AR - Physical Therapy - on_lead";"120222231456050080";"PAUSED";"QUALITY_LEAD";"600000";"BH, KW, OM, QA";"bilinmiyor";"bilinmiyor";"ulke";"";"canli_hedefleme";""
"Doruk Hospital";"FTR - genel - on_lead - Körfez (B.A.E. ve S.A hariç) - robot intro - dinamik";"120225852118060080";"Fizik Tedavi - Intensive FTR - Arap Bölgesi - Tümü - AR - Physical Therapy - on_lead";"120222231456050080";"CAMPAIGN_PAUSED";"QUALITY_LEAD";"900000";"BH, KW, OM, QA";"bilinmiyor";"facebook, instagram, audience_network";"ulke + platform";"";"canli_hedefleme";""
"Doruk Hospital";"FTR - genel - on_lead - Körfez (B.A.E. ve S.A hariç) - havuz intro - dinamik";"120225851848990080";"Fizik Tedavi - Intensive FTR - Arap Bölgesi - Tümü - AR - Physical Therapy - on_lead";"120222231456050080";"CAMPAIGN_PAUSED";"LEAD_GENERATION";"900000";"BH, KW, OM, QA";"bilinmiyor";"bilinmiyor";"ulke";"";"canli_hedefleme";""
"Doruk Hospital";"FTR - genel - on_lead - BAE - yaşlı intro - dinamik";"120225850738400080";"Fizik Tedavi - Intensive FTR - Arap Bölgesi - Tümü - AR - Physical Therapy - on_lead";"120222231456050080";"PAUSED";"QUALITY_LEAD";"600000";"AE";"bilinmiyor";"bilinmiyor";"ulke";"";"canli_hedefleme";""
"Doruk Hospital";"FTR - genel - on_lead - BAE - robot intro - dinamik";"120225850709110080";"Fizik Tedavi - Intensive FTR - Arap Bölgesi - Tümü - AR - Physical Therapy - on_lead";"120222231456050080";"CAMPAIGN_PAUSED";"QUALITY_LEAD";"600000";"AE";"bilinmiyor";"bilinmiyor";"ulke";"";"canli_hedefleme";""
"Doruk Hospital";"FTR - genel - on_lead - BAE - havuz intro - dinamik";"120225774875410080";"Fizik Tedavi - Intensive FTR - Arap Bölgesi - Tümü - AR - Physical Therapy - on_lead";"120222231456050080";"CAMPAIGN_PAUSED";"LEAD_GENERATION";"600000";"AE";"bilinmiyor";"bilinmiyor";"ulke";"";"canli_hedefleme";""
"Doruk Hospital";"FTR - genel - on_lead - BAE -  havuz intro 3-9  - 1 dakika - dinamik";"120225719091580080";"Fizik Tedavi - Intensive FTR - Arap Bölgesi - Tümü - AR - Physical Therapy - on_lead";"120222231456050080";"PAUSED";"LEAD_GENERATION";"10000";"AE";"bilinmiyor";"bilinmiyor";"ulke";"";"canli_hedefleme";""
"Doruk Hospital";"FTR - genel - on_lead - Körfez (B.A.E. ve S.A hariç) - 15 Saniye Set - Kopya";"120225435514700080";"Fizik Tedavi - Intensive FTR - Arap Bölgesi - Tümü - AR - Physical Therapy - on_lead";"120222231456050080";"PAUSED";"LEAD_GENERATION";"10000";"BH, KW, OM, QA";"bilinmiyor";"facebook, instagram";"ulke + platform";"";"canli_hedefleme";""
"Doruk Hospital";"FTR - genel - lead - dinamik - retargeting";"120224196412650080";"Fizik Tedavi - Intensive FTR - Türki Cumhuriyetler - Tümü - RU - Physical Therapy";"120213112156700080";"PAUSED";"QUALITY_LEAD";"800000";"KG, KZ, UZ";"bilinmiyor";"bilinmiyor";"ulke";"";"canli_hedefleme";""
"Doruk Hospital";"FTR - genel - lead - dinamik";"120224195523710080";"Fizik Tedavi - Intensive FTR - Türki Cumhuriyetler - Tümü - RU - Physical Therapy";"120213112156700080";"PAUSED";"LEAD_GENERATION";"800000";"KG, KZ, UZ";"bilinmiyor";"bilinmiyor";"ulke";"";"canli_hedefleme";""
"Doruk Hospital";"gynecomastia - erkek - lead - retargeting - dinamik";"120224131907160080";"Estetik - Genel - Avrupa Bölgesi  - Tümü - EN - Doruk Aesthetic Surgery - lead";"120220948625530080";"CAMPAIGN_PAUSED";"LEAD_GENERATION";"350000";"AT, BE, CH, DE, DK, ES, FR, IS, MT, NL, NO, PL, PT, SE";"bilinmiyor";"bilinmiyor";"ulke";"";"canli_hedefleme";""
"Doruk Hospital";"gynecomastia - erkek - lead - dinamik";"120224131515760080";"Estetik - Genel - Avrupa Bölgesi  - Tümü - EN - Doruk Aesthetic Surgery - lead";"120220948625530080";"CAMPAIGN_PAUSED";"LEAD_GENERATION";"700000";"AT, BE, CH, DE, DK, ES, FR, IS, LU, MT, NL, NO, PL, PT, SE";"bilinmiyor";"bilinmiyor";"ulke";"";"canli_hedefleme";""
"Doruk Hospital";"rhinoplasty - genel  - on_lead - retargeting - dinamik";"120224131420560080";"Estetik - Genel - Avrupa Bölgesi  - Tümü - EN - Doruk Aesthetic Surgery - lead";"120220948625530080";"PAUSED";"LEAD_GENERATION";"100000";"AT, BE, CH, DE, DK, ES, FR, IS, LU, MT, NL, NO, PL, PT, SE";"bilinmiyor";"bilinmiyor";"ulke";"";"canli_hedefleme";""
"Doruk Hospital";"rhinoplasty - kadın  - on_lead - dinamik";"120224131298490080";"Estetik - Genel - Avrupa Bölgesi  - Tümü - EN - Doruk Aesthetic Surgery - lead";"120220948625530080";"PAUSED";"LEAD_GENERATION";"100000";"BH, KW, OM, QA";"bilinmiyor";"bilinmiyor";"ulke";"";"canli_hedefleme";""
"Doruk Hospital";"rhinoplasty - erkek  - on_lead - dinamik";"120224131113510080";"Estetik - Genel - Avrupa Bölgesi  - Tümü - EN - Doruk Aesthetic Surgery - lead";"120220948625530080";"PAUSED";"LEAD_GENERATION";"100000";"BH, KW, OM, QA";"bilinmiyor";"bilinmiyor";"ulke";"";"canli_hedefleme";""
"Doruk Hospital";"gynecomastia - erkek - lead - retargeting - dinamik";"120224117523430080";"Estetik - Genel - Birleşik Krallık - Tümü - EN - Doruk Aesthetic Surgery - lead";"120220463601400080";"CAMPAIGN_PAUSED";"LEAD_GENERATION";"450000";"GB, IE";"bilinmiyor";"bilinmiyor";"ulke";"";"canli_hedefleme";""
"Doruk Hospital";"gynecomastia - erkek - lead - dinamik";"120224117426990080";"Estetik - Genel - Birleşik Krallık - Tümü - EN - Doruk Aesthetic Surgery - lead";"120220463601400080";"CAMPAIGN_PAUSED";"LEAD_GENERATION";"650000";"GB, IE";"bilinmiyor";"bilinmiyor";"ulke";"";"canli_hedefleme";""
"Doruk Hospital";"rhinoplasty - genel - on_lead - retargating - dinamik";"120224116928080080";"Estetik - Genel - Birleşik Krallık - Tümü - EN - Doruk Aesthetic Surgery - lead";"120220463601400080";"PAUSED";"LEAD_GENERATION";"100000";"GB, IE";"bilinmiyor";"bilinmiyor";"ulke";"";"canli_hedefleme";""
"Doruk Hospital";"rhinoplasty - kadın - on_lead - dinamik";"120224116858730080";"Estetik - Genel - Birleşik Krallık - Tümü - EN - Doruk Aesthetic Surgery - lead";"120220463601400080";"PAUSED";"LEAD_GENERATION";"200000";"GB, IE";"bilinmiyor";"bilinmiyor";"ulke";"";"canli_hedefleme";""
"Doruk Hospital";"rhinoplasty - erkek - on_lead - dinamik";"120224116184860080";"Estetik - Genel - Birleşik Krallık - Tümü - EN - Doruk Aesthetic Surgery - lead";"120220463601400080";"PAUSED";"LEAD_GENERATION";"200000";"GB, IE";"bilinmiyor";"bilinmiyor";"ulke";"";"canli_hedefleme";""
"Doruk Hospital";"gynecomastia - erkek - on_lead - retargeting";"120224080539780080";"Estetik - Genel - Avrupa Bölgesi  - Tümü - EN - Doruk Aesthetic Surgery - lead";"120220948625530080";"PAUSED";"LEAD_GENERATION";"100000";"AT, BE, DE, DK, ES, FR, IS, NL, NO, PT, SE";"bilinmiyor";"bilinmiyor";"ulke";"";"canli_hedefleme";""
"Doruk Hospital";"rhinoplasty - genel  - on_lead - retargeting";"120224080512540080";"Estetik - Genel - Avrupa Bölgesi  - Tümü - EN - Doruk Aesthetic Surgery - lead";"120220948625530080";"PAUSED";"LEAD_GENERATION";"200000";"AT, BE, DE, DK, ES, FR, IS, NL, NO, PT, SE";"bilinmiyor";"bilinmiyor";"ulke";"";"canli_hedefleme";""
"Doruk Hospital";"rhinoplasty - genel  - on_lead";"120224080429440080";"Estetik - Genel - Avrupa Bölgesi  - Tümü - EN - Doruk Aesthetic Surgery - lead";"120220948625530080";"PAUSED";"LEAD_GENERATION";"200000";"AT, BE, DE, DK, ES, FR, IS, NL, NO, PT, SE";"bilinmiyor";"bilinmiyor";"ulke";"";"canli_hedefleme";""
"Doruk Hospital";"rhinoplasty - genel  - on_lead - statik";"120224080099560080";"Estetik - Genel - Avrupa Bölgesi  - Tümü - EN - Doruk Aesthetic Surgery - lead";"120220948625530080";"PAUSED";"LEAD_GENERATION";"200000";"AT, BE, DE, DK, ES, FR, IS, NL, NO, PT, SE";"bilinmiyor";"bilinmiyor";"ulke";"";"canli_hedefleme";""
"Doruk Hospital";"gynecomastia - erkek - on_lead - retargeting";"120224080044900080";"Estetik - Genel - Birleşik Krallık - Tümü - EN - Doruk Aesthetic Surgery - lead";"120220463601400080";"PAUSED";"LEAD_GENERATION";"400000";"GB, IE";"bilinmiyor";"bilinmiyor";"ulke";"";"canli_hedefleme";""
"Doruk Hospital";"rhinoplasty - genel - on_lead - statik";"120224079854920080";"Estetik - Genel - Birleşik Krallık - Tümü - EN - Doruk Aesthetic Surgery - lead";"120220463601400080";"PAUSED";"LEAD_GENERATION";"200000";"GB, IE";"bilinmiyor";"bilinmiyor";"ulke";"";"canli_hedefleme";""
"Doruk Hospital";"rhinoplasty - genel - on_lead - retargating";"120224079678290080";"Estetik - Genel - Birleşik Krallık - Tümü - EN - Doruk Aesthetic Surgery - lead";"120220463601400080";"PAUSED";"LEAD_GENERATION";"200000";"GB, IE";"bilinmiyor";"bilinmiyor";"ulke";"";"canli_hedefleme";""
"Doruk Hospital";"rhinoplasty - genel - on_lead";"120224079433350080";"Estetik - Genel - Birleşik Krallık - Tümü - EN - Doruk Aesthetic Surgery - lead";"120220463601400080";"PAUSED";"LEAD_GENERATION";"200000";"GB, IE";"bilinmiyor";"bilinmiyor";"ulke";"";"canli_hedefleme";""
"Doruk Hospital";"gynecomastia - erkek - on_lead - Kopya";"120223984235410080";"Estetik - Genel - Birleşik Krallık - Tümü - EN - Doruk Aesthetic Surgery - lead";"120220463601400080";"PAUSED";"LEAD_GENERATION";"400000";"GB, IE";"bilinmiyor";"bilinmiyor";"ulke";"";"canli_hedefleme";""
"Doruk Hospital";"FTR - genel - on_lead - Körfez (B.A.E. ve S.A hariç) - 15 saniye + old - Retargeting";"120223950329630080";"Fizik Tedavi - Intensive FTR - Arap Bölgesi - Tümü - AR - Physical Therapy - on_lead";"120222231456050080";"PAUSED";"LEAD_GENERATION";"600000";"BH, KW, OM, QA";"bilinmiyor";"facebook, instagram";"ulke + platform";"";"canli_hedefleme";""
"Doruk Hospital";"FTR - genel - on_lead - BAE - 15 Saniye Set";"120223808922930080";"Fizik Tedavi - Intensive FTR - Arap Bölgesi - Tümü - AR - Physical Therapy - on_lead";"120222231456050080";"PAUSED";"LEAD_GENERATION";"600000";"AE";"bilinmiyor";"facebook, instagram";"ulke + platform";"";"canli_hedefleme";""
"Doruk Hospital";"rhinoplasty - kadın -  on_lead - statik";"120223586211550080";"Estetik - Genel - Birleşik Krallık - Tümü - EN - Doruk Aesthetic Surgery - lead";"120220463601400080";"PAUSED";"LEAD_GENERATION";"200000";"GB, IE";"bilinmiyor";"bilinmiyor";"ulke";"";"canli_hedefleme";""
"Doruk Hospital";"breast_esthetics - kadın -  on_lead - statik";"120223586173170080";"Estetik - Genel - Birleşik Krallık - Tümü - EN - Doruk Aesthetic Surgery - lead";"120220463601400080";"PAUSED";"LEAD_GENERATION";"300000";"GB, IE";"bilinmiyor";"bilinmiyor";"ulke";"";"canli_hedefleme";""
"Doruk Hospital";"rhinoplasty - erkek - on_lead - statik";"120223585977570080";"Estetik - Genel - Birleşik Krallık - Tümü - EN - Doruk Aesthetic Surgery - lead";"120220463601400080";"PAUSED";"LEAD_GENERATION";"200000";"GB, IE";"bilinmiyor";"bilinmiyor";"ulke";"";"canli_hedefleme";""
"Doruk Hospital";"gynecomastia - erkek - on_lead - statik";"120223585913550080";"Estetik - Genel - Birleşik Krallık - Tümü - EN - Doruk Aesthetic Surgery - lead";"120220463601400080";"PAUSED";"LEAD_GENERATION";"200000";"GB, IE";"bilinmiyor";"bilinmiyor";"ulke";"";"canli_hedefleme";""
"Doruk Hospital";"rhinoplasty - kadın  - on_lead - statik";"120223500659390080";"Estetik - Genel - Türki Cumhuriyetler - Tümü - RU - Doruk Aesthetic Surgery - on_lead";"120220398508760080";"CAMPAIGN_PAUSED";"QUALITY_LEAD";"200000";"AM, KG, KZ, UZ";"bilinmiyor";"bilinmiyor";"ulke";"";"canli_hedefleme";""
"Doruk Hospital";"breast_esthetics - kadın  - on_lead - statik";"120223500089000080";"Estetik - Genel - Türki Cumhuriyetler - Tümü - RU - Doruk Aesthetic Surgery - on_lead";"120220398508760080";"CAMPAIGN_PAUSED";"QUALITY_LEAD";"200000";"AM, KG, KZ, UZ";"bilinmiyor";"bilinmiyor";"ulke";"";"canli_hedefleme";""
"Doruk Hospital";"rhinoplasty - erkek  - on_lead - statik";"120223499327530080";"Estetik - Genel - Türki Cumhuriyetler - Tümü - RU - Doruk Aesthetic Surgery - on_lead";"120220398508760080";"CAMPAIGN_PAUSED";"LEAD_GENERATION";"200000";"AM, KG, KZ, UZ";"bilinmiyor";"bilinmiyor";"ulke";"";"canli_hedefleme";""
"Doruk Hospital";"gynecomastia - erkek  - on_lead - statik";"120223498900010080";"Estetik - Genel - Türki Cumhuriyetler - Tümü - RU - Doruk Aesthetic Surgery - on_lead";"120220398508760080";"CAMPAIGN_PAUSED";"LEAD_GENERATION";"250000";"AM, KG, KZ, TJ, UZ";"bilinmiyor";"bilinmiyor";"ulke";"";"canli_hedefleme";""
"Doruk Hospital";"rhinoplasty - kadın - on_lead - statik";"120223493829820080";"Estetik - Genel -  Arap Bölgesi - Tümü - AR - Doruk Aesthetic Surgery - on_lead";"120220229321100080";"PAUSED";"LEAD_GENERATION";"300000";"AE, BH, KW, OM, QA";"bilinmiyor";"bilinmiyor";"ulke";"";"canli_hedefleme";""
"Doruk Hospital";"breast_esthetics - kadın - on_lead - statik";"120223493571130080";"Estetik - Genel -  Arap Bölgesi - Tümü - AR - Doruk Aesthetic Surgery - on_lead";"120220229321100080";"PAUSED";"LEAD_GENERATION";"300000";"AE, BH, KW, OM, QA";"bilinmiyor";"bilinmiyor";"ulke";"";"canli_hedefleme";""
"Doruk Hospital";"rhinoplasty - erkek - on_lead - statik";"120223492441780080";"Estetik - Genel -  Arap Bölgesi - Tümü - AR - Doruk Aesthetic Surgery - on_lead";"120220229321100080";"PAUSED";"LEAD_GENERATION";"300000";"AE, BH, KW, OM, QA";"bilinmiyor";"bilinmiyor";"ulke";"";"canli_hedefleme";""
"Doruk Hospital";"gynecomastia - erkek - on_lead - statik";"120223491919470080";"Estetik - Genel -  Arap Bölgesi - Tümü - AR - Doruk Aesthetic Surgery - on_lead";"120220229321100080";"PAUSED";"LEAD_GENERATION";"300000";"AE, BH, KW, OM, QA";"bilinmiyor";"bilinmiyor";"ulke";"";"canli_hedefleme";""
"Doruk Hospital";"FTR - genel - lead - BAE - old set";"120223161438860080";"Fizik Tedavi - Intensive FTR - Arap Bölgesi - Tümü - AR - Physical Therapy";"120221301712470080";"CAMPAIGN_PAUSED";"LEAD_GENERATION";"850000";"AE";"bilinmiyor";"bilinmiyor";"ulke";"";"canli_hedefleme";""
"Doruk Hospital";"FTR - genel - lead - BAE - 15 Saniye Set";"120223159014060080";"Fizik Tedavi - Intensive FTR - Arap Bölgesi - Tümü - AR - Physical Therapy";"120221301712470080";"CAMPAIGN_PAUSED";"LEAD_GENERATION";"850000";"AE";"bilinmiyor";"facebook, instagram";"ulke + platform";"";"canli_hedefleme";""
"Doruk Hospital";"FTR - genel - on_lead - B.A.E - yeni old Set";"120222750688490080";"Fizik Tedavi - Intensive FTR - Arap Bölgesi - Tümü - AR - Physical Therapy - on_lead";"120222231456050080";"PAUSED";"LEAD_GENERATION";"600000";"AE";"bilinmiyor";"facebook, instagram";"ulke + platform";"";"canli_hedefleme";""
"Doruk Hospital";"FTR - genel - on_lead - old set";"120222526603660080";"Fizik Tedavi - Intensive FTR - Türki Cumhuriyetler - Tümü - RU - Physical Therapy - on_lead";"120222524792360080";"CAMPAIGN_PAUSED";"LEAD_GENERATION";"500000";"KG, KZ, TJ, UZ";"bilinmiyor";"facebook, instagram";"ulke + platform";"";"canli_hedefleme";""
"Doruk Hospital";"FTR - genel - on_lead - onbeş saniye set";"120222524792570080";"Fizik Tedavi - Intensive FTR - Türki Cumhuriyetler - Tümü - RU - Physical Therapy - on_lead";"120222524792360080";"CAMPAIGN_PAUSED";"LEAD_GENERATION";"500000";"KG, KZ, TJ, UZ";"bilinmiyor";"facebook, instagram";"ulke + platform";"";"canli_hedefleme";""
"Doruk Hospital";"FTR - genel - lead - Körfez (B.A.E. ve S.A hariç) - yeni- old Set - 2";"120222418715530080";"Fizik Tedavi - Intensive FTR - Arap Bölgesi - Tümü - AR - Physical Therapy";"120221301712470080";"PAUSED";"LEAD_GENERATION";"650000";"BH, KW, OM, QA";"bilinmiyor";"bilinmiyor";"ulke";"";"canli_hedefleme";""
"Doruk Hospital";"FTR - genel - on_lead - Körfez (B.A.E. ve S.A hariç) - yeni old Set";"120222260393740080";"Fizik Tedavi - Intensive FTR - Arap Bölgesi - Tümü - AR - Physical Therapy - on_lead";"120222231456050080";"PAUSED";"LEAD_GENERATION";"600000";"BH, KW, OM, QA";"bilinmiyor";"facebook, instagram";"ulke + platform";"";"canli_hedefleme";""
"Doruk Hospital";"FTR - genel - on_lead - Körfez (B.A.E. ve S.A hariç) - 15 Saniye Set";"120222231456410080";"Fizik Tedavi - Intensive FTR - Arap Bölgesi - Tümü - AR - Physical Therapy - on_lead";"120222231456050080";"PAUSED";"LEAD_GENERATION";"600000";"BH, KW, OM, QA";"bilinmiyor";"facebook, instagram";"ulke + platform";"";"canli_hedefleme";""
"Doruk Hospital";"FTR - genel - lead - Körfez (B.A.E. ve S.A hariç) - 15 Saniye Set - 1";"120221953559820080";"Fizik Tedavi - Intensive FTR - Arap Bölgesi - Tümü - AR - Physical Therapy";"120221301712470080";"PAUSED";"LEAD_GENERATION";"650000";"BH, KW, OM, QA";"bilinmiyor";"facebook, instagram";"ulke + platform";"";"canli_hedefleme";""
"Doruk Hospital";"FTR - genel - on_lead - Körfez (B.A.E. ve S.A hariç) - 15 Saniye Set - Kopya - Kopya - Kopya";"120221953498010080";"Fizik Tedavi - Intensive FTR - Arap Bölgesi - Tümü - AR - Physical Therapy";"120221301712470080";"PAUSED";"LEAD_GENERATION";"650000";"BH, KW, OM, QA";"bilinmiyor";"facebook, instagram";"ulke + platform";"";"canli_hedefleme";""
"Doruk Hospital";"FTR - genel - lead - Körfez (B.A.E. ve S.A hariç) - 15 Saniye Set - 2";"120221302105090080";"Fizik Tedavi - Intensive FTR - Arap Bölgesi - Tümü - AR - Physical Therapy";"120221301712470080";"CAMPAIGN_PAUSED";"LEAD_GENERATION";"850000";"BH, KW, OM, QA";"bilinmiyor";"facebook, instagram";"ulke + platform";"";"canli_hedefleme";""
"Doruk Hospital";"FTR - genel - lead - Körfez (B.A.E. ve S.A hariç) - yeni- old Set - 1";"120221301716420080";"Fizik Tedavi - Intensive FTR - Arap Bölgesi - Tümü - AR - Physical Therapy";"120221301712470080";"CAMPAIGN_PAUSED";"LEAD_GENERATION";"850000";"BH, KW, OM, QA";"bilinmiyor";"bilinmiyor";"ulke";"";"canli_hedefleme";""
"Doruk Hospital";"abdominoplasty - erkek - on_lead";"120220948625770080";"Estetik - Genel - Avrupa Bölgesi  - Tümü - EN - Doruk Aesthetic Surgery - lead";"120220948625530080";"PAUSED";"LEAD_GENERATION";"50000";"AT, BE, DE, DK, ES, FR, IS, NL, NO, PT, SE";"bilinmiyor";"bilinmiyor";"ulke";"";"canli_hedefleme";""
"Doruk Hospital";"liposuction - erkek - on_lead";"120220948625760080";"Estetik - Genel - Avrupa Bölgesi  - Tümü - EN - Doruk Aesthetic Surgery - lead";"120220948625530080";"PAUSED";"LEAD_GENERATION";"50000";"AT, BE, DE, DK, ES, FR, IS, NL, NO, PT, SE";"bilinmiyor";"bilinmiyor";"ulke";"";"canli_hedefleme";""
"Doruk Hospital";"penile_implant - erkek - on_lead";"120220948625510080";"Estetik - Genel - Avrupa Bölgesi  - Tümü - EN - Doruk Aesthetic Surgery - lead";"120220948625530080";"PAUSED";"LEAD_GENERATION";"50000";"AT, BE, DE, DK, ES, FR, IS, NL, NO, PT, SE";"bilinmiyor";"bilinmiyor";"ulke";"";"canli_hedefleme";""
"Doruk Hospital";"vagina_esthetics - kadın -  on_lead";"120220948625490080";"Estetik - Genel - Avrupa Bölgesi  - Tümü - EN - Doruk Aesthetic Surgery - lead";"120220948625530080";"PAUSED";"LEAD_GENERATION";"50000";"BE, CH, DE, DK, ES, FR, IS, NL, NO, PT, SE";"bilinmiyor";"bilinmiyor";"ulke";"";"canli_hedefleme";""
"Doruk Hospital";"rhinoplasty - kadın -  on_lead";"120220948625480080";"Estetik - Genel - Avrupa Bölgesi  - Tümü - EN - Doruk Aesthetic Surgery - lead";"120220948625530080";"PAUSED";"LEAD_GENERATION";"200000";"BE, CH, DE, DK, ES, FR, IS, NL, NO, PT, SE";"bilinmiyor";"bilinmiyor";"ulke";"";"canli_hedefleme";""
"Doruk Hospital";"rhinoplasty - erkek - on_lead";"120220948625470080";"Estetik - Genel - Avrupa Bölgesi  - Tümü - EN - Doruk Aesthetic Surgery - lead";"120220948625530080";"PAUSED";"LEAD_GENERATION";"200000";"AT, BE, DE, DK, ES, FR, IS, NL, NO, PT, SE";"bilinmiyor";"bilinmiyor";"ulke";"";"canli_hedefleme";""
"Doruk Hospital";"body_lift - kadın -  on_lead";"120220948625460080";"Estetik - Genel - Avrupa Bölgesi  - Tümü - EN - Doruk Aesthetic Surgery - lead";"120220948625530080";"PAUSED";"LEAD_GENERATION";"50000";"BE, CH, DE, DK, ES, FR, IS, NL, NO, PT, SE";"bilinmiyor";"bilinmiyor";"ulke";"";"canli_hedefleme";""
"Doruk Hospital";"liposuction - kadın -  on_lead";"120220948625450080";"Estetik - Genel - Avrupa Bölgesi  - Tümü - EN - Doruk Aesthetic Surgery - lead";"120220948625530080";"PAUSED";"LEAD_GENERATION";"50000";"BE, CH, DE, DK, ES, FR, IS, NL, NO, PT, SE";"bilinmiyor";"bilinmiyor";"ulke";"";"canli_hedefleme";""
"Doruk Hospital";"face_lift - kadın -  on_lead";"120220948625320080";"Estetik - Genel - Avrupa Bölgesi  - Tümü - EN - Doruk Aesthetic Surgery - lead";"120220948625530080";"PAUSED";"LEAD_GENERATION";"100000";"BE, CH, DE, DK, ES, FR, IS, NL, NO, PT, SE";"bilinmiyor";"bilinmiyor";"ulke";"";"canli_hedefleme";""
"Doruk Hospital";"face_lift - erkek - on_lead";"120220948625300080";"Estetik - Genel - Avrupa Bölgesi  - Tümü - EN - Doruk Aesthetic Surgery - lead";"120220948625530080";"PAUSED";"LEAD_GENERATION";"100000";"AT, BE, DE, DK, ES, FR, IS, NL, NO, PT, SE";"bilinmiyor";"bilinmiyor";"ulke";"";"canli_hedefleme";""
"Doruk Hospital";"body_lift - erkek - on_lead";"120220948625290080";"Estetik - Genel - Avrupa Bölgesi  - Tümü - EN - Doruk Aesthetic Surgery - lead";"120220948625530080";"PAUSED";"LEAD_GENERATION";"50000";"AT, BE, DE, DK, ES, FR, IS, NL, NO, PT, SE";"bilinmiyor";"bilinmiyor";"ulke";"";"canli_hedefleme";""
"Doruk Hospital";"abdominoplasty - kadın -  on_lead";"120220948625280080";"Estetik - Genel - Avrupa Bölgesi  - Tümü - EN - Doruk Aesthetic Surgery - lead";"120220948625530080";"PAUSED";"LEAD_GENERATION";"50000";"BE, CH, DE, DK, ES, FR, IS, NL, NO, PT, SE";"bilinmiyor";"bilinmiyor";"ulke";"";"canli_hedefleme";""
"Doruk Hospital";"butt_lift - kadın -  on_lead";"120220948625270080";"Estetik - Genel - Avrupa Bölgesi  - Tümü - EN - Doruk Aesthetic Surgery - lead";"120220948625530080";"PAUSED";"LEAD_GENERATION";"50000";"BE, CH, DE, DK, ES, FR, IS, NL, NO, PT, SE";"bilinmiyor";"bilinmiyor";"ulke";"";"canli_hedefleme";""
"Doruk Hospital";"genel_estetik - kadın -  on_lead";"120220948625260080";"Estetik - Genel - Avrupa Bölgesi  - Tümü - EN - Doruk Aesthetic Surgery - lead";"120220948625530080";"PAUSED";"LEAD_GENERATION";"100000";"BE, CH, DE, DK, ES, FR, IS, NL, NO, PT, SE";"bilinmiyor";"bilinmiyor";"ulke";"";"canli_hedefleme";""
"Doruk Hospital";"breasth_esthetics - kadın -  on_lead";"120220948625250080";"Estetik - Genel - Avrupa Bölgesi  - Tümü - EN - Doruk Aesthetic Surgery - lead";"120220948625530080";"PAUSED";"LEAD_GENERATION";"100000";"BE, CH, DE, DK, ES, FR, IS, NL, NO, PT, SE";"bilinmiyor";"bilinmiyor";"ulke";"";"canli_hedefleme";""
"Doruk Hospital";"genel_estetik - erkek - on_lead";"120220948625240080";"Estetik - Genel - Avrupa Bölgesi  - Tümü - EN - Doruk Aesthetic Surgery - lead";"120220948625530080";"PAUSED";"LEAD_GENERATION";"100000";"AT, BE, DE, DK, ES, FR, IS, NL, NO, PT, SE";"bilinmiyor";"bilinmiyor";"ulke";"";"canli_hedefleme";""
"Doruk Hospital";"gynecomastia - erkek - on_lead";"120220948625230080";"Estetik - Genel - Avrupa Bölgesi  - Tümü - EN - Doruk Aesthetic Surgery - lead";"120220948625530080";"PAUSED";"LEAD_GENERATION";"100000";"AT, BE, DE, DK, ES, FR, IS, NL, NO, PT, SE";"bilinmiyor";"bilinmiyor";"ulke";"";"canli_hedefleme";""
"Doruk Hospital";"penile_implant - erkek - on_lead";"120220828979460080";"Estetik - Genel - Birleşik Krallık - Tümü - EN - Doruk Aesthetic Surgery - lead";"120220463601400080";"PAUSED";"LEAD_GENERATION";"150000";"GB, IE";"bilinmiyor";"bilinmiyor";"ulke";"";"canli_hedefleme";""
"Doruk Hospital";"vaginal_esthetics - kadın -  on_lead";"120220828932550080";"Estetik - Genel - Birleşik Krallık - Tümü - EN - Doruk Aesthetic Surgery - lead";"120220463601400080";"PAUSED";"LEAD_GENERATION";"150000";"GB, IE";"bilinmiyor";"bilinmiyor";"ulke";"";"canli_hedefleme";""
"Doruk Hospital";"face_lift - kadın -  on_lead";"120220828897470080";"Estetik - Genel - Birleşik Krallık - Tümü - EN - Doruk Aesthetic Surgery - lead";"120220463601400080";"PAUSED";"LEAD_GENERATION";"150000";"GB, IE";"bilinmiyor";"bilinmiyor";"ulke";"";"canli_hedefleme";""
"Doruk Hospital";"face_lift - erkek - on_lead";"120220828862240080";"Estetik - Genel - Birleşik Krallık - Tümü - EN - Doruk Aesthetic Surgery - lead";"120220463601400080";"PAUSED";"LEAD_GENERATION";"150000";"GB, IE";"bilinmiyor";"bilinmiyor";"ulke";"";"canli_hedefleme";""
"Doruk Hospital";"rhinoplasty - kadın -  on_lead";"120220828822920080";"Estetik - Genel - Birleşik Krallık - Tümü - EN - Doruk Aesthetic Surgery - lead";"120220463601400080";"PAUSED";"LEAD_GENERATION";"200000";"GB, IE";"bilinmiyor";"bilinmiyor";"ulke";"";"canli_hedefleme";""
"Doruk Hospital";"rhinoplasty - erkek - on_lead";"120220828773420080";"Estetik - Genel - Birleşik Krallık - Tümü - EN - Doruk Aesthetic Surgery - lead";"120220463601400080";"PAUSED";"LEAD_GENERATION";"200000";"GB, IE";"bilinmiyor";"bilinmiyor";"ulke";"";"canli_hedefleme";""
"Doruk Hospital";"butt_lift - kadın -  on_lead";"120220828728950080";"Estetik - Genel - Birleşik Krallık - Tümü - EN - Doruk Aesthetic Surgery - lead";"120220463601400080";"PAUSED";"LEAD_GENERATION";"150000";"GB, IE";"bilinmiyor";"bilinmiyor";"ulke";"";"canli_hedefleme";""
"Doruk Hospital";"breast_esthetics - kadın -  on_lead";"120220828594690080";"Estetik - Genel - Birleşik Krallık - Tümü - EN - Doruk Aesthetic Surgery - lead";"120220463601400080";"PAUSED";"LEAD_GENERATION";"300000";"GB, IE";"bilinmiyor";"bilinmiyor";"ulke";"";"canli_hedefleme";""
"Doruk Hospital";"body_lift - kadın -  on_lead";"120220828530680080";"Estetik - Genel - Birleşik Krallık - Tümü - EN - Doruk Aesthetic Surgery - lead";"120220463601400080";"PAUSED";"LEAD_GENERATION";"150000";"GB, IE";"bilinmiyor";"bilinmiyor";"ulke";"";"canli_hedefleme";""
"Doruk Hospital";"body_lift - erkek - on_lead";"120220828450440080";"Estetik - Genel - Birleşik Krallık - Tümü - EN - Doruk Aesthetic Surgery - lead";"120220463601400080";"PAUSED";"LEAD_GENERATION";"150000";"GB, IE";"bilinmiyor";"bilinmiyor";"ulke";"";"canli_hedefleme";""
"Doruk Hospital";"gynecomastia - erkek - on_lead";"120220827341040080";"Estetik - Genel - Birleşik Krallık - Tümü - EN - Doruk Aesthetic Surgery - lead";"120220463601400080";"PAUSED";"LEAD_GENERATION";"400000";"GB, IE";"bilinmiyor";"bilinmiyor";"ulke";"";"canli_hedefleme";""
"Doruk Hospital";"abdominoplasty - kadın -  on_lead";"120220827258620080";"Estetik - Genel - Birleşik Krallık - Tümü - EN - Doruk Aesthetic Surgery - lead";"120220463601400080";"PAUSED";"LEAD_GENERATION";"150000";"GB, IE";"bilinmiyor";"bilinmiyor";"ulke";"";"canli_hedefleme";""
"Doruk Hospital";"abdominoplasty - erkek - ön lead";"120220827148770080";"Estetik - Genel - Birleşik Krallık - Tümü - EN - Doruk Aesthetic Surgery - lead";"120220463601400080";"PAUSED";"LEAD_GENERATION";"150000";"GB, IE";"bilinmiyor";"bilinmiyor";"ulke";"";"canli_hedefleme";""
"Doruk Hospital";"liposuction - kadın -  on_lead";"120220826732870080";"Estetik - Genel - Birleşik Krallık - Tümü - EN - Doruk Aesthetic Surgery - lead";"120220463601400080";"PAUSED";"LEAD_GENERATION";"150000";"GB, IE";"bilinmiyor";"bilinmiyor";"ulke";"";"canli_hedefleme";""
"Doruk Hospital";"liposuction - erkek - on_lead";"120220826444920080";"Estetik - Genel - Birleşik Krallık - Tümü - EN - Doruk Aesthetic Surgery - lead";"120220463601400080";"PAUSED";"LEAD_GENERATION";"150000";"GB, IE";"bilinmiyor";"bilinmiyor";"ulke";"";"canli_hedefleme";""
"Doruk Hospital";"penile_implant - erkek  - on_lead";"120220738159730080";"Estetik - Genel - Türki Cumhuriyetler - Tümü - RU - Doruk Aesthetic Surgery - on_lead";"120220398508760080";"PAUSED";"LEAD_GENERATION";"100000";"AM, KG, KZ, UZ";"bilinmiyor";"bilinmiyor";"ulke";"";"canli_hedefleme";""
"Doruk Hospital";"vaginal_esthetics - kadın  - on_lead";"120220737876560080";"Estetik - Genel - Türki Cumhuriyetler - Tümü - RU - Doruk Aesthetic Surgery - on_lead";"120220398508760080";"PAUSED";"QUALITY_LEAD";"100000";"AM, KG, KZ, UZ";"bilinmiyor";"bilinmiyor";"ulke";"";"canli_hedefleme";""
"Doruk Hospital";"face_lift  - kadın  - on_lead";"120220737489610080";"Estetik - Genel - Türki Cumhuriyetler - Tümü - RU - Doruk Aesthetic Surgery - on_lead";"120220398508760080";"PAUSED";"LEAD_GENERATION";"100000";"AM, KG, KZ, UZ";"bilinmiyor";"bilinmiyor";"ulke";"";"canli_hedefleme";""
"Doruk Hospital";"face_lift - erkek  - on_lead";"120220737352830080";"Estetik - Genel - Türki Cumhuriyetler - Tümü - RU - Doruk Aesthetic Surgery - on_lead";"120220398508760080";"PAUSED";"LEAD_GENERATION";"100000";"AM, KG, KZ, UZ";"bilinmiyor";"bilinmiyor";"ulke";"";"canli_hedefleme";""
"Doruk Hospital";"rhinoplasty - kadın  - on_lead";"120220736646260080";"Estetik - Genel - Türki Cumhuriyetler - Tümü - RU - Doruk Aesthetic Surgery - on_lead";"120220398508760080";"CAMPAIGN_PAUSED";"QUALITY_LEAD";"200000";"AM, KG, KZ, UZ";"bilinmiyor";"bilinmiyor";"ulke";"";"canli_hedefleme";""
"Doruk Hospital";"rhinoplasty - erkek  - on_lead";"120220736624710080";"Estetik - Genel - Türki Cumhuriyetler - Tümü - RU - Doruk Aesthetic Surgery - on_lead";"120220398508760080";"CAMPAIGN_PAUSED";"LEAD_GENERATION";"200000";"AM, KG, KZ, UZ";"bilinmiyor";"bilinmiyor";"ulke";"";"canli_hedefleme";""
"Doruk Hospital";"butt_lift - kadın  - on_lead";"120220736602580080";"Estetik - Genel - Türki Cumhuriyetler - Tümü - RU - Doruk Aesthetic Surgery - on_lead";"120220398508760080";"PAUSED";"QUALITY_LEAD";"100000";"AM, KG, KZ, UZ";"bilinmiyor";"bilinmiyor";"ulke";"";"canli_hedefleme";""
"Doruk Hospital";"breast_esthetics - kadın  - on_lead";"120220736539940080";"Estetik - Genel - Türki Cumhuriyetler - Tümü - RU - Doruk Aesthetic Surgery - on_lead";"120220398508760080";"CAMPAIGN_PAUSED";"QUALITY_LEAD";"200000";"AM, KG, KZ, UZ";"bilinmiyor";"bilinmiyor";"ulke";"";"canli_hedefleme";""
"Doruk Hospital";"body_lift - kadın  - on_lead";"120220736504920080";"Estetik - Genel - Türki Cumhuriyetler - Tümü - RU - Doruk Aesthetic Surgery - on_lead";"120220398508760080";"PAUSED";"QUALITY_LEAD";"100000";"AM, KG, KZ, UZ";"bilinmiyor";"bilinmiyor";"ulke";"";"canli_hedefleme";""
"Doruk Hospital";"body_lift - erkek  - on_lead";"120220736463740080";"Estetik - Genel - Türki Cumhuriyetler - Tümü - RU - Doruk Aesthetic Surgery - on_lead";"120220398508760080";"PAUSED";"LEAD_GENERATION";"100000";"AM, KG, KZ, UZ";"bilinmiyor";"bilinmiyor";"ulke";"";"canli_hedefleme";""
"Doruk Hospital";"gynecomastia - erkek  - on_lead";"120220735569580080";"Estetik - Genel - Türki Cumhuriyetler - Tümü - RU - Doruk Aesthetic Surgery - on_lead";"120220398508760080";"CAMPAIGN_PAUSED";"LEAD_GENERATION";"250000";"AM, KG, KZ, TJ, UZ";"bilinmiyor";"bilinmiyor";"ulke";"";"canli_hedefleme";""
"Doruk Hospital";"abdominoplasty - kadın  - on_lead";"120220735211170080";"Estetik - Genel - Türki Cumhuriyetler - Tümü - RU - Doruk Aesthetic Surgery - on_lead";"120220398508760080";"PAUSED";"QUALITY_LEAD";"100000";"AM, KG, KZ, UZ";"bilinmiyor";"bilinmiyor";"ulke";"";"canli_hedefleme";""
"Doruk Hospital";"abdominoplasty - erkek  - on_lead";"120220734827850080";"Estetik - Genel - Türki Cumhuriyetler - Tümü - RU - Doruk Aesthetic Surgery - on_lead";"120220398508760080";"PAUSED";"LEAD_GENERATION";"100000";"AM, KG, KZ, UZ";"bilinmiyor";"bilinmiyor";"ulke";"";"canli_hedefleme";""
"Doruk Hospital";"liposuction - kadın  - on_lead";"120220734150870080";"Estetik - Genel - Türki Cumhuriyetler - Tümü - RU - Doruk Aesthetic Surgery - on_lead";"120220398508760080";"PAUSED";"LEAD_GENERATION";"100000";"AM, KG, KZ, UZ";"bilinmiyor";"bilinmiyor";"ulke";"";"canli_hedefleme";""
"Doruk Hospital";"liposuction - erkek  - on_lead";"120220732370080080";"Estetik - Genel - Türki Cumhuriyetler - Tümü - RU - Doruk Aesthetic Surgery - on_lead";"120220398508760080";"PAUSED";"LEAD_GENERATION";"100000";"AM, KG, KZ, UZ";"bilinmiyor";"bilinmiyor";"ulke";"";"canli_hedefleme";""
"Doruk Hospital";"penile_implant - erkek - on_lead";"120220721992420080";"Estetik - Genel -  Arap Bölgesi - Tümü - AR - Doruk Aesthetic Surgery - on_lead";"120220229321100080";"PAUSED";"LEAD_GENERATION";"200000";"BH, KW, OM, QA";"bilinmiyor";"bilinmiyor";"ulke";"";"canli_hedefleme";""
"Doruk Hospital";"vaginal_esthetics - kadın - on_lead";"120220721907460080";"Estetik - Genel -  Arap Bölgesi - Tümü - AR - Doruk Aesthetic Surgery - on_lead";"120220229321100080";"PAUSED";"LEAD_GENERATION";"200000";"BH, KW, OM, QA";"bilinmiyor";"bilinmiyor";"ulke";"";"canli_hedefleme";""
"Doruk Hospital";"face_lift - kadın - on_lead";"120220721884890080";"Estetik - Genel -  Arap Bölgesi - Tümü - AR - Doruk Aesthetic Surgery - on_lead";"120220229321100080";"PAUSED";"LEAD_GENERATION";"200000";"BH, KW, OM, QA";"bilinmiyor";"bilinmiyor";"ulke";"";"canli_hedefleme";""
"Doruk Hospital";"face_lift - erkek - on_lead";"120220721790960080";"Estetik - Genel -  Arap Bölgesi - Tümü - AR - Doruk Aesthetic Surgery - on_lead";"120220229321100080";"PAUSED";"LEAD_GENERATION";"200000";"BH, KW, OM, QA";"bilinmiyor";"bilinmiyor";"ulke";"";"canli_hedefleme";""
"Doruk Hospital";"rhinoplasty - kadın - on_lead";"120220716822370080";"Estetik - Genel -  Arap Bölgesi - Tümü - AR - Doruk Aesthetic Surgery - on_lead";"120220229321100080";"PAUSED";"LEAD_GENERATION";"300000";"AE, BH, KW, OM, QA";"bilinmiyor";"bilinmiyor";"ulke";"";"canli_hedefleme";""
"Doruk Hospital";"rhinoplasty - erkek - on_lead";"120220716704670080";"Estetik - Genel -  Arap Bölgesi - Tümü - AR - Doruk Aesthetic Surgery - on_lead";"120220229321100080";"PAUSED";"LEAD_GENERATION";"300000";"AE, BH, KW, OM, QA";"bilinmiyor";"bilinmiyor";"ulke";"";"canli_hedefleme";""
"Doruk Hospital";"butt_lift - kadın - on_lead";"120220716190120080";"Estetik - Genel -  Arap Bölgesi - Tümü - AR - Doruk Aesthetic Surgery - on_lead";"120220229321100080";"PAUSED";"LEAD_GENERATION";"200000";"BH, KW, OM, QA";"bilinmiyor";"bilinmiyor";"ulke";"";"canli_hedefleme";""
"Doruk Hospital";"breast_esthetics - kadın - on_lead";"120220715901050080";"Estetik - Genel -  Arap Bölgesi - Tümü - AR - Doruk Aesthetic Surgery - on_lead";"120220229321100080";"PAUSED";"LEAD_GENERATION";"300000";"AE, BH, KW, OM, QA";"bilinmiyor";"bilinmiyor";"ulke";"";"canli_hedefleme";""
"Doruk Hospital";"body_lift - kadın - on_lead";"120220715609830080";"Estetik - Genel -  Arap Bölgesi - Tümü - AR - Doruk Aesthetic Surgery - on_lead";"120220229321100080";"PAUSED";"LEAD_GENERATION";"200000";"BH, KW, OM, QA";"bilinmiyor";"bilinmiyor";"ulke";"";"canli_hedefleme";""
"Doruk Hospital";"body_lift - erkek - on_lead";"120220715588840080";"Estetik - Genel -  Arap Bölgesi - Tümü - AR - Doruk Aesthetic Surgery - on_lead";"120220229321100080";"PAUSED";"LEAD_GENERATION";"200000";"BH, KW, OM, QA";"bilinmiyor";"bilinmiyor";"ulke";"";"canli_hedefleme";""
"Doruk Hospital";"gynecomastia - erkek - on_lead";"120220715490530080";"Estetik - Genel -  Arap Bölgesi - Tümü - AR - Doruk Aesthetic Surgery - on_lead";"120220229321100080";"PAUSED";"LEAD_GENERATION";"300000";"AE, BH, KW, OM, QA";"bilinmiyor";"bilinmiyor";"ulke";"";"canli_hedefleme";""
"Doruk Hospital";"abdominoplasty - kadın - on_lead";"120220715090150080";"Estetik - Genel -  Arap Bölgesi - Tümü - AR - Doruk Aesthetic Surgery - on_lead";"120220229321100080";"PAUSED";"LEAD_GENERATION";"200000";"BH, KW, OM, QA";"bilinmiyor";"bilinmiyor";"ulke";"";"canli_hedefleme";""
"Doruk Hospital";"abdominoplasty - erkek - on_lead";"120220715072710080";"Estetik - Genel -  Arap Bölgesi - Tümü - AR - Doruk Aesthetic Surgery - on_lead";"120220229321100080";"PAUSED";"LEAD_GENERATION";"200000";"BH, KW, OM, QA";"bilinmiyor";"bilinmiyor";"ulke";"";"canli_hedefleme";""
"Doruk Hospital";"liposuction - kadın - on_lead";"120220715001990080";"Estetik - Genel -  Arap Bölgesi - Tümü - AR - Doruk Aesthetic Surgery - on_lead";"120220229321100080";"PAUSED";"LEAD_GENERATION";"200000";"BH, KW, OM, QA";"bilinmiyor";"bilinmiyor";"ulke";"";"canli_hedefleme";""
"Doruk Hospital";"liposuction - erkek - on_lead";"120220714622820080";"Estetik - Genel -  Arap Bölgesi - Tümü - AR - Doruk Aesthetic Surgery - on_lead";"120220229321100080";"PAUSED";"LEAD_GENERATION";"200000";"BH, KW, OM, QA";"bilinmiyor";"bilinmiyor";"ulke";"";"canli_hedefleme";""
"Doruk Hospital";"genel_estetik - kadın -  on_lead";"120220478929160080";"Estetik - Genel - Birleşik Krallık - Tümü - EN - Doruk Aesthetic Surgery - lead";"120220463601400080";"PAUSED";"LEAD_GENERATION";"100000";"GB, IE";"bilinmiyor";"bilinmiyor";"ulke";"";"canli_hedefleme";""
"Doruk Hospital";"genel_estetik - erkek - on_lead";"120220463601440080";"Estetik - Genel - Birleşik Krallık - Tümü - EN - Doruk Aesthetic Surgery - lead";"120220463601400080";"PAUSED";"LEAD_GENERATION";"100000";"GB, IE";"bilinmiyor";"bilinmiyor";"ulke";"";"canli_hedefleme";""
"Doruk Hospital";"genel - kadın  - on_lead";"120220399084730080";"Estetik - Genel - Türki Cumhuriyetler - Tümü - RU - Doruk Aesthetic Surgery - on_lead";"120220398508760080";"PAUSED";"LEAD_GENERATION";"100000";"AM, KG, KZ, UZ";"bilinmiyor";"bilinmiyor";"ulke";"";"canli_hedefleme";""
"Doruk Hospital";"genel - erkek - on_lead";"120220398508770080";"Estetik - Genel - Türki Cumhuriyetler - Tümü - RU - Doruk Aesthetic Surgery - on_lead";"120220398508760080";"PAUSED";"LEAD_GENERATION";"100000";"AM, KG, KZ, UZ";"bilinmiyor";"bilinmiyor";"ulke";"";"canli_hedefleme";""
"Doruk Hospital";"genel - kadın - on_lead";"120220230068660080";"Estetik - Genel -  Arap Bölgesi - Tümü - AR - Doruk Aesthetic Surgery - on_lead";"120220229321100080";"PAUSED";"LEAD_GENERATION";"200000";"BH, KW, OM, QA";"bilinmiyor";"bilinmiyor";"ulke";"";"canli_hedefleme";""
"Doruk Hospital";"genel - erkek - on_lead";"120220229321110080";"Estetik - Genel -  Arap Bölgesi - Tümü - AR - Doruk Aesthetic Surgery - on_lead";"120220229321100080";"PAUSED";"LEAD_GENERATION";"200000";"BH, KW, OM, QA";"bilinmiyor";"bilinmiyor";"ulke";"";"canli_hedefleme";""
"Doruk Hospital";"Abdo - UK - 15 Saniye Set";"120219764006360080";"Vücut Şekillendirme - Lipo/Abdo - Birleşik Krallık - Tümü - EN - Doruk Aesthetic Surgery";"120219764006330080";"CAMPAIGN_PAUSED";"LEAD_GENERATION";"200000";"GB, IE";"bilinmiyor";"bilinmiyor";"ulke";"";"canli_hedefleme";""
"Doruk Hospital";"Lipo - UK - 15 Saniye Set";"120219764006280080";"Vücut Şekillendirme - Lipo/Abdo - Birleşik Krallık - Tümü - EN - Doruk Aesthetic Surgery";"120219764006330080";"CAMPAIGN_PAUSED";"LEAD_GENERATION";"200000";"GB, IE";"bilinmiyor";"bilinmiyor";"ulke";"";"canli_hedefleme";""
"Doruk Hospital";"Lipo - Avrupa Bölgesi - 15 Saniye Set";"120219763911740080";"Vücut Şekillendirme - Lipo/Abdo - Avrupa Bölgesi - Tümü - EN - Doruk Aesthetic Surgery";"120219763911790080";"CAMPAIGN_PAUSED";"LEAD_GENERATION";"200000";"bilinmiyor";"bilinmiyor";"bilinmiyor";"belirsiz";"";"canli_hedefleme_eksik";""
"Doruk Hospital";"Abdo - Avrupa Bölgesi - 15 Saniye Set";"120219763911730080";"Vücut Şekillendirme - Lipo/Abdo - Avrupa Bölgesi - Tümü - EN - Doruk Aesthetic Surgery";"120219763911790080";"CAMPAIGN_PAUSED";"LEAD_GENERATION";"200000";"bilinmiyor";"bilinmiyor";"bilinmiyor";"belirsiz";"";"canli_hedefleme_eksik";""
"Doruk Hospital";"Abdo - Arap Bölgesi - 15 Saniye Set";"120219763626170080";"Vücut Şekillendirme - Lipo/Abdo - Arap Bölgesi - Tümü - AR - Doruk Aesthetic Surgery";"120219763626200080";"CAMPAIGN_PAUSED";"LEAD_GENERATION";"400000";"BH, KW, OM, QA";"bilinmiyor";"bilinmiyor";"ulke";"";"canli_hedefleme";""
"Doruk Hospital";"Lipo - Arap Bölgesi - 15 Saniye Set";"120219763626150080";"Vücut Şekillendirme - Lipo/Abdo - Arap Bölgesi - Tümü - AR - Doruk Aesthetic Surgery";"120219763626200080";"CAMPAIGN_PAUSED";"LEAD_GENERATION";"400000";"BH, KW, OM, QA";"bilinmiyor";"bilinmiyor";"ulke";"";"canli_hedefleme";""
"Doruk Hospital";"Abdo - Türki Cumhuriyetleri - 15 Saniye Set";"120219763519340080";"Vücut Şekillendirme - Lipo/Abdo - Türki Cumhuriyetleri - Tümü - RU - Doruk Aesthetic Surgery";"120219763519310080";"CAMPAIGN_PAUSED";"LEAD_GENERATION";"300000";"AM, AZ, KG, KZ, TJ, UZ";"bilinmiyor";"bilinmiyor";"ulke";"";"canli_hedefleme";""
"Doruk Hospital";"Lipo - Türki Cumhuriyetleri - 15 Saniye Set";"120219763519300080";"Vücut Şekillendirme - Lipo/Abdo - Türki Cumhuriyetleri - Tümü - RU - Doruk Aesthetic Surgery";"120219763519310080";"CAMPAIGN_PAUSED";"LEAD_GENERATION";"300000";"AM, AZ, KG, KZ, TJ, UZ";"bilinmiyor";"bilinmiyor";"ulke";"";"canli_hedefleme";""
"Doruk Hospital";"Obezite Cerrahisi - Rus Bölgesi - Tümü - RU - Doruk Hospital - Statik Set";"120219689282860080";"Obezite - Obezite Cerrahisi - Rus Bölgesi - Tümü - RU - Doruk Hospital - Doruk Aesthetic Surgery";"120219689282850080";"CAMPAIGN_PAUSED";"LEAD_GENERATION";"350000";"AM, AZ, KG, KZ, TJ, UZ";"android";"facebook, instagram, audience_network";"ulke + isletim_sistemi + platform";"";"canli_hedefleme";""
"Doruk Hospital";"Obezite Cerrahisi  - Körfez (B.A.E VE S.A hariç) - 1 dakika & 15 sn Set";"120219689273270080";"Obezite - Obezite Cerrahisi - Arap Bölgesi - Tümü - AR - Doruk Aesthetic Surgery";"120219689272970080";"CAMPAIGN_PAUSED";"LEAD_GENERATION";"550000";"BH, KW, OM, QA";"bilinmiyor";"facebook, instagram";"ulke + platform";"";"canli_hedefleme";""
"Doruk Hospital";"Obezite Cerrahisi  - B.A.E. Daraltılmış - 1 dakika & 15 sn Set";"120219689273260080";"Obezite - Obezite Cerrahisi - Arap Bölgesi - Tümü - AR - Doruk Aesthetic Surgery";"120219689272970080";"CAMPAIGN_PAUSED";"LEAD_GENERATION";"350000";"AE";"bilinmiyor";"facebook, instagram";"ulke + platform";"";"canli_hedefleme";""
"Doruk Hospital";"Obezite Cerrahisi  - Körfez (B.A.E VE S.A hariç) -  b/a Set";"120219689273250080";"Obezite - Obezite Cerrahisi - Arap Bölgesi - Tümü - AR - Doruk Aesthetic Surgery";"120219689272970080";"CAMPAIGN_PAUSED";"LEAD_GENERATION";"550000";"BH, KW, OM, QA";"bilinmiyor";"facebook, instagram";"ulke + platform";"";"canli_hedefleme";""
"Doruk Hospital";"Obezite Cerrahisi  - B.A.E. Daraltılmış -  Obezite b/a Set";"120219689273220080";"Obezite - Obezite Cerrahisi - Arap Bölgesi - Tümü - AR - Doruk Aesthetic Surgery";"120219689272970080";"CAMPAIGN_PAUSED";"LEAD_GENERATION";"250000";"AE";"bilinmiyor";"facebook, instagram";"ulke + platform";"";"canli_hedefleme";""
"Doruk Hospital";"Obezite Cerrahisi  - Suudi Arabistan Daraltılmış -  b/a Set";"120219689273190080";"Obezite - Obezite Cerrahisi - Arap Bölgesi - Tümü - AR - Doruk Aesthetic Surgery";"120219689272970080";"CAMPAIGN_PAUSED";"LEAD_GENERATION";"150000";"SA";"bilinmiyor";"facebook, instagram";"ulke + platform";"";"canli_hedefleme";""
"Doruk Hospital";"Obezite Cerrahisi  - Suudi Arabistan Daraltılmış - 1 dakika & 15 sn Set";"120219689273010080";"Obezite - Obezite Cerrahisi - Arap Bölgesi - Tümü - AR - Doruk Aesthetic Surgery";"120219689272970080";"CAMPAIGN_PAUSED";"LEAD_GENERATION";"150000";"SA";"bilinmiyor";"facebook, instagram";"ulke + platform";"";"canli_hedefleme";""
"Doruk Hospital";"Obezite Cerrahisi - UK - 1 Dakika & 15 sn Set";"120219689248140080";"Obezite - Obezite Cerrahisi - Birleşik Krallık - Tümü - EN - Doruk Aesthetic Surgery";"120219689247910080";"PAUSED";"LEAD_GENERATION";"550000";"GB, IE";"bilinmiyor";"facebook, instagram";"ulke + platform";"";"canli_hedefleme";""
"Doruk Hospital";"Obezite Cerrahisi - İngiltere - Tümü - EN - Obesity Surgery Center - Statik Set";"120219689248100080";"Obezite - Obezite Cerrahisi - Birleşik Krallık - Tümü - EN - Doruk Aesthetic Surgery";"120219689247910080";"PAUSED";"LEAD_GENERATION";"450000";"GB, IE";"bilinmiyor";"bilinmiyor";"ulke";"";"canli_hedefleme";""
"Doruk Hospital";"Obezite Cerrahisi - UK - Obezite b/a Set";"120219689247940080";"Obezite - Obezite Cerrahisi - Birleşik Krallık - Tümü - EN - Doruk Aesthetic Surgery";"120219689247910080";"PAUSED";"LEAD_GENERATION";"800000";"GB, IE";"bilinmiyor";"facebook, instagram";"ulke + platform";"";"canli_hedefleme";""
"Doruk Hospital";"Jinekomasti - Avrupa Bölgesi - 15 Saniye Set";"120219688526410080";"Meme Estetiği - Jinekomasti - Avrupa Bölgesi - Tümü - EN - Doruk Aesthetic Surgery";"120219688526390080";"CAMPAIGN_PAUSED";"LEAD_GENERATION";"300000";"bilinmiyor";"bilinmiyor";"bilinmiyor";"belirsiz";"";"canli_hedefleme_eksik";""
"Doruk Hospital";"Jinekomasti - UK - 15 Saniye Set";"120219688507580080";"Meme Estetiği - Jinekomasti - Birleşik Krallık - Tümü - EN - Doruk Aesthetic Surgery";"120219688507620080";"CAMPAIGN_PAUSED";"LEAD_GENERATION";"300000";"GB, IE";"bilinmiyor";"bilinmiyor";"ulke";"";"canli_hedefleme";""
"Doruk Hospital";"Jinekomasti - Arap Bölgesi - 15 Saniye Set";"120219688483420080";"Meme Estetiği - Jinekomasti - Arap Bölgesi - Tümü - AR - Doruk Aesthetic Surgery";"120219688483430080";"CAMPAIGN_PAUSED";"LEAD_GENERATION";"400000";"BH, KW, OM, QA";"bilinmiyor";"bilinmiyor";"ulke";"";"canli_hedefleme";""
"Doruk Hospital";"Jinekomasti - Türki Cumhuriyetler - 15 Saniye Set";"120219688447690080";"Meme Estetiği - Jinekomasti - Türki Cumhuriyetleri - Tümü - RU - Doruk Aesthetic Surgery";"120219688447680080";"CAMPAIGN_PAUSED";"LEAD_GENERATION";"200000";"AM, AZ, KG, KZ, TJ, UZ";"bilinmiyor";"bilinmiyor";"ulke";"";"canli_hedefleme";""
"Doruk Hospital";"Estetik - Genital Estetik - Avrupa Bölgesi";"120219442670030080";"Estetik - Genital Estetik - Avrupa Bölgesi - Tümü - EN - Doruk Aesthetic Surgery";"120219442670050080";"CAMPAIGN_PAUSED";"LEAD_GENERATION";"250000";"bilinmiyor";"bilinmiyor";"bilinmiyor";"belirsiz";"";"canli_hedefleme_eksik";""
"Doruk Hospital";"Estetik - Genital Estetik - UK";"120219442289090080";"Estetik - Genital Estetik - Birleşik Krallık - Tümü - EN - Doruk Aesthetic Surgery";"120219442289140080";"CAMPAIGN_PAUSED";"LEAD_GENERATION";"250000";"GB";"bilinmiyor";"bilinmiyor";"ulke";"";"canli_hedefleme";""
"Doruk Hospital";"Genital Estetik - Türki Cumh";"120219442053460080";"Estetik - Genital Estetik - Türki Cumhuriyetler - Tümü - RU - Doruk Aesthetic Surgery";"120219442053420080";"CAMPAIGN_PAUSED";"LEAD_GENERATION";"400000";"AM, KG, KZ, TJ, UZ";"bilinmiyor";"bilinmiyor";"ulke";"";"canli_hedefleme";""
"Doruk Hospital";"Genital Estetik - Arap Bölgesi";"120219441796080080";"Estetik - Genital Estetik - Arap Bölgesi  - Tümü - AR - Doruk Aesthetic Surgery";"120219441796010080";"CAMPAIGN_PAUSED";"LEAD_GENERATION";"400000";"BH, KW, OM, QA";"bilinmiyor";"bilinmiyor";"ulke";"";"canli_hedefleme";""
"Doruk Hospital";"Genital Estetik - Avrupa Bölgesi - Kopya";"120218950678750080";"Estetik - Genital Estetik - Avrupa Bölgesi - Tümü - EN - Doruk Hospital";"120218340780530080";"CAMPAIGN_PAUSED";"LEAD_GENERATION";"300000";"bilinmiyor";"bilinmiyor";"bilinmiyor";"belirsiz";"";"canli_hedefleme_eksik";""
"Doruk Hospital";"FTR - Körfez (B.A.E. ve S.A hariç) - old Set - Kopya";"120218944984230080";"Fizik Tedavi - Intensive FTR - Arap Bölgesi - Tümü - AR - Physical Therapy - old";"120213206305890080";"PAUSED";"LEAD_GENERATION";"1100000";"BH, KW, OM, QA";"bilinmiyor";"bilinmiyor";"ulke";"";"canli_hedefleme";""
"Doruk Hospital";"FTR - Körfez (B.A.E. ve S.A hariç) - 15 Saniye Set - Kopya";"120218944910840080";"Fizik Tedavi - Intensive FTR - Arap Bölgesi - Tümü - AR - Physical Therapy - old";"120213206305890080";"CAMPAIGN_PAUSED";"LEAD_GENERATION";"1100000";"BH, KW, OM, QA";"bilinmiyor";"facebook, instagram";"ulke + platform";"";"canli_hedefleme";""
"Doruk Hospital";"FTR - Suudi Arabistan Daraltılmış - 15 Saniye Set - Kopya";"120218944902190080";"Fizik Tedavi - Intensive FTR - Arap Bölgesi - Tümü - AR - Physical Therapy - old";"120213206305890080";"PAUSED";"LEAD_GENERATION";"150000";"SA";"bilinmiyor";"facebook, instagram";"ulke + platform";"";"canli_hedefleme";""
"Doruk Hospital";"FTR - Suudi Arabistan Daraltılmış - old Set - Kopya";"120218944875800080";"Fizik Tedavi - Intensive FTR - Arap Bölgesi - Tümü - AR - Physical Therapy - old";"120213206305890080";"PAUSED";"LEAD_GENERATION";"150000";"SA";"bilinmiyor";"bilinmiyor";"ulke";"";"canli_hedefleme";""
"Doruk Hospital";"Estetik - UK - Kopya";"120218944526160080";"Estetik - Genital Estetik - Birleşik Krallık - Tümü - EN - Doruk Hospital";"120218339331080080";"CAMPAIGN_PAUSED";"LEAD_GENERATION";"300000";"GB";"bilinmiyor";"bilinmiyor";"ulke";"";"canli_hedefleme";""
"Doruk Hospital";"Abdo - Arap Bölgesi - 15 Saniye Set";"120218706293990080";"Vücut Şekillendirme - Lipo/Abdo - Arap Bölgesi - Tümü - AR - Obesity Surgery Center - CTW";"120218706234270080";"CAMPAIGN_PAUSED";"CONVERSATIONS";"400000";"BH, KW, OM, QA";"bilinmiyor";"bilinmiyor";"ulke";"";"canli_hedefleme";""
"Doruk Hospital";"Lipo - Arap Bölgesi - 15 Saniye Set";"120218706234250080";"Vücut Şekillendirme - Lipo/Abdo - Arap Bölgesi - Tümü - AR - Obesity Surgery Center - CTW";"120218706234270080";"CAMPAIGN_PAUSED";"CONVERSATIONS";"400000";"BH, KW, OM, QA";"bilinmiyor";"bilinmiyor";"ulke";"";"canli_hedefleme";""
"Doruk Hospital";"Jinekomasti - Arap Bölgesi - 15 Saniye Set";"120218706136600080";"Meme Estetiği - Jinekomasti - Arap Bölgesi - Tümü - AR - Obesity Surgery Center - CTW";"120218706136570080";"CAMPAIGN_PAUSED";"CONVERSATIONS";"400000";"BH, KW, OM, QA";"bilinmiyor";"bilinmiyor";"ulke";"";"canli_hedefleme";""
"Doruk Hospital";"Abdo - Türki Cumhuriyetleri - 15 Saniye Set";"120218705141570080";"Vücut Şekillendirme - Lipo/Abdo - Türki Cumhuriyetleri - Tümü - RU - Obesity Surgery Center - CTW";"120218704942620080";"CAMPAIGN_PAUSED";"CONVERSATIONS";"300000";"AM, AZ, KG, KZ, TJ, UZ";"bilinmiyor";"bilinmiyor";"ulke";"";"canli_hedefleme";""
"Doruk Hospital";"Lipo - Türki Cumhuriyetleri - 15 Saniye Set";"120218704942640080";"Vücut Şekillendirme - Lipo/Abdo - Türki Cumhuriyetleri - Tümü - RU - Obesity Surgery Center - CTW";"120218704942620080";"CAMPAIGN_PAUSED";"CONVERSATIONS";"400000";"AM, AZ, KG, KZ, TJ, UZ";"bilinmiyor";"bilinmiyor";"ulke";"";"canli_hedefleme";""
"Doruk Hospital";"Jinekomasti - Türkiye Cumhuriyetleri - 15 Saniye Set";"120218704745710080";"Meme Estetiği - Jinekomasti - Türki Cumhuriyetleri - Tümü - RU - Obesity Surgery Center - CTW";"120218704745730080";"CAMPAIGN_PAUSED";"CONVERSATIONS";"200000";"AM, AZ, KG, KZ, TJ, UZ";"bilinmiyor";"bilinmiyor";"ulke";"";"canli_hedefleme";""
"Doruk Hospital";"Genital Estetik - Türki Cumh";"120218341134570080";"Estetik - Genital Estetik - Türki Cumhuriyetler - Tümü - RU - Doruk Hospital";"120218341134590080";"CAMPAIGN_PAUSED";"LEAD_GENERATION";"600000";"AM, KG, KZ, TJ, UZ";"bilinmiyor";"bilinmiyor";"ulke";"";"canli_hedefleme";""
"Doruk Hospital";"Genital Estetik - Avrupa Bölgesi";"120218340780550080";"Estetik - Genital Estetik - Avrupa Bölgesi - Tümü - EN - Doruk Hospital";"120218340780530080";"PAUSED";"QUALITY_LEAD";"200000";"bilinmiyor";"bilinmiyor";"bilinmiyor";"belirsiz";"";"canli_hedefleme_eksik";""
"Doruk Hospital";"Estetik - UK";"120218339331100080";"Estetik - Genital Estetik - Birleşik Krallık - Tümü - EN - Doruk Hospital";"120218339331080080";"PAUSED";"QUALITY_LEAD";"200000";"GB";"bilinmiyor";"bilinmiyor";"ulke";"";"canli_hedefleme";""
"Doruk Hospital";"Soft FTR - Suudi Arabistan (Daraltılmış)";"120217486795690080";"Fizik Tedavi - Soft FTR - Arap Bölgesi - Tümü - AR - Physical Therapy";"120217486545650080";"CAMPAIGN_PAUSED";"LEAD_GENERATION";"200000";"SA";"bilinmiyor";"facebook, instagram";"ulke + platform";"";"canli_hedefleme";""
"Doruk Hospital";"Soft FTR - Körfez (B.A.E. ve S.A hariç)";"120217486545830080";"Fizik Tedavi - Soft FTR - Arap Bölgesi - Tümü - AR - Physical Therapy";"120217486545650080";"CAMPAIGN_PAUSED";"LEAD_GENERATION";"700000";"BH, KW, OM, QA";"bilinmiyor";"facebook, instagram";"ulke + platform";"";"canli_hedefleme";""
"Doruk Hospital";"Fizik Tedavi - Soft FTR - Avrupa Bölgesi";"120217486278450080";"Fizik Tedavi - Soft FTR - Avrupa Bölgesi - Tümü - EN - Physical Therapy";"120217486278490080";"CAMPAIGN_PAUSED";"QUALITY_LEAD";"200000";"bilinmiyor";"bilinmiyor";"bilinmiyor";"belirsiz";"";"canli_hedefleme_eksik";""
"Doruk Hospital";"Fizik Tedavi - Soft FTR - İngiltere";"120217485716210080";"Fizik Tedavi - Soft FTR - İngiltere - Tümü - EN - Physical Therapy";"120217485716020080";"CAMPAIGN_PAUSED";"QUALITY_LEAD";"200000";"bilinmiyor";"bilinmiyor";"bilinmiyor";"belirsiz";"";"canli_hedefleme_eksik";""
"Doruk Hospital";"Soft FTR - Türki Cumh";"120217485013390080";"Fizik Tedavi - Soft FTR - Türki Cumhuriyetler - Tümü - RU - Physical Therapy";"120217485013260080";"CAMPAIGN_PAUSED";"LEAD_GENERATION";"600000";"AM, KG, KZ, TJ, UZ";"bilinmiyor";"bilinmiyor";"ulke";"";"canli_hedefleme";""
"Doruk Hospital";"Lipo - Türki Cumhuriyetleri - 15 Saniye Set";"120216894942250080";"Vücut Şekillendirme - Lipo/Abdo - Türki Cumhuriyetleri - Tümü - RU - Obesity Surgery Center";"120216894221960080";"CAMPAIGN_PAUSED";"LEAD_GENERATION";"300000";"AM, AZ, KG, KZ, TJ, UZ";"bilinmiyor";"bilinmiyor";"ulke";"";"canli_hedefleme";""
"Doruk Hospital";"Abdo - Türki Cumhuriyetleri - 15 Saniye Set";"120216894936560080";"Vücut Şekillendirme - Lipo/Abdo - Türki Cumhuriyetleri - Tümü - RU - Obesity Surgery Center";"120216894221960080";"CAMPAIGN_PAUSED";"LEAD_GENERATION";"300000";"AM, AZ, KG, KZ, TJ, UZ";"bilinmiyor";"bilinmiyor";"ulke";"";"canli_hedefleme";""
"Doruk Hospital";"Jinekomasti - Türkiye Cumhuriyetleri - 15 Saniye Set";"120216893233300080";"Meme Estetiği - Jinekomasti - Türki Cumhuriyetleri - Tümü - RU - Obesity Surgery Center";"120216893233340080";"CAMPAIGN_PAUSED";"LEAD_GENERATION";"200000";"AM, AZ, KG, KZ, TJ, UZ";"bilinmiyor";"bilinmiyor";"ulke";"";"canli_hedefleme";""
"Doruk Hospital";"Lipo - Arap Bölgesi - 15 Saniye Set";"120216726744720080";"Vücut Şekillendirme - Lipo/Abdo - Arap Bölgesi - Tümü - AR - Obesity Surgery Center";"120216716897510080";"CAMPAIGN_PAUSED";"LEAD_GENERATION";"400000";"BH, KW, OM, QA";"bilinmiyor";"bilinmiyor";"ulke";"";"canli_hedefleme";""
"Doruk Hospital";"Abdo - Arap Bölgesi - 15 Saniye Set";"120216716897500080";"Vücut Şekillendirme - Lipo/Abdo - Arap Bölgesi - Tümü - AR - Obesity Surgery Center";"120216716897510080";"CAMPAIGN_PAUSED";"LEAD_GENERATION";"400000";"BH, KW, OM, QA";"bilinmiyor";"bilinmiyor";"ulke";"";"canli_hedefleme";""
"Doruk Hospital";"Jinekomasti - Arap Bölgesi - 15 Saniye Set";"120216713777270080";"Meme Estetiği - Jinekomasti - Arap Bölgesi - Tümü - AR - Obesity Surgery Center";"120216713777290080";"CAMPAIGN_PAUSED";"LEAD_GENERATION";"400000";"BH, KW, OM, QA";"bilinmiyor";"bilinmiyor";"ulke";"";"canli_hedefleme";""
"Doruk Hospital";"Lipo - UK - 15 Saniye Set";"120216502032990080";"Vücut Şekillendirme - Lipo/Abdo - Birleşik Krallık - Tümü - EN - Obesity Surgery Center";"120216502032960080";"CAMPAIGN_PAUSED";"LEAD_GENERATION";"200000";"GB, IE";"bilinmiyor";"bilinmiyor";"ulke";"";"canli_hedefleme";""
"Doruk Hospital";"Abdo - UK - 15 Saniye Set";"120216502032910080";"Vücut Şekillendirme - Lipo/Abdo - Birleşik Krallık - Tümü - EN - Obesity Surgery Center";"120216502032960080";"CAMPAIGN_PAUSED";"LEAD_GENERATION";"200000";"GB, IE";"bilinmiyor";"bilinmiyor";"ulke";"";"canli_hedefleme";""
"Doruk Hospital";"Abdo - Avrupa Bölgesi - 15 Saniye Set";"120216499286360080";"Vücut Şekillendirme - Lipo/Abdo - Avrupa Bölgesi - Tümü - EN - Obesity Surgery Center";"120216497354840080";"CAMPAIGN_PAUSED";"LEAD_GENERATION";"150000";"bilinmiyor";"bilinmiyor";"bilinmiyor";"belirsiz";"";"canli_hedefleme_eksik";""
"Doruk Hospital";"Lipo - Avrupa Bölgesi - 15 Saniye Set";"120216497354860080";"Vücut Şekillendirme - Lipo/Abdo - Avrupa Bölgesi - Tümü - EN - Obesity Surgery Center";"120216497354840080";"CAMPAIGN_PAUSED";"LEAD_GENERATION";"150000";"bilinmiyor";"bilinmiyor";"bilinmiyor";"belirsiz";"";"canli_hedefleme_eksik";""
"Doruk Hospital";"Jinekomasti - Avrupa Bölgesi - 15 Saniye Set";"120216496701790080";"Meme Estetiği - Jinekomasti - Avrupa Bölgesi - Tümü - EN - Obesity Surgery Center";"120216496701780080";"CAMPAIGN_PAUSED";"LEAD_GENERATION";"200000";"bilinmiyor";"bilinmiyor";"bilinmiyor";"belirsiz";"";"canli_hedefleme_eksik";""
"Doruk Hospital";"Jinekomasti - UK - 15 Saniye Set";"120216494033840080";"Meme Estetiği - Jinekomasti - Birleşik Krallık - Tümü - EN - Obesity Surgery Center";"120216494033620080";"CAMPAIGN_PAUSED";"LEAD_GENERATION";"200000";"GB, IE";"bilinmiyor";"bilinmiyor";"ulke";"";"canli_hedefleme";""
"Doruk Hospital";"Obezite Cerrahisi  - Suudi Arabistan Daraltılmış - 1 dakika & 15 sn Set";"120215790574050080";"Obezite - Obezite Cerrahisi - Arap Bölgesi - Tümü - AR - Obesity Surgery Center";"120214511855500080";"CAMPAIGN_PAUSED";"LEAD_GENERATION";"150000";"SA";"bilinmiyor";"facebook, instagram";"ulke + platform";"";"canli_hedefleme";""
"Doruk Hospital";"Obezite Cerrahisi  - Suudi Arabistan Daraltılmış -  b/a Set";"120215790544030080";"Obezite - Obezite Cerrahisi - Arap Bölgesi - Tümü - AR - Obesity Surgery Center";"120214511855500080";"CAMPAIGN_PAUSED";"LEAD_GENERATION";"150000";"SA";"bilinmiyor";"facebook, instagram";"ulke + platform";"";"canli_hedefleme";""
"Doruk Hospital";"Obezite Cerrahisi  - B.A.E. Daraltılmış -  Obezite b/a Set";"120215790487500080";"Obezite - Obezite Cerrahisi - Arap Bölgesi - Tümü - AR - Obesity Surgery Center";"120214511855500080";"CAMPAIGN_PAUSED";"LEAD_GENERATION";"250000";"AE";"bilinmiyor";"facebook, instagram";"ulke + platform";"";"canli_hedefleme";""
"Doruk Hospital";"Obezite Cerrahisi  - B.A.E. Daraltılmış - 1 dakika & 15 sn Set";"120215790458860080";"Obezite - Obezite Cerrahisi - Arap Bölgesi - Tümü - AR - Obesity Surgery Center";"120214511855500080";"CAMPAIGN_PAUSED";"LEAD_GENERATION";"350000";"AE";"bilinmiyor";"facebook, instagram";"ulke + platform";"";"canli_hedefleme";""
"Doruk Hospital";"FTR - Suudi Arabistan Daraltılmış - old Set*";"120215790155580080";"Fizik Tedavi - Intensive FTR - Arap Bölgesi - Tümü - AR - Physical Therapy - old";"120213206305890080";"PAUSED";"QUALITY_LEAD";"150000";"SA";"bilinmiyor";"facebook, instagram";"ulke + platform";"";"canli_hedefleme";""
"Doruk Hospital";"FTR - Suudi Arabistan Daraltılmış - 15 Saniye Set*";"120215790025500080";"Fizik Tedavi - Intensive FTR - Arap Bölgesi - Tümü - AR - Physical Therapy - old";"120213206305890080";"PAUSED";"QUALITY_LEAD";"150000";"SA";"bilinmiyor";"facebook, instagram";"ulke + platform";"";"canli_hedefleme";""
"Doruk Hospital";"FTR - Suudi Arabistan Daraltılmış -  1 Dakika Set";"120215789964090080";"Fizik Tedavi - Intensive FTR - Arap Bölgesi - Tümü - AR - Physical Therapy - old";"120213206305890080";"PAUSED";"QUALITY_LEAD";"100000";"SA";"bilinmiyor";"facebook, instagram";"ulke + platform";"";"canli_hedefleme";""
"Doruk Hospital";"FTR - B.A.E. Daraltılmış - 15 Saniye Set";"120215789041370080";"Fizik Tedavi - Intensive FTR - Arap Bölgesi - Tümü - AR - Physical Therapy - old";"120213206305890080";"PAUSED";"QUALITY_LEAD";"350000";"AE";"bilinmiyor";"facebook, instagram";"ulke + platform";"";"canli_hedefleme";""
"Doruk Hospital";"FTR - B.A.E. Daraltılmış - old Set";"120215789030470080";"Fizik Tedavi - Intensive FTR - Arap Bölgesi - Tümü - AR - Physical Therapy - old";"120213206305890080";"PAUSED";"QUALITY_LEAD";"450000";"AE";"bilinmiyor";"facebook, instagram";"ulke + platform";"";"canli_hedefleme";""
"Doruk Hospital";"FTR - B.A.E. Daraltılmış - 1 Dakika Set";"120215788965910080";"Fizik Tedavi - Intensive FTR - Arap Bölgesi - Tümü - AR - Physical Therapy - old";"120213206305890080";"PAUSED";"QUALITY_LEAD";"200000";"AE";"bilinmiyor";"facebook, instagram";"ulke + platform";"";"canli_hedefleme";""
"Doruk Hospital";"Yeni Etkileşim Reklam Seti";"120215694566810080";"Obezite - Mesajlaşma - EN - Obesity Surgery Turkey";"120215694566760080";"PAUSED";"CONVERSATIONS";"500000";"GB, IE";"bilinmiyor";"facebook, instagram";"ulke + platform";"";"canli_hedefleme";""
"Doruk Hospital";"broad - test";"120215572305900080";"Obezite  - Takipci  - AR - Obesity Surgery Center";"120215572305890080";"CAMPAIGN_PAUSED";"PROFILE_VISIT";"100000";"bilinmiyor";"bilinmiyor";"bilinmiyor";"belirsiz";"";"canli_hedefleme_eksik";""
"Doruk Hospital";"broad - test";"120215571302820080";"Obezite  - Takipci  - EN - Obesity Surgery Center";"120215571302830080";"CAMPAIGN_PAUSED";"PROFILE_VISIT";"100000";"bilinmiyor";"bilinmiyor";"bilinmiyor";"belirsiz";"";"canli_hedefleme_eksik";""
"Doruk Hospital";"broad - test";"120215228186840080";"Obezite  - Takipci  - RU - Obesity Surgery Center";"120215228186820080";"CAMPAIGN_PAUSED";"PROFILE_VISIT";"100000";"bilinmiyor";"bilinmiyor";"bilinmiyor";"belirsiz";"";"canli_hedefleme_eksik";""
"Doruk Hospital";"FTR - genel - lead - onbeş saniye set";"120215140834580080";"Fizik Tedavi - Intensive FTR - Türki Cumhuriyetler - Tümü - RU - Physical Therapy";"120213112156700080";"PAUSED";"LEAD_GENERATION";"800000";"KG, KZ, TJ, UZ";"bilinmiyor";"facebook, instagram";"ulke + platform";"";"canli_hedefleme";""
"Doruk Hospital";"FTR - Körfez (B.A.E. ve S.A hariç) - 1 Dakika Set";"120215140602340080";"Fizik Tedavi - Intensive FTR - Arap Bölgesi - Tümü - AR - Physical Therapy - old";"120213206305890080";"PAUSED";"LEAD_GENERATION";"600000";"BH, KW, OM, QA";"bilinmiyor";"facebook, instagram";"ulke + platform";"";"canli_hedefleme";""
"Doruk Hospital";"Obezite Cerrahisi - Türki Cumh. - Obezite b/a Set";"120215140067580080";"Obezite - Obezite Cerrahisi - Türki Cumhuriyetler - Tümü - RU - Obesity Surgery Center";"120214532392750080";"CAMPAIGN_PAUSED";"LEAD_GENERATION";"350000";"AM, AZ, KG, KZ, TJ, UZ";"bilinmiyor";"facebook, instagram";"ulke + platform";"";"canli_hedefleme";""
"Doruk Hospital";"Obezite Cerrahisi  - Körfez (B.A.E VE S.A hariç) -  b/a Set";"120215139869730080";"Obezite - Obezite Cerrahisi - Arap Bölgesi - Tümü - AR - Obesity Surgery Center";"120214511855500080";"CAMPAIGN_PAUSED";"LEAD_GENERATION";"550000";"BH, KW, OM, QA";"bilinmiyor";"facebook, instagram";"ulke + platform";"";"canli_hedefleme";""
"Doruk Hospital";"Obezite Cerrahisi - UK - Obezite b/a Set";"120215139753300080";"Obezite - Obezite Cerrahisi - Birleşik Krallık - Tümü - EN - Obesity Surgery Center";"120214484064480080";"PAUSED";"LEAD_GENERATION";"800000";"GB, IE";"bilinmiyor";"facebook, instagram";"ulke + platform";"";"canli_hedefleme";""
"Doruk Hospital";"Obezite - Avrupa - Obezite b/a Set";"120215139659630080";"Obezite - Obezite Cerrahisi -  Avrupa Bölgesi - Tümü - EN - Obesity Surgery Center";"120214552851530080";"CAMPAIGN_PAUSED";"LEAD_GENERATION";"600000";"AT, BE, CY, CZ, DE, EE, ES, FR, HR, HU, LT, LU, LV, MT, NL, PL, PT, RS, SI, SK";"bilinmiyor";"facebook, instagram";"ulke + platform";"";"canli_hedefleme";""
"Doruk Hospital";"Obezite -  Obezite b/a Set";"120215139562230080";"Obezite - Obezite Cerrahisi -  Amerika - Tümü - EN - Obesity Surgery Center";"120214894253860080";"CAMPAIGN_PAUSED";"LEAD_GENERATION";"700000";"US";"bilinmiyor";"facebook, instagram";"ulke + platform";"";"canli_hedefleme";""
"Doruk Hospital";"Obezite - 1 dakika & 15 sn Set";"120214894253870080";"Obezite - Obezite Cerrahisi -  Amerika - Tümü - EN - Obesity Surgery Center";"120214894253860080";"CAMPAIGN_PAUSED";"LEAD_GENERATION";"700000";"US";"bilinmiyor";"facebook, instagram";"ulke + platform";"";"canli_hedefleme";""
"Doruk Hospital";"Obezite - Obezite Cerrahisi -  Amerika - Tümü - EN - Obesity Surgery Center - Statik Set";"120214894253770080";"Obezite - Obezite Cerrahisi -  Amerika - Tümü - EN - Obesity Surgery Center";"120214894253860080";"PAUSED";"LEAD_GENERATION";"450000";"US";"bilinmiyor";"bilinmiyor";"ulke";"";"canli_hedefleme";""
"Doruk Hospital";"Obezite - Obezite Cerrahisi - Almanya - Avrupa Bölgesi - Tümü - DE - Obesity Surgery Turkey - 1 Dakika & 15 Saniye Set";"120214743815000080";"Obezite - Obezite Cerrahisi - Avrupa Bölgesi - Almanya - DE - Obesity Surgery Turkey";"120214558872490080";"CAMPAIGN_PAUSED";"LEAD_GENERATION";"550000";"DE";"bilinmiyor";"facebook, instagram, audience_network";"ulke + platform";"";"canli_hedefleme";""
"Doruk Hospital";"Obezite Cerrahisi  - Körfez (B.A.E VE S.A hariç) - 1 dakika & 15 sn Set";"120214716622510080";"Obezite - Obezite Cerrahisi - Arap Bölgesi - Tümü - AR - Obesity Surgery Center";"120214511855500080";"CAMPAIGN_PAUSED";"LEAD_GENERATION";"550000";"BH, KW, OM, QA";"bilinmiyor";"facebook, instagram";"ulke + platform";"";"canli_hedefleme";""
"Doruk Hospital";"Obezite Cerrahisi - Türki Cumh. - 1 dakika & 15 sn Set";"120214692032990080";"Obezite - Obezite Cerrahisi - Türki Cumhuriyetler - Tümü - RU - Obesity Surgery Center";"120214532392750080";"CAMPAIGN_PAUSED";"LEAD_GENERATION";"350000";"AM, AZ, KG, KZ, TJ, UZ";"bilinmiyor";"facebook, instagram";"ulke + platform";"";"canli_hedefleme";""
"Doruk Hospital";"Obezite Cerrahisi - UK - 1 Dakika & 15 sn Set";"120214690129660080";"Obezite - Obezite Cerrahisi - Birleşik Krallık - Tümü - EN - Obesity Surgery Center";"120214484064480080";"PAUSED";"LEAD_GENERATION";"550000";"GB, IE";"bilinmiyor";"facebook, instagram";"ulke + platform";"";"canli_hedefleme";""
"Doruk Hospital";"Obezite - Avrupa - EN - 1 dakika & 15 sn Set";"120214686500820080";"Obezite - Obezite Cerrahisi -  Avrupa Bölgesi - Tümü - EN - Obesity Surgery Center";"120214552851530080";"CAMPAIGN_PAUSED";"LEAD_GENERATION";"500000";"AT, BE, CY, CZ, DE, EE, ES, FR, HR, HU, LT, LU, LV, MT, NL, PL, PT, RS, SI, SK";"bilinmiyor";"facebook, instagram";"ulke + platform";"";"canli_hedefleme";""
"Doruk Hospital";"Obezite Cerrahisi - Rus Bölgesi - Tümü - RU - Doruk Hospital - Statik Set";"120214659807530080";"Obezite - Obezite Cerrahisi - Rus Bölgesi - Tümü - RU - Doruk Hospital";"120214659807540080";"CAMPAIGN_PAUSED";"LEAD_GENERATION";"350000";"AM, AZ, KG, KZ, TJ, UZ";"android";"facebook, instagram, audience_network";"ulke + isletim_sistemi + platform";"";"canli_hedefleme";""
"Doruk Hospital";"Obezite - Obezite Cerrahisi - Arap Bölgesi - Tümü - AR - Doruk Hospital - Statik Set";"120214618201860080";"Obezite - Obezite Cerrahisi - Arap Bölgesi - Tümü - AR - Doruk Hospital";"120214618201610080";"CAMPAIGN_PAUSED";"LEAD_GENERATION";"";"BH, KW, OM, QA";"bilinmiyor";"bilinmiyor";"ulke";"";"canli_hedefleme";""
"Doruk Hospital";"Obezite - Obezite Cerrahisi - Almanya - Avrupa Bölgesi - Tümü - DE - Obesity Surgery Turkey - Statik Set";"120214558872600080";"Obezite - Obezite Cerrahisi - Avrupa Bölgesi - Almanya - DE - Obesity Surgery Turkey";"120214558872490080";"CAMPAIGN_PAUSED";"LEAD_GENERATION";"550000";"DE";"bilinmiyor";"facebook, instagram, audience_network";"ulke + platform";"";"canli_hedefleme";""
"Doruk Hospital";"Obezite - Obezite Cerrahisi - Fransa - Avrupa Bölgesi - Tümü - FR - Obesity Surgery Center - Statik Set";"120214556412870080";"Obezite - Obezite Cerrahisi - Avrupa Bölgesi - Fransa - FR - Obesity Surgery Center";"120214556412880080";"CAMPAIGN_PAUSED";"LEAD_GENERATION";"550000";"FR";"bilinmiyor";"facebook, instagram, audience_network";"ulke + platform";"";"canli_hedefleme";""
"Doruk Hospital";"Obezite - Obezite Cerrahisi -  İngiltere - Avrupa Bölgesi - Tümü - EN - Doruk Hospital - Statik Set";"120214554423540080";"Obezite - Obezite Cerrahisi - Birleşik Krallık - Tümü - EN - Doruk Hospital";"120214554423510080";"CAMPAIGN_PAUSED";"LEAD_GENERATION";"350000";"bilinmiyor";"bilinmiyor";"bilinmiyor";"belirsiz";"";"canli_hedefleme_eksik";""
"Doruk Hospital";"Obezite - Obezite Cerrahisi -  Avrupa Bölgesi - Tümü - EN - Doruk Hospital - Statik Set";"120214553623980080";"Obezite - Obezite Cerrahisi -  Avrupa Bölgesi - Tümü - EN - Doruk Hospital";"120214553624090080";"CAMPAIGN_PAUSED";"LEAD_GENERATION";"350000";"bilinmiyor";"bilinmiyor";"bilinmiyor";"belirsiz";"";"canli_hedefleme_eksik";""
"Doruk Hospital";"Obezite - Obezite Cerrahisi -  Avrupa Bölgesi - Tümü - EN - Obesity Surgery Center - Statik Set";"120214552851810080";"Obezite - Obezite Cerrahisi -  Avrupa Bölgesi - Tümü - EN - Obesity Surgery Center";"120214552851530080";"PAUSED";"LEAD_GENERATION";"450000";"AT, BE, CY, EE, ES, FI, GR, IE, LT, LU, LV, MT, NL, PT, SI, SK";"bilinmiyor";"bilinmiyor";"ulke";"";"canli_hedefleme";""
"Doruk Hospital";"Obezite - Obezite Cerrahisi - Fransa - Tümü - FR - Doruk Hospital - Statik Set";"120214538531930080";"Obezite - Obezite Cerrahisi - Avrupa Bölgesi - Fransa - FR - Doruk Hospital";"120214538531850080";"CAMPAIGN_PAUSED";"LEAD_GENERATION";"250000";"FR";"bilinmiyor";"facebook, instagram, audience_network";"ulke + platform";"";"canli_hedefleme";""
"Doruk Hospital";"Obezite - Obezite Cerrahisi - Almanya - Tümü - DE - Doruk Hospital - Statik Set";"120214536390960080";"Obezite - Obezite Cerrahisi - Avrupa Bölgesi - Almanya - DE - Doruk Hospital";"120214536390700080";"CAMPAIGN_PAUSED";"LEAD_GENERATION";"250000";"DE";"bilinmiyor";"facebook, instagram, audience_network";"ulke + platform";"";"canli_hedefleme";""
"Doruk Hospital";"Yeni Potansiyel Müşteriler Reklam Seti";"120214536390940080";"Obezite - Obezite Cerrahisi - Avrupa Bölgesi - Almanya - DE - Doruk Hospital";"120214536390700080";"PAUSED";"QUALITY_LEAD";"600000";"TR";"bilinmiyor";"bilinmiyor";"ulke";"";"canli_hedefleme";""
"Doruk Hospital";"Obezite Cerrahisi - Rus Bölgesi - Tümü - RU - Obesity Surgery Center - Statik Set";"120214532392630080";"Obezite - Obezite Cerrahisi - Türki Cumhuriyetler - Tümü - RU - Obesity Surgery Center";"120214532392750080";"PAUSED";"LEAD_GENERATION";"550000";"AM, AZ, KG, KZ, TJ, UZ";"android";"facebook, instagram, audience_network";"ulke + isletim_sistemi + platform";"";"canli_hedefleme";""
"Doruk Hospital";"Obezite Cerrahisi - İngiltere - Tümü - EN - Obesity Surgery Center - Statik Set";"120214484064620080";"Obezite - Obezite Cerrahisi - Birleşik Krallık - Tümü - EN - Obesity Surgery Center";"120214484064480080";"PAUSED";"LEAD_GENERATION";"450000";"GB, IE";"bilinmiyor";"bilinmiyor";"ulke";"";"canli_hedefleme";""
"Doruk Hospital";"Fizik Tedavi - Intensive FTR - Rus Bölgesi - Tümü - RU - Doruk Hospital - 1 Dakika % 15 Saniye Set";"120214404897200080";"Fizik Tedavi - Intensive FTR - Rus Bölgesi - Tümü - RU - Doruk Hospital";"120206451046990080";"CAMPAIGN_PAUSED";"LEAD_GENERATION";"400000";"AZ, BG, BY, EE, GE, KG, KZ, LT, LV, MD, PL, RO, RS, TJ, TM, UZ";"bilinmiyor";"facebook, instagram, audience_network";"ulke + platform";"";"canli_hedefleme";""
"Doruk Hospital";"Fizik Tedavi - Intensive FTR - İngiltere - Tümü - EN - Doruk Hospital - 1 Dakika & 15 Saniye Set";"120214399114320080";"Fizik Tedavi - Intensive FTR - İngiltere - Tümü - EN - Doruk Hospital";"120210150073420080";"CAMPAIGN_PAUSED";"QUALITY_LEAD";"175000";"GB";"bilinmiyor";"bilinmiyor";"ulke";"";"canli_hedefleme";""
"Doruk Hospital";"Fizik Tedavi - Intensive FTR - Avrupa Bölgesi - Tümü - EN - Doruk Hospital - Statik Set - 1 Dakika & 15 Sn Set";"120214398792420080";"Fizik Tedavi - Intensive FTR - Avrupa Bölgesi - Tümü - EN - Doruk Hospital";"120208064144730080";"CAMPAIGN_PAUSED";"QUALITY_LEAD";"175000";"AT, BE, DE, DK, FR, GR, IT, LU, NL, NO, SE";"bilinmiyor";"bilinmiyor";"ulke";"";"canli_hedefleme";""
"Doruk Hospital";"FTR - Körfez (B.A.E. ve S.A hariç) - 15 Saniye Set*";"120214367953370080";"Fizik Tedavi - Intensive FTR - Arap Bölgesi - Tümü - AR - Physical Therapy - old";"120213206305890080";"PAUSED";"LEAD_GENERATION";"800000";"BH, KW, OM, QA";"bilinmiyor";"facebook, instagram";"ulke + platform";"";"canli_hedefleme";""
"Doruk Hospital";"FTR - genel - lead - 1 Dakika Set";"120214364948560080";"Fizik Tedavi - Intensive FTR - Türki Cumhuriyetler - Tümü - RU - Physical Therapy";"120213112156700080";"PAUSED";"LEAD_GENERATION";"800000";"AM, KG, KZ, TJ, UZ";"bilinmiyor";"facebook, instagram";"ulke + platform";"";"canli_hedefleme";""
"Doruk Hospital";"Fizik Tedavi - Intensive FTR - İngiltere - Tümü - EN - Physical Therapy - 1 Dk & 15 Sn Video Set";"120214363944710080";"Fizik Tedavi - Intensive FTR - İngiltere - Tümü - EN - Physical Therapy";"120213112882900080";"CAMPAIGN_PAUSED";"QUALITY_LEAD";"175000";"bilinmiyor";"bilinmiyor";"bilinmiyor";"belirsiz";"";"canli_hedefleme_eksik";""
"Doruk Hospital";"Fizik Tedavi - Intensive FTR - Avrupa Bölgesi - Tümü - EN - Physical Therapy -  1 Dk & 15 Sn Video Set";"120214345933950080";"Fizik Tedavi - Intensive FTR - Avrupa Bölgesi - Tümü - EN - Physical Therapy";"120213114874740080";"CAMPAIGN_PAUSED";"QUALITY_LEAD";"175000";"AT, BE, DE, DK, FR, GR, IT, LU, NL, NO, SE";"bilinmiyor";"bilinmiyor";"ulke";"";"canli_hedefleme";""
"Doruk Hospital";"Yeni Potansiyel Müşteriler Reklam Seti";"120214290795500080";"Fizik Tedavi - Intensive FTR - Rus Bölgesi - Tümü - RU - Doruk Hospital";"120206451046990080";"PAUSED";"QUALITY_LEAD";"600000";"TR";"bilinmiyor";"bilinmiyor";"ulke";"";"canli_hedefleme";""
"Doruk Hospital";"Fizik Tedavi - Intensive FTR - Rus Bölgesi - Tümü - RU - Doruk Hospital - Statik Set";"120214290718680080";"Fizik Tedavi - Intensive FTR - Rus Bölgesi - Tümü - RU - Doruk Hospital";"120206451046990080";"CAMPAIGN_PAUSED";"LEAD_GENERATION";"400000";"AZ, BG, BY, EE, GE, KG, KZ, LT, LV, MD, PL, RO, RS, TJ, TM, UZ";"bilinmiyor";"facebook, instagram, audience_network";"ulke + platform";"";"canli_hedefleme";""
"Doruk Hospital";"Fizik Tedavi - Intensive FTR - Arap Bölgesi - Tümü - AR - Doruk Hospital - Statik Set";"120214290533640080";"Fizik Tedavi - Intensive FTR - Arap Bölgesi - Tümü - AR - Doruk Hospital";"120206533657000080";"CAMPAIGN_PAUSED";"LEAD_GENERATION";"400000";"AE, BH, KW, OM, QA";"bilinmiyor";"bilinmiyor";"ulke";"";"canli_hedefleme";""
"Doruk Hospital";"Fizik Tedavi - Intensive FTR - Rus Bölgesi - Tümü - RU - Physical Therapy - Statik Set";"120214289346040080";"Fizik Tedavi - Intensive FTR - Türki Cumhuriyetler - Tümü - RU - Physical Therapy";"120213112156700080";"PAUSED";"LEAD_GENERATION";"450000";"AM, AZ, KG, KZ, TJ, UZ";"bilinmiyor";"facebook, instagram";"ulke + platform";"";"canli_hedefleme";""
"Doruk Hospital";"FTR - Intensive FTR - Arap Bölgesi - Tümü - AR - Physical Therapy - Statik Set";"120214289225780080";"Fizik Tedavi - Intensive FTR - Arap Bölgesi - Tümü - AR - Physical Therapy - old";"120213206305890080";"PAUSED";"LEAD_GENERATION";"550000";"BH, KW, OM, QA";"bilinmiyor";"facebook, instagram";"ulke + platform";"";"canli_hedefleme";""
"Doruk Hospital";"Fizik Tedavi - Intensive FTR - Avrupa Bölgesi - Tümü - EN - Doruk Hospital - Statik Set";"120214267261980080";"Fizik Tedavi - Intensive FTR - Avrupa Bölgesi - Tümü - EN - Doruk Hospital";"120208064144730080";"CAMPAIGN_PAUSED";"QUALITY_LEAD";"175000";"AT, BE, DE, DK, FR, GR, IT, LU, NL, NO, SE";"bilinmiyor";"bilinmiyor";"ulke";"";"canli_hedefleme";""
"Doruk Hospital";"Fizik Tedavi - Intensive FTR - İngiltere - Tümü - EN - Doruk Hospital - Statik Set";"120214267099600080";"Fizik Tedavi - Intensive FTR - İngiltere - Tümü - EN - Doruk Hospital";"120210150073420080";"CAMPAIGN_PAUSED";"QUALITY_LEAD";"175000";"GB";"bilinmiyor";"bilinmiyor";"ulke";"";"canli_hedefleme";""
"Doruk Hospital";"Fizik Tedavi - Intensive FTR - İngiltere - Tümü - EN - Physical Therapy - Statik Set";"120214265803170080";"Fizik Tedavi - Intensive FTR - İngiltere - Tümü - EN - Physical Therapy";"120213112882900080";"CAMPAIGN_PAUSED";"QUALITY_LEAD";"175000";"bilinmiyor";"bilinmiyor";"bilinmiyor";"belirsiz";"";"canli_hedefleme_eksik";""
"Doruk Hospital";"Fizik Tedavi - Intensive FTR - Avrupa Bölgesi - Tümü - EN - Physical Therapy -  Statatik Set";"120214264997290080";"Fizik Tedavi - Intensive FTR - Avrupa Bölgesi - Tümü - EN - Physical Therapy";"120213114874740080";"CAMPAIGN_PAUSED";"QUALITY_LEAD";"175000";"AT, BE, DE, DK, FR, GR, IT, LU, NL, NO, SE";"bilinmiyor";"bilinmiyor";"ulke";"";"canli_hedefleme";""
"Doruk Hospital";"Fizik Tedavi - Intensive FTR - Avrupa Bölgesi - Tümü - AR - Doruk Hospital";"120213233084550080";"Fizik Tedavi - Intensive FTR - Arap Bölgesi - Tümü - AR - Doruk Hospital";"120206533657000080";"PAUSED";"QUALITY_LEAD";"50000";"bilinmiyor";"bilinmiyor";"bilinmiyor";"belirsiz";"";"canli_hedefleme_eksik";""
"Doruk Hospital";"Fizik Tedavi - Intensive FTR - Avrupa Bölgesi - Tümü - AR - Physical Therapy";"120213222530720080";"Fizik Tedavi - Intensive FTR - Avrupa Bölgesi - Tümü - AR - Physical Therapy";"120213222530740080";"CAMPAIGN_PAUSED";"LEAD_GENERATION";"100000";"bilinmiyor";"bilinmiyor";"bilinmiyor";"belirsiz";"";"canli_hedefleme_eksik";""
"Doruk Hospital";"Fizik Tedavi - Intensive FTR - Avrupa Bölgesi Bölgesi - Tümü - AR - Doruk Hospital";"120213222485400080";"Fizik Tedavi - Intensive FTR - Avrupa Bölgesi Bölgesi - Tümü - AR - Doruk Hospital";"120213222485410080";"CAMPAIGN_PAUSED";"LEAD_GENERATION";"100000";"bilinmiyor";"bilinmiyor";"bilinmiyor";"belirsiz";"";"canli_hedefleme_eksik";""
"Doruk Hospital";"FTR - Körfez (B.A.E. ve S.A hariç) - old Set*";"120213206305860080";"Fizik Tedavi - Intensive FTR - Arap Bölgesi - Tümü - AR - Physical Therapy - old";"120213206305890080";"PAUSED";"LEAD_GENERATION";"800000";"BH, KW, OM, QA";"bilinmiyor";"facebook, instagram";"ulke + platform";"";"canli_hedefleme";""
"Doruk Hospital";"bahreyn broad";"120213115101460080";"Fizik Tedavi - Intensive FTR - Bahreny - Tümü - AR - Physical Therapy";"120213115101470080";"CAMPAIGN_PAUSED";"LEAD_GENERATION";"50000";"BH";"bilinmiyor";"bilinmiyor";"ulke";"";"canli_hedefleme";""
"Doruk Hospital";"katar broad";"120213115095830080";"Fizik Tedavi - Intensive FTR - Katar - Tümü - AR - Physical Therapy";"120213115095840080";"CAMPAIGN_PAUSED";"LEAD_GENERATION";"50000";"QA";"bilinmiyor";"bilinmiyor";"ulke";"";"canli_hedefleme";""
"Doruk Hospital";"kuveyt broad";"120213115090790080";"Fizik Tedavi - Intensive FTR - Kuveyt - Tümü - AR - Physical Therapy";"120213115090800080";"CAMPAIGN_PAUSED";"LEAD_GENERATION";"50000";"KW";"bilinmiyor";"bilinmiyor";"ulke";"";"canli_hedefleme";""
"Doruk Hospital";"bae broad";"120213115068420080";"Fizik Tedavi - Intensive FTR - Birleşik Arap Emirlikleri - Tümü - AR - Physical Therapy";"120213115068410080";"CAMPAIGN_PAUSED";"LEAD_GENERATION";"50000";"AE";"bilinmiyor";"bilinmiyor";"ulke";"";"canli_hedefleme";""
"Doruk Hospital";"umman broad";"120213114980940080";"Fizik Tedavi - Intensive FTR - Umman - Tümü - AR - Physical Therapy";"120213114980970080";"CAMPAIGN_PAUSED";"LEAD_GENERATION";"50000";"OM";"bilinmiyor";"bilinmiyor";"ulke";"";"canli_hedefleme";""
"Doruk Hospital";"İngiltere broad";"120213114931490080";"Fizik Tedavi - Intensive FTR - Kıbrıs- Tümü - EN - Physical Therapy";"120213114931500080";"CAMPAIGN_PAUSED";"LEAD_GENERATION";"50000";"CY";"bilinmiyor";"bilinmiyor";"ulke";"";"canli_hedefleme";""
"Doruk Hospital";"Fizik Tedavi - Intensive FTR - Avrupa Bölgesi - Tümü - EN - Physical Therapy";"120213114874750080";"Fizik Tedavi - Intensive FTR - Avrupa Bölgesi - Tümü - EN - Physical Therapy";"120213114874740080";"CAMPAIGN_PAUSED";"LEAD_GENERATION";"175000";"AT, BE, DE, DK, FR, GR, IT, LU, NL, NO, SE";"bilinmiyor";"bilinmiyor";"ulke";"";"canli_hedefleme";""
"Doruk Hospital";"Fizik Tedavi - Intensive FTR - İngiltere - Tümü - EN - Physical Therapy";"120213112882930080";"Fizik Tedavi - Intensive FTR - İngiltere - Tümü - EN - Physical Therapy";"120213112882900080";"CAMPAIGN_PAUSED";"LEAD_GENERATION";"175000";"bilinmiyor";"bilinmiyor";"bilinmiyor";"belirsiz";"";"canli_hedefleme_eksik";""
"Doruk Hospital";"Fizik Tedavi - Intensive FTR - Avrupa Bölgesi - Tümü - RU - Physical Therapy";"120213112687960080";"Fizik Tedavi - Intensive FTR - Avrupa Bölgesi - Tümü - RU - Physical Therapy";"120213112688010080";"CAMPAIGN_PAUSED";"LEAD_GENERATION";"100000";"AT, BE, CH, DE, FR, IT, LU, NL, NO";"bilinmiyor";"bilinmiyor";"ulke";"";"canli_hedefleme";""
"Doruk Hospital";"FTR - genel - lead - Old set";"120213112156680080";"Fizik Tedavi - Intensive FTR - Türki Cumhuriyetler - Tümü - RU - Physical Therapy";"120213112156700080";"PAUSED";"LEAD_GENERATION";"800000";"AM, KG, KZ, TJ, UZ";"android";"facebook, instagram";"ulke + isletim_sistemi + platform";"";"canli_hedefleme";""
"Doruk Hospital";"rusça konuşan ülkeler";"120213112057920080";"xx";"120213112057830080";"CAMPAIGN_PAUSED";"QUALITY_LEAD";"200000";"AZ, BG, BY, EE, GE, KG, KZ, LT, LV, MD, PL, RO, RS, TJ, TM, UZ";"bilinmiyor";"bilinmiyor";"ulke";"";"canli_hedefleme";""
"Doruk Hospital";"rusça konuşan ülkeler";"120211050949770080";"Ortopedi - Diz Protez - Rus Bölgesi - Tümü - RU";"120211050949800080";"CAMPAIGN_PAUSED";"LEAD_GENERATION";"100000";"AZ, BG, BY, EE, GE, KG, KZ, LT, LV, MD, PL, RO, RS, TJ, TM, UZ";"bilinmiyor";"bilinmiyor";"ulke";"";"canli_hedefleme";""
"Doruk Hospital";"rusça konuşan ülkeler";"120211050816750080";"Ortopedi - Kalça Protez - Rus Bölgesi - Tümü -RU";"120211050816760080";"CAMPAIGN_PAUSED";"LEAD_GENERATION";"250000";"AZ, BG, BY, EE, GE, KG, KZ, LT, LV, MD, PL, RO, RS, TJ, TM, UZ";"bilinmiyor";"bilinmiyor";"ulke";"";"canli_hedefleme";""
"Doruk Hospital";"bahreyn broad";"120211050793910080";"Ortopedi - Kalça Protez - Bahreyn  - Tümü -AR";"120211050793900080";"CAMPAIGN_PAUSED";"LEAD_GENERATION";"150000";"BH";"bilinmiyor";"bilinmiyor";"ulke";"";"canli_hedefleme";""
"Doruk Hospital";"katar  broad";"120211050779270080";"Ortopedi - Kalça Protez - Katar - Tümü -AR";"120211050779280080";"CAMPAIGN_PAUSED";"LEAD_GENERATION";"150000";"QA";"bilinmiyor";"bilinmiyor";"ulke";"";"canli_hedefleme";""
"Doruk Hospital";"bae broad";"120211050764680080";"Ortopedi - Kalça Protez - Kuveyt - Tümü -AR";"120211050764690080";"CAMPAIGN_PAUSED";"LEAD_GENERATION";"150000";"KW";"bilinmiyor";"bilinmiyor";"ulke";"";"canli_hedefleme";""
"Doruk Hospital";"bae broad";"120211050755830080";"Ortopedi - Kalça Protez - BAE - Tümü -AR";"120211050755840080";"CAMPAIGN_PAUSED";"LEAD_GENERATION";"150000";"AE";"bilinmiyor";"bilinmiyor";"ulke";"";"canli_hedefleme";""
"Doruk Hospital";"umman broad";"120211050494280080";"Ortopedi - Kalça Protez - Umman  - Tümü -AR";"120211050494290080";"CAMPAIGN_PAUSED";"LEAD_GENERATION";"150000";"OM";"bilinmiyor";"bilinmiyor";"ulke";"";"canli_hedefleme";""
"Doruk Hospital";"katar broad";"120211050435200080";"Ortopedi - Diz Protez - Umman  - Tümü -AR";"120211050435210080";"CAMPAIGN_PAUSED";"LEAD_GENERATION";"150000";"OM";"bilinmiyor";"bilinmiyor";"ulke";"";"canli_hedefleme";""
"Doruk Hospital";"katar broad";"120211050430130080";"Ortopedi - Diz Protez - Katar - Tümü -AR";"120211050430140080";"CAMPAIGN_PAUSED";"LEAD_GENERATION";"150000";"QA";"bilinmiyor";"bilinmiyor";"ulke";"";"canli_hedefleme";""
"Doruk Hospital";"kuveyt broad";"120211050424550080";"Ortopedi - Diz Protez - Kuveyt - Tümü -AR";"120211050424560080";"CAMPAIGN_PAUSED";"LEAD_GENERATION";"150000";"KW";"bilinmiyor";"bilinmiyor";"ulke";"";"canli_hedefleme";""
"Doruk Hospital";"bae broad";"120211050415690080";"Ortopedi - Diz Protez - BAE - Tümü -AR";"120211050415700080";"CAMPAIGN_PAUSED";"LEAD_GENERATION";"150000";"AE";"bilinmiyor";"bilinmiyor";"ulke";"";"canli_hedefleme";""
"Doruk Hospital";"bahreyn broad";"120211050222750080";"Ortopedi - Diz Protez - Bahreyn - Tümü -AR";"120211050222760080";"CAMPAIGN_PAUSED";"LEAD_GENERATION";"50000";"BH";"bilinmiyor";"bilinmiyor";"ulke";"";"canli_hedefleme";""
"Doruk Hospital";"Avrupa Bölgesi broad";"120210841479070080";"Ortopedi - Kalça Protez - Avrupa Bölgesi - Tümü -EN - Doruk Hospital";"120210841479110080";"CAMPAIGN_PAUSED";"LEAD_GENERATION";"100000";"AT, BE, CY, DE, FR, IE, IT, LU, NL";"bilinmiyor";"bilinmiyor";"ulke";"";"canli_hedefleme";""
"Doruk Hospital";"İngiltere, İrlanda  broad";"120210841471170080";"Ortopedi - Kalça Protez - İngiltere, İrlanda - Tümü -EN - Doruk Hospital";"120210841471150080";"CAMPAIGN_PAUSED";"LEAD_GENERATION";"100000";"IE";"bilinmiyor";"bilinmiyor";"ulke";"";"canli_hedefleme";""
"Doruk Hospital";"Amerika  broad";"120210841230480080";"Ortopedi - Kalça Protez - Amerika - EN";"120210841230500080";"CAMPAIGN_PAUSED";"LEAD_GENERATION";"80000";"US";"bilinmiyor";"bilinmiyor";"ulke";"";"canli_hedefleme";""
"Doruk Hospital";"Avrupa Bölgesi broad";"120210836561870080";"Ortopedi - Diz Protez - Avrupa Bölgesi  - Tümü -EN - Doruk Hospital";"120210836561880080";"CAMPAIGN_PAUSED";"LEAD_GENERATION";"150000";"AT, BE, CY, DE, EE, FI, FR, IT, LT, LU, LV, NL";"bilinmiyor";"bilinmiyor";"ulke";"";"canli_hedefleme";""
"Doruk Hospital";"İngiltere - İrlanda broad";"120210836552760080";"Ortopedi - Diz Protez - İngiltere, İrlanda - Tümü - EN - Doruk Hospital";"120210836552770080";"CAMPAIGN_PAUSED";"LEAD_GENERATION";"150000";"GB, IE";"bilinmiyor";"bilinmiyor";"ulke";"";"canli_hedefleme";""
"Doruk Hospital";"Amerika  broad";"120210835034980080";"Ortopedi - Diz Protez - Amerika - EN";"120210835034990080";"CAMPAIGN_PAUSED";"LEAD_GENERATION";"150000";"US";"bilinmiyor";"bilinmiyor";"ulke";"";"canli_hedefleme";""
"Doruk Hospital";"Amerika  broad";"120210295281630080";"Fizik Tedavi - Intensive FTR  - Amerika - EN";"120210295281600080";"CAMPAIGN_PAUSED";"LEAD_GENERATION";"100000";"bilinmiyor";"bilinmiyor";"bilinmiyor";"belirsiz";"";"canli_hedefleme_eksik";""
"Doruk Hospital";"Amerika broad";"120210294869340080";"Üroloji - Penil Protez - Amerika - EN";"120210294869350080";"CAMPAIGN_PAUSED";"LEAD_GENERATION";"50000";"US";"bilinmiyor";"bilinmiyor";"ulke";"";"canli_hedefleme";""
"Doruk Hospital";"Amerika broad";"120210293704710080";"Üroloji - Prostat - Amerika - EN";"120210293704720080";"CAMPAIGN_PAUSED";"LEAD_GENERATION";"50000";"US";"bilinmiyor";"bilinmiyor";"ulke";"";"canli_hedefleme";""
"Doruk Hospital";"Birleşik Arap Emirlikleri broad";"120210293270740080";"Üroloji - Penil Protez - Birleşik Arap Emirlikleri - AR";"120210293270750080";"CAMPAIGN_PAUSED";"LEAD_GENERATION";"80000";"AE";"bilinmiyor";"bilinmiyor";"ulke";"";"canli_hedefleme";""
"Doruk Hospital";"Kuveyt broad";"120210293127070080";"Üroloji - Penil Protez - Kuveyt - AR";"120210293127080080";"CAMPAIGN_PAUSED";"LEAD_GENERATION";"80000";"KW";"bilinmiyor";"bilinmiyor";"ulke";"";"canli_hedefleme";""
"Doruk Hospital";"Katar broad";"120210293061870080";"Üroloji - Penil Protez - Katar - AR";"120210293061880080";"CAMPAIGN_PAUSED";"LEAD_GENERATION";"80000";"QA";"bilinmiyor";"bilinmiyor";"ulke";"";"canli_hedefleme";""
"Doruk Hospital";"bahreyn broad";"120210292644140080";"Üroloji - Penil Protez  - Bahreyn - AR";"120210292644150080";"CAMPAIGN_PAUSED";"LEAD_GENERATION";"50000";"BH";"bilinmiyor";"bilinmiyor";"ulke";"";"canli_hedefleme";""
"Doruk Hospital";"umman broad";"120210292270660080";"Üroloji - Penil Protez - Umman - AR";"120210292270670080";"CAMPAIGN_PAUSED";"LEAD_GENERATION";"50000";"OM";"bilinmiyor";"bilinmiyor";"ulke";"";"canli_hedefleme";""
"Doruk Hospital";"bahreyn broad";"120210291968290080";"Üroloji - Prostat  - Bahreyn - AR";"120210291968300080";"CAMPAIGN_PAUSED";"LEAD_GENERATION";"50000";"BH";"bilinmiyor";"bilinmiyor";"ulke";"";"canli_hedefleme";""
"Doruk Hospital";"Katar broad";"120210291801280080";"Üroloji - Prostat - Katar - AR";"120210291801290080";"CAMPAIGN_PAUSED";"LEAD_GENERATION";"50000";"QA";"bilinmiyor";"bilinmiyor";"ulke";"";"canli_hedefleme";""
"Doruk Hospital";"Kuveyt broad";"120210290272960080";"Üroloji - Prostat - Kuveyt - AR";"120210290272970080";"CAMPAIGN_PAUSED";"LEAD_GENERATION";"50000";"KW";"bilinmiyor";"bilinmiyor";"ulke";"";"canli_hedefleme";""
"Doruk Hospital";"Birleşik Arap Emirlikleri broad";"120210290111450080";"Üroloji - Prostat - Birleşik Arap Emirlikleri - AR";"120210290111460080";"CAMPAIGN_PAUSED";"LEAD_GENERATION";"50000";"AE";"bilinmiyor";"bilinmiyor";"ulke";"";"canli_hedefleme";""
"Doruk Hospital";"umman broad";"120210289413590080";"Üroloji - Prostat - Umman - AR";"120210289413600080";"CAMPAIGN_PAUSED";"LEAD_GENERATION";"50000";"OM";"bilinmiyor";"bilinmiyor";"ulke";"";"canli_hedefleme";""
"Doruk Hospital";"rusça konuşan ülkeler";"120210288724610080";"Üroloji - Penil Protez - Rus Bölgesi - RU";"120210288724620080";"CAMPAIGN_PAUSED";"LEAD_GENERATION";"100000";"AZ, BG, BY, EE, GE, KG, KZ, LT, LV, MD, PL, RO, RS, TJ, TM, UZ";"bilinmiyor";"bilinmiyor";"ulke";"";"canli_hedefleme";""
"Doruk Hospital";"Avrupa Bölgesi broad";"120210288497870080";"Üroloji  - Penil Protez - Avrupa Bölgesi - RU";"120210288497880080";"CAMPAIGN_PAUSED";"LEAD_GENERATION";"50000";"AT, BE, DE, FR, GR, IT, LU, NL, NO";"bilinmiyor";"bilinmiyor";"ulke";"";"canli_hedefleme";""
"Doruk Hospital";"Avrupa Bölgesi all broad";"120210267438810080";"Üroloji - Penil Protez - Avrupa Bölgesi - EN";"120210267438820080";"CAMPAIGN_PAUSED";"LEAD_GENERATION";"100000";"AT, BE, DE, DK, FR, GR, IT, LU, NL, NO, SE";"bilinmiyor";"bilinmiyor";"ulke";"";"canli_hedefleme";""
"Doruk Hospital";"rusça konuşan ülkeler";"120210262385870080";"Üroloji - Prostat - Rus bölgesi - RU";"120210262385750080";"CAMPAIGN_PAUSED";"LEAD_GENERATION";"100000";"AZ, BG, BY, EE, GE, KG, KZ, LT, LV, MD, PL, RO, RS, TJ, TM, UZ";"bilinmiyor";"bilinmiyor";"ulke";"";"canli_hedefleme";""
"Doruk Hospital";"Avrupa Bölgesi all broad";"120210261561920080";"Üroloji - Prostat  - Avrupa Bölgesi - RU";"120210261561930080";"CAMPAIGN_PAUSED";"LEAD_GENERATION";"50000";"AT, BE, DE, FR, GR, IT, LU, NL, NO";"bilinmiyor";"bilinmiyor";"ulke";"";"canli_hedefleme";""
"Doruk Hospital";"Avrupa Bölgesi all broad";"120210195110250080";"Üroloji - Prostat - Avrupa Bölgesi - EN";"120210195110260080";"CAMPAIGN_PAUSED";"LEAD_GENERATION";"50000";"AT, BE, DE, DK, FR, GR, IT, LU, NL, NO, SE";"bilinmiyor";"bilinmiyor";"ulke";"";"canli_hedefleme";""
"Doruk Hospital";"Kıbrıs broad";"120210175756850080";"Fizik Tedavi - Intensive FTR -  Kıbrıs - Tümü - EN - Doruk Hospital";"120210175756860080";"CAMPAIGN_PAUSED";"LEAD_GENERATION";"50000";"CY";"bilinmiyor";"bilinmiyor";"ulke";"";"canli_hedefleme";""
"Doruk Hospital";"Yunanistan broad";"120210150614530080";"Fizik Tedavi - Intensive FTR  - Yunanistan - RU";"120210150614540080";"CAMPAIGN_PAUSED";"LEAD_GENERATION";"40000";"GR";"bilinmiyor";"bilinmiyor";"ulke";"";"canli_hedefleme";""
"Doruk Hospital";"Yunanistan broad";"120210150546180080";"Fizik Tedavi - Intensive FTR  - Yunanistan - EN";"120210150546190080";"CAMPAIGN_PAUSED";"LEAD_GENERATION";"80000";"GR";"bilinmiyor";"bilinmiyor";"ulke";"";"canli_hedefleme";""
"Doruk Hospital";"Filandiya broad";"120210150314120080";"Fizik Tedavi - Intensive FTR - Finlandiya - EN";"120210150314140080";"CAMPAIGN_PAUSED";"LEAD_GENERATION";"80000";"FI";"bilinmiyor";"bilinmiyor";"ulke";"";"canli_hedefleme";""
"Doruk Hospital";"Fizik Tedavi - Intensive FTR - İngiltere - Tümü - EN - Doruk Hospital";"120210150073410080";"Fizik Tedavi - Intensive FTR - İngiltere - Tümü - EN - Doruk Hospital";"120210150073420080";"CAMPAIGN_PAUSED";"LEAD_GENERATION";"175000";"GB";"bilinmiyor";"bilinmiyor";"ulke";"";"canli_hedefleme";""
"Doruk Hospital";"Fizik Tedavi - Intensive FTR - Avrupa Bölgesi - Tümü - RU - Doruk Hospital";"120210039826950080";"Fizik Tedavi - Intensive FTR - Avrupa Bölgesi - Tümü - RU - Doruk Hospital";"120210039826820080";"CAMPAIGN_PAUSED";"LEAD_GENERATION";"100000";"AT, BE, DE, FR, GR, IT, LU, NL, NO";"bilinmiyor";"bilinmiyor";"ulke";"";"canli_hedefleme";""
"Doruk Hospital";"Hollanda broad";"120209366000810080";"Fizik Tedavi - Intensive FTR - Hollanda - EN";"120209366000820080";"CAMPAIGN_PAUSED";"LEAD_GENERATION";"125000";"NL";"bilinmiyor";"bilinmiyor";"ulke";"";"canli_hedefleme";""
"Doruk Hospital";"Fizik Tedavi - Intensive FTR - Avrupa Bölgesi - Tümü - EN - Doruk Hospital";"120208064144720080";"Fizik Tedavi - Intensive FTR - Avrupa Bölgesi - Tümü - EN - Doruk Hospital";"120208064144730080";"CAMPAIGN_PAUSED";"LEAD_GENERATION";"175000";"AT, BE, DE, DK, FR, GR, IT, LU, NL, NO, SE";"bilinmiyor";"bilinmiyor";"ulke";"";"canli_hedefleme";""
"Doruk Hospital";"umman broad";"120207423473450080";"Fizik Tedavi - Intensive FTR - Umman - Tümü - AR - Doruk Hospital";"120207423473460080";"CAMPAIGN_PAUSED";"LEAD_GENERATION";"85000";"OM";"bilinmiyor";"bilinmiyor";"ulke";"";"canli_hedefleme";""
"Doruk Hospital";"Birleşik Arap Emirlikleri broad";"120207423467540080";"Fizik Tedavi - Intensive FTR - Birleşik Arap Emirlikleri - Tümü - AR - Doruk Hospital";"120207423467520080";"CAMPAIGN_PAUSED";"LEAD_GENERATION";"85000";"AE";"bilinmiyor";"bilinmiyor";"ulke";"";"canli_hedefleme";""
"Doruk Hospital";"kuveyt  broad";"120207423461290080";"Fizik Tedavi - Intensive FTR - Kuveyt - Tümü - AR - Doruk Hospital";"120207423461300080";"CAMPAIGN_PAUSED";"LEAD_GENERATION";"85000";"KW";"bilinmiyor";"bilinmiyor";"ulke";"";"canli_hedefleme";""
"Doruk Hospital";"Katar broad";"120207423449000080";"Fizik Tedavi - Intensive FTR - Katar - Tümü - AR - Doruk Hospital";"120207423449010080";"CAMPAIGN_PAUSED";"LEAD_GENERATION";"85000";"QA";"bilinmiyor";"bilinmiyor";"ulke";"";"canli_hedefleme";""
"Doruk Hospital";"bahreyn broad";"120207418674950080";"Fizik Tedavi - Intensive FTR - Bahreyn - Tümü - AR - Doruk Hospital";"120207418674880080";"CAMPAIGN_PAUSED";"LEAD_GENERATION";"85000";"BH";"bilinmiyor";"bilinmiyor";"ulke";"";"canli_hedefleme";""
"Doruk Hospital";"Fizik Tedavi - Intensive FTR - Arap Bölgesi - Tümü - AR - Doruk Hospital";"120206533656990080";"Fizik Tedavi - Intensive FTR - Arap Bölgesi - Tümü - AR - Doruk Hospital";"120206533657000080";"CAMPAIGN_PAUSED";"LEAD_GENERATION";"400000";"AE, BH, KW, OM, QA";"bilinmiyor";"bilinmiyor";"ulke";"";"canli_hedefleme";""
"Doruk Hospital";"ingiltere-irlanda";"120206487825600080";"Fizik Tedavi - Intensive FTR - İngiltere - İrlanda - EN";"120206487825610080";"CAMPAIGN_PAUSED";"LEAD_GENERATION";"250000";"GB, IE";"bilinmiyor";"bilinmiyor";"ulke";"";"canli_hedefleme";""
"Doruk Hospital";"Fizik Tedavi - Intensive FTR - Rus Bölgesi - Tümü - RU - Doruk Hospital";"120206451047070080";"Fizik Tedavi - Intensive FTR - Rus Bölgesi - Tümü - RU - Doruk Hospital";"120206451046990080";"CAMPAIGN_PAUSED";"LEAD_GENERATION";"400000";"AZ, BG, BY, EE, GE, KG, KZ, LT, LV, MD, PL, RO, RS, TJ, TM, UZ";"bilinmiyor";"facebook, instagram, audience_network";"ulke + platform";"";"canli_hedefleme";""
